customer_id,recency,frequency,monetary
1,58,1,3491
2,299,3,7988
3,89,8,22587
4,127,4,8715
5,171,8,12524
6,463,6,15517
7,566,3,7835
8,130,6,15265
9,127,5,14720
10,230,8,20857
11,137,10,23691
12,280,6,15378
13,89,4,7244
14,540,6,16161
15,103,5,19748
16,148,5,15246
17,14,9,24042
18,116,8,23726
19,126,5,8809
20,216,8,21428
21,80,4,11915
22,21,9,32052
23,86,6,19200
24,142,6,23966
25,305,6,17455
26,432,6,19699
27,124,3,12260
28,139,6,10217
29,479,7,16694
30,69,11,31412
31,61,4,9404
32,424,6,17567
33,233,8,13281
34,972,2,3345
35,137,8,12260
36,212,4,11581
37,316,4,9371
38,178,3,6691
39,145,4,13229
40,479,2,5188
41,229,6,13607
42,26,3,6548
43,61,5,9593
44,226,5,16375
45,92,2,6977
46,100,7,19650
47,336,3,10807
48,457,5,17172
49,632,4,8325
50,21,5,15669
51,341,4,10480
52,449,2,5280
53,300,2,4833
54,253,5,17813
55,127,5,12581
56,136,8,20131
57,508,3,6606
58,677,5,10212
59,28,6,16868
60,106,5,17465
61,370,6,15414
62,248,5,12484
63,702,2,1630
64,161,2,4970
65,167,6,14844
66,89,5,11419
67,1,10,26885
68,424,8,24392
69,313,6,14878
70,75,7,16339
71,63,7,29547
72,107,3,4248
73,71,6,19807
74,516,3,6452
75,127,5,9502
76,104,4,5934
77,209,5,11725
78,158,5,13720
79,33,6,9338
80,889,3,3614
81,358,8,26059
82,43,7,25574
83,241,4,7945
84,1072,2,3246
85,263,6,13092
86,74,6,16526
87,302,2,7101
88,348,2,5756
89,357,6,10085
90,13,5,14717
91,2,7,18782
92,76,5,14002
93,316,4,6174
94,75,6,15746
95,9,7,15109
96,91,6,21417
97,175,5,12436
98,167,6,13920
99,83,9,27864
100,40,3,9175
101,203,5,8932
102,675,5,8200
103,487,6,15288
104,850,4,8740
105,90,5,14282
106,8,6,25190
107,248,5,11656
108,10,6,19997
109,57,5,13786
110,257,6,20022
111,324,5,16366
112,339,6,9670
113,90,7,19076
114,334,4,11741
115,988,5,10746
116,768,5,15076
117,621,4,15312
118,92,7,18827
119,20,7,21299
120,298,5,12304
121,714,4,11953
122,152,7,16164
123,47,10,22880
124,35,2,7455
125,78,2,4708
126,260,2,7596
127,316,3,9338
128,137,8,20798
129,402,6,13211
130,45,5,17654
131,150,8,28943
132,266,6,16192
133,27,3,9589
134,210,4,8393
135,208,7,18851
136,546,8,23349
137,213,3,9580
138,126,3,8202
139,212,3,5736
140,64,4,14314
141,22,4,11676
142,108,3,10435
143,126,10,28052
144,231,5,13207
145,37,9,29550
146,285,4,14791
147,481,3,10811
148,203,6,15591
149,389,6,17933
150,214,4,12774
151,494,5,14501
152,56,4,10468
153,246,3,6623
154,101,9,25380
155,168,5,12642
156,38,9,22874
157,41,3,6157
158,130,5,16971
159,40,4,12853
160,81,4,15370
161,59,6,9306
162,146,5,15101
163,215,5,15047
164,56,8,29989
165,268,3,6881
166,243,3,7591
167,25,7,22147
168,212,7,14442
169,208,3,3803
170,924,2,5426
171,314,4,10992
172,16,7,13223
173,107,5,13744
174,78,7,18810
175,24,10,25850
176,573,4,10131
177,189,3,9008
178,241,5,10246
179,159,6,21133
180,339,5,17410
181,272,3,8615
182,107,5,16849
183,186,9,18355
184,119,7,19182
185,13,5,18565
186,250,7,21730
187,105,5,10239
188,27,5,14101
189,258,3,10520
190,182,7,21718
191,126,3,7322
192,503,4,15844
193,360,2,2732
194,314,5,14236
195,194,4,11254
196,525,5,12081
197,308,5,16963
198,11,4,11621
199,22,5,14745
200,69,3,7781
201,456,3,9158
202,295,5,11379
203,155,7,17494
204,83,4,7435
205,328,3,7931
206,90,9,33113
207,248,2,8113
208,699,5,12090
209,86,4,9495
210,205,3,10271
211,545,4,7402
212,90,3,9094
213,972,2,4257
214,83,6,20552
215,60,3,5751
216,10,8,26378
217,134,7,21199
218,185,3,10551
219,360,4,6719
220,356,4,7900
221,530,1,1682
222,1166,1,1858
223,101,7,12526
224,574,3,7708
225,170,9,27373
226,792,2,7801
227,138,5,15893
228,1344,1,4391
229,294,4,8695
230,172,3,3628
231,24,4,13780
232,429,2,8430
233,504,4,9134
234,32,4,7162
235,859,5,16282
236,92,7,18070
237,684,6,16232
238,402,4,11713
239,2,9,16179
240,89,7,27504
241,3,3,8512
242,311,6,18077
243,19,7,19425
244,416,2,4855
245,322,5,16285
246,213,7,16653
247,439,3,3410
248,34,4,9714
249,202,10,38148
250,109,6,16159
251,249,3,8748
252,551,5,14838
253,98,7,24519
254,129,2,2953
255,54,10,20773
256,609,4,12926
257,249,8,22547
258,209,2,9824
259,555,1,1567
260,173,7,13836
261,52,5,15835
262,450,4,11127
263,158,5,14429
264,101,3,8452
265,48,9,21815
266,68,4,11073
267,1234,3,13114
268,280,3,10427
269,517,2,3902
270,203,5,20427
271,735,2,6146
272,600,9,21945
273,153,9,24460
274,18,5,16900
275,95,10,26491
276,89,7,17400
277,194,4,11170
278,154,1,497
279,163,3,8499
280,461,1,4478
281,24,3,11341
282,6,8,22195
283,183,3,12177
284,322,4,12730
285,427,6,16150
286,4,5,14615
287,31,4,10939
288,142,4,15613
289,153,7,10699
290,91,9,24353
291,1,3,11249
292,411,2,7094
293,143,5,13663
294,524,5,8555
295,198,9,27737
296,133,7,20804
297,20,4,13950
298,105,3,7522
299,162,4,10898
300,134,6,19977
301,113,4,15948
302,530,7,21151
303,174,4,16129
304,75,2,6106
305,258,5,6997
306,198,2,3317
307,656,5,16633
308,21,7,14780
309,223,2,3449
310,575,1,1087
311,192,2,6682
312,15,4,11425
313,144,4,12950
314,79,8,18933
315,14,6,19217
316,141,7,25377
317,104,8,16513
318,245,7,20124
319,38,10,23082
320,159,2,2310
321,137,5,18387
322,69,7,11270
323,227,4,8725
324,20,7,16742
325,384,5,14095
326,211,5,10936
327,431,5,15245
328,172,5,16634
329,107,5,10534
330,304,3,5267
331,151,5,18129
332,491,4,11945
333,787,2,6123
334,230,5,17086
335,309,2,7800
336,1066,1,2057
337,259,3,11180
338,41,3,7311
339,143,3,9834
340,41,7,24638
341,30,8,17859
342,265,3,8515
343,93,2,4484
344,389,1,3003
345,311,5,17538
346,64,7,16157
347,74,8,21875
348,188,3,4142
349,220,4,12553
350,136,8,22382
351,59,5,19807
352,181,8,19887
353,214,4,15781
354,422,1,725
355,84,4,14575
356,89,8,22983
357,52,3,7512
358,2,4,14881
359,38,2,5195
360,30,3,11966
361,799,1,3342
362,280,6,6593
363,168,8,27299
364,164,4,11203
365,548,2,6047
366,425,6,15811
367,65,5,9377
368,15,8,28667
369,250,8,28653
370,163,9,25741
371,617,2,8274
372,211,7,21589
373,21,4,10285
374,97,7,18545
375,219,7,16251
376,569,8,28434
377,422,1,1574
378,389,6,13945
379,12,13,26926
380,206,4,14409
381,300,7,20855
382,248,2,2163
383,102,5,12387
384,185,6,14644
385,96,13,19146
386,446,4,6495
387,35,11,36989
388,291,6,21151
389,24,7,15497
390,154,5,9845
391,631,2,4834
392,107,3,8802
393,603,3,9284
394,316,5,12030
395,4,10,25602
396,50,6,17647
397,76,3,4972
398,305,6,12028
399,72,7,17086
400,262,12,33709
401,113,3,8727
402,1,6,14420
403,27,6,10981
404,196,5,15196
405,45,6,19924
406,833,6,7333
407,221,7,20644
408,411,4,7886
409,39,6,9498
410,59,4,10371
411,224,4,14297
412,206,5,6921
413,53,6,19045
414,73,6,13208
415,49,7,19376
416,89,7,14965
417,257,6,18992
418,132,4,11266
419,60,8,23627
420,17,5,11980
421,123,4,18158
422,83,5,14722
423,543,2,6944
426,839,5,5314
427,15,9,22480
428,634,4,9501
429,456,5,8326
430,534,2,8019
431,92,8,25467
432,2,7,22702
433,357,1,3847
434,60,4,11825
435,266,5,12347
436,150,5,11109
437,571,7,22333
438,1019,2,4402
439,14,8,18362
440,96,10,28560
442,265,4,12242
443,8,8,26062
444,64,7,25034
445,171,3,4943
446,99,9,22465
447,81,4,5947
448,3,4,8026
449,379,5,18248
450,114,7,18267
451,99,3,7882
452,933,3,6869
453,933,6,13305
454,297,3,8275
455,1177,1,4849
456,1337,1,4539
457,43,5,14352
458,205,3,6957
459,1217,1,2545
460,234,5,15315
461,745,8,21087
462,459,5,11133
463,735,3,6805
464,640,4,10306
465,148,7,20580
466,64,4,11472
467,318,4,10566
468,53,8,24500
469,304,6,16388
470,41,4,9378
471,36,6,12763
472,324,2,5887
473,438,5,13472
474,7,5,8809
475,49,9,14942
476,384,4,12942
477,309,3,8855
478,214,2,5707
479,167,7,17409
480,107,3,4600
481,403,5,14253
482,75,6,13560
483,265,3,6089
484,861,1,4521
485,1087,3,5487
486,358,5,17583
487,335,7,19596
488,161,7,21330
489,326,4,12979
490,194,2,8306
491,592,4,11834
492,619,2,4370
493,295,3,9172
494,246,6,20106
495,418,6,17425
496,76,1,2649
497,668,2,3913
498,496,2,5403
499,309,5,18375
500,250,6,20407
501,371,3,8879
502,361,6,20871
503,664,3,8970
504,603,3,6436
505,75,13,31931
506,54,9,16383
507,693,1,488
508,796,2,6275
509,1070,4,8498
510,398,6,18307
511,7,3,9266
512,179,5,18370
513,45,11,21332
514,341,4,13531
515,917,2,8674
516,94,5,17718
517,43,2,2680
518,395,3,8213
519,330,5,14492
520,104,6,15681
521,207,4,8511
522,350,2,7662
523,132,3,9358
524,392,6,22116
525,42,8,25058
526,57,5,9339
527,773,3,1437
528,381,7,19514
529,111,6,18297
530,59,5,7613
531,111,5,15206
532,66,5,13922
533,280,5,11376
534,124,2,4830
535,70,6,14206
536,758,8,17653
537,36,9,33315
538,361,4,11357
539,103,6,14695
540,518,5,14931
541,96,7,16195
542,180,4,14809
543,992,3,7851
544,298,4,13591
545,101,6,16230
546,208,6,11128
547,985,2,6109
548,19,10,30644
549,158,7,21906
550,165,5,12858
551,495,3,8382
552,24,7,16845
553,11,4,12928
554,224,6,16469
555,252,6,14484
556,432,6,18814
557,874,6,17038
558,25,4,8260
559,290,6,20041
560,578,5,14385
561,44,3,3412
562,95,7,24604
563,49,6,14702
564,392,2,5891
565,135,7,18806
566,297,6,14667
567,148,7,19590
568,143,4,10583
569,45,7,15714
570,765,1,1611
571,356,4,12391
572,18,6,15086
573,132,4,11197
574,331,3,13041
575,74,5,8114
576,41,7,21768
577,389,5,14374
578,319,2,6048
579,701,1,1972
580,659,3,7239
581,162,4,12305
582,114,4,12122
583,428,5,11176
584,275,5,15366
585,211,7,18418
586,129,7,18681
587,7,7,20708
588,4,7,24049
589,592,6,15198
590,265,4,12147
591,46,3,5945
592,293,9,21753
593,221,5,9481
594,33,4,7259
595,304,6,17590
596,464,6,13237
597,19,4,11588
598,465,1,1931
599,96,10,19970
600,398,3,7589
601,25,7,14055
602,36,4,14620
603,229,5,12460
604,173,5,10300
605,47,3,12634
606,66,7,16901
607,49,4,12417
608,414,8,25576
609,164,9,26548
610,668,3,10608
611,349,3,9053
612,288,6,13955
613,911,3,11027
614,60,8,16224
615,288,5,16233
616,60,9,28085
617,141,3,3946
618,87,9,18462
619,332,2,6692
620,92,7,22270
621,139,3,4154
622,750,2,4168
623,245,9,27963
624,71,7,18808
625,1076,1,4902
626,596,5,20327
627,271,3,13156
628,519,4,5082
629,218,7,25069
630,49,6,17673
631,194,5,13659
632,112,7,28428
633,181,3,6804
634,138,7,24909
635,24,5,17728
636,125,2,8302
637,177,6,12047
638,89,8,19958
639,175,5,14929
640,107,5,10279
641,129,2,2561
642,291,4,9529
643,375,3,12007
644,1039,1,4751
645,228,8,18954
646,108,6,20521
647,1114,2,3587
648,211,7,15337
649,192,6,14469
650,344,6,10729
651,650,5,15328
652,297,6,15031
653,330,3,9551
654,280,2,4800
655,121,8,25437
656,32,9,22005
657,223,5,16242
658,417,2,840
659,104,4,6135
660,276,7,23905
661,289,2,5210
662,727,3,8603
663,112,5,13770
664,307,3,9660
665,95,9,27161
666,83,5,15221
667,276,5,10031
668,75,2,3466
669,991,5,10936
670,306,2,3408
671,104,7,23688
672,171,9,28593
673,7,7,19648
674,264,3,7108
675,214,4,9049
676,24,5,8071
677,92,8,25693
678,48,3,6874
679,109,2,5120
680,67,4,11816
681,50,7,27789
682,380,4,4945
683,82,4,12525
684,423,5,17075
685,154,5,14365
686,387,3,4810
687,82,4,10454
688,149,4,9355
689,396,8,29573
690,213,3,7570
691,111,2,2347
692,122,5,12350
694,85,3,11926
695,448,6,17661
696,71,6,14888
697,410,5,19100
698,292,2,7318
699,121,3,9545
700,87,4,8540
701,172,7,16421
702,106,5,14500
703,263,6,18206
704,156,3,5620
705,257,4,14378
706,140,5,14025
707,268,7,15401
708,42,6,12837
709,47,7,21354
710,66,1,5230
711,366,3,6950
712,127,2,4923
714,67,6,18342
715,165,7,27385
716,49,5,8478
717,75,2,1796
718,36,5,15248
720,392,7,11054
721,248,5,16957
722,28,7,21573
723,562,3,5415
724,277,2,8059
725,482,4,11622
726,113,7,13066
727,227,3,6286
728,312,4,11172
729,376,6,17141
730,95,4,11641
731,189,5,16120
732,172,6,13548
733,315,3,10976
734,576,2,3501
735,304,4,14963
736,15,8,28018
737,61,7,17250
738,222,4,14942
739,333,6,15713
740,105,7,19334
741,98,2,7366
742,333,3,7981
743,135,6,17035
744,96,6,18644
745,296,8,18565
746,152,6,10038
747,95,7,14802
748,334,3,3776
749,26,7,21954
750,233,6,16514
751,100,9,28890
752,308,5,17176
753,685,2,4878
754,823,3,12333
755,74,5,15715
756,91,2,7186
757,131,3,10855
758,164,6,8632
759,57,6,15196
760,253,10,23054
761,386,5,11994
762,309,4,16496
763,764,2,6005
764,33,4,13381
765,295,4,6032
766,142,3,8214
767,335,6,13768
768,56,8,26452
769,212,5,10346
770,242,3,9680
771,271,3,7350
772,181,3,11837
773,81,5,11550
774,274,5,11904
775,81,9,23432
776,114,8,16944
777,45,3,12895
778,207,7,11467
779,273,2,4005
780,119,8,17750
781,50,6,16968
782,2,6,16298
783,197,5,13961
784,403,3,10440
785,76,8,25417
786,3,8,24589
787,49,2,5128
788,661,4,7467
789,296,4,10406
790,70,5,15103
791,176,6,6810
792,427,4,7928
793,203,2,5754
794,231,4,11232
795,12,8,10911
796,598,3,5892
797,13,9,25481
798,1209,2,2846
799,106,9,28005
800,276,4,12996
801,107,7,18407
802,118,7,25912
803,170,6,23515
804,259,2,8115
805,565,7,15837
806,491,5,7580
807,353,7,19597
808,155,3,10030
809,21,15,45738
810,512,2,5385
811,75,6,16782
812,772,1,4067
813,349,4,11895
814,762,1,716
815,49,9,25303
816,177,4,12358
817,229,3,5603
818,116,8,19698
819,206,9,28483
820,181,4,12507
821,205,5,14629
822,303,7,15392
823,249,7,19311
824,327,5,10059
825,875,1,1075
826,287,9,25270
827,841,3,2867
828,186,2,6523
829,588,4,6202
830,101,6,13446
831,228,3,6077
832,92,6,19927
833,186,5,13457
834,79,8,22999
835,20,3,6324
836,364,6,22206
837,119,6,15500
838,40,4,10357
839,26,4,14578
840,342,2,7662
841,2,7,20495
842,13,6,14649
843,61,7,17739
844,8,8,26850
845,887,3,8145
846,309,4,10504
847,194,5,9236
848,766,4,8345
849,336,6,17088
850,194,4,13913
851,211,10,26702
852,3,2,4182
853,143,3,8330
854,471,6,10211
855,54,7,20140
856,490,1,4044
857,787,3,4725
858,430,3,6485
859,485,6,19889
860,15,8,13518
861,453,4,13116
862,91,2,1210
863,825,1,373
864,64,2,10309
865,30,8,26746
866,265,8,26278
867,104,5,15031
868,230,10,24373
869,236,9,28740
870,432,4,9208
871,151,4,7595
872,447,4,15511
873,176,10,25684
874,317,5,8605
875,42,5,13604
876,689,2,6425
877,276,7,20002
878,118,4,11743
879,585,4,6492
880,36,7,19993
881,124,2,4119
882,183,9,27305
883,156,5,14190
884,461,3,2260
885,87,8,17616
886,60,9,21608
887,307,5,13163
888,350,2,5013
889,781,2,8058
890,185,6,16498
891,264,4,4618
892,1247,1,2968
893,84,7,13801
894,280,4,7979
895,907,1,4123
896,112,9,25710
897,94,7,22362
898,84,8,23870
899,799,3,6014
900,376,8,28623
901,83,7,19116
902,48,8,23298
903,143,4,12510
904,100,8,25615
905,166,5,10780
906,1,12,27438
907,56,5,16527
908,27,5,5370
909,356,5,13751
910,135,8,22406
911,75,6,19651
912,9,4,4619
913,167,6,8629
914,341,7,20253
915,93,4,11525
916,270,10,19557
917,81,6,11000
918,165,5,18324
919,546,2,4043
920,100,5,10853
921,154,5,11403
922,208,3,13905
923,37,2,4077
924,328,7,22853
925,15,8,18806
926,150,2,5818
927,115,4,9248
928,72,8,22896
929,119,5,16315
930,100,3,3717
931,183,6,23997
932,246,5,13975
933,470,5,17579
934,95,6,16085
935,285,3,14577
936,147,4,12888
937,381,5,13344
938,254,5,12891
939,55,4,11606
940,354,4,13280
941,69,2,6210
942,52,3,5070
943,27,9,29325
944,138,6,18745
945,624,2,6562
946,44,6,9578
947,11,8,19791
948,61,9,18961
949,10,5,11131
950,513,1,4806
951,93,6,15351
952,918,3,7343
953,145,7,23228
954,521,5,16304
955,258,1,1351
956,622,3,9979
957,9,4,7095
958,742,4,15166
959,452,6,16385
960,385,1,4978
961,281,4,12179
962,145,6,17271
963,730,2,4057
964,10,4,14351
965,106,6,17354
966,300,4,11063
967,581,3,6324
968,499,5,12829
969,367,4,11246
970,285,6,16194
971,44,10,21880
972,95,3,7209
973,269,8,14402
974,188,8,14776
975,835,3,5591
976,468,2,5957
977,38,3,10784
978,682,3,5713
979,128,2,2602
980,40,8,26327
981,134,4,14590
982,54,6,19363
983,721,4,12034
984,586,4,6673
985,295,5,9789
986,70,6,20366
987,629,5,13273
988,621,4,9708
989,232,4,14134
990,207,6,16889
991,32,5,10303
992,1,4,8489
993,625,4,11572
994,205,7,23695
995,76,5,16820
996,94,3,9677
997,136,5,14385
998,734,1,3747
999,390,4,8809
1000,142,6,17700
1001,32,5,16072
1002,187,4,9033
1003,98,8,14308
1004,78,4,13219
1005,959,3,5527
1006,265,2,2948
1007,59,7,20008
1008,172,2,6236
1009,160,7,18320
1010,85,8,29339
1011,710,6,19582
1012,153,7,14974
1013,244,7,19860
1014,332,2,6682
1015,73,4,14717
1016,47,7,21129
1017,59,3,12087
1018,149,3,9412
1019,433,4,8403
1020,313,5,20042
1021,184,5,16256
1022,363,4,7651
1023,235,4,11162
1024,218,7,26216
1025,694,3,7359
1026,313,3,6083
1027,92,12,24980
1028,245,7,16592
1029,424,5,12509
1030,142,8,19973
1031,66,2,2651
1032,16,3,13426
1033,291,6,23261
1034,574,1,1407
1035,113,10,24396
1036,245,7,19350
1037,749,3,11701
1038,116,2,7274
1039,501,4,10005
1040,23,4,9215
1041,12,9,28895
1042,200,4,11041
1043,263,4,10056
1044,104,4,7305
1045,351,10,24840
1046,456,9,28390
1047,92,5,17128
1048,97,3,8978
1049,9,6,13472
1050,188,4,14684
1051,240,6,12006
1052,63,6,15528
1053,204,5,7767
1054,358,4,11466
1055,208,5,15187
1056,177,6,16616
1057,110,7,17374
1058,287,7,20946
1059,589,5,12194
1060,182,8,20932
1061,27,5,15451
1062,387,7,22645
1063,321,6,15335
1064,1232,1,2871
1065,93,4,16057
1066,326,3,6620
1067,38,5,10019
1068,55,4,13312
1069,149,6,10413
1070,72,7,16663
1071,28,6,16468
1072,43,3,3808
1073,529,3,11065
1074,491,2,2735
1075,571,2,7151
1076,311,6,19801
1077,121,6,14603
1078,193,11,24693
1079,466,3,8220
1080,159,5,14026
1081,484,5,9256
1082,704,4,11034
1083,418,5,10249
1084,43,3,5540
1085,317,4,14493
1086,166,4,12102
1087,104,3,3542
1088,391,4,7228
1089,65,7,17429
1090,170,4,11188
1091,91,6,22860
1092,416,2,9506
1093,263,4,13773
1094,526,5,16326
1095,439,5,7893
1096,252,3,7176
1097,122,7,20039
1098,58,6,19161
1099,14,6,15577
1100,9,5,9679
1101,924,6,15131
1102,413,7,21035
1103,728,3,6420
1104,502,8,20760
1105,143,4,11476
1106,442,5,14493
1107,69,6,15239
1108,353,7,15741
1109,174,7,21595
1110,18,3,7263
1111,29,8,21872
1112,895,2,4721
1113,87,4,10114
1114,386,5,14205
1115,234,7,11617
1116,394,4,9678
1117,112,2,5547
1118,278,4,9030
1119,295,6,19588
1120,254,9,25185
1121,213,8,23780
1122,215,6,9577
1123,363,10,23407
1124,969,2,5558
1125,157,9,23124
1126,43,8,17074
1127,125,1,3862
1128,566,4,12509
1129,469,5,13223
1130,282,7,13711
1131,136,6,16359
1132,218,4,11574
1133,25,8,25731
1134,27,5,13432
1135,76,4,9687
1136,142,8,22760
1137,35,6,21963
1138,135,3,10198
1139,8,6,18585
1140,71,7,23166
1141,41,4,10116
1142,551,4,10603
1143,509,7,18372
1144,197,1,4869
1145,554,1,4523
1146,99,7,19808
1147,298,2,2841
1148,21,6,20145
1149,88,3,6985
1150,303,6,17624
1151,45,6,10812
1152,115,6,14286
1153,120,4,14448
1154,137,5,14905
1155,225,10,31599
1156,111,6,12606
1157,214,5,10982
1158,285,3,7892
1159,91,3,8808
1160,64,2,5786
1161,417,9,24138
1162,555,2,1876
1163,207,5,16287
1164,373,7,15360
1165,38,4,12479
1166,1136,3,7993
1167,540,6,18460
1168,536,6,17610
1169,130,7,27659
1170,94,7,14593
1171,125,7,26394
1172,358,5,12459
1173,51,7,11907
1174,199,4,13636
1175,398,4,13028
1176,312,4,16115
1177,241,6,21465
1178,60,4,11278
1179,48,6,18135
1180,207,4,15232
1181,58,6,18428
1182,990,2,7842
1183,60,5,17407
1184,174,1,739
1185,77,6,20410
1186,271,4,11509
1187,1111,1,2970
1188,51,5,11691
1189,15,5,7678
1190,176,3,6817
1191,333,3,9459
1192,272,8,16489
1193,239,6,20437
1194,47,11,36741
1195,14,12,41980
1196,89,8,14642
1197,32,6,13217
1198,299,4,15225
1199,300,5,17035
1200,200,6,23427
1201,284,3,11106
1202,53,7,19684
1203,93,5,9048
1204,15,7,15053
1205,584,3,11265
1206,1138,3,10390
1207,193,4,15231
1208,113,2,7285
1209,397,5,16228
1210,148,2,5478
1211,125,5,18067
1212,267,1,2813
1213,194,8,23982
1214,313,8,24283
1215,1174,1,4083
1216,688,3,5618
1217,101,9,24356
1218,148,7,21869
1219,194,5,6587
1220,480,3,8788
1221,322,7,27289
1222,215,7,17456
1223,388,7,20726
1224,197,5,16220
1225,265,6,15186
1226,70,9,21736
1227,178,8,21753
1228,256,2,7433
1229,33,6,15690
1230,228,3,5418
1231,53,2,6290
1232,153,5,12785
1233,142,7,19764
1234,146,9,30321
1235,81,3,4387
1236,197,6,17201
1237,89,8,19182
1238,327,3,12237
1239,525,7,18348
1240,460,2,5353
1241,176,6,20171
1242,331,5,16088
1243,192,6,20451
1244,38,5,8888
1245,105,8,16688
1246,194,5,6015
1247,102,6,15686
1248,111,11,24932
1249,202,4,10027
1250,68,9,26033
1251,516,9,19768
1252,480,6,14168
1253,32,7,20030
1254,406,6,12878
1255,924,2,8855
1256,137,7,23487
1257,293,3,3868
1258,99,8,25062
1259,117,5,13066
1260,562,4,13256
1261,996,2,9728
1262,41,6,14102
1263,236,6,16462
1264,203,9,21250
1265,1201,1,3407
1266,76,6,9115
1267,121,7,13869
1268,248,4,9158
1269,671,6,18043
1270,453,6,10013
1271,526,4,14160
1272,303,2,6636
1273,90,4,9836
1274,6,6,18112
1275,27,9,25680
1276,102,5,8399
1277,564,3,6656
1278,1006,3,12800
1279,67,10,29180
1280,97,5,12943
1281,124,6,14313
1282,57,4,11797
1283,37,6,14800
1284,255,3,10027
1285,274,9,26841
1286,178,4,10516
1287,410,8,23369
1288,166,2,6734
1289,660,1,487
1290,167,6,10031
1291,138,5,18313
1292,144,4,10933
1293,327,10,19501
1294,94,6,13945
1295,38,7,19501
1296,8,5,21770
1297,137,5,17497
1298,61,4,8717
1299,308,3,7448
1300,837,2,4951
1301,392,4,6315
1302,147,4,3151
1303,116,3,6965
1304,50,2,4119
1305,83,6,18433
1306,511,2,3208
1307,155,7,16648
1308,145,8,18682
1309,369,4,11980
1310,1160,1,1459
1311,15,9,20373
1312,394,6,16322
1313,241,2,2679
1314,427,7,22843
1315,419,3,12672
1316,3,6,7830
1317,146,11,31367
1318,159,9,20970
1319,400,4,12736
1320,44,8,13465
1321,75,7,19929
1322,38,4,8101
1323,435,5,14514
1324,212,7,16761
1325,158,4,16660
1326,133,5,8237
1327,70,6,24527
1328,447,4,13648
1329,56,9,22655
1330,93,6,17102
1331,222,6,21051
1332,31,4,11275
1333,46,5,14172
1334,602,5,13913
1335,47,7,24569
1336,366,6,11944
1337,206,6,19728
1338,362,5,12319
1339,30,5,15791
1340,595,4,7520
1341,72,7,22181
1342,51,9,28997
1343,636,5,10492
1344,31,5,14502
1345,157,10,28030
1347,85,3,7600
1348,180,6,17926
1349,264,5,12248
1350,132,6,20917
1351,686,3,5908
1352,8,7,12727
1353,225,4,6902
1354,175,6,13895
1355,13,2,5619
1356,549,7,16964
1357,377,7,25851
1358,203,5,19233
1359,351,4,11601
1360,423,1,4076
1361,251,5,14097
1362,617,4,13536
1363,38,2,6089
1364,15,8,22422
1365,264,3,7063
1366,444,6,19703
1367,95,10,23015
1368,57,8,21188
1369,178,8,27033
1370,223,8,17773
1371,6,6,18203
1372,56,5,13694
1373,784,6,11069
1374,38,8,23055
1375,349,4,4343
1376,440,4,10773
1377,331,5,14844
1378,132,3,6216
1379,342,11,30394
1380,156,4,15603
1381,160,4,8269
1382,570,1,153
1383,196,7,21207
1384,357,4,10988
1385,54,8,22196
1386,27,5,14471
1387,58,6,16945
1388,102,9,19139
1389,691,3,11339
1390,365,3,13310
1391,490,3,7264
1392,139,6,16043
1393,168,7,24786
1394,71,8,17254
1395,402,6,15699
1396,368,5,14954
1397,441,3,7014
1398,92,9,26755
1399,34,7,27310
1400,92,7,12275
1401,348,8,21474
1402,387,5,19604
1403,369,1,2922
1404,215,4,8940
1405,233,2,3622
1406,676,1,2217
1407,117,6,9847
1408,64,7,26231
1409,1101,4,4779
1410,109,3,8138
1411,268,5,12195
1413,221,5,14091
1414,31,3,7624
1415,234,6,18500
1416,166,7,17386
1417,64,10,32098
1418,270,5,17684
1419,498,4,12287
1420,768,2,1718
1421,55,5,13236
1422,139,5,6261
1423,92,6,16730
1424,360,5,6348
1425,6,6,16382
1426,198,8,19836
1427,35,8,22394
1428,149,3,7245
1429,1,10,20805
1430,200,7,23979
1431,72,10,31856
1432,120,2,5044
1433,81,7,20496
1434,177,5,17565
1435,44,5,13095
1436,144,3,10908
1437,523,2,3474
1438,292,3,6891
1439,576,3,10689
1440,427,6,14664
1441,528,6,11202
1442,117,8,26509
1443,187,6,19852
1444,142,5,12344
1445,309,4,10841
1446,63,7,21440
1447,10,7,20035
1448,385,4,15240
1449,52,5,12483
1450,10,4,11579
1451,723,2,1676
1453,382,6,10406
1454,377,3,9059
1455,919,3,11001
1456,131,6,16486
1457,13,1,4667
1458,733,2,5999
1459,180,3,12539
1460,290,5,7467
1461,7,8,19767
1462,213,5,10229
1463,114,4,17940
1464,476,4,7946
1465,58,7,16675
1466,285,3,9729
1467,1,4,15175
1468,590,4,16179
1469,651,3,6881
1470,105,8,24078
1471,16,6,16553
1472,356,3,6200
1473,10,7,17499
1474,85,4,10264
1475,178,3,7218
1476,220,4,7198
1477,36,3,11565
1478,321,5,12762
1479,235,4,14633
1480,78,7,13209
1481,150,9,23889
1482,313,6,15103
1483,9,8,21812
1484,333,2,3178
1485,103,6,12528
1486,81,8,18169
1487,5,9,24752
1488,31,4,10475
1489,168,4,10741
1490,583,3,9294
1491,115,4,11716
1492,11,10,23951
1493,997,2,6341
1494,383,6,20636
1495,329,8,19846
1496,153,5,11340
1497,316,6,18242
1498,134,5,16493
1499,475,3,6216
1500,558,1,4773
1501,431,7,18328
1502,25,3,11835
1503,156,7,27501
1504,235,5,11605
1505,328,3,8954
1506,582,3,3183
1507,553,3,9196
1508,121,5,13255
1509,53,10,31236
1510,6,5,16298
1511,116,5,12458
1512,120,4,15138
1513,158,4,13191
1514,257,2,5754
1515,29,6,14662
1516,45,5,7200
1517,269,5,13391
1518,192,6,19217
1519,116,7,17225
1520,474,5,11313
1521,237,4,7422
1522,120,6,17328
1523,645,3,11270
1524,769,2,1404
1525,519,4,16057
1526,180,3,13782
1527,26,7,23656
1528,296,9,27527
1529,143,2,8723
1530,530,2,5223
1531,115,4,10813
1532,52,4,10063
1533,396,6,16852
1534,26,7,21558
1535,173,3,13652
1536,81,11,23540
1537,89,5,15449
1538,391,4,7997
1539,115,8,25245
1540,739,8,22410
1541,570,2,6700
1542,24,8,15676
1543,73,2,5315
1544,124,3,4498
1545,396,1,1223
1546,104,10,24587
1547,623,4,10773
1548,703,2,4683
1549,147,6,14789
1550,4,2,9358
1551,148,4,9844
1552,214,9,28342
1553,159,6,17740
1554,165,3,2604
1555,105,8,25953
1556,1085,1,2117
1557,4,4,13048
1558,18,7,8278
1559,23,7,12155
1560,727,4,10653
1561,52,3,5962
1562,46,4,15127
1563,420,4,16213
1564,237,3,6763
1565,245,4,8359
1566,16,7,18842
1567,214,6,12452
1568,301,8,17703
1569,93,8,18412
1570,134,4,10969
1571,312,5,13555
1572,972,3,7235
1573,40,4,14374
1574,385,5,10491
1575,107,6,8650
1576,395,5,12995
1577,13,6,17605
1578,241,6,22267
1579,24,3,5979
1580,99,3,6539
1581,385,10,25920
1582,48,5,11069
1583,158,5,10942
1584,140,4,9169
1585,389,6,20023
1586,114,6,15296
1587,47,6,10751
1588,75,3,10204
1589,192,3,10911
1590,11,6,12712
1591,189,3,3285
1592,381,6,5416
1593,309,2,6710
1594,269,7,14541
1595,44,4,7766
1596,137,3,3869
1597,302,6,10568
1598,293,6,14824
1599,23,6,20336
1600,308,7,15851
1601,400,5,14739
1602,456,5,14619
1603,191,3,8653
1604,200,5,13828
1605,11,5,12200
1606,76,2,1226
1607,113,4,14161
1608,38,1,2955
1609,7,4,8743
1610,173,5,8863
1611,15,8,16744
1612,26,6,13514
1613,80,7,13740
1614,1007,4,16030
1615,619,5,20234
1616,4,5,11946
1617,200,5,9309
1618,245,5,11237
1619,155,7,15289
1620,27,9,21376
1621,347,4,11128
1622,307,7,19697
1623,521,4,12962
1624,21,5,17932
1625,25,5,16824
1626,61,3,8762
1627,667,5,11047
1628,197,1,5266
1629,611,3,15170
1630,377,4,9697
1631,76,7,16675
1632,143,3,8496
1633,72,13,32787
1634,475,4,11620
1635,49,9,29626
1636,5,3,15484
1637,202,5,4576
1638,139,4,9459
1639,191,7,21015
1640,954,2,6971
1641,385,7,18558
1642,142,3,7347
1643,372,5,9712
1644,144,6,11534
1645,133,13,32761
1646,309,7,18564
1647,14,7,16100
1648,719,5,16255
1649,564,5,15000
1650,47,5,11400
1651,782,1,420
1652,131,6,21857
1653,38,10,28471
1654,465,3,6416
1655,842,3,8017
1656,728,5,18233
1657,101,7,16124
1658,124,8,15477
1659,129,10,33629
1660,229,4,13288
1661,94,4,9433
1662,466,2,6882
1663,459,5,17156
1664,137,7,17167
1665,701,4,13610
1666,150,4,11995
1667,72,5,15131
1668,71,3,4234
1669,148,3,3932
1670,495,4,11031
1671,53,6,11497
1672,29,6,16436
1673,243,3,7519
1674,134,3,5734
1675,26,5,17289
1676,61,6,14317
1677,193,6,21484
1678,300,5,13917
1679,74,3,8744
1680,162,7,17528
1681,60,5,13447
1682,451,5,10273
1683,94,4,14192
1684,69,5,8158
1685,351,3,7275
1686,214,3,6703
1687,208,10,23871
1688,291,4,13533
1689,10,6,17430
1690,122,3,8607
1691,194,5,18714
1692,174,3,7843
1693,416,5,10778
1694,126,6,11827
1695,352,3,5132
1696,485,6,14825
1697,193,8,23830
1698,14,4,11867
1699,6,3,8392
1700,197,6,16270
1701,312,7,20314
1702,196,6,7919
1703,456,7,21208
1704,93,3,3930
1705,358,3,9471
1706,498,4,7198
1707,1270,2,4883
1708,309,4,11865
1709,780,4,11880
1710,512,5,10958
1711,193,5,12623
1712,27,9,27127
1713,397,6,22713
1714,157,3,14451
1715,53,9,22845
1716,1226,1,3404
1717,34,2,6258
1718,239,1,3830
1719,235,2,5962
1720,232,6,15739
1721,29,5,12903
1722,317,7,22279
1723,20,3,9298
1724,194,3,5863
1725,386,3,6454
1726,551,4,10783
1727,219,5,12501
1728,846,4,11783
1729,162,5,13508
1730,118,5,10790
1731,262,4,11149
1732,108,6,20318
1733,289,5,13740
1734,386,5,17792
1735,713,1,1175
1736,849,2,3231
1737,312,5,15557
1738,244,2,6760
1739,174,8,10795
1740,505,10,30678
1741,68,6,13473
1742,171,5,15549
1743,64,8,24398
1744,601,1,2253
1745,457,4,10974
1746,663,3,8350
1747,420,5,8552
1748,87,7,19046
1749,5,4,12192
1750,57,8,18887
1751,43,7,15487
1752,158,2,8266
1753,274,9,26597
1754,238,4,13446
1755,125,2,7931
1756,877,3,10490
1757,153,5,13151
1758,216,3,7483
1759,220,6,12669
1760,424,4,14892
1761,131,7,21407
1762,124,7,16302
1763,79,4,8143
1764,217,8,28175
1765,10,7,26389
1766,274,5,11657
1767,490,5,15631
1768,39,7,22609
1769,91,3,8605
1770,474,3,8984
1771,185,10,28561
1772,411,4,11892
1773,1027,2,2971
1774,88,5,10374
1775,191,6,14309
1776,170,7,22471
1777,159,9,17341
1778,227,6,20106
1779,1107,1,3479
1780,13,5,16096
1781,81,5,14752
1783,586,7,17376
1784,109,6,14130
1785,413,6,20450
1786,468,4,10733
1787,729,2,4444
1788,64,2,5371
1789,158,4,9498
1790,59,6,15363
1791,712,3,11220
1792,113,3,5684
1793,103,5,15436
1794,239,4,7949
1795,447,3,9587
1796,377,4,13708
1797,655,3,5060
1798,322,8,22216
1799,147,8,24843
1800,264,5,11562
1801,48,6,11886
1802,492,5,11965
1803,481,6,13420
1804,74,3,6549
1805,54,6,14797
1806,86,4,11923
1808,75,4,11354
1809,177,10,29621
1810,173,6,19557
1811,743,2,6303
1812,171,3,8495
1813,298,6,9986
1814,106,8,17561
1815,33,9,18755
1816,174,6,20324
1817,304,3,6635
1818,732,3,10225
1819,712,2,4548
1820,65,6,16348
1821,261,2,9327
1822,360,4,9018
1823,18,4,12831
1824,497,2,6202
1825,231,8,23681
1826,94,4,7227
1827,398,4,17521
1828,30,5,20977
1829,63,5,7793
1830,209,4,15466
1831,413,5,16552
1832,168,7,23712
1833,266,4,12075
1834,265,5,13043
1835,606,5,11522
1836,118,8,24868
1837,191,6,12324
1838,122,7,19710
1839,180,8,15422
1840,139,6,15686
1841,163,2,5722
1842,21,4,7955
1843,53,5,9335
1844,215,7,22672
1845,746,2,6840
1846,232,3,9954
1847,136,8,24642
1848,380,5,12908
1849,335,5,12252
1850,788,2,5984
1851,37,6,22182
1852,249,6,16151
1853,135,6,16621
1854,353,3,9718
1855,812,3,8091
1856,157,6,15663
1857,269,6,16830
1858,89,5,17245
1859,341,4,9396
1860,521,2,3708
1861,963,3,9718
1862,241,9,20704
1863,43,10,24308
1864,119,4,6980
1865,190,3,12883
1866,142,6,13332
1867,729,5,11701
1868,178,5,15828
1869,259,4,8582
1870,322,2,6915
1871,33,5,15181
1872,92,6,16007
1873,83,5,15633
1874,629,2,2898
1875,266,3,13636
1876,1090,2,7609
1877,301,6,15231
1878,135,2,3334
1879,249,4,9602
1880,28,4,9517
1881,14,5,17070
1882,7,10,25375
1883,180,9,32884
1884,243,5,14331
1885,61,7,22180
1886,93,3,5286
1887,49,8,27387
1888,285,5,15252
1889,125,4,14098
1890,10,4,15737
1891,236,7,20546
1892,190,4,11081
1893,43,7,15245
1894,52,7,25651
1895,91,7,18180
1896,86,6,9674
1897,146,6,20210
1898,186,3,9553
1899,1013,2,1673
1900,89,10,36969
1901,424,4,11446
1902,636,4,7560
1903,117,7,23496
1904,26,7,14491
1905,205,3,6802
1906,302,3,8554
1907,104,3,8669
1908,225,7,18311
1909,384,8,23771
1910,72,4,13284
1911,460,3,10300
1912,36,3,12664
1913,100,6,16880
1914,550,4,12310
1915,174,4,11974
1916,37,4,9538
1917,112,7,21832
1918,148,6,17748
1919,596,3,13060
1920,325,6,22378
1921,55,8,13731
1922,252,4,5712
1923,355,4,14478
1924,18,7,10912
1925,100,6,15005
1926,12,7,17564
1927,170,7,24465
1928,258,6,13561
1929,198,5,13868
1930,317,6,16535
1931,7,8,23198
1932,19,2,5839
1933,365,3,10272
1934,493,3,5213
1935,601,2,8793
1936,785,4,9102
1937,115,2,3703
1938,148,6,14935
1939,971,3,7361
1940,239,5,9959
1941,59,6,10125
1942,316,6,9984
1943,1023,3,6770
1944,216,4,10653
1945,51,4,14462
1946,743,3,8422
1947,605,6,14063
1948,794,5,19487
1949,505,4,4949
1950,3,6,13141
1951,694,4,11158
1952,291,4,15162
1953,641,3,6443
1954,479,4,13403
1955,9,4,13805
1956,45,6,21123
1957,182,6,12282
1958,22,5,13019
1959,124,8,17611
1960,461,2,5526
1961,228,5,15401
1962,302,4,8494
1963,143,4,4687
1964,290,7,20601
1965,5,10,31427
1966,137,9,25483
1967,435,6,20518
1968,481,5,13163
1969,24,7,25369
1970,465,5,12132
1971,51,5,13312
1972,91,4,10231
1973,780,5,9635
1974,226,3,6891
1975,261,7,23146
1976,383,5,12814
1977,183,9,30622
1978,219,8,19346
1979,9,8,23941
1980,338,7,16233
1981,280,2,4411
1982,211,4,10119
1983,354,3,9165
1984,297,7,18041
1985,146,5,12639
1986,270,4,11725
1987,27,6,13512
1988,1044,2,3316
1989,418,6,20466
1990,122,3,10414
1991,561,4,7782
1992,683,6,10449
1993,49,4,10321
1994,287,5,20175
1995,260,6,15835
1996,242,5,5295
1997,239,4,12095
1998,209,4,9938
1999,89,11,35207
2000,307,6,15548
2001,562,5,13682
2002,222,4,11116
2003,285,7,23949
2004,224,7,19648
2005,603,3,10845
2006,336,3,7107
2007,496,3,7447
2008,167,7,15654
2009,141,6,17310
2010,529,1,1706
2011,490,1,793
2012,900,3,6319
2013,105,7,22963
2014,554,6,16553
2015,29,7,16857
2016,35,8,24451
2017,261,2,5124
2018,415,4,6425
2019,382,4,9145
2020,202,4,12003
2021,779,5,10262
2022,736,2,6767
2023,134,4,9445
2024,34,2,8569
2025,249,6,15097
2026,801,2,6966
2027,96,5,17275
2028,547,1,5256
2029,274,5,17474
2030,117,5,17934
2031,17,5,9895
2032,1002,4,13476
2033,381,4,17250
2034,263,5,12010
2035,139,7,17150
2036,78,5,14328
2037,1138,1,3351
2038,143,6,13489
2039,136,7,20962
2040,395,1,2794
2041,348,4,12064
2042,244,4,6104
2043,294,6,16719
2044,34,3,6724
2045,370,1,1294
2046,1,5,8931
2047,540,3,7503
2048,20,4,12804
2049,750,2,7201
2050,14,6,20841
2051,436,3,10450
2052,376,2,5161
2053,291,6,12386
2054,54,7,14548
2055,30,5,11536
2056,402,3,10925
2057,460,3,6023
2058,3,4,8562
2059,672,3,6908
2060,90,7,22364
2061,105,4,12590
2062,79,7,24555
2063,109,7,20219
2064,134,4,11078
2065,392,6,8095
2066,367,7,25097
2067,210,8,23087
2068,293,5,10958
2069,188,4,10104
2070,18,7,14572
2071,668,6,21604
2072,264,7,9922
2073,71,8,18962
2074,391,7,23437
2075,134,5,9929
2076,24,6,17433
2077,79,8,20683
2078,69,8,28067
2079,591,5,11927
2080,100,4,11695
2081,240,9,25004
2082,532,3,8395
2083,65,5,17893
2084,63,5,20223
2085,7,8,20508
2086,310,5,12778
2087,362,3,8455
2088,149,5,14930
2089,10,5,12033
2090,372,7,12605
2091,437,4,8097
2092,76,6,12859
2093,196,3,5001
2094,215,5,15605
2095,35,8,26764
2096,87,2,5553
2097,141,8,25147
2098,138,7,19983
2099,49,11,24639
2100,168,4,9438
2101,346,3,8169
2102,562,4,11640
2103,1,8,23095
2104,141,8,20843
2105,343,2,3096
2106,662,1,4576
2107,146,4,15387
2108,222,8,18900
2109,1278,1,1958
2110,1,3,11315
2111,799,2,2623
2112,418,1,2813
2113,247,5,19466
2114,324,6,17244
2115,275,9,18638
2116,15,4,9257
2117,13,10,26874
2118,118,7,17908
2119,137,3,5406
2120,281,8,12457
2121,9,7,16922
2122,252,6,18085
2123,326,4,5569
2125,426,2,2805
2126,321,6,15548
2127,67,7,12416
2128,648,1,3525
2129,247,2,4409
2130,411,5,7586
2131,109,8,25485
2132,619,2,4747
2133,720,3,6789
2134,415,3,5008
2135,145,5,14268
2136,643,8,28210
2137,97,8,29654
2138,85,9,22381
2139,75,6,18533
2140,50,5,15015
2141,56,4,13007
2142,89,6,9074
2143,84,9,25872
2144,563,1,1107
2145,86,3,4612
2146,28,4,11991
2147,182,6,17495
2148,419,4,11957
2149,71,8,19696
2150,48,7,21084
2151,260,4,4918
2152,217,4,10732
2153,440,3,8818
2154,335,4,5779
2155,369,7,24571
2156,99,6,17095
2157,24,7,9592
2158,324,4,10838
2159,186,5,14387
2160,580,5,19677
2161,291,7,17534
2162,94,6,20429
2163,520,5,14868
2164,169,8,16914
2165,8,8,19561
2166,67,4,10252
2167,172,6,14876
2168,878,1,4998
2169,293,2,2488
2170,777,4,8821
2171,54,9,26558
2172,2,11,29191
2174,209,8,17975
2175,137,5,18570
2176,189,7,28976
2177,305,4,12138
2178,757,1,1339
2179,111,5,16241
2180,7,6,23400
2181,411,3,5610
2182,167,10,29958
2183,102,7,17704
2184,3,6,11146
2185,219,6,14550
2186,179,8,19632
2187,110,5,16479
2188,901,2,6574
2189,15,6,14215
2190,272,3,10291
2191,359,4,14090
2192,15,6,21232
2193,15,5,12739
2194,33,6,15614
2195,664,4,12217
2196,100,5,12082
2197,62,9,24906
2198,499,3,9804
2199,448,5,13076
2200,117,5,14530
2201,168,2,4718
2202,5,4,7111
2203,442,6,20906
2204,258,5,16586
2205,653,3,8318
2206,743,2,3843
2207,777,2,8637
2208,215,3,8425
2209,609,3,11832
2210,157,5,10263
2211,706,4,10229
2212,297,3,10303
2213,69,5,9230
2214,351,6,13828
2215,176,11,27282
2216,161,6,18176
2217,70,5,13371
2218,57,9,21141
2219,231,4,5886
2220,53,4,14273
2221,551,2,6194
2222,96,4,12767
2223,26,4,5847
2224,229,5,18034
2225,56,11,40179
2226,431,5,15701
2227,125,4,15866
2228,420,4,10153
2229,5,5,13347
2230,148,5,17981
2231,429,3,8152
2232,79,7,20459
2233,45,7,14076
2234,1019,2,3331
2235,459,6,20597
2236,247,3,5504
2237,144,5,13549
2238,110,6,23497
2239,387,5,13050
2240,36,8,21459
2241,25,6,8920
2242,110,6,16836
2243,45,7,19037
2244,619,2,7269
2245,51,4,9347
2246,147,6,14460
2247,28,12,39314
2248,282,5,16261
2249,11,12,34973
2250,347,4,9944
2251,26,4,6517
2252,55,6,12247
2253,250,4,13606
2254,178,6,14395
2255,184,1,2864
2256,716,2,1560
2257,331,4,11984
2258,260,4,8432
2259,96,6,17502
2260,60,10,36083
2261,158,5,19052
2262,94,6,18239
2263,721,2,5274
2264,438,5,8658
2265,131,3,8110
2266,475,3,10508
2267,168,3,9798
2268,312,7,21349
2269,466,5,11638
2270,177,4,9512
2271,509,3,8041
2272,857,2,6138
2273,454,4,14406
2274,208,3,10220
2275,288,4,13882
2276,230,5,10259
2277,350,2,9165
2278,794,5,12671
2279,532,7,20306
2280,204,5,9113
2281,180,4,15154
2282,204,4,11189
2283,284,3,6269
2284,401,4,9696
2285,536,2,5879
2286,178,3,6356
2287,388,3,10449
2288,127,7,13917
2289,250,5,8253
2290,48,4,10228
2291,316,5,14961
2292,5,5,12574
2293,198,7,21004
2294,1114,1,1973
2295,90,4,14116
2296,504,5,9721
2297,9,9,31678
2298,737,5,13165
2299,25,7,17651
2300,88,5,11858
2301,202,5,15360
2302,217,4,8803
2303,279,3,5211
2304,284,7,14096
2305,83,5,21494
2306,120,7,21185
2307,234,3,7288
2308,92,4,7389
2309,102,2,1292
2310,177,6,20308
2311,269,5,17695
2312,306,3,7019
2313,131,7,17934
2314,291,2,5032
2315,12,5,11128
2316,143,4,11563
2317,313,10,28744
2318,89,2,2014
2319,320,9,23243
2320,341,6,16826
2321,78,8,24592
2322,258,3,12824
2323,246,6,13615
2324,120,5,13036
2325,340,9,31436
2326,729,3,6978
2327,129,3,10685
2328,180,7,31704
2329,94,2,5409
2330,205,9,25452
2331,20,6,11818
2332,81,4,11491
2333,194,3,10759
2334,33,13,35179
2335,95,5,10311
2336,344,5,14545
2337,176,6,13855
2338,154,6,7257
2339,539,4,11309
2340,66,6,13121
2341,402,5,16649
2342,65,4,8710
2343,474,4,8059
2344,106,3,10513
2345,312,7,21871
2346,32,6,17097
2347,44,5,16558
2348,283,3,8686
2349,269,4,8300
2350,28,8,24046
2351,92,5,9588
2352,815,6,16783
2353,406,7,14368
2354,27,6,14139
2355,119,5,8210
2356,270,4,17300
2357,64,11,34528
2358,10,9,27108
2359,145,7,22886
2360,114,8,21163
2361,640,5,15916
2362,91,6,18295
2363,146,6,12524
2364,147,5,9764
2365,5,6,13522
2366,404,5,16898
2367,44,4,4622
2368,382,3,7096
2369,238,5,10383
2370,182,5,17290
2371,207,5,17654
2372,195,4,7838
2373,170,5,12478
2374,77,8,15053
2375,240,2,4791
2376,575,4,18497
2377,205,6,17765
2378,39,8,16131
2379,232,3,5765
2380,86,6,18059
2381,208,7,14642
2382,90,4,11435
2383,118,6,12597
2384,71,5,7981
2385,155,8,19020
2386,412,3,6415
2387,132,5,10190
2388,612,4,11454
2389,513,7,21218
2390,10,4,15374
2391,136,2,4499
2392,102,10,27995
2393,237,3,9028
2394,189,4,10325
2395,148,5,11327
2396,598,3,5093
2397,225,3,6045
2398,574,6,18864
2399,467,6,22604
2400,35,6,15552
2401,47,6,16804
2402,238,3,12235
2403,669,5,19289
2404,42,5,15393
2405,367,4,11851
2406,271,3,14019
2407,414,4,10392
2408,496,5,12946
2409,92,5,17667
2410,292,6,15595
2411,273,4,8653
2412,1230,1,3346
2413,110,2,8263
2414,755,3,10408
2415,365,5,14923
2416,523,5,16727
2417,85,3,10634
2418,54,8,27120
2419,593,3,5925
2420,187,4,11649
2421,277,3,10635
2422,497,4,9346
2423,790,1,3417
2424,253,6,22767
2425,12,8,21182
2426,513,11,25592
2427,277,3,7026
2428,80,8,19276
2429,157,6,16841
2430,129,9,16651
2431,1045,2,1596
2432,83,7,17985
2433,67,7,20299
2434,557,3,11996
2435,854,2,4739
2436,328,5,13740
2437,17,5,13681
2438,342,6,11740
2439,266,5,7074
2440,34,4,7374
2441,82,7,18783
2442,391,6,19613
2443,32,4,5998
2444,222,3,8035
2445,31,6,16986
2446,10,7,22258
2447,43,2,1838
2448,110,2,5790
2449,189,4,10175
2450,112,6,13418
2451,385,3,2178
2452,197,7,24162
2453,39,8,22016
2454,225,2,6417
2455,170,5,13188
2456,239,4,6163
2457,106,3,9150
2458,1242,1,966
2459,75,11,23110
2460,231,6,19812
2461,280,9,26838
2462,426,6,21572
2463,153,6,10192
2464,9,5,6041
2465,373,9,31100
2466,894,4,12764
2467,911,3,5692
2468,62,3,8681
2469,234,5,15625
2470,143,6,16027
2471,547,4,10832
2472,158,3,10355
2473,947,3,11551
2474,166,4,10305
2475,94,5,19105
2476,295,3,6328
2477,353,6,10038
2478,302,6,8856
2479,156,5,15913
2480,735,6,11528
2481,1311,1,366
2482,595,5,13669
2483,373,8,22841
2485,478,7,19776
2486,126,4,10866
2487,60,5,16236
2488,103,5,9797
2489,224,8,28322
2490,296,5,10478
2491,413,3,12249
2492,53,7,11502
2493,30,6,21812
2494,54,6,21413
2495,119,5,8582
2496,420,3,11619
2497,1,2,5857
2498,51,6,21399
2499,345,5,18067
2500,28,5,16290
2501,398,1,3918
2502,133,12,28439
2503,252,7,20100
2504,28,6,13652
2505,129,3,4415
2506,13,6,15130
2507,202,3,9175
2508,555,5,12271
2509,116,4,11068
2510,636,4,7614
2511,62,5,13346
2512,83,9,22866
2513,729,4,9472
2514,335,5,10515
2515,257,3,3927
2516,26,2,9880
2517,517,1,3168
2518,576,4,9507
2519,82,4,8011
2520,52,6,27658
2521,1162,1,2250
2522,12,5,16597
2523,924,5,13060
2524,14,4,8833
2525,49,7,14035
2526,387,3,6829
2527,560,1,3958
2528,379,7,18097
2529,253,10,27200
2530,69,7,18883
2531,187,5,10725
2532,21,8,20130
2533,61,5,14603
2534,289,6,13685
2535,941,3,7971
2536,155,5,12650
2537,193,7,21976
2538,192,11,20385
2539,526,6,18006
2540,250,2,5258
2541,24,8,19359
2542,49,4,8316
2543,245,7,14183
2544,69,2,8004
2545,177,8,24920
2546,79,7,18222
2547,48,3,12038
2548,232,5,11094
2549,56,3,8570
2550,95,4,13089
2551,193,4,10409
2552,235,4,13270
2553,361,6,17245
2554,101,7,19495
2555,23,2,3833
2556,26,3,8471
2557,228,8,19361
2558,187,7,20742
2559,64,6,23843
2560,406,5,15145
2561,283,4,10427
2562,30,4,12357
2563,20,6,15807
2564,1243,3,4708
2565,392,4,7972
2566,403,4,13061
2567,73,7,15938
2568,45,7,21081
2569,169,4,11603
2570,750,6,9825
2571,864,2,3099
2572,452,6,16415
2573,23,6,13724
2574,11,4,11766
2575,313,3,8668
2576,202,3,8525
2577,258,2,4242
2578,25,9,29031
2579,498,5,16625
2580,435,4,7301
2581,279,4,6225
2582,33,6,11891
2583,54,3,9370
2584,261,6,17453
2585,149,4,4609
2586,522,1,270
2587,964,2,7649
2588,217,7,13104
2589,57,2,9440
2590,281,6,21941
2591,837,2,4064
2592,524,5,18488
2593,1,5,13621
2594,686,4,12063
2596,6,6,15545
2597,779,3,7833
2598,891,1,2922
2599,594,4,10447
2600,21,9,25167
2601,206,2,5779
2602,331,5,14567
2603,202,5,17745
2604,27,5,16699
2605,15,5,13506
2606,142,6,22293
2607,63,3,7245
2608,44,5,10656
2609,32,5,6134
2610,447,5,13345
2611,618,5,19768
2612,19,8,21280
2613,363,4,14875
2615,315,5,11220
2616,953,1,650
2617,69,5,14132
2618,48,9,24820
2619,228,8,22290
2620,56,6,11793
2621,165,9,18665
2622,47,6,15932
2623,178,4,7247
2624,149,5,16485
2625,558,6,16023
2626,136,7,16107
2627,83,5,17578
2628,146,6,14690
2629,80,10,24408
2630,312,5,7021
2631,43,10,31533
2632,61,7,20195
2633,67,3,11348
2634,256,7,11628
2635,910,4,10044
2636,151,2,4980
2637,196,4,13111
2638,70,9,23553
2639,129,2,9543
2640,257,4,7541
2641,101,8,18928
2642,339,6,18509
2643,747,4,10403
2644,290,6,19070
2645,29,7,15998
2646,1,4,16614
2647,45,5,6955
2648,80,7,23406
2649,235,2,5810
2650,117,3,5560
2651,6,5,22087
2652,216,6,13546
2653,433,7,17952
2654,36,5,6497
2655,421,6,14873
2656,330,2,5806
2657,204,7,18860
2658,107,6,16099
2659,244,2,6381
2660,1080,2,6785
2661,69,7,21211
2662,484,3,6480
2663,381,7,22895
2664,454,1,2485
2665,1121,3,4426
2666,40,5,14060
2667,234,2,3982
2668,657,3,10763
2669,217,6,12113
2670,176,7,18366
2671,52,7,12857
2672,19,4,9683
2673,238,7,21508
2674,1016,3,6270
2675,218,6,13316
2676,22,5,12676
2677,539,1,3939
2678,29,7,12850
2679,247,6,14044
2680,10,5,12187
2681,408,3,7003
2682,930,1,1260
2683,168,3,11889
2684,89,7,20276
2685,197,5,13438
2686,375,3,6265
2687,1174,2,5779
2688,74,4,7068
2689,37,5,12349
2690,99,5,12944
2691,1186,3,13203
2692,562,5,14976
2693,207,5,11361
2694,24,6,12068
2695,446,4,8866
2696,468,5,10173
2697,27,9,25442
2698,342,9,21018
2699,102,5,15051
2700,26,7,20656
2701,10,6,14031
2702,131,4,6387
2703,512,4,10837
2704,179,4,8665
2705,336,6,21497
2706,54,9,24115
2707,105,5,9767
2708,45,9,18915
2709,317,10,33803
2710,293,5,9407
2711,562,9,24522
2712,606,5,16149
2713,707,5,10105
2714,80,7,19784
2715,7,9,30867
2716,247,5,9711
2717,71,7,11055
2718,95,6,13517
2719,51,5,9124
2720,229,6,17701
2721,117,3,6018
2722,77,4,14462
2723,568,1,2583
2724,454,2,4675
2725,3,6,13075
2726,35,7,23460
2727,99,6,20435
2728,220,8,24870
2729,1195,1,4530
2730,146,13,31775
2731,376,2,3248
2732,129,7,19048
2733,366,6,15239
2734,370,3,12168
2735,364,4,6897
2736,180,5,15735
2737,4,3,7947
2738,138,1,1294
2739,332,7,24920
2740,76,8,27102
2741,428,9,27007
2742,650,3,12792
2743,493,3,7330
2744,77,7,8992
2745,404,6,15247
2746,185,3,7344
2747,906,3,11755
2748,98,6,14859
2749,584,4,10964
2750,73,10,24366
2751,749,2,3608
2752,9,4,14056
2753,74,4,6242
2754,417,3,7435
2755,228,1,2964
2756,166,9,19547
2757,99,7,24950
2758,41,7,23332
2759,221,2,5396
2760,50,10,26649
2761,206,2,6489
2762,231,5,16439
2763,79,6,13317
2765,3,7,15687
2766,2,6,13313
2767,284,5,9572
2768,171,5,9663
2769,127,4,14677
2770,548,5,11028
2771,195,12,32750
2772,349,2,6577
2773,55,10,24787
2774,440,3,5634
2775,98,4,11577
2776,130,7,25589
2777,94,7,16140
2778,535,4,11132
2779,43,10,28498
2780,82,3,8463
2782,15,7,23025
2783,921,2,3728
2784,36,8,28152
2785,270,3,7780
2786,289,5,15162
2787,133,6,14703
2788,278,6,18297
2789,56,3,7334
2790,294,9,20750
2791,383,6,18291
2792,64,6,20534
2793,31,5,15570
2794,104,3,11480
2795,236,5,11269
2796,146,9,28918
2797,358,4,10494
2798,338,2,4976
2799,553,4,7407
2800,236,4,13657
2801,73,7,20903
2802,126,4,8724
2803,282,3,4729
2804,48,2,8845
2805,287,2,9178
2806,112,3,7619
2807,71,6,15936
2808,263,10,21963
2809,339,3,3738
2810,75,5,18535
2811,159,10,24036
2812,114,6,15811
2813,58,5,9988
2814,1044,1,4836
2815,132,6,15165
2816,524,3,9170
2817,1313,1,4662
2818,808,2,4455
2819,68,3,8908
2820,147,4,13314
2821,212,4,12501
2822,202,7,21097
2823,108,6,10504
2824,133,3,5814
2825,72,7,31407
2826,20,3,9109
2827,373,5,7973
2828,606,4,10946
2829,58,4,10594
2830,500,5,7849
2831,296,3,12934
2832,783,5,21363
2833,334,11,28554
2834,22,3,12706
2835,175,6,8982
2836,162,6,13667
2837,77,6,19270
2838,12,5,19373
2839,117,5,13548
2840,391,8,14493
2841,479,3,11169
2842,49,5,16835
2843,254,6,16064
2844,16,9,26970
2845,25,5,17024
2846,194,3,7812
2847,76,7,25043
2848,732,1,2180
2849,501,2,7148
2850,345,3,10685
2851,19,5,11389
2852,68,5,13845
2853,240,3,6114
2854,32,7,19915
2855,27,7,15012
2856,122,5,10229
2857,499,5,14531
2858,224,3,7483
2859,700,3,12866
2860,653,3,7367
2861,225,4,12588
2862,757,4,8955
2863,415,8,28002
2864,147,4,9500
2865,96,7,12013
2866,15,4,3523
2867,262,7,16292
2868,65,2,2717
2869,136,4,11621
2870,66,8,18856
2871,420,2,4381
2872,103,2,3616
2873,122,8,20374
2874,181,4,14633
2875,326,4,14473
2876,374,9,19786
2877,46,2,3489
2878,122,5,11672
2879,66,6,14330
2880,10,9,20435
2881,150,5,21617
2882,30,4,10202
2883,10,4,11971
2884,16,3,12208
2885,27,6,16733
2886,607,1,4929
2887,154,6,10006
2888,299,3,7784
2889,389,7,20154
2890,67,7,19601
2891,232,2,9268
2892,96,3,5500
2893,74,8,25462
2894,113,4,15039
2895,449,4,8809
2896,302,2,2507
2897,61,6,16313
2898,144,5,13809
2899,115,6,20066
2900,32,5,12694
2901,90,11,30832
2902,301,7,16487
2903,216,2,2792
2904,107,7,21159
2905,173,6,19400
2906,429,3,8964
2907,378,1,2797
2908,1117,1,571
2909,98,8,20047
2910,540,5,12883
2911,16,3,12260
2912,250,2,4827
2913,481,2,5160
2914,256,8,22383
2915,378,3,4398
2916,273,3,5297
2917,108,3,5881
2918,155,4,12836
2919,257,10,32027
2920,87,5,17790
2921,345,6,21201
2922,102,4,10463
2923,642,6,15241
2924,444,5,11900
2925,303,7,17474
2926,116,7,16952
2927,120,8,29161
2928,205,7,12869
2929,102,5,12063
2930,602,2,6689
2931,915,2,6327
2932,5,6,13617
2933,3,4,8991
2934,59,4,7944
2935,70,3,5611
2936,394,1,314
2937,245,7,20970
2938,241,6,11106
2939,700,4,15280
2940,79,3,7027
2941,354,3,11569
2942,393,9,29168
2943,170,8,24450
2944,185,5,13544
2945,208,3,7606
2946,203,9,22415
2947,184,7,25775
2948,335,7,17173
2949,489,6,17059
2950,463,4,8845
2951,141,5,17176
2952,1125,1,726
2953,166,5,13874
2954,127,8,25423
2955,144,5,15011
2956,876,3,6270
2957,201,4,10397
2958,417,3,8622
2959,480,6,12367
2960,890,4,11863
2961,49,7,8171
2962,4,4,7688
2963,822,2,9223
2964,38,8,19081
2965,279,5,16504
2966,184,3,4863
2967,44,5,15042
2968,121,4,12638
2969,324,4,9751
2970,151,8,21030
2971,600,3,9734
2972,43,2,3928
2973,539,3,11289
2974,334,6,13693
2975,319,3,5900
2976,43,3,5411
2977,139,5,18631
2978,858,4,11318
2979,28,3,10277
2980,466,5,10955
2981,291,4,11035
2982,149,5,17021
2983,38,5,10786
2984,176,5,16573
2985,214,4,7982
2986,160,3,12835
2987,609,5,12069
2988,287,5,14343
2989,29,2,5131
2990,113,5,16190
2991,348,3,5863
2992,294,7,18540
2993,981,1,1417
2994,74,4,9262
2995,5,6,22129
2996,17,7,22595
2997,110,3,9809
2998,171,3,2226
2999,165,4,5291
3000,131,5,14671
3001,212,6,18466
3002,215,6,18095
3003,207,6,21980
3004,36,5,12951
3005,186,4,11048
3006,21,5,13583
3007,212,6,17768
3008,155,7,24958
3009,567,8,21941
3010,76,5,11956
3011,329,6,21541
3012,149,5,14914
3013,42,4,6142
3014,828,4,7468
3015,223,5,15742
3016,213,5,9366
3017,214,5,16267
3018,272,4,8963
3019,127,5,16117
3020,181,9,31102
3021,37,6,18602
3022,21,7,18536
3023,465,1,789
3024,7,7,18449
3025,69,7,23210
3026,260,6,17485
3027,128,7,15793
3028,5,7,23591
3029,62,7,16349
3030,448,6,9934
3031,261,7,22447
3032,45,7,22921
3033,96,6,14784
3034,188,8,24712
3035,487,6,16817
3036,36,6,19073
3037,1032,1,1850
3038,424,4,12792
3039,468,5,10590
3040,3,3,7330
3041,48,6,19594
3042,16,4,12930
3043,1082,1,2267
3044,47,6,17469
3045,58,4,12543
3046,118,6,14748
3047,78,2,4089
3048,429,5,12711
3049,131,10,21488
3050,452,6,21152
3051,173,4,10985
3052,589,3,12711
3053,88,6,14545
3054,132,13,41957
3055,721,2,4791
3056,211,7,16010
3057,219,5,19608
3058,695,2,9172
3059,27,6,17055
3060,498,1,4751
3061,3,6,11982
3062,137,4,15595
3063,15,9,31709
3064,387,5,10996
3065,386,7,16744
3066,179,5,13115
3067,554,4,16019
3068,293,7,15296
3069,257,3,8091
3070,115,5,7919
3071,664,4,15182
3072,52,9,23806
3073,354,6,12486
3074,434,3,9003
3075,163,6,17994
3076,560,1,369
3077,99,6,10637
3078,670,3,11038
3079,190,6,20041
3080,69,5,14537
3081,76,6,16215
3082,60,4,13587
3083,77,5,11866
3084,256,7,16431
3085,539,6,21048
3086,25,9,29394
3087,51,4,14983
3088,802,3,10600
3089,400,6,12499
3090,464,2,5714
3091,917,2,3774
3092,11,8,15580
3094,4,5,18429
3095,341,4,10194
3096,641,3,6179
3097,150,6,12123
3098,363,3,10838
3099,83,2,4394
3100,196,6,17647
3101,385,3,9099
3102,251,8,17285
3103,135,9,20108
3104,83,4,17088
3105,17,2,4167
3106,277,7,14270
3107,748,3,8619
3108,577,6,19330
3109,157,4,11025
3110,132,6,16681
3111,27,5,15999
3112,125,5,11922
3113,499,6,13784
3114,20,4,13212
3115,57,7,19608
3116,144,11,26591
3117,157,5,18642
3118,332,6,13566
3119,114,4,11782
3120,400,5,15773
3121,222,5,16477
3122,26,5,16409
3123,25,6,16157
3124,414,6,21588
3125,39,4,10711
3126,52,4,13098
3127,87,4,14100
3128,265,4,8826
3129,20,5,4805
3130,135,5,10146
3131,950,2,6486
3132,88,5,16245
3133,17,6,10680
3134,282,3,14174
3135,77,10,27015
3136,153,6,12683
3137,73,5,15322
3138,170,6,13596
3139,407,2,9119
3140,18,9,22261
3141,58,6,21645
3142,678,3,7985
3143,188,7,21521
3144,12,2,6461
3145,10,5,15312
3146,819,4,8402
3147,22,10,30058
3148,1003,3,8911
3149,27,6,16827
3150,468,2,6976
3151,56,3,11088
3152,83,8,13945
3153,241,6,9138
3154,73,6,17413
3155,411,4,6463
3156,288,3,4637
3157,68,1,2478
3158,645,2,3983
3159,168,5,17213
3160,70,7,17613
3161,404,4,13604
3162,286,3,13010
3163,245,4,11044
3164,409,6,19351
3165,74,3,9924
3166,236,4,11629
3167,146,5,14723
3168,50,6,22241
3169,91,6,8356
3170,829,3,4974
3171,20,3,7441
3172,152,6,23093
3173,249,3,6538
3174,1117,3,8335
3175,92,7,15016
3176,104,3,11336
3177,1328,1,2765
3178,108,3,9131
3179,86,3,11148
3180,103,5,14899
3181,623,4,14095
3182,39,8,22072
3183,425,2,5121
3184,135,6,12207
3185,488,4,9288
3186,332,1,835
3187,164,6,14423
3188,102,6,18216
3189,45,5,13417
3190,207,7,26265
3191,116,4,15538
3192,164,3,7329
3193,419,1,1831
3194,689,3,12221
3195,115,5,9517
3196,516,3,7966
3197,738,3,6247
3198,282,3,7051
3199,4,5,18262
3200,82,3,11499
3201,873,2,6610
3202,736,4,6826
3203,381,3,10456
3204,152,4,14279
3205,258,4,12428
3206,92,4,9551
3207,274,4,12440
3208,295,4,12629
3209,62,6,19320
3210,158,8,21614
3211,5,7,18104
3212,55,4,17172
3213,138,8,23700
3214,251,10,33284
3215,1148,2,7061
3216,109,4,11627
3217,940,1,1969
3218,174,11,28032
3219,7,7,20791
3220,342,4,11179
3221,527,1,2079
3222,131,3,12915
3223,134,4,11897
3224,14,7,23855
3225,541,2,8209
3226,377,7,16656
3227,60,10,27145
3228,215,4,12965
3229,75,7,16868
3230,747,4,8810
3231,340,3,5122
3232,386,5,16210
3233,156,3,7183
3234,466,5,20145
3235,114,6,13970
3236,430,6,15248
3237,626,3,10143
3238,302,1,2894
3239,928,4,13486
3240,68,13,34383
3241,195,5,12650
3242,491,4,13989
3243,126,4,10078
3244,251,6,9148
3245,164,4,12139
3246,243,5,9011
3247,25,3,13005
3248,302,5,13367
3249,205,4,11302
3250,118,5,10797
3251,529,2,5561
3252,398,4,9247
3253,39,4,10583
3254,132,5,10984
3255,3,6,14805
3256,369,2,6218
3257,135,8,22918
3258,233,2,6379
3259,96,2,9317
3260,181,5,8864
3261,290,3,7625
3262,52,5,16886
3263,638,2,2168
3264,1225,1,1752
3265,319,5,13948
3266,245,5,13871
3267,273,2,2045
3268,1015,2,2499
3269,64,7,12311
3270,50,8,17357
3271,163,9,28046
3272,33,6,17254
3273,134,6,15782
3274,89,6,19506
3275,201,5,17986
3276,160,7,16024
3277,148,7,15273
3278,166,4,11416
3279,79,5,18737
3280,523,7,20994
3281,160,2,7421
3282,471,7,17961
3283,2,3,7120
3284,259,2,8104
3285,29,8,24488
3286,39,8,23398
3287,288,5,12251
3288,962,3,13591
3289,287,5,14010
3290,331,2,5882
3291,321,9,30205
3292,292,7,22153
3293,248,8,29021
3294,78,5,13468
3295,663,6,17474
3296,384,4,5929
3297,437,4,8822
3298,382,7,17687
3299,83,7,16753
3300,107,3,13381
3301,192,6,17654
3302,152,6,17518
3303,272,5,15989
3304,234,7,6894
3305,1287,1,1470
3306,1168,1,4227
3307,108,7,11962
3308,474,4,6849
3309,31,12,32674
3310,386,5,12792
3311,588,3,9910
3312,489,6,14532
3313,428,2,8280
3314,23,6,14926
3315,509,2,3352
3316,100,9,33018
3317,379,3,3751
3318,388,5,14096
3319,176,5,6851
3320,851,4,10699
3321,126,9,18393
3322,189,3,10559
3323,991,2,5244
3324,381,4,6362
3325,75,3,6714
3326,83,9,19734
3327,41,12,37173
3328,826,4,11565
3329,78,4,13968
3330,30,5,12234
3331,107,11,30256
3332,124,9,19975
3333,343,4,8642
3334,100,3,9185
3335,10,7,17541
3336,175,5,13983
3337,238,8,27084
3338,77,6,16555
3339,107,4,10163
3340,187,5,18092
3341,77,7,20713
3342,370,1,3816
3343,35,7,20162
3344,859,4,13802
3345,484,1,1514
3346,60,2,5308
3347,795,2,5900
3348,97,3,6645
3349,779,4,15445
3350,110,8,21588
3351,266,6,17422
3352,60,5,19086
3353,281,9,19599
3354,115,6,11288
3355,58,4,2928
3356,161,4,11575
3357,125,10,30810
3358,217,3,9625
3359,194,7,20506
3360,201,2,7104
3361,482,1,1467
3362,306,6,15371
3363,86,7,22670
3364,17,9,27910
3365,582,3,12272
3366,971,4,8873
3367,204,5,11093
3368,307,3,5647
3369,156,7,19821
3370,86,7,16748
3371,367,5,17432
3372,863,2,3955
3373,74,7,21474
3374,103,3,7260
3375,569,3,6839
3376,403,5,22199
3377,125,8,15647
3378,472,4,7960
3379,499,2,5753
3380,468,3,11192
3381,6,4,10288
3382,826,2,5243
3383,116,9,16797
3384,145,5,8330
3385,336,6,17344
3386,289,4,13331
3387,195,6,19037
3388,439,4,9531
3389,127,10,25883
3390,8,8,24687
3391,77,10,23844
3392,186,7,20746
3393,2,3,3516
3394,170,7,19835
3395,23,4,3936
3396,311,4,11153
3397,361,2,918
3398,196,3,11490
3399,668,2,2122
3400,474,6,16913
3401,184,6,13603
3402,7,7,21683
3403,234,4,12341
3404,165,8,16494
3405,95,6,15449
3406,556,1,3919
3407,832,2,2139
3408,87,3,7148
3409,991,2,3184
3410,302,6,14291
3411,339,4,13567
3412,262,5,12323
3413,14,7,20484
3414,311,6,13201
3415,11,6,18606
3416,53,3,7868
3417,50,9,27710
3418,125,6,15476
3419,44,6,24190
3420,225,11,31752
3421,240,6,16083
3422,412,5,6941
3423,730,2,4426
3424,952,4,9273
3425,671,2,5915
3426,131,4,12373
3427,146,5,13795
3428,790,2,3584
3429,59,1,2741
3430,67,6,21327
3431,583,2,7440
3432,38,7,19457
3433,267,3,6656
3434,133,5,15926
3435,424,5,8687
3436,40,4,7784
3437,184,3,7391
3438,22,6,17153
3439,45,7,14834
3440,116,7,13073
3441,184,4,15905
3442,77,7,13772
3443,123,9,21503
3444,204,4,14092
3445,537,5,18910
3446,14,3,11543
3447,114,8,17534
3448,43,2,2169
3449,282,6,15300
3450,90,2,4422
3451,281,4,12798
3452,957,1,1815
3453,687,3,11474
3454,142,5,16397
3455,71,5,12368
3456,184,4,3867
3457,3,6,14992
3458,61,3,5590
3459,176,6,10105
3460,96,7,16111
3461,21,4,12502
3462,168,4,9868
3463,712,1,1445
3464,702,4,13721
3465,48,6,15478
3467,102,2,4088
3468,919,3,5653
3469,10,6,18641
3470,565,3,14251
3471,48,4,6681
3472,225,6,17651
3473,81,8,17659
3474,74,7,14033
3475,4,4,9355
3476,45,5,13158
3477,601,3,9370
3478,82,6,17639
3479,184,6,15975
3480,162,7,20289
3481,40,4,12100
3482,229,4,9958
3483,270,4,7965
3484,115,3,8074
3485,63,4,10036
3486,369,1,2571
3487,75,5,9952
3488,36,6,8086
3489,97,2,4088
3490,322,6,17588
3491,280,3,6777
3492,176,7,24343
3493,78,5,14720
3494,44,3,7983
3495,24,4,10084
3496,1009,1,5222
3497,230,5,11745
3498,322,5,18868
3499,8,5,13961
3500,132,10,30034
3501,352,3,10698
3502,263,9,18366
3503,168,6,15629
3504,270,6,14983
3505,88,5,12001
3506,585,5,15593
3507,121,7,19211
3508,330,7,23390
3509,351,8,22975
3510,382,6,23792
3511,6,1,371
3512,238,1,1602
3513,249,10,22413
3514,18,5,12569
3515,1262,2,3857
3516,47,6,10797
3517,68,8,21150
3518,11,7,17269
3519,386,8,20839
3520,154,10,28804
3521,451,7,22929
3522,22,5,8334
3523,226,5,9095
3524,407,6,19467
3525,20,4,10056
3526,7,10,19564
3527,182,6,15018
3528,809,2,7229
3529,354,7,26154
3530,97,6,11724
3531,88,7,25454
3532,294,6,14454
3533,127,3,7017
3534,151,10,27955
3535,88,9,31863
3536,118,7,21726
3537,150,5,11912
3538,326,5,17442
3539,563,4,8989
3540,102,12,24962
3541,571,5,19201
3542,152,5,15704
3543,142,5,16511
3544,124,6,17679
3545,246,3,6583
3546,564,4,12312
3547,316,6,15883
3548,410,6,16019
3549,345,7,15081
3550,39,10,28396
3551,161,2,6902
3552,45,6,18701
3553,78,9,24800
3554,289,4,12262
3555,875,2,4677
3556,191,7,19526
3557,214,6,17913
3558,20,6,19869
3559,74,4,6379
3560,45,5,13751
3561,183,6,13588
3562,443,8,21007
3563,21,8,21834
3564,7,9,23975
3565,219,5,12846
3566,405,4,6533
3567,129,8,17479
3568,90,9,30578
3569,81,6,26439
3570,206,5,13439
3571,118,5,18329
3572,16,7,17111
3573,304,4,15137
3574,107,8,24321
3575,8,4,15653
3576,243,14,46518
3577,199,4,9236
3578,37,5,13959
3579,91,5,7962
3580,322,6,20256
3581,667,4,8665
3582,48,6,21689
3583,380,2,7836
3584,191,8,21188
3585,4,6,11669
3586,244,7,24343
3587,741,2,9532
3588,129,4,12353
3589,68,6,15746
3590,499,5,13527
3591,838,4,10484
3592,249,5,14663
3593,30,7,13372
3594,376,2,1916
3595,381,6,12647
3596,1032,2,6215
3597,201,5,15707
3598,3,8,17622
3599,344,3,6390
3600,506,2,5205
3601,24,6,16168
3602,280,8,22952
3603,48,7,26657
3604,156,4,9137
3605,54,5,11451
3606,366,3,9213
3607,103,3,11979
3608,34,8,14105
3609,69,2,6348
3610,501,5,13984
3611,224,3,8266
3612,170,7,14552
3613,59,7,26161
3614,352,4,12351
3615,233,1,1756
3616,78,8,25330
3617,326,6,13014
3618,329,5,13580
3619,298,5,7610
3620,21,4,10058
3621,305,2,4096
3622,562,5,15188
3623,108,4,13385
3624,55,6,21745
3625,393,4,9400
3626,320,1,2734
3627,57,8,25207
3628,74,3,11575
3629,4,3,5942
3630,1149,4,10737
3631,248,4,11584
3632,38,3,6910
3633,353,3,11357
3634,114,8,22365
3635,897,2,1309
3636,297,1,1531
3637,571,4,15515
3638,120,5,8936
3639,529,4,7870
3640,50,7,23037
3641,40,4,9214
3642,106,2,4162
3643,35,5,11859
3644,261,8,27475
3645,55,7,15420
3646,614,5,17031
3647,427,3,8076
3648,6,2,7291
3649,424,3,3944
3650,24,8,23227
3651,606,5,12176
3652,261,7,19145
3653,172,5,14505
3654,374,3,10254
3655,244,5,10697
3656,374,5,19147
3657,471,4,8646
3658,427,2,6130
3659,176,7,15953
3660,80,9,22325
3661,85,6,17289
3662,43,6,18697
3663,173,5,13115
3664,108,5,10316
3665,18,9,26225
3666,598,1,1959
3667,33,5,18581
3668,26,8,24456
3669,654,4,13311
3670,408,7,28704
3671,390,8,24916
3672,296,4,15947
3673,640,5,14344
3674,113,4,13232
3675,63,5,10859
3676,112,6,12933
3677,55,10,31991
3678,536,4,7816
3679,198,4,11831
3680,450,7,15334
3681,97,7,19319
3682,1102,1,2264
3683,69,5,11574
3684,368,7,23558
3685,194,5,11444
3686,179,4,6047
3687,396,7,19830
3688,74,6,11332
3689,117,5,13534
3690,594,4,7319
3691,431,4,9973
3692,169,3,6554
3693,296,8,24994
3694,157,9,27194
3695,20,6,18263
3696,369,6,15678
3697,579,3,5391
3698,315,8,17106
3699,298,3,8023
3700,349,8,22740
3701,221,8,25518
3702,51,7,21100
3703,542,9,23106
3704,388,6,13938
3705,276,10,25677
3706,239,4,12685
3707,89,9,21302
3708,747,6,15007
3709,169,5,8822
3710,246,3,11480
3711,243,6,11539
3712,144,6,17011
3713,179,7,31065
3714,510,5,14338
3715,446,6,16346
3716,62,8,18637
3717,671,3,9927
3718,41,3,13814
3719,96,4,7083
3720,15,3,4584
3721,334,4,13094
3722,63,3,5401
3723,36,7,19915
3724,188,7,18318
3725,393,4,9608
3726,49,7,24244
3727,375,3,9727
3728,203,7,22231
3729,875,3,10267
3730,29,5,16166
3731,371,6,20172
3732,20,2,2249
3733,61,4,11099
3734,608,5,19860
3735,202,5,16183
3736,47,8,20990
3737,111,5,11868
3738,477,2,6515
3739,462,5,10740
3740,66,3,11282
3741,19,3,6863
3742,174,3,9029
3743,347,6,22939
3744,117,3,10933
3745,126,8,20247
3746,185,6,18857
3747,47,8,24124
3748,367,4,14173
3749,161,3,8693
3750,643,5,19158
3751,279,4,10286
3752,66,6,17416
3753,1221,2,6382
3754,33,4,13920
3755,97,7,26244
3756,318,3,12132
3757,75,4,10560
3758,22,7,24149
3759,64,8,26491
3760,255,7,18438
3761,861,4,16300
3762,361,3,8661
3763,211,5,15077
3764,31,6,18858
3765,176,5,12259
3766,11,6,18743
3767,293,4,9089
3768,211,4,8140
3769,63,4,9014
3770,282,4,9434
3771,373,2,1552
3772,184,4,9113
3773,65,7,15435
3774,295,5,11733
3775,555,5,12403
3776,368,3,6541
3777,295,6,12105
3778,292,7,17751
3779,55,8,17645
3780,583,6,14453
3781,212,4,7147
3782,70,6,20215
3783,87,8,26950
3784,9,7,17447
3785,144,4,3774
3786,158,8,26220
3787,42,7,26283
3788,117,9,27091
3789,140,8,22343
3790,856,2,5113
3791,91,5,8810
3792,441,2,4466
3793,681,2,6378
3794,11,9,27122
3795,32,8,14282
3796,57,2,5960
3797,456,4,6029
3798,520,2,8577
3799,84,5,15418
3800,129,6,18210
3801,362,9,22331
3802,178,5,7861
3803,22,5,11493
3804,729,4,11719
3805,90,5,11892
3806,17,5,9391
3807,203,8,20202
3808,133,5,10593
3809,121,10,36463
3810,301,4,6534
3811,128,10,25456
3812,429,4,9675
3813,280,4,10283
3814,98,6,18374
3815,74,3,7888
3816,224,5,6192
3817,144,8,27078
3818,72,5,16239
3819,580,1,2994
3820,315,8,27572
3821,38,2,6473
3822,180,7,18090
3823,93,6,16946
3824,116,3,9094
3825,204,12,35111
3826,1101,1,1364
3827,148,3,9810
3828,181,5,17027
3829,212,5,14786
3830,184,9,21517
3831,535,7,20381
3832,320,5,7824
3833,86,6,17010
3834,123,2,6843
3835,41,6,19564
3836,92,2,7371
3837,972,1,2431
3838,532,4,10834
3839,155,5,11649
3840,333,6,16512
3841,9,5,18859
3842,137,5,14613
3843,580,5,12807
3844,9,9,23110
3845,253,5,14741
3846,315,2,4017
3847,488,4,6955
3848,286,6,19776
3849,318,4,6603
3850,230,3,11383
3851,249,1,2105
3852,391,2,5683
3853,86,5,14790
3854,323,7,17398
3855,55,2,6121
3856,108,6,15154
3857,106,4,13770
3858,176,3,5060
3859,310,7,14510
3860,59,3,6115
3861,290,7,12069
3862,229,5,11178
3863,435,5,12579
3864,183,4,8251
3865,576,4,10854
3867,4,7,16309
3868,147,7,19586
3869,13,8,28497
3870,48,8,26694
3871,59,10,20471
3872,84,4,10857
3873,338,5,13810
3874,493,7,14505
3875,443,5,11318
3876,10,5,16072
3877,79,5,18880
3878,42,3,6142
3879,386,8,27333
3880,208,7,19963
3881,154,5,14926
3882,531,5,13080
3883,1320,1,2371
3884,161,7,18654
3885,50,5,13781
3886,48,5,17996
3887,508,2,2707
3888,294,8,28700
3889,355,6,16433
3890,824,4,6173
3891,198,4,11110
3892,32,3,10444
3893,221,5,21275
3894,203,6,21070
3895,53,5,15772
3896,39,6,19555
3897,31,7,19576
3898,223,4,6104
3899,16,6,14421
3900,318,2,3162
3901,9,5,15126
3902,4,8,23651
3903,329,1,3761
3904,75,7,18160
3905,1,5,12888
3906,267,3,5712
3907,29,9,23585
3908,305,8,20333
3909,26,7,19139
3910,122,5,13391
3911,13,8,19146
3912,246,5,16978
3913,146,7,19293
3914,292,6,14306
3915,180,4,11689
3916,132,4,9989
3917,25,11,28407
3918,7,6,12281
3919,48,6,17491
3920,96,8,17892
3921,278,6,17323
3922,170,7,12714
3923,366,3,11477
3924,249,7,19226
3925,58,6,17680
3926,832,3,11219
3927,690,1,2691
3928,107,3,9161
3929,161,7,22936
3930,161,7,14008
3931,305,5,9221
3932,135,5,13047
3933,540,2,4097
3934,398,5,15685
3935,136,8,22599
3936,658,6,11691
3937,222,4,8005
3938,394,5,17144
3939,243,6,17860
3940,304,3,8405
3941,28,7,13115
3942,171,7,13428
3943,45,5,15104
3944,1,4,8126
3945,582,6,19992
3946,818,4,8972
3947,30,9,32896
3948,111,5,17980
3949,678,4,7900
3950,1125,2,6766
3951,14,8,29263
3952,59,2,9638
3953,167,4,13877
3954,3,3,8375
3956,4,3,9421
3957,106,2,5797
3958,288,6,18970
3959,276,8,25145
3960,1146,1,4473
3961,215,7,14621
3962,473,3,8993
3963,578,4,13826
3964,226,4,14882
3965,173,5,13348
3966,572,2,5775
3967,291,5,10561
3968,223,6,18182
3969,154,7,16444
3970,301,4,18305
3971,375,4,9438
3972,265,5,11742
3973,102,9,18872
3974,230,4,12891
3975,701,3,6579
3976,92,8,17986
3977,185,7,17685
3978,148,5,17660
3979,224,4,8468
3980,415,5,14153
3981,37,9,28571
3982,83,4,10864
3983,364,2,4978
3984,212,8,20045
3985,603,6,17895
3986,7,7,20741
3987,945,3,4873
3988,110,7,17332
3989,393,5,14812
3990,65,10,23462
3991,4,9,19700
3992,146,8,16541
3993,171,4,5789
3994,63,6,15448
3995,314,4,7460
3996,633,2,5977
3997,55,3,7433
3998,341,5,11479
3999,1008,2,3444
4000,591,3,7978
4001,190,7,21854
4002,424,3,9778
4003,173,5,13919
4004,351,6,18559
4005,212,6,15504
4006,160,10,26866
4007,643,3,6877
4008,28,8,18484
4009,1143,1,4831
4010,328,6,15968
4011,157,9,27640
4013,83,7,17565
4014,283,8,15536
4015,141,6,16710
4016,127,7,22173
4017,535,8,19780
4018,281,3,7550
4019,97,5,11766
4020,253,7,18996
4021,430,3,8815
4022,32,7,15653
4023,323,5,15576
4024,311,4,13651
4025,1,2,2218
4026,133,4,9543
4027,528,3,3750
4028,662,5,11174
4029,210,3,10249
4030,357,3,8743
4031,140,5,13108
4032,252,3,9793
4033,336,5,19131
4034,191,6,18271
4035,725,1,2930
4036,313,5,17918
4037,94,5,16665
4038,275,3,9923
4039,554,4,2961
4040,337,6,18736
4041,364,6,14830
4042,112,7,17390
4043,93,2,3013
4044,245,3,7599
4045,117,5,14458
4046,290,7,22215
4047,309,5,13717
4048,1145,2,5462
4049,51,6,19055
4050,339,5,14745
4051,43,5,14811
4052,305,6,15218
4053,174,7,15535
4054,218,6,16521
4055,25,7,22111
4056,85,3,12652
4057,14,6,16947
4058,97,6,24346
4059,51,4,11445
4060,63,3,9202
4061,621,5,12890
4062,524,3,8348
4063,36,4,8745
4064,104,6,14679
4065,30,3,6167
4066,18,9,21508
4067,81,7,20609
4068,271,3,7192
4069,17,6,17080
4070,267,3,8584
4071,125,4,9792
4072,693,4,5754
4073,493,2,2895
4074,72,2,5980
4075,72,7,26649
4076,132,6,20901
4077,77,9,29391
4078,356,3,6557
4079,193,4,7189
4080,468,3,9125
4081,574,3,8468
4082,53,5,16481
4083,912,3,9452
4084,128,4,9537
4085,88,5,12837
4086,773,5,18205
4087,226,6,13559
4088,91,4,11231
4089,445,5,12591
4090,889,3,7982
4092,1243,1,1780
4093,418,2,6759
4094,88,5,15213
4095,138,5,15869
4096,65,4,14247
4097,150,3,10129
4098,95,11,36278
4099,779,5,10402
4100,321,6,16888
4101,69,5,9841
4102,7,2,7007
4103,523,4,9897
4104,269,4,13520
4105,66,5,18084
4106,48,7,19038
4107,138,6,17779
4108,386,4,8377
4109,822,3,6388
4110,650,2,1946
4111,148,6,18224
4112,83,8,23234
4113,130,4,10644
4114,46,3,4105
4115,68,7,16932
4116,1,11,22590
4117,224,1,4731
4118,281,8,19090
4119,179,7,20332
4120,7,6,16278
4121,368,9,26219
4122,90,5,17676
4123,783,2,5426
4124,152,9,29918
4125,594,3,10230
4126,88,8,27490
4127,1243,1,4026
4128,406,3,8391
4129,313,3,6327
4130,141,6,21568
4131,52,5,18446
4132,197,2,4201
4133,12,6,16263
4134,6,7,19821
4135,251,10,31943
4136,32,2,7741
4137,35,7,18246
4138,282,7,24160
4139,50,6,15606
4140,288,3,6499
4141,597,3,10959
4142,79,9,22856
4143,101,5,15700
4144,27,4,9275
4145,167,5,11462
4146,266,1,5003
4147,319,4,10942
4148,332,3,6872
4149,375,5,13357
4150,40,9,26912
4151,398,4,10764
4152,66,6,18375
4153,1298,1,2454
4154,249,3,7881
4155,34,9,27857
4156,33,5,15343
4157,94,6,18913
4158,645,2,5800
4159,817,3,7080
4160,45,4,16335
4161,609,4,9970
4162,2,4,6450
4163,7,6,18518
4164,592,4,14380
4165,337,4,9829
4166,89,8,28884
4167,246,5,10682
4168,138,4,7788
4169,191,4,6891
4170,571,4,15408
4171,167,6,16317
4172,187,6,16876
4173,707,5,14220
4174,503,3,13101
4175,163,6,11952
4176,36,5,13812
4177,161,8,19928
4179,112,4,11051
4180,34,4,8824
4181,123,7,16828
4182,218,3,4041
4183,191,4,10522
4184,38,7,13026
4185,2,7,25311
4186,328,4,12207
4187,191,2,2758
4188,143,6,12622
4189,564,2,8364
4190,460,3,5979
4191,115,6,14109
4192,124,7,23036
4193,45,6,18693
4194,863,6,20606
4195,253,3,5502
4196,37,7,22729
4197,232,2,7734
4198,118,9,17114
4199,348,3,9958
4200,154,6,17323
4201,1049,2,3472
4202,24,8,23655
4203,177,3,12238
4204,741,3,3887
4205,211,1,590
4206,107,7,19621
4207,160,10,30387
4208,368,5,16048
4209,122,7,18959
4210,419,5,14886
4211,271,4,10684
4212,18,5,15484
4213,14,6,11089
4214,518,6,16059
4215,328,5,11068
4216,149,2,6451
4217,856,3,4520
4218,186,5,14016
4219,58,6,12573
4220,8,2,8245
4221,112,6,14060
4222,492,7,21522
4223,514,3,8254
4224,28,5,14198
4225,374,3,7408
4226,27,6,19044
4227,150,5,18071
4228,237,6,20090
4229,602,4,10259
4230,1084,2,1650
4231,559,7,12574
4232,1260,1,1074
4233,244,4,10936
4234,87,3,5034
4235,47,5,14829
4236,352,3,11185
4237,283,3,11378
4238,577,3,6234
4239,119,6,18317
4240,617,5,13467
4241,504,3,10775
4242,60,2,6182
4243,604,4,11680
4244,13,8,18110
4245,824,2,4194
4246,246,4,11969
4247,141,4,10035
4248,524,3,9625
4249,224,1,1363
4250,41,6,14224
4251,219,9,26075
4252,12,4,14036
4253,56,3,13120
4254,5,13,42931
4255,236,5,13442
4256,106,9,27649
4257,227,5,11922
4258,94,11,31198
4259,800,2,7997
4260,480,1,4089
4261,395,1,3186
4262,93,5,19427
4263,77,5,16071
4264,35,6,21623
4265,63,6,13149
4266,565,1,3202
4267,23,6,12412
4268,112,9,15763
4269,213,3,10028
4270,91,1,601
4271,51,8,22178
4272,36,6,23119
4273,37,3,4751
4274,139,4,11912
4275,787,8,23678
4276,594,7,21349
4277,114,7,16463
4278,191,3,6300
4279,69,4,8367
4280,181,5,15197
4281,289,2,5048
4282,66,5,18180
4283,197,2,9345
4284,381,4,11044
4285,324,6,15024
4286,9,4,12559
4287,488,6,18540
4288,116,9,19392
4289,53,5,10493
4290,99,6,18676
4291,89,6,16112
4292,13,7,20366
4293,898,4,13523
4294,198,3,13680
4295,633,4,4746
4296,388,4,14671
4297,117,6,13281
4298,89,6,19340
4299,79,3,11864
4300,554,1,3879
4301,453,4,4905
4302,37,7,21096
4303,69,6,15995
4304,16,6,16761
4305,319,4,4282
4306,151,4,8575
4307,70,10,29988
4308,873,3,7138
4309,414,5,18056
4310,122,5,19160
4311,208,7,17273
4312,261,7,18869
4313,380,5,14125
4314,275,5,16438
4315,60,5,17850
4316,574,5,5813
4317,16,8,22875
4318,599,2,4677
4319,591,2,4502
4320,937,4,11667
4321,138,6,11945
4322,388,4,14511
4323,317,4,11917
4324,171,9,27847
4325,603,4,9437
4326,337,7,20300
4327,6,7,21509
4328,643,5,12250
4329,163,3,7552
4330,100,4,13100
4331,1023,2,3922
4332,22,4,12794
4333,449,6,11538
4334,677,3,13712
4335,52,6,17446
4336,147,5,13333
4337,462,5,12305
4338,297,3,8483
4339,269,3,9011
4340,164,8,24370
4341,795,3,6777
4342,58,8,17710
4343,202,6,13214
4344,448,2,5895
4345,282,5,14267
4346,183,3,6733
4347,247,4,11305
4348,422,9,25053
4349,43,7,22069
4350,562,2,9883
4351,183,5,13966
4352,331,5,16126
4353,349,6,17974
4354,59,6,16949
4355,247,6,12559
4356,126,7,16868
4357,605,3,2320
4358,51,6,17179
4359,27,2,1737
4360,168,5,13602
4361,427,3,5730
4362,182,8,24760
4363,38,7,16850
4364,393,6,14703
4365,101,6,17349
4366,52,6,11866
4367,119,3,6616
4368,200,2,4440
4369,98,10,30956
4370,151,7,22922
4371,314,6,13252
4372,399,2,6520
4373,115,3,5457
4374,699,3,5000
4375,1062,2,3863
4376,382,3,10466
4377,483,1,3304
4378,427,3,6176
4379,252,3,10773
4380,67,5,12569
4381,66,3,5799
4382,11,4,10816
4383,183,3,7800
4384,91,6,23207
4385,45,6,23233
4386,43,5,12653
4387,342,7,22593
4388,387,7,14805
4389,474,6,19532
4390,531,3,9994
4391,290,9,21514
4392,132,7,19776
4393,136,2,6723
4394,3,3,5596
4395,93,6,11888
4396,83,7,23402
4397,110,3,6184
4398,786,2,8933
4399,676,3,8803
4400,137,7,22828
4401,196,9,24757
4402,38,9,26667
4403,419,6,15146
4404,208,4,3989
4405,159,5,11566
4406,734,1,4788
4407,91,5,15404
4408,140,8,22976
4409,371,7,15130
4410,195,4,10444
4411,162,5,11758
4412,432,5,14823
4413,43,6,16353
4414,196,6,11878
4415,109,6,14386
4416,276,3,5450
4417,34,7,16370
4418,89,7,21675
4419,177,9,33795
4420,879,2,7295
4421,1031,1,4399
4422,191,4,10668
4423,83,4,9116
4424,75,4,11742
4425,209,3,11523
4426,76,6,16207
4427,103,5,11475
4428,616,5,17999
4429,264,5,12241
4430,705,1,637
4431,210,5,13878
4432,61,5,9931
4433,13,3,12383
4434,579,6,7607
4435,119,8,22480
4436,148,4,10878
4437,1030,4,11425
4438,885,5,13223
4439,211,7,18331
4440,45,3,10323
4441,253,4,9357
4442,473,6,13248
4443,755,1,347
4444,140,6,17517
4445,57,7,22358
4446,158,5,8877
4447,558,3,7879
4448,129,5,12985
4449,1341,1,2871
4450,77,6,19356
4451,221,7,16881
4452,95,5,12498
4453,232,3,3909
4454,299,4,11539
4455,86,7,18127
4456,46,6,13781
4457,397,3,7885
4458,40,9,35657
4459,306,3,7434
4460,498,4,11149
4461,283,5,17531
4462,549,5,14074
4463,139,5,15976
4464,367,5,13628
4465,215,3,9740
4466,880,2,6392
4467,447,4,11815
4468,27,6,17236
4469,6,6,17659
4470,516,3,9080
4471,142,4,16754
4472,100,7,21183
4473,187,4,12470
4474,99,9,26974
4475,68,4,11623
4476,94,9,26499
4477,81,5,10646
4478,239,8,22503
4479,544,2,5594
4480,52,5,14025
4481,126,4,9505
4482,396,6,18470
4484,445,5,22893
4485,84,8,19222
4486,126,4,12659
4487,626,3,4948
4488,357,3,7255
4489,164,8,22375
4490,77,4,13986
4491,564,3,6962
4492,112,4,10929
4493,251,3,5123
4494,276,4,11975
4495,159,4,12687
4496,373,4,4772
4497,100,5,7836
4498,55,11,26700
4499,216,6,17373
4500,155,4,14186
4501,684,3,8476
4502,680,6,16418
4503,756,4,12437
4504,107,6,20331
4505,225,9,23247
4506,690,5,12080
4507,124,4,16107
4508,443,4,12788
4509,528,4,10185
4510,35,4,11221
4511,34,3,10399
4512,388,2,1353
4513,325,1,1580
4514,287,7,21269
4515,468,4,11929
4516,19,4,12203
4517,54,7,15486
4518,170,8,21243
4519,366,4,9728
4520,82,5,18035
4521,203,7,19587
4522,464,2,4630
4523,80,5,11534
4524,718,3,8255
4525,183,3,8711
4526,131,5,11104
4527,412,2,7090
4528,69,4,15179
4529,100,8,18689
4530,218,4,10785
4531,138,6,13094
4532,47,3,5796
4533,603,3,6270
4534,792,2,8431
4535,212,7,15380
4536,25,9,26013
4537,409,4,11030
4538,193,5,17207
4539,10,7,21843
4540,175,3,7443
4541,109,5,5896
4542,490,3,10013
4543,167,6,15695
4544,197,3,8750
4545,73,6,13301
4546,217,5,13060
4547,46,3,7126
4548,359,6,18101
4549,509,3,7926
4550,108,6,11824
4551,292,9,23218
4552,58,4,12088
4553,72,7,16790
4554,156,8,18388
4555,131,3,7344
4556,581,6,19869
4557,434,6,14817
4558,120,6,22018
4559,173,5,15589
4560,296,3,6387
4561,6,4,7569
4562,311,6,12782
4563,617,3,7514
4564,401,5,16041
4565,484,6,20535
4566,108,5,7131
4567,222,7,26690
4568,393,4,12218
4569,309,4,10599
4570,22,9,24007
4571,74,6,16372
4572,263,6,15184
4573,97,4,16165
4574,195,6,16894
4575,1235,2,3478
4576,26,4,14579
4577,289,5,14725
4578,64,5,11103
4579,87,4,10569
4580,98,8,25260
4581,32,7,19298
4582,190,3,4389
4583,220,1,4270
4584,378,6,11724
4585,121,11,35122
4586,675,2,4580
4587,642,5,13366
4588,77,4,8578
4589,370,4,12728
4590,377,5,11975
4591,156,8,21181
4592,769,2,7037
4593,717,3,9564
4594,66,5,9875
4595,352,3,10737
4596,41,4,15172
4597,93,9,25021
4598,8,4,13454
4600,63,3,10518
4601,493,3,6854
4602,107,4,14083
4603,96,5,8108
4604,346,10,22474
4605,54,5,13272
4606,141,4,5468
4607,228,10,31015
4608,33,6,17702
4609,124,6,12485
4610,644,4,12562
4611,272,4,12420
4612,126,3,10401
4613,65,4,7654
4614,180,1,4552
4615,30,5,18436
4616,207,5,17579
4617,247,2,3610
4618,310,3,6648
4619,91,6,18222
4620,612,4,7828
4621,158,5,18087
4622,28,7,16978
4623,187,7,19043
4624,31,5,10141
4625,226,4,13617
4626,207,8,27146
4627,436,2,10004
4628,604,3,8188
4629,175,4,8396
4630,90,6,16859
4631,978,2,9129
4632,246,5,12267
4633,92,7,16344
4634,384,3,12069
4635,330,9,15080
4636,238,4,11878
4637,355,4,7697
4638,285,4,13140
4639,5,7,16929
4640,102,6,14379
4641,288,5,15667
4642,22,8,17638
4643,1010,4,15389
4644,544,2,5680
4645,100,5,10442
4646,276,4,15396
4647,47,9,29923
4648,116,6,17092
4649,369,3,10504
4650,878,3,9040
4651,53,4,12287
4652,166,2,3952
4653,611,2,4718
4654,1181,1,1676
4655,244,2,4026
4656,7,6,14036
4657,362,5,15100
4658,171,9,24644
4659,289,3,3180
4660,290,3,11264
4661,615,4,12827
4662,105,4,16749
4663,818,3,3677
4664,57,3,6761
4665,95,5,16219
4666,60,5,13884
4667,242,9,26057
4668,307,9,18184
4669,423,2,5752
4670,12,6,24907
4671,353,5,17476
4672,43,7,20692
4673,58,6,11543
4674,129,5,15460
4675,341,7,22434
4676,264,3,5503
4677,214,1,1089
4678,92,5,16540
4679,100,9,28755
4680,229,4,9214
4681,281,10,27159
4682,102,3,4875
4683,246,7,18479
4684,240,3,3876
4685,818,1,749
4686,579,4,8791
4687,255,6,15156
4688,2,9,32751
4689,233,5,13460
4690,14,6,14663
4691,87,3,5166
4692,80,5,15834
4693,97,5,11142
4694,518,3,3413
4695,199,5,18608
4696,216,5,10369
4697,10,6,15928
4698,147,7,18515
4699,330,7,15542
4700,21,3,11990
4701,385,9,27467
4702,430,4,13478
4703,245,4,9814
4704,125,3,11716
4705,173,2,6827
4706,36,7,18034
4707,40,5,15899
4708,132,4,11847
4709,570,6,12177
4710,112,7,18902
4711,1282,1,3715
4712,758,1,1511
4713,1004,2,5991
4714,137,5,16651
4715,278,5,13271
4716,133,4,11072
4717,227,5,11817
4718,125,2,4622
4719,10,5,11729
4720,257,5,22173
4721,513,3,11555
4722,387,8,12454
4723,576,3,8136
4724,318,8,17069
4725,468,6,13854
4726,13,12,35519
4727,339,5,12613
4728,409,4,11372
4729,364,7,18323
4730,327,5,15717
4731,43,7,16873
4732,146,5,15451
4733,6,10,31917
4734,105,8,30488
4735,923,4,14823
4736,57,10,21552
4737,31,8,17043
4738,57,6,17976
4739,671,2,5227
4741,529,6,11405
4742,27,4,16747
4743,503,1,735
4744,720,3,5521
4745,76,5,11929
4746,203,4,14188
4747,150,5,9621
4748,243,10,27416
4749,220,4,11117
4750,308,2,4819
4751,232,5,12315
4752,154,11,29364
4753,401,5,12044
4754,250,5,10698
4755,6,3,2582
4756,631,1,1041
4757,235,9,24244
4758,379,6,11601
4759,233,8,23401
4760,317,7,22033
4761,25,4,11254
4762,376,7,18192
4763,11,8,21751
4764,613,5,8213
4765,290,3,10659
4766,577,2,7339
4767,77,8,18065
4768,722,4,14701
4769,577,2,4894
4770,68,3,10243
4771,333,4,17092
4772,90,3,8490
4773,491,2,8681
4774,620,5,13938
4775,30,8,24576
4776,416,6,9582
4777,477,3,7495
4778,40,3,7018
4779,473,2,2166
4780,91,3,5675
4781,27,4,9922
4782,235,3,10521
4783,30,5,16790
4784,338,6,14955
4785,137,11,28750
4786,269,6,14544
4787,283,1,834
4788,527,8,19341
4789,108,7,20197
4790,153,4,8852
4791,6,4,15573
4792,279,6,12262
4793,64,5,17939
4794,17,4,10963
4795,101,7,18239
4796,515,6,11498
4797,177,6,27692
4798,534,3,5461
4799,433,5,11696
4800,419,4,5290
4801,353,3,9213
4802,416,4,9297
4803,134,6,16487
4804,172,5,15521
4805,435,4,11492
4806,694,2,1460
4807,285,5,6036
4808,108,6,18465
4809,195,3,5595
4810,32,9,33704
4811,1105,1,2156
4812,379,7,15564
4813,355,2,6703
4814,303,7,17768
4815,111,9,29054
4816,394,4,3317
4817,647,4,5728
4818,72,4,11888
4819,8,4,9718
4820,106,5,12425
4821,289,5,17037
4822,417,3,8902
4823,36,5,10475
4824,362,4,13443
4825,716,3,10375
4826,244,6,17871
4827,311,3,9343
4828,288,7,17059
4829,265,6,19419
4830,200,3,7246
4831,530,3,4982
4832,260,3,9232
4833,144,9,14117
4834,46,9,34231
4835,526,5,18565
4836,167,5,10668
4837,4,8,23922
4838,190,5,10434
4839,191,7,21271
4840,320,2,4703
4841,10,3,4572
4842,8,3,6455
4843,199,7,13832
4844,403,3,7523
4845,148,6,14460
4846,421,3,11796
4847,45,6,15031
4848,139,6,18984
4849,185,3,7775
4850,471,7,12810
4851,31,5,12229
4852,11,2,5956
4853,804,5,11845
4854,96,6,12681
4855,50,3,7028
4856,197,6,13748
4857,4,8,20606
4858,224,5,16797
4859,525,5,9568
4860,58,6,15581
4861,85,5,10337
4862,267,4,12434
4863,21,7,15315
4864,450,2,3632
4865,10,6,17964
4866,261,7,24947
4867,39,6,16892
4868,120,4,11007
4869,112,5,10127
4870,758,3,10240
4871,412,8,24159
4872,135,5,5626
4873,86,6,17151
4874,269,5,11406
4875,127,4,11473
4876,308,8,22780
4877,51,5,14635
4878,22,6,18475
4879,432,2,5349
4880,547,5,18405
4881,260,6,12322
4882,209,6,11865
4883,223,6,15175
4884,750,2,2919
4885,847,2,9344
4886,539,1,4694
4887,322,6,21611
4888,371,5,10066
4889,145,2,5420
4890,79,7,15019
4891,211,5,14586
4892,4,7,15621
4893,76,4,15313
4894,177,4,9683
4895,489,4,10110
4896,146,5,11259
4897,217,6,19877
4898,512,4,8438
4899,832,4,9537
4900,678,4,8296
4901,27,4,5502
4902,470,5,15586
4903,48,5,16671
4904,191,7,23551
4905,175,5,17144
4906,75,5,15487
4907,343,4,14327
4908,234,4,17778
4909,232,4,11088
4910,62,6,13866
4911,508,5,21471
4912,502,3,4659
4913,167,5,11239
4914,178,4,12260
4915,11,5,15853
4916,14,6,12756
4917,382,3,5550
4918,113,3,6137
4919,72,6,17950
4920,383,4,15127
4921,51,6,19841
4922,95,4,8386
4923,342,7,24145
4924,121,4,13536
4925,182,5,15167
4926,23,8,19061
4927,365,6,15243
4928,92,6,17322
4929,54,5,10157
4930,135,6,18639
4931,22,4,14371
4932,310,3,4432
4933,88,5,12722
4934,566,4,10882
4935,104,8,19487
4936,188,2,6708
4937,137,6,14946
4938,252,6,15208
4939,275,4,5188
4940,136,4,9518
4941,159,6,16507
4942,127,9,29690
4943,121,8,14286
4944,100,6,18443
4945,238,3,10112
4946,29,6,20895
4947,31,5,16101
4948,429,3,3247
4949,65,4,12665
4950,11,4,13860
4951,658,8,18768
4952,699,5,19380
4953,660,2,6327
4954,21,10,35104
4955,66,5,14014
4956,102,6,18115
4957,16,8,21903
4958,327,2,4919
4959,1200,1,4592
4960,381,3,7463
4961,211,3,8187
4962,93,5,14770
4963,218,5,7561
4964,198,6,13752
4965,158,4,9754
4966,512,5,17742
4967,233,8,19806
4968,305,3,5991
4969,1076,2,6358
4970,56,3,3912
4971,250,7,23082
4972,875,5,14319
4973,589,3,8365
4974,369,5,11248
4975,99,4,9422
4976,81,6,12770
4977,69,6,23515
4978,238,6,16159
4979,10,2,6649
4980,318,6,20962
4981,17,5,13751
4982,382,2,4461
4983,902,2,2511
4984,41,9,23371
4985,29,6,19738
4986,132,6,18911
4987,282,8,24979
4988,664,2,7764
4989,595,1,756
4990,111,3,11336
4991,189,6,17429
4992,57,6,11172
4993,37,2,7335
4994,797,1,3557
4995,60,6,15490
4996,284,4,13889
4997,277,5,14528
4998,739,3,6493
4999,499,2,3360
5000,95,9,18803
5001,35,6,12061
5002,198,2,5621
5003,199,4,6936
5004,127,4,10485
5005,156,6,22237
5006,29,12,26471
5007,277,1,4575
5008,551,2,3151
5009,610,3,10844
5010,111,5,10257
5011,296,2,6463
5012,462,3,8421
5013,183,7,15363
5014,101,8,11685
5015,87,7,18628
5016,88,6,15782
5017,42,4,12203
5018,1103,1,1866
5019,624,2,5503
5020,149,5,20195
5021,582,4,8780
5022,90,7,17021
5023,42,7,15024
5024,78,4,13606
5025,468,3,8012
5026,245,4,16384
5027,127,4,16266
5028,16,4,14558
5029,206,1,3358
5030,21,7,25474
5031,185,6,16956
5032,324,2,5203
5033,95,6,19021
5034,195,5,13702
5035,22,5,22332
5036,572,5,12369
5037,62,8,25103
5038,476,5,12360
5039,449,1,1707
5040,697,5,15958
5041,283,3,12393
5042,522,7,16837
5043,403,5,15615
5044,632,4,13517
5045,810,3,7647
5046,40,5,11785
5047,122,10,22551
5048,170,9,30705
5049,230,4,12358
5050,97,8,23213
5051,552,5,15881
5052,176,6,9109
5053,193,3,5993
5054,249,3,12708
5055,595,1,881
5056,62,7,22067
5057,371,3,11306
5058,123,4,11396
5059,1226,1,4603
5060,315,6,15054
5061,263,6,11536
5062,264,6,14513
5063,138,6,13401
5064,150,5,12331
5065,336,3,9343
5066,203,3,9376
5067,60,6,18052
5068,261,5,17058
5069,114,6,21787
5070,512,2,7022
5071,339,2,4092
5072,75,5,15586
5073,39,9,28485
5074,18,5,18792
5075,256,5,16813
5076,223,7,15142
5077,172,4,8523
5078,22,5,14005
5079,403,4,10249
5080,393,4,13127
5081,180,6,11092
5082,3,6,20374
5083,11,9,18917
5084,379,7,24090
5085,178,4,10099
5086,334,6,19869
5087,86,6,19399
5088,95,6,18594
5089,44,4,9622
5090,22,5,12594
5091,564,4,9000
5092,321,3,10630
5093,599,6,22717
5094,62,4,5963
5095,70,4,12892
5096,101,7,23628
5097,199,5,11538
5098,240,8,22995
5099,130,5,13814
5100,38,4,7558
5101,213,7,19233
5102,249,6,14320
5103,391,4,7696
5104,5,6,11560
5105,272,8,19344
5106,193,10,30231
5107,154,9,21950
5108,412,5,17921
5109,207,6,12212
5110,128,5,15764
5111,75,6,14313
5112,166,1,4560
5113,458,4,11765
5114,421,5,6173
5115,502,1,2265
5116,130,7,22988
5117,239,1,1625
5118,95,5,15236
5119,90,3,6379
5120,214,5,16458
5121,794,2,2259
5122,402,5,11775
5123,373,3,8904
5124,381,7,19065
5125,1333,2,4111
5127,993,1,4771
5128,312,6,21512
5129,160,4,8638
5130,164,6,11936
5131,87,7,16054
5132,53,1,3080
5133,332,3,7521
5134,500,5,19278
5135,64,3,7560
5136,66,3,12323
5137,404,4,8469
5138,126,4,16279
5139,729,2,7352
5140,128,6,20183
5141,969,2,6890
5142,112,4,11386
5143,394,5,6649
5144,204,4,9481
5145,606,5,11273
5146,113,3,8090
5147,367,6,10747
5148,546,5,12943
5149,145,3,8332
5150,43,3,8410
5151,214,6,15332
5152,426,6,16028
5153,81,4,15825
5154,246,6,19170
5155,614,4,6930
5156,55,9,19396
5157,10,6,14598
5158,102,5,11419
5159,143,4,8496
5160,24,5,12507
5161,20,5,20354
5162,864,2,2285
5163,83,7,8805
5164,222,5,16212
5165,749,4,11622
5166,118,4,12941
5167,317,7,18490
5168,270,3,9585
5169,37,6,12906
5170,358,3,7070
5171,150,3,6468
5172,43,5,12098
5173,541,7,21460
5174,484,1,2449
5175,111,3,5247
5176,763,2,6692
5177,274,6,19686
5178,206,6,15656
5179,335,4,8952
5180,398,6,9945
5181,607,5,18227
5182,152,6,15579
5183,126,4,7839
5184,704,2,7249
5185,64,2,6336
5186,81,3,8062
5187,401,2,6483
5188,321,5,14646
5189,7,9,23651
5190,218,3,2418
5191,167,4,8147
5192,285,4,8536
5193,458,3,5519
5194,808,6,17002
5195,584,2,5779
5196,76,7,15385
5197,1280,1,534
5198,654,5,7243
5199,577,3,7624
5200,173,6,17362
5201,401,7,22785
5202,485,5,12746
5203,183,6,21256
5204,441,5,17045
5205,487,6,19277
5206,200,3,7823
5207,77,5,15071
5208,309,7,17097
5209,511,4,9999
5210,385,8,24877
5211,136,6,13452
5212,38,6,16225
5213,26,5,12207
5214,276,5,19180
5215,257,4,14491
5216,77,4,13073
5217,98,5,13796
5218,173,4,11762
5219,701,4,9251
5220,1048,3,10019
5221,318,3,6179
5222,96,5,11319
5223,177,5,12431
5224,50,8,13748
5225,99,6,17258
5226,307,6,17820
5227,457,6,21001
5228,162,2,3717
5229,323,3,11250
5230,178,5,16487
5231,168,3,3647
5232,387,3,3845
5233,109,2,5578
5234,258,6,18529
5235,128,7,18729
5236,535,5,16257
5237,235,5,15350
5238,242,3,9643
5239,128,2,3889
5240,17,4,8051
5241,379,5,7361
5242,173,7,18816
5243,352,5,13809
5244,96,6,17891
5245,3,5,12428
5246,244,10,26348
5247,95,8,25363
5248,272,7,22834
5249,173,7,16585
5250,602,5,16355
5251,22,6,18023
5252,53,15,42137
5253,319,5,13969
5254,554,3,11466
5255,221,5,13517
5256,492,4,10299
5257,49,8,23252
5258,39,2,8056
5259,89,8,20897
5260,55,6,22797
5261,242,10,36298
5262,21,4,13649
5263,429,4,8344
5264,327,4,6562
5265,170,6,18665
5266,10,6,15903
5267,17,9,26443
5268,445,9,25430
5269,26,8,17854
5270,1,3,4502
5271,31,9,24337
5272,60,4,11023
5273,142,6,13770
5274,35,2,6497
5275,133,5,6491
5276,606,5,13996
5277,666,2,4443
5278,270,4,10274
5279,118,4,15155
5280,142,4,9276
5281,131,2,5076
5282,416,5,12906
5283,135,2,3410
5284,280,5,11447
5285,75,1,4501
5286,571,3,10785
5287,240,4,9050
5288,116,4,6585
5289,963,2,7666
5290,220,5,13367
5291,42,7,13743
5292,660,3,13483
5293,316,2,10203
5294,37,7,16769
5295,18,7,14544
5296,89,5,20040
5297,367,6,18476
5298,317,4,13241
5299,367,3,6762
5300,152,2,6443
5301,35,9,32806
5302,298,7,19338
5303,338,4,18011
5304,179,3,12144
5305,605,4,12419
5306,356,2,2158
5307,599,4,5166
5308,431,5,15122
5309,144,8,21283
5310,48,5,7864
5311,264,5,14092
5312,65,6,23346
5313,47,8,29258
5314,756,3,12230
5315,1023,2,4090
5316,231,6,19093
5317,281,4,6661
5318,288,5,14863
5319,18,3,4299
5320,492,3,1951
5321,381,1,5190
5322,244,2,1786
5323,58,4,13003
5324,63,6,18424
5325,107,4,7584
5326,28,3,8447
5327,122,6,15832
5328,105,4,14856
5329,197,10,28653
5330,483,6,17775
5331,378,7,20362
5332,245,4,11290
5333,752,4,15031
5334,1,8,24277
5335,12,8,19540
5336,131,8,22390
5337,675,4,8098
5338,459,5,11924
5339,112,8,16685
5340,105,7,23589
5341,201,4,11508
5342,107,5,12988
5343,94,4,9104
5344,201,6,14225
5345,324,5,10207
5346,1,6,17663
5347,427,2,5929
5348,426,5,13365
5349,123,4,14607
5350,113,5,12548
5351,36,6,9708
5352,713,2,4454
5353,44,5,11434
5354,116,3,6648
5355,68,8,18320
5356,156,8,22190
5357,104,2,4813
5358,123,6,16220
5359,91,5,19113
5360,523,4,10410
5361,301,4,10019
5362,218,4,9398
5363,597,6,13543
5364,355,5,13088
5365,563,11,22833
5366,418,3,9372
5367,15,5,8443
5368,510,3,4116
5369,151,5,14284
5370,403,3,6575
5371,36,7,26218
5372,46,7,18991
5373,3,5,14568
5374,22,8,19482
5375,48,5,9564
5376,657,4,12007
5377,52,10,17267
5378,506,5,12294
5379,76,4,11464
5380,350,5,15374
5381,612,2,6218
5382,9,3,7132
5383,34,5,13161
5384,178,4,4208
5385,295,2,6391
5386,856,3,9390
5387,28,5,16956
5388,102,5,10054
5389,590,7,20610
5390,292,2,4257
5391,221,3,7516
5392,556,3,5005
5393,52,9,21402
5394,193,7,19829
5395,70,5,13752
5396,916,3,5198
5397,514,5,14804
5398,34,5,15075
5399,134,6,14719
5400,142,7,26303
5401,385,7,10464
5402,128,6,18027
5403,296,6,11852
5404,6,5,14498
5405,196,6,15466
5406,2,7,15896
5407,3,5,12541
5408,93,10,27707
5409,178,14,43287
5410,24,6,11150
5411,335,3,6497
5412,78,5,11757
5413,138,3,8555
5414,32,8,18692
5416,541,4,7321
5417,11,7,17761
5418,19,7,15763
5419,29,7,15466
5420,564,3,8976
5421,17,5,15210
5422,5,5,17672
5423,212,7,22711
5424,31,7,21825
5425,68,5,12228
5426,124,4,12837
5427,90,3,3281
5428,1178,2,4099
5429,208,6,14876
5430,30,7,21509
5431,249,4,10176
5432,973,3,11321
5433,538,4,13710
5434,989,3,10991
5435,282,2,2344
5436,225,4,13164
5437,194,3,11195
5438,101,6,12614
5439,121,4,8754
5440,55,5,10642
5441,303,4,10019
5442,126,3,10355
5443,2,3,9656
5444,10,8,22088
5445,8,7,17913
5446,31,8,22948
5447,405,4,7180
5448,140,9,30702
5449,390,6,14401
5450,95,6,15209
5451,77,4,10646
5452,229,3,7011
5453,180,4,9124
5454,5,9,27684
5455,32,5,20328
5456,296,4,11106
5457,838,4,14379
5458,151,6,12856
5459,181,5,11433
5460,89,5,14425
5461,272,2,5520
5462,16,9,21180
5463,80,5,7620
5464,21,8,21915
5465,314,3,8344
5466,112,4,8486
5467,219,3,9060
5468,249,6,17987
5469,67,7,20842
5470,28,7,22147
5471,323,5,16324
5472,65,5,15621
5473,332,3,7930
5474,50,8,13693
5475,41,9,26627
5476,289,4,12638
5477,272,5,16008
5478,227,8,17646
5479,155,2,8400
5480,539,1,2962
5481,320,4,10470
5482,7,4,14402
5483,422,7,19385
5484,270,4,9974
5485,138,6,17790
5486,50,4,15456
5487,9,6,18934
5488,303,3,7517
5489,656,5,15284
5491,1093,3,8176
5492,439,2,4493
5493,110,8,24955
5494,151,8,20299
5495,151,8,25177
5496,386,5,11624
5497,83,6,12502
5498,364,4,16041
5499,323,4,11753
5500,272,4,11664
5501,814,4,12730
5502,32,6,14977
5503,18,3,6997
5504,110,4,9288
5505,67,4,15413
5506,97,4,9428
5507,42,6,12510
5508,251,5,11337
5509,31,9,22986
5510,324,6,17674
5511,140,8,21467
5512,137,5,12395
5513,56,7,13335
5514,609,6,13033
5515,692,5,11681
5516,120,4,7090
5517,51,5,9644
5518,195,4,7117
5519,415,6,20590
5520,243,5,12057
5521,692,3,7075
5522,733,4,12602
5523,332,5,15238
5524,124,2,5960
5525,595,5,11100
5526,16,8,21523
5527,166,5,12554
5528,259,4,8165
5529,599,3,10093
5530,582,5,13890
5531,178,6,15691
5532,282,3,5937
5533,85,3,9393
5534,201,1,2778
5535,563,6,21944
5536,428,6,12043
5537,39,7,16905
5538,165,5,17910
5539,145,7,17351
5540,52,7,14854
5541,231,5,17140
5542,53,4,13777
5543,110,4,13394
5544,216,4,5049
5545,440,4,11362
5546,151,3,5863
5547,11,4,12881
5548,248,4,15677
5549,125,4,12665
5550,89,5,13998
5551,142,2,4027
5552,268,3,8565
5553,113,6,16052
5554,423,5,11371
5555,833,3,5547
5556,100,4,9036
5557,158,8,17565
5558,640,2,7975
5559,109,9,24604
5560,40,6,13243
5561,644,1,3105
5562,234,6,21506
5563,227,2,4427
5564,91,5,17562
5565,736,4,14100
5566,248,5,11964
5567,531,1,3946
5568,298,6,16518
5569,18,4,14847
5570,137,12,26870
5571,602,4,7113
5572,419,4,12873
5573,180,5,19931
5574,18,9,32639
5575,576,6,10240
5576,100,4,9789
5577,357,7,17037
5578,78,5,7856
5579,698,5,16197
5580,706,2,7531
5581,112,4,8820
5582,479,7,24727
5583,452,6,14266
5584,33,5,7447
5585,451,2,9100
5586,153,7,30764
5587,211,7,14399
5588,39,4,11289
5589,305,3,8340
5590,286,3,11809
5591,1010,2,8459
5592,46,5,13761
5593,438,2,6772
5594,120,4,6277
5595,329,5,11697
5596,467,8,27545
5597,162,4,15148
5598,886,3,7710
5599,125,2,7850
5600,19,3,6497
5601,26,4,8671
5602,249,9,26858
5603,442,4,11826
5604,80,3,8633
5605,18,7,12015
5606,843,4,13369
5607,308,2,5229
5608,359,4,10497
5609,53,6,13926
5610,345,4,13429
5611,174,6,16385
5612,94,5,9645
5613,20,6,15422
5614,221,8,19481
5615,31,4,9373
5616,297,7,12689
5617,581,4,9958
5618,764,4,7005
5619,533,6,16016
5620,73,12,38503
5621,44,3,10458
5622,49,2,4899
5623,36,9,27443
5624,1205,3,6553
5625,321,4,15251
5626,813,2,5087
5627,33,10,21775
5628,122,4,15357
5629,29,5,11832
5630,71,13,40768
5631,139,5,9518
5632,309,5,19394
5633,558,5,19839
5634,56,9,27640
5635,116,7,20884
5636,455,4,9199
5637,78,8,18007
5638,47,5,13503
5639,162,3,12774
5640,651,6,22343
5641,104,7,21541
5642,376,4,10704
5643,514,2,9846
5644,483,3,10123
5645,415,1,2377
5646,207,3,5829
5647,57,4,11779
5648,7,4,10819
5649,395,8,15233
5650,378,5,11216
5651,141,4,8307
5652,65,4,11137
5653,68,8,25955
5654,2,5,8523
5655,674,4,6890
5656,551,6,19497
5657,224,3,6069
5658,814,3,11101
5659,80,2,5334
5660,43,6,15857
5661,7,6,12061
5662,121,4,10115
5663,774,3,10491
5664,167,4,11790
5665,18,6,9382
5666,245,4,6594
5667,614,1,1407
5668,361,4,8491
5669,225,3,5926
5670,169,6,14745
5671,340,4,9309
5672,88,5,11907
5673,104,8,18788
5674,103,4,12599
5675,90,11,29930
5676,197,2,4597
5677,136,3,9370
5678,232,8,15181
5679,53,4,8766
5680,388,5,16845
5681,107,9,23081
5682,62,8,25767
5683,211,7,19013
5684,59,7,16691
5685,151,5,10794
5686,581,4,8612
5687,1093,1,3523
5688,188,4,7288
5689,54,3,6787
5690,68,5,14715
5691,295,5,10093
5692,305,5,12220
5693,80,5,10166
5694,32,12,28996
5695,374,2,5745
5696,333,3,8762
5697,284,7,18245
5698,13,8,23767
5699,54,9,24904
5700,243,8,17732
5701,48,4,11676
5702,62,9,21518
5703,347,5,6045
5704,1050,4,13850
5705,2,5,13240
5706,485,5,11497
5707,555,5,11863
5708,363,6,19047
5709,21,4,6902
5710,393,4,13883
5711,43,5,16524
5712,163,4,12459
5713,25,6,15011
5714,252,10,30217
5715,215,7,20214
5716,220,7,17654
5717,391,3,12203
5718,151,5,14048
5719,583,4,12478
5720,907,2,983
5721,363,7,21365
5722,150,6,22221
5723,260,7,19293
5724,334,3,10634
5725,998,1,4539
5726,212,5,12929
5727,16,4,12342
5728,699,2,5166
5729,1151,2,1637
5731,38,10,28300
5732,135,6,16597
5733,399,2,5872
5734,18,3,9277
5736,921,2,4051
5737,72,7,18632
5738,536,6,18128
5739,50,7,24396
5740,91,6,22211
5741,289,6,11104
5742,204,10,23482
5743,321,6,15574
5744,117,4,17382
5745,145,3,7743
5746,303,5,17879
5747,314,3,8012
5748,904,2,6462
5749,387,4,6293
5750,522,1,1959
5751,196,7,18868
5752,348,5,12435
5753,371,2,8011
5754,38,5,7604
5755,111,5,11989
5756,717,3,5269
5757,563,1,3960
5758,436,5,11879
5759,174,6,21055
5760,122,10,37235
5761,698,5,9984
5762,754,3,8111
5763,105,9,31133
5764,86,5,8964
5765,125,7,20957
5766,135,6,15951
5767,119,5,11274
5768,38,6,18614
5769,387,3,5895
5770,210,5,14385
5771,145,7,21698
5772,599,3,7515
5773,58,5,20118
5774,530,3,7207
5775,117,7,11864
5776,124,3,10741
5777,218,5,9432
5778,152,4,10264
5780,109,4,9484
5781,1204,1,343
5782,201,8,24967
5783,31,6,15987
5784,338,7,15792
5785,428,2,3875
5786,294,6,22342
5787,221,8,16585
5788,461,6,9180
5789,365,5,11233
5790,105,1,3783
5791,473,5,17113
5792,208,7,15601
5793,220,3,8166
5794,886,5,14176
5795,38,3,7770
5796,166,6,16399
5797,791,2,2415
5798,81,6,15103
5799,149,9,17877
5800,252,7,21196
5801,54,5,19950
5802,1039,5,10910
5803,147,3,10178
5804,13,9,27140
5805,171,3,7712
5806,198,4,18578
5807,210,7,26136
5808,227,7,26064
5809,14,8,18971
5810,408,2,5570
5811,49,1,5050
5812,143,3,6856
5813,176,2,6134
5814,95,2,5853
5815,163,4,11896
5816,186,3,10986
5817,349,3,8469
5818,591,5,13926
5819,71,4,11838
5820,15,5,19032
5821,138,6,12768
5822,5,9,23038
5823,366,5,10886
5824,708,2,6000
5825,17,6,13960
5826,359,2,1148
5827,70,6,15053
5828,3,6,25198
5829,12,8,23266
5830,121,4,10800
5831,30,5,16900
5832,242,5,11554
5833,119,6,13625
5834,252,5,11846
5835,148,11,30748
5836,39,6,16668
5837,109,1,3882
5838,147,5,18293
5839,431,3,5420
5840,252,5,9560
5841,284,5,14429
5842,75,6,11112
5843,431,4,8716
5844,32,12,46541
5845,3,12,40737
5846,9,7,20100
5847,110,3,3164
5848,261,6,15059
5849,37,6,13174
5850,13,7,22623
5851,109,5,19404
5852,86,5,8743
5853,33,5,19159
5854,11,2,1701
5855,35,6,14815
5856,585,7,24129
5857,229,5,15011
5858,86,4,11603
5859,127,8,15547
5860,76,4,12872
5861,22,7,18653
5862,12,3,9246
5863,58,7,16648
5864,359,2,6274
5865,339,1,3037
5866,25,3,6580
5867,4,6,21547
5868,229,7,22461
5869,271,6,14099
5870,150,9,25300
5871,57,7,17436
5872,548,4,8669
5873,112,5,12693
5874,20,10,21242
5875,292,6,13942
5876,185,6,15780
5877,14,9,24822
5878,15,5,15464
5879,224,4,14663
5880,43,8,20059
5881,239,5,7438
5882,548,5,12616
5883,521,8,16589
5884,341,6,19061
5885,216,3,4914
5886,325,5,11293
5887,474,1,4590
5888,119,7,17318
5889,507,9,25733
5890,99,3,8088
5891,673,3,7968
5892,1137,2,6627
5893,284,6,15357
5894,661,5,6915
5895,268,4,8295
5896,1068,1,2959
5898,93,5,14593
5899,95,7,26538
5900,201,3,9729
5901,46,6,21145
5902,924,4,14008
5903,28,2,2355
5904,507,4,13513
5905,239,4,11391
5906,13,9,22431
5907,7,3,8331
5908,497,3,10386
5909,40,8,19087
5910,48,3,12403
5911,130,6,21065
5912,209,6,14992
5913,54,6,12870
5914,154,8,23203
5915,369,4,9861
5916,23,7,15435
5917,342,3,6523
5918,22,6,15568
5919,298,6,25286
5920,104,6,11137
5921,7,2,7252
5922,33,7,16374
5923,268,3,5517
5924,379,1,554
5925,138,8,27979
5926,234,6,16903
5927,80,3,8254
5928,184,7,16506
5929,387,6,16344
5930,3,8,17625
5931,105,7,14433
5932,56,7,11922
5933,519,4,11601
5934,226,4,13664
5935,191,5,14912
5936,171,6,16898
5937,267,5,10184
5938,47,6,23028
5939,1011,1,2914
5940,658,2,5350
5941,346,4,9482
5942,116,7,18384
5943,314,4,11899
5944,67,5,15247
5945,9,8,26532
5946,521,4,8424
5947,625,7,15792
5948,474,4,16047
5949,224,5,14372
5951,934,1,2418
5952,323,2,4528
5953,312,3,5193
5954,23,4,8605
5955,39,7,21220
5956,141,4,10963
5957,125,4,10885
5958,672,6,18036
5959,47,1,1023
5960,154,5,21186
5961,70,7,15031
5962,249,3,8421
5963,304,5,8753
5964,53,9,23658
5965,720,2,6371
5966,249,3,12265
5967,236,3,11282
5968,905,4,9797
5969,43,10,27113
5970,62,8,21757
5971,312,5,10972
5972,383,2,6576
5973,227,7,17705
5974,25,5,14244
5975,142,5,17753
5976,372,5,11673
5977,771,1,1064
5978,271,6,17368
5979,20,6,16647
5980,128,9,23723
5981,373,6,12577
5982,101,4,7413
5983,68,8,23018
5984,61,6,15940
5985,293,8,28927
5986,41,8,23947
5987,121,3,7062
5988,181,8,20171
5989,195,5,18559
5990,315,8,23022
5991,1034,2,2817
5992,286,2,6581
5993,450,5,17675
5994,114,4,14149
5995,225,4,11999
5996,39,6,15816
5997,87,7,20655
5998,379,6,11607
5999,38,5,9324
6000,788,2,5237
6001,24,4,9880
6002,226,5,13146
6003,285,5,7669
6004,411,3,6357
6005,218,6,14181
6006,2,7,25887
6007,838,2,3526
6008,234,6,18916
6009,191,3,6655
6010,118,4,12857
6011,811,1,2808
6012,706,3,7071
6013,5,5,14396
6014,468,3,6244
6015,509,2,5503
6016,69,5,12469
6017,1236,1,5156
6018,1,5,16134
6019,70,5,10434
6020,326,10,32766
6021,163,6,10897
6022,578,4,12201
6023,313,7,20952
6024,173,4,8679
6025,251,6,20377
6026,98,4,13363
6027,159,6,18893
6028,140,5,17500
6029,17,3,2567
6030,98,6,21218
6031,127,3,6308
6032,12,6,14944
6033,50,3,7566
6034,1,7,9452
6035,7,5,9044
6036,49,6,18143
6037,175,9,19262
6038,150,5,13207
6039,278,5,16231
6040,26,7,19068
6041,489,3,11653
6042,88,7,26047
6043,61,7,13136
6044,115,4,10357
6045,146,5,12629
6046,628,5,18001
6047,699,8,20770
6048,1005,1,3918
6049,357,2,6041
6050,211,4,7302
6051,57,2,7669
6052,131,3,9792
6053,402,3,7866
6054,534,3,10143
6055,758,2,5207
6056,239,4,9075
6057,175,7,20120
6058,242,2,1730
6059,308,3,11253
6060,85,9,26295
6061,253,4,13093
6062,440,5,15068
6063,476,2,5753
6064,32,8,22189
6065,277,6,10509
6066,68,10,21395
6067,129,8,21406
6068,193,7,23750
6069,400,6,19803
6070,7,7,20480
6071,743,4,8694
6072,55,5,11593
6073,76,5,16440
6074,83,5,9734
6075,27,6,14569
6076,533,6,20191
6077,785,2,8008
6078,982,5,21389
6079,212,7,24478
6080,221,9,25607
6081,139,2,3597
6082,707,4,8306
6083,161,4,14094
6084,596,4,9492
6085,82,8,27547
6086,162,3,9185
6087,156,7,14912
6088,65,5,11035
6089,115,10,26384
6090,240,5,9189
6091,309,3,5181
6092,289,6,16282
6093,98,7,19086
6094,286,3,10643
6095,20,7,19959
6096,245,4,13770
6097,393,5,6916
6098,215,4,12052
6099,163,5,15788
6100,73,6,12919
6101,71,9,29248
6102,234,8,12984
6103,163,2,9146
6104,208,2,9398
6105,93,7,20124
6106,297,6,21309
6107,42,8,29973
6108,89,8,23911
6109,183,7,23443
6110,12,9,20906
6111,43,4,17941
6112,12,9,17805
6113,141,5,15145
6114,23,6,18349
6115,152,5,10675
6116,901,2,10071
6117,421,4,5536
6118,476,4,10194
6119,450,5,16899
6120,392,7,18910
6121,178,4,13687
6122,139,4,12901
6123,18,9,28765
6124,404,5,12241
6125,526,4,10125
6126,84,3,8938
6127,13,7,16106
6128,91,8,20318
6129,66,5,12228
6130,75,6,11985
6131,80,9,23543
6132,86,6,11341
6133,80,11,24224
6134,480,6,14169
6135,59,5,16077
6136,8,4,13327
6137,624,2,8975
6138,244,6,14079
6139,152,7,16665
6140,234,3,3183
6141,667,1,4827
6142,148,11,27474
6143,261,2,5434
6144,313,4,12965
6145,51,7,20759
6146,575,3,10402
6147,234,11,28588
6148,13,3,8860
6149,137,8,14821
6150,324,7,19126
6151,98,3,11707
6152,288,7,17797
6153,376,5,11247
6154,36,7,21325
6155,191,4,11110
6156,530,2,2404
6157,875,2,2358
6158,166,4,12507
6159,94,3,7660
6160,260,4,10037
6161,233,3,9437
6162,491,3,8448
6163,144,5,11004
6164,163,5,15109
6165,52,4,7553
6166,12,5,13901
6167,666,2,5724
6168,378,5,12433
6169,423,2,806
6170,188,8,21774
6171,129,7,10306
6172,339,3,10286
6173,69,7,19116
6174,95,3,6983
6175,272,8,16751
6176,210,4,3956
6177,17,9,24583
6178,468,4,15550
6179,344,4,10647
6180,218,5,8099
6181,147,9,26609
6182,109,3,6843
6183,476,2,4978
6184,148,5,13678
6185,70,4,11145
6186,811,4,12068
6187,183,10,29293
6188,272,9,21898
6189,140,5,7663
6190,187,5,14509
6192,353,5,16825
6193,276,5,11740
6194,115,8,18989
6195,743,2,7441
6196,528,2,5072
6197,129,3,6855
6198,313,2,3379
6199,505,5,19218
6200,940,3,6859
6201,652,1,4118
6202,734,2,3083
6203,137,3,10325
6204,1015,4,11768
6205,220,8,13445
6206,57,7,16046
6207,214,6,19961
6208,288,5,12230
6209,174,2,4562
6210,22,6,14112
6211,150,2,7065
6212,157,7,21816
6213,697,5,15660
6214,108,4,14597
6215,106,5,16402
6216,58,9,29953
6217,241,5,10214
6218,531,3,7092
6219,255,5,15493
6220,374,7,19686
6221,64,7,19160
6222,257,4,12033
6223,85,5,13731
6224,96,4,14223
6225,107,4,10756
6226,187,11,28028
6227,30,4,12583
6228,76,3,2745
6229,205,4,10876
6230,493,7,19171
6231,27,9,21318
6232,93,4,10325
6233,592,3,6817
6234,745,6,11333
6235,823,4,11841
6236,100,3,5979
6237,202,6,11943
6238,434,3,7381
6239,206,8,21962
6240,41,8,23041
6241,296,4,12691
6242,272,5,14223
6243,161,3,9419
6244,864,3,9896
6245,141,10,25847
6246,78,7,21447
6247,85,8,20771
6248,630,2,9087
6249,206,6,14459
6250,142,5,10407
6251,891,6,15435
6252,5,5,10013
6253,90,5,16322
6254,238,5,10994
6255,462,3,7664
6256,35,5,15844
6257,251,5,9211
6258,16,7,15914
6259,78,6,16718
6260,251,4,13780
6261,513,3,9677
6262,186,5,8798
6263,51,9,28207
6264,102,3,7454
6265,241,4,6901
6266,34,6,12048
6267,125,9,16241
6268,650,4,3373
6269,104,4,14596
6270,45,2,2255
6271,226,4,10056
6272,72,3,7221
6273,329,6,16908
6274,283,4,11064
6275,592,4,12782
6276,220,1,4659
6277,237,5,10746
6278,1009,3,4515
6280,190,8,21970
6281,568,5,19256
6282,192,5,7042
6283,131,8,18173
6284,470,3,7413
6285,172,4,10505
6286,223,4,10264
6287,184,5,17903
6288,46,5,16340
6289,10,7,16767
6290,333,5,17916
6291,173,3,11349
6292,57,6,11446
6293,774,3,7736
6294,202,5,14478
6295,121,2,1303
6296,235,5,19773
6297,95,7,18984
6298,63,8,19281
6299,451,2,5193
6300,276,5,17035
6301,65,3,5647
6302,156,2,2273
6303,464,2,8115
6304,137,5,10143
6305,13,8,18620
6306,337,3,10590
6307,177,4,11616
6308,687,4,16917
6309,68,2,5044
6310,128,3,8041
6311,159,4,15481
6313,291,5,10491
6314,33,9,14357
6315,171,7,22485
6316,132,7,19322
6317,827,3,8880
6318,178,4,11936
6319,237,4,11367
6320,23,3,10042
6321,238,7,22794
6322,229,5,19550
6323,327,4,13131
6324,147,6,19080
6325,294,3,6648
6326,141,8,21385
6327,301,5,19864
6328,61,7,20800
6329,255,6,18596
6330,193,6,19134
6331,10,7,19548
6332,54,9,19898
6333,54,5,13040
6334,169,7,13485
6335,459,4,8775
6336,297,5,11338
6338,198,5,14304
6339,478,3,5780
6340,25,7,20117
6341,512,5,16579
6342,333,3,5910
6343,431,2,1654
6344,78,3,9456
6345,404,6,19961
6346,172,6,17083
6347,106,5,12543
6348,29,6,19859
6349,18,10,29075
6350,247,6,15122
6351,275,4,9644
6352,151,4,10892
6353,47,9,29609
6354,34,5,14429
6355,67,7,19865
6356,10,6,14745
6357,6,8,18353
6358,48,5,11027
6359,33,6,16104
6360,146,5,14848
6361,243,6,17303
6362,38,8,17041
6363,72,5,9917
6364,46,4,8446
6365,623,7,19721
6366,269,3,11705
6367,48,6,17960
6368,587,5,12193
6369,3,8,19002
6370,294,7,21887
6371,80,3,4421
6372,120,7,19409
6373,16,4,12163
6374,13,4,15235
6375,202,2,5477
6376,220,4,8535
6377,182,4,12928
6378,784,2,2666
6379,514,4,10337
6380,126,7,19615
6381,30,6,15901
6382,60,6,15892
6383,132,6,17266
6384,124,2,2351
6385,128,5,11724
6386,153,4,6092
6387,221,8,24889
6388,252,2,2042
6389,116,3,11203
6390,66,13,27096
6391,492,5,11817
6392,144,2,3520
6393,366,4,15381
6394,170,9,23106
6395,452,4,13650
6396,61,6,13794
6398,17,5,13252
6399,165,8,25835
6400,230,3,10136
6401,56,7,24959
6402,246,6,18597
6403,258,4,10014
6404,26,5,9252
6405,470,4,7804
6406,161,4,10060
6407,152,6,18482
6408,32,7,16610
6409,72,9,23430
6410,334,5,12206
6411,188,6,20598
6412,275,3,10562
6413,185,8,26709
6414,81,4,13640
6415,295,4,8976
6416,370,5,16087
6417,116,6,11206
6418,278,2,4433
6419,203,4,11157
6420,266,4,11226
6421,529,5,18571
6422,419,5,11922
6423,279,2,8925
6424,462,5,21765
6425,275,4,10793
6426,87,15,36241
6427,62,9,15177
6428,275,3,12179
6429,172,5,18914
6430,112,7,25845
6431,16,4,9826
6432,209,6,14330
6433,4,9,24631
6434,289,3,7960
6435,103,6,15899
6436,24,6,21288
6437,99,7,19477
6438,199,3,9828
6439,6,10,27832
6440,111,5,10201
6441,143,6,16305
6442,139,5,14233
6443,56,6,13525
6444,164,5,16992
6445,12,4,7289
6446,98,6,21071
6447,215,5,13115
6448,166,9,25209
6449,68,4,6774
6450,19,5,10309
6451,236,3,7713
6452,299,4,14326
6453,53,5,9921
6454,419,2,3321
6455,264,6,15976
6456,361,3,9886
6457,52,6,21554
6458,358,5,17946
6459,650,4,8630
6460,197,3,9178
6461,149,4,10261
6462,124,4,10000
6463,83,9,23211
6464,480,4,8345
6465,166,6,12800
6466,100,8,22367
6467,198,5,15145
6468,175,3,3300
6469,180,6,19217
6470,117,8,20857
6471,50,4,12198
6472,150,4,12434
6473,171,3,7505
6474,170,4,11633
6475,1208,2,4460
6476,78,5,10544
6477,285,4,6496
6478,182,8,20771
6480,16,10,25530
6481,160,3,7955
6482,316,8,21534
6483,542,3,9984
6484,110,3,6658
6485,474,3,12929
6486,333,5,12631
6487,208,5,11556
6488,62,5,14488
6490,154,6,17782
6491,124,5,16944
6492,223,4,11384
6493,569,3,6220
6494,192,2,6867
6495,17,7,27879
6496,175,2,4435
6497,455,5,10453
6498,80,6,18142
6499,611,1,1444
6500,267,5,8216
6501,227,6,15911
6502,217,9,20129
6503,296,4,4606
6504,124,4,14990
6505,7,6,12779
6506,84,9,21684
6507,99,4,9893
6508,60,9,16190
6509,11,6,17980
6510,181,5,15454
6511,237,6,19152
6512,310,6,13683
6513,1,5,12826
6514,116,2,4769
6515,342,5,13171
6516,968,2,6415
6517,8,5,16431
6518,381,5,15079
6519,301,5,15423
6520,312,3,10641
6521,121,6,13904
6522,32,9,25705
6523,537,5,9824
6524,189,6,15752
6525,78,7,16633
6526,503,3,9770
6527,137,4,9892
6528,15,5,11020
6529,305,8,22101
6530,260,3,11232
6531,72,8,22110
6532,17,7,15362
6533,478,3,5472
6534,45,7,19372
6535,221,2,4421
6536,220,5,11101
6537,32,9,29970
6538,39,8,18745
6539,846,2,7999
6540,89,5,19879
6541,701,5,16467
6542,431,4,7284
6543,491,6,18006
6544,102,7,20184
6545,176,6,14564
6546,133,4,5646
6547,759,3,6987
6548,57,4,10898
6549,920,3,13359
6550,167,7,26304
6551,395,5,15490
6552,640,4,11390
6553,19,5,10503
6554,127,8,13260
6555,253,8,24709
6556,178,5,12544
6557,162,2,4163
6558,148,3,6542
6559,13,7,25771
6560,533,3,6369
6561,7,4,5598
6562,514,3,7094
6563,245,3,5986
6564,87,6,17512
6565,162,8,16807
6566,2,6,22718
6567,337,6,17796
6568,39,6,19871
6569,154,4,9410
6570,171,2,8171
6571,206,9,22143
6572,46,8,18243
6573,77,1,4932
6574,221,1,3462
6575,350,4,11472
6576,420,1,4245
6577,277,3,8775
6578,642,5,7491
6579,207,3,13161
6580,92,5,11817
6581,223,7,14277
6582,344,7,19553
6583,266,4,17485
6584,16,9,28557
6585,455,2,8626
6586,171,4,13032
6587,569,3,7618
6588,449,4,10789
6589,170,5,19081
6590,175,2,5281
6591,305,9,29699
6592,542,3,2217
6593,11,5,9997
6594,504,3,8100
6595,17,4,12649
6596,146,3,7362
6597,108,4,14452
6598,118,4,7305
6599,287,4,14457
6600,204,2,5723
6601,282,4,13638
6602,457,5,22905
6603,197,4,10586
6604,345,5,15565
6605,410,5,13909
6606,41,6,18956
6607,162,7,13923
6608,71,4,8827
6609,682,4,9422
6610,585,3,5638
6611,320,4,8079
6612,158,4,13834
6613,205,6,16112
6614,925,2,5121
6615,298,6,25946
6616,119,6,15114
6617,47,7,12708
6618,402,5,14040
6619,77,5,16086
6620,184,9,28715
6621,253,6,14988
6622,226,6,14931
6623,112,8,24646
6624,605,7,17947
6625,53,7,15749
6626,468,4,11509
6627,48,3,8601
6628,8,7,24506
6629,223,10,23621
6630,79,5,12185
6632,208,6,20549
6633,68,4,7882
6635,58,7,17724
6636,168,6,14004
6637,13,5,14176
6638,16,9,24935
6639,93,4,9562
6640,37,6,15864
6641,318,2,4042
6642,11,5,13135
6643,234,3,10247
6644,349,3,5626
6645,386,5,14563
6646,68,5,15406
6647,578,2,5541
6648,147,4,7544
6649,787,3,7645
6650,175,7,21524
6651,539,3,8551
6652,629,4,12339
6653,86,6,16596
6654,266,4,9099
6655,32,12,32952
6656,399,2,2301
6657,199,4,9833
6658,244,7,29082
6659,176,11,23200
6660,548,5,14046
6661,23,7,23788
6662,168,11,26035
6663,183,6,11402
6665,888,5,15020
6666,7,8,27025
6667,156,3,4583
6668,170,8,21094
6669,354,8,20681
6670,97,7,15875
6671,198,6,15995
6672,296,6,15646
6673,275,3,5590
6674,994,3,10409
6675,1214,2,3889
6676,492,2,2973
6677,262,6,10769
6678,372,2,8342
6679,606,6,15612
6680,85,7,18030
6681,36,6,11774
6682,129,6,19543
6683,23,6,15429
6684,178,4,13556
6685,181,7,21119
6686,449,4,6021
6687,241,10,18909
6688,188,5,9649
6689,887,4,13426
6690,456,5,16392
6691,80,4,11007
6692,150,4,10734
6693,99,7,15052
6694,171,6,15471
6695,80,4,12028
6696,230,6,13074
6697,642,4,12424
6698,561,5,18312
6699,10,7,23193
6700,385,2,8290
6701,147,6,17968
6702,220,8,19169
6703,167,5,18653
6704,251,6,13967
6705,146,7,24236
6706,149,5,17321
6707,19,6,16984
6708,991,3,5282
6709,513,5,10696
6710,598,5,18979
6711,278,7,18308
6712,123,5,14322
6713,259,2,5251
6714,310,3,6619
6715,250,2,1684
6716,135,1,928
6717,20,5,10053
6718,802,4,13124
6719,244,5,11134
6720,647,3,9127
6721,302,4,15421
6722,189,6,12762
6723,52,5,16377
6724,59,6,14026
6725,74,6,18315
6726,134,9,23097
6727,163,7,19455
6728,66,8,19078
6729,199,3,12623
6730,202,6,16671
6731,220,5,13238
6732,265,3,11831
6733,8,10,29497
6734,89,6,22022
6735,359,4,13576
6736,11,9,24134
6737,26,7,21575
6738,65,10,29538
6739,109,3,9173
6740,55,8,21252
6741,270,8,28063
6742,153,4,13747
6743,30,5,15360
6744,835,5,13034
6745,412,5,14661
6746,467,4,10914
6747,832,6,11693
6748,86,7,20624
6749,517,3,8461
6750,731,5,13457
6751,425,4,16928
6752,157,5,12937
6753,197,5,11576
6754,904,3,5078
6755,445,4,7704
6756,277,8,23430
6757,364,5,9315
6758,95,3,6021
6759,129,6,14215
6760,116,8,24669
6761,655,4,10255
6762,300,2,6002
6763,667,6,11861
6764,114,6,13422
6765,217,2,8923
6766,310,8,19641
6767,860,3,8020
6768,695,4,9616
6769,250,9,19536
6770,133,4,11950
6771,177,7,22525
6772,394,2,9716
6773,529,8,25191
6774,295,7,17143
6775,37,7,15977
6776,504,5,7930
6777,383,7,10529
6778,965,1,1509
6779,1033,3,9903
6780,584,4,9061
6781,387,5,11311
6782,647,3,11336
6783,181,5,13806
6784,329,4,15568
6785,243,3,12617
6786,15,12,42385
6787,69,2,5314
6788,504,2,6436
6789,295,11,39574
6790,140,5,12684
6791,323,5,15282
6792,284,6,13304
6793,50,6,12278
6794,62,5,16192
6795,156,7,18820
6796,153,4,9712
6797,87,5,8837
6798,263,8,16502
6799,583,6,13011
6800,306,7,24467
6801,243,3,8395
6802,107,5,14054
6803,3,5,10188
6804,506,3,10989
6805,360,4,11185
6806,6,8,19951
6807,150,7,26686
6808,594,8,27843
6809,177,3,8651
6810,246,4,12472
6811,144,8,23575
6812,263,6,18698
6813,461,4,13851
6814,82,3,11140
6815,44,12,33833
6816,409,4,12677
6817,244,9,27580
6818,16,5,15274
6819,191,5,9057
6820,777,3,12252
6821,94,5,9907
6822,251,8,25948
6823,471,1,2461
6824,16,6,10330
6825,132,4,9018
6826,500,5,17406
6827,259,6,11827
6828,147,7,14491
6829,730,4,8490
6830,294,5,12668
6831,534,7,16759
6832,121,4,11289
6833,100,8,26754
6834,64,5,14664
6835,328,3,1949
6836,25,4,8267
6837,94,2,10017
6838,606,2,6046
6839,131,5,15995
6840,221,3,9644
6841,740,6,17561
6842,314,4,13652
6843,86,5,15870
6844,425,3,9263
6845,139,4,18521
6847,468,3,7462
6848,336,5,15295
6849,43,8,28393
6850,135,3,3523
6851,9,5,7510
6852,135,7,17251
6853,44,5,16350
6854,3,5,15550
6855,240,10,25474
6856,258,5,15573
6857,243,7,21441
6858,30,6,16024
6859,254,5,14486
6860,545,6,20721
6861,303,1,1325
6862,266,7,15672
6863,478,3,10858
6864,96,1,1543
6865,25,6,13498
6866,568,6,14333
6867,873,4,8630
6868,183,7,18738
6869,365,4,8094
6870,38,6,16456
6871,35,9,21869
6872,22,2,6362
6873,1274,2,5083
6874,50,8,20108
6875,219,7,14074
6876,360,12,25014
6877,205,8,12879
6878,77,5,6711
6879,38,2,6437
6880,325,4,13088
6881,423,4,13304
6882,401,9,24163
6883,105,1,4485
6884,119,8,19136
6885,128,8,16972
6886,305,4,9373
6887,291,4,13572
6888,202,6,21067
6889,367,6,18467
6890,105,5,13693
6891,1014,2,8270
6892,173,7,21872
6893,53,5,17277
6894,107,7,22756
6895,42,3,8692
6896,4,5,12627
6897,204,9,28435
6898,426,5,16134
6899,163,3,7625
6900,13,5,17286
6901,138,4,10464
6902,164,5,8417
6903,35,5,17359
6904,215,7,24496
6905,226,1,1464
6906,481,8,16433
6907,179,4,7864
6908,367,5,16054
6909,59,2,7463
6910,209,3,7912
6911,286,4,7847
6912,571,5,14580
6913,13,4,10219
6914,23,4,15653
6915,683,3,7531
6916,201,5,17641
6917,2,7,20630
6918,57,5,11463
6919,243,7,20256
6920,122,2,1513
6921,413,4,8872
6922,42,6,19346
6923,29,5,14707
6924,186,10,30259
6925,448,6,10327
6926,42,8,21775
6927,105,6,20042
6928,80,5,18612
6929,115,3,10309
6930,104,9,27888
6931,198,8,18711
6932,282,6,28199
6933,183,3,9359
6934,16,6,18138
6935,64,5,6569
6936,1088,1,2654
6937,150,5,11653
6938,91,5,16440
6939,70,9,20480
6940,163,8,23045
6941,2,9,29978
6942,15,6,15469
6943,15,1,2968
6944,1140,3,8163
6945,217,5,16004
6946,25,5,14787
6947,224,9,27704
6948,154,4,11528
6949,293,3,8813
6950,6,5,15137
6951,18,7,12504
6952,20,7,16727
6953,324,6,15298
6954,78,5,8882
6955,132,4,11971
6956,187,4,9503
6957,105,2,5786
6958,747,4,10245
6959,185,3,8816
6960,304,3,13431
6961,49,2,3259
6962,48,4,12272
6963,120,9,33358
6964,89,5,11629
6965,201,5,15153
6966,401,5,17124
6967,940,5,19840
6968,39,7,25716
6969,401,4,8256
6970,219,7,22342
6971,158,7,18809
6972,981,3,7504
6973,199,4,13814
6974,56,8,24070
6975,151,4,8162
6976,149,4,3464
6977,665,7,18811
6978,346,5,11573
6979,218,5,15866
6980,364,3,14117
6981,9,5,6855
6982,203,7,20999
6983,313,7,24717
6984,343,4,12941
6985,404,5,9941
6986,201,5,13559
6987,643,8,20923
6988,314,4,10623
6989,727,4,10079
6990,61,8,26421
6991,26,5,13757
6992,172,7,16465
6993,12,7,15787
6994,46,4,10687
6995,510,4,14192
6996,20,6,15976
6997,1346,1,2495
6998,45,5,11264
6999,192,7,19424
7000,249,4,9801
7001,425,10,32510
7002,299,7,13545
7003,320,5,8969
7004,114,3,10172
7005,341,2,5400
7006,88,5,19152
7007,76,5,13504
7008,88,1,1725
7009,139,6,16479
7010,24,4,15792
7011,371,4,8598
7012,100,7,17958
7013,331,4,10023
7014,679,2,4872
7015,644,9,31761
7016,363,5,16522
7017,209,2,9210
7018,87,10,28127
7019,99,6,11634
7020,334,2,3470
7021,22,6,18813
7022,36,9,20266
7023,329,4,12595
7024,151,8,22313
7025,295,6,17512
7026,119,3,4708
7027,48,8,23453
7028,172,7,23568
7029,88,8,27278
7030,19,6,26575
7031,1029,3,6310
7032,237,6,14345
7033,96,2,6306
7034,80,4,11045
7035,82,4,8659
7036,346,6,19472
7037,593,5,12886
7038,112,3,5524
7039,155,2,3151
7040,36,7,20334
7041,249,3,10854
7042,97,6,20607
7043,329,5,16081
7044,277,7,14842
7045,290,6,13774
7046,119,7,11810
7047,167,6,16717
7048,81,3,5916
7049,40,6,16668
7050,691,3,9631
7051,421,5,11571
7052,273,6,19749
7053,321,10,16269
7054,43,10,25607
7055,81,6,17287
7056,18,8,21192
7057,104,4,6677
7058,242,1,4821
7059,186,6,18547
7060,492,6,15705
7061,171,4,8676
7062,401,6,22004
7063,177,5,10920
7064,458,7,20732
7065,60,6,18622
7066,666,3,10924
7067,466,6,21061
7068,579,5,18082
7069,257,4,7758
7070,158,7,15965
7071,14,6,16913
7072,270,6,12024
7073,76,8,21429
7074,346,9,33519
7075,155,7,19187
7076,396,4,3565
7077,862,4,8541
7078,39,5,18468
7079,120,7,21012
7080,196,5,9620
7081,726,4,10781
7082,355,4,10176
7083,798,3,6099
7084,668,5,13393
7085,174,4,12361
7086,21,7,18959
7087,328,4,13434
7088,33,5,11318
7089,1206,1,4298
7090,163,4,12415
7091,180,4,12292
7092,17,7,24055
7093,124,5,14705
7094,40,5,16989
7095,513,4,10638
7096,208,4,10113
7097,158,3,13786
7098,790,4,14220
7099,30,7,20599
7100,102,4,15626
7101,499,4,14341
7102,348,9,29730
7103,93,4,9352
7104,138,5,13944
7105,69,10,19669
7106,429,3,6055
7107,120,5,9087
7108,319,8,17521
7109,131,5,14355
7110,656,4,11054
7111,185,4,7839
7112,305,7,18393
7113,32,7,19177
7114,281,4,7997
7115,89,7,19035
7116,57,4,15448
7117,63,5,13490
7118,357,5,12190
7119,148,6,17003
7120,156,5,14165
7121,213,5,10156
7122,490,1,1295
7123,254,5,12042
7124,153,6,15570
7125,448,4,8683
7126,9,8,23385
7127,272,6,16835
7128,670,2,4393
7129,64,9,25834
7130,354,4,14457
7131,543,4,5854
7132,51,5,8051
7133,119,11,34096
7134,691,2,2075
7135,116,6,19447
7136,99,3,7574
7137,5,4,8217
7138,55,4,7169
7139,67,7,24174
7140,693,4,6273
7141,31,6,16159
7142,180,6,15890
7143,1,6,17368
7144,492,2,5602
7145,1011,2,5785
7146,251,3,8800
7147,147,5,14273
7148,27,6,17635
7149,278,3,6373
7150,36,5,10547
7151,24,8,14284
7152,39,6,15188
7153,505,7,14051
7154,205,3,11586
7155,267,4,11141
7156,525,6,17562
7157,384,5,13716
7158,383,2,5136
7159,34,4,11933
7160,415,6,16298
7161,56,4,9034
7162,1,9,16421
7163,359,7,25629
7164,73,10,34567
7165,104,13,39937
7166,219,3,9963
7167,312,2,3966
7168,69,9,19027
7169,101,3,10971
7170,288,2,3322
7171,86,3,1835
7172,46,3,8746
7173,103,6,14122
7174,528,6,16622
7175,720,3,9059
7176,42,8,20141
7177,33,5,17557
7178,1237,1,4776
7179,415,6,18056
7180,64,5,13503
7181,134,5,7217
7182,147,7,12899
7183,69,5,12810
7184,739,1,1549
7185,143,8,24276
7186,156,7,25636
7187,450,2,6187
7188,69,4,7721
7189,347,7,17032
7190,80,8,26126
7191,4,7,13932
7192,1,6,10604
7193,363,8,18306
7194,13,10,24676
7195,9,4,12517
7196,78,6,15176
7197,267,5,10328
7198,150,5,13684
7199,225,4,6526
7200,344,5,18521
7201,259,4,8753
7202,99,5,11393
7203,39,8,18590
7204,56,7,22766
7205,254,3,7933
7206,162,9,14579
7207,282,3,12328
7208,843,2,8399
7209,289,9,21550
7210,645,4,6055
7211,133,4,7010
7212,234,5,12746
7213,159,6,19568
7214,231,5,20179
7215,33,8,20070
7216,23,6,11935
7217,129,4,14614
7218,417,4,13690
7219,85,5,17530
7220,149,6,15428
7221,345,4,15612
7222,21,7,22372
7223,103,6,16123
7224,50,6,17391
7226,224,4,8083
7227,94,4,10457
7228,469,7,15413
7229,195,8,23060
7230,60,12,30523
7231,73,8,19321
7232,36,8,21872
7233,221,2,5111
7234,188,7,20642
7235,264,3,8447
7236,434,5,9439
7237,21,9,23505
7238,96,9,20523
7239,270,6,18819
7240,49,8,20849
7241,183,8,18362
7242,184,6,16038
7243,79,5,15615
7244,1107,1,1493
7245,86,6,18992
7246,386,4,6857
7247,198,8,19569
7248,129,7,17330
7249,212,7,17534
7250,59,9,33515
7251,134,5,12503
7252,278,4,10719
7253,27,5,9165
7254,981,3,7410
7255,261,3,12995
7256,51,7,20893
7257,152,5,10002
7258,107,5,12902
7259,77,8,29801
7260,157,6,13951
7261,214,2,5222
7262,790,3,5578
7263,578,3,11255
7264,440,3,3862
7265,32,5,8596
7266,87,3,6709
7267,37,7,23098
7268,220,6,21585
7269,220,7,21550
7270,127,2,4037
7271,20,11,31041
7272,595,4,13890
7273,65,3,12280
7274,328,3,3736
7275,218,7,13608
7276,95,5,10747
7277,40,6,18936
7278,295,6,12272
7279,22,5,15244
7280,105,4,16120
7281,1052,2,9744
7282,34,4,8569
7283,26,8,16601
7284,688,4,5636
7285,23,4,11326
7286,161,4,7362
7287,578,5,13996
7288,537,3,5956
7289,26,7,21621
7290,187,5,9077
7291,9,7,13651
7292,52,5,17911
7293,187,10,25961
7294,473,5,15561
7295,28,4,14061
7296,211,3,9516
7297,117,6,14207
7298,453,2,3327
7299,41,13,33208
7300,25,8,22505
7301,815,3,10598
7302,349,7,21437
7303,303,6,15374
7304,103,7,17516
7305,218,4,19231
7306,304,4,15175
7307,140,6,15940
7308,121,9,27607
7309,220,4,10928
7310,197,5,15055
7311,143,7,22070
7312,361,5,12745
7313,142,4,11587
7314,324,4,10015
7315,70,4,13334
7316,266,4,13664
7317,110,5,12023
7318,366,5,12853
7319,267,4,11950
7320,233,5,13807
7321,209,4,11062
7322,266,4,13619
7323,67,8,23442
7324,127,1,767
7325,45,7,13234
7326,224,5,17006
7327,269,7,21448
7328,807,2,7590
7329,578,5,16471
7330,429,6,14208
7331,43,5,12880
7332,532,2,3066
7333,140,7,16180
7334,377,5,16260
7335,83,8,17990
7336,393,4,8686
7337,346,4,11878
7338,824,2,3837
7339,91,4,13017
7340,7,3,11399
7341,563,4,14401
7342,312,2,2647
7343,212,7,22610
7344,11,4,7571
7345,435,2,4583
7346,459,7,19475
7347,52,3,7920
7348,279,5,17707
7349,77,9,25317
7350,237,4,8358
7351,26,5,17647
7352,47,9,18960
7353,371,3,8304
7354,53,6,15873
7355,413,6,11594
7356,26,5,16306
7357,166,3,10281
7358,221,5,15947
7359,653,4,18206
7360,164,6,18255
7361,122,4,8999
7362,40,9,26268
7363,115,5,15480
7364,368,6,18194
7365,359,9,24406
7366,37,9,26401
7367,1024,2,4699
7368,51,1,1289
7369,99,9,25944
7370,138,8,18691
7371,54,4,16549
7372,220,3,9647
7373,367,5,12610
7374,1242,2,3094
7375,54,3,13051
7376,212,7,14935
7377,80,9,23302
7378,123,9,18648
7379,9,9,26383
7380,74,2,3449
7381,407,4,12070
7382,4,5,13389
7383,24,7,19493
7384,20,3,11349
7385,11,4,7191
7386,592,5,15938
7387,137,6,17841
7388,278,8,21615
7389,442,2,6077
7390,28,9,26033
7391,294,10,33411
7392,100,3,8378
7393,173,3,6380
7394,942,2,4227
7395,9,6,13048
7396,54,7,23914
7397,31,3,8423
7398,232,4,11136
7399,60,5,7414
7400,932,3,5908
7401,47,10,22633
7402,411,6,18419
7403,47,4,11753
7404,754,3,9770
7405,278,4,9207
7406,67,7,9738
7407,65,10,23492
7408,97,5,16486
7409,58,9,20948
7410,199,9,24741
7411,724,3,13189
7412,404,7,21203
7413,43,5,18481
7414,257,6,19537
7415,262,9,19229
7416,88,4,13193
7417,7,4,7215
7418,191,5,12236
7419,265,9,21241
7420,46,6,9470
7421,102,5,12915
7422,23,3,7301
7423,53,2,6328
7424,408,4,13590
7425,72,8,25984
7426,524,4,15314
7427,634,2,832
7428,245,6,18696
7429,163,7,17246
7430,39,6,16147
7431,204,4,12185
7432,480,3,8624
7433,2,10,27196
7434,91,6,18791
7435,447,5,13352
7436,76,6,15418
7437,121,5,13231
7438,377,5,12100
7439,41,7,19842
7440,316,6,14495
7441,50,6,13630
7442,39,13,28183
7443,5,3,7895
7444,135,3,8652
7445,98,6,16654
7446,381,4,10440
7447,273,4,11892
7448,498,5,11530
7449,92,7,13164
7450,4,8,23612
7451,514,7,19422
7452,9,7,18556
7453,277,5,17042
7454,19,4,13384
7455,12,4,7831
7456,338,4,10725
7457,642,6,13331
7458,115,6,15662
7459,485,1,4822
7460,310,4,8021
7461,413,4,6307
7462,196,3,7394
7463,1140,1,4173
7464,28,8,24439
7465,285,8,29051
7466,377,3,11086
7467,349,5,13081
7468,686,3,7816
7469,463,7,12370
7470,79,3,14555
7471,53,8,22034
7472,311,7,16132
7473,227,4,15133
7474,20,7,22528
7475,115,8,20186
7476,276,5,11846
7477,1120,1,2708
7478,159,6,14485
7479,429,3,5960
7480,237,4,11709
7481,197,6,14117
7482,157,6,17557
7483,738,4,8473
7484,19,6,13888
7485,368,5,11724
7486,330,4,11522
7487,159,4,17246
7488,5,3,8690
7489,15,8,18339
7490,42,5,15455
7491,212,8,23824
7492,174,4,11566
7493,155,4,8490
7494,138,7,19253
7495,221,6,17143
7496,77,5,19895
7497,44,8,18234
7498,23,4,12768
7499,170,3,8147
7500,4,3,12044
7501,31,5,13560
7502,401,6,20725
7503,166,3,6219
7504,91,4,9569
7505,110,3,7296
7506,91,4,9628
7507,291,4,14567
7508,45,4,11609
7509,889,5,9858
7510,22,9,15756
7511,454,2,4874
7512,44,3,9236
7513,345,5,12448
7514,315,2,7365
7515,38,6,19802
7516,126,6,14106
7517,15,4,13972
7518,453,4,12458
7519,159,10,24591
7520,400,5,18886
7521,210,3,7690
7522,224,6,11379
7523,3,6,20231
7524,105,10,28139
7525,66,5,14343
7526,747,4,16243
7527,530,3,11726
7528,28,6,15337
7529,774,3,5935
7530,81,1,1324
7531,1052,2,2772
7532,644,2,4942
7534,199,10,36999
7536,253,5,19514
7537,260,4,7948
7538,124,6,13697
7539,278,8,20752
7540,242,4,11494
7541,629,2,2192
7542,156,1,2744
7543,205,3,9472
7544,257,2,3414
7545,105,5,9635
7546,4,5,13719
7547,198,9,25406
7548,181,5,14915
7549,18,7,22364
7550,289,1,2987
7551,166,4,12423
7552,146,5,17033
7553,14,5,15371
7554,212,3,6482
7555,76,7,18955
7556,148,5,9906
7557,427,4,11051
7558,340,2,3032
7559,457,4,13930
7560,86,5,10388
7561,216,5,17213
7562,190,4,12538
7563,504,4,10040
7564,216,6,14041
7565,455,6,15997
7566,94,6,21806
7567,185,6,17868
7568,182,7,14187
7569,101,7,20642
7570,281,6,15024
7571,169,8,25342
7572,244,7,19934
7573,207,7,16771
7574,754,5,18037
7575,17,4,6603
7576,199,8,23902
7577,364,4,13201
7578,879,3,9890
7579,175,2,5457
7580,46,8,17224
7581,40,1,366
7582,63,5,19388
7583,495,9,27013
7584,108,8,20000
7585,176,5,21833
7586,283,4,10823
7587,64,3,6909
7588,319,5,17827
7589,459,3,3572
7590,459,2,4893
7591,153,4,8650
7592,926,3,7971
7593,144,2,9802
7594,78,4,13623
7595,277,7,21244
7596,52,3,4471
7597,620,2,2687
7598,132,5,11689
7599,266,7,24748
7600,453,6,18261
7601,26,8,20046
7602,102,4,10631
7603,321,4,9647
7604,22,5,11104
7605,51,6,22220
7606,70,8,18558
7607,247,7,22585
7608,430,6,16031
7609,204,3,5622
7610,128,5,10151
7611,205,7,21062
7612,170,8,24681
7613,256,3,7747
7614,36,5,13683
7615,93,4,8766
7616,849,3,9269
7617,833,1,3714
7618,129,6,14355
7619,322,1,2744
7620,38,4,7704
7621,989,2,8757
7622,94,6,17747
7623,329,5,17881
7624,848,2,3980
7625,72,5,13416
7626,10,3,7994
7627,444,6,18295
7628,52,3,9160
7629,363,3,4844
7630,511,9,23987
7631,310,7,20748
7632,204,4,9797
7633,52,4,13238
7634,551,3,8011
7635,164,4,9027
7636,975,2,8119
7637,310,4,10435
7638,228,3,11656
7639,437,6,16560
7640,209,7,19065
7641,795,2,1487
7642,139,6,11622
7643,190,6,17017
7644,34,4,11581
7645,323,8,22239
7646,65,4,10344
7647,19,6,16428
7648,65,6,21787
7649,445,3,3145
7650,271,7,21967
7651,23,7,27767
7652,296,4,8801
7653,124,6,10607
7654,204,7,10746
7655,972,2,1807
7656,698,6,13654
7657,412,7,16581
7658,21,12,36205
7659,411,4,8984
7660,334,5,15560
7661,42,4,10059
7662,236,5,15723
7663,48,4,9988
7664,133,8,22330
7665,136,4,13564
7666,200,4,9322
7667,28,8,21601
7668,74,6,15429
7669,111,2,8986
7670,13,6,10697
7671,51,3,8199
7672,399,4,16186
7673,225,5,11922
7674,64,9,21254
7675,118,2,7104
7676,577,3,10505
7677,120,4,13702
7678,271,6,20496
7679,27,7,25421
7680,287,6,14269
7681,265,6,13687
7682,86,8,11649
7683,183,4,10211
7684,231,3,10006
7685,579,5,12672
7686,88,5,7160
7687,104,8,25679
7688,331,9,21859
7689,149,8,24876
7690,1096,1,1984
7691,22,8,18671
7692,90,2,2445
7693,66,4,9066
7694,55,4,10434
7695,206,4,13403
7696,114,3,6783
7697,13,8,12049
7698,87,3,3093
7699,38,5,11553
7700,341,3,7861
7701,166,6,12727
7702,59,5,12504
7703,542,3,3831
7704,97,5,17041
7705,244,5,18674
7706,45,4,9810
7707,677,5,13152
7708,382,4,10352
7709,80,8,25901
7710,251,6,23315
7711,143,6,22540
7712,26,3,9715
7713,252,2,5170
7714,243,8,29686
7715,823,5,11967
7716,81,9,22203
7717,267,7,16348
7718,208,2,6073
7719,245,7,15503
7720,98,10,34051
7721,372,8,24457
7722,1039,2,4867
7723,39,4,8322
7724,382,1,2253
7725,48,4,5877
7726,391,3,11833
7727,216,3,6201
7728,126,9,27594
7729,211,9,21299
7730,365,5,10989
7731,29,6,6924
7732,460,7,19233
7733,82,4,12172
7734,443,5,17491
7735,42,5,13362
7736,119,5,19040
7737,361,6,17335
7738,481,5,19297
7739,589,5,13579
7740,536,4,15374
7741,157,5,9991
7742,135,6,14628
7743,108,7,17790
7744,112,4,10383
7745,10,8,15463
7746,381,6,15649
7747,80,7,23549
7748,630,3,10598
7749,597,1,4500
7750,165,7,18831
7751,491,7,25194
7752,51,2,4897
7753,175,6,15480
7754,240,7,27957
7755,467,4,10933
7756,198,7,23914
7757,483,5,10024
7758,352,5,11745
7759,86,6,14437
7760,281,8,24601
7761,439,4,10942
7762,10,9,20275
7763,384,6,13759
7764,355,5,12291
7765,71,5,11783
7766,451,8,19181
7767,299,4,13359
7768,149,8,18005
7769,880,3,4521
7770,135,5,13380
7771,19,8,19607
7772,68,5,15005
7773,543,5,13622
7774,608,7,18896
7775,42,8,26891
7776,383,3,6361
7777,292,4,13086
7778,3,9,27437
7779,110,5,20360
7780,150,5,15739
7781,31,4,6737
7782,57,9,28441
7783,860,2,4930
7784,201,2,6327
7785,13,7,22984
7786,58,6,10569
7787,294,7,26133
7788,77,5,16773
7789,174,5,15155
7790,175,9,19578
7791,179,4,17891
7792,423,3,13413
7793,116,1,2839
7794,261,3,7269
7795,152,9,27379
7796,508,5,17982
7797,71,3,6358
7798,123,11,27420
7799,74,10,21379
7800,149,7,14200
7801,74,4,12866
7802,63,6,22060
7803,195,4,11310
7804,9,8,26101
7805,336,3,8592
7806,256,4,7094
7807,45,5,16384
7808,68,7,23576
7809,289,8,25512
7810,22,6,17311
7811,139,7,11995
7812,242,7,21385
7813,277,6,9402
7814,215,6,19822
7815,515,3,9868
7816,411,5,17253
7817,143,3,7706
7818,254,12,34667
7819,297,6,7206
7820,2,3,8530
7821,33,8,26732
7822,404,4,7822
7823,30,5,13740
7824,126,6,16279
7825,97,4,8458
7826,440,2,8737
7827,179,4,9622
7828,133,3,2892
7829,40,5,15367
7830,431,7,23490
7831,89,2,7673
7832,611,4,17119
7833,428,8,18615
7834,38,7,22320
7835,32,8,22008
7837,102,5,13807
7838,255,5,15248
7839,599,4,11103
7840,36,4,12986
7841,1003,1,5288
7842,388,6,21839
7843,353,3,4446
7844,308,4,11842
7845,562,1,3050
7846,428,7,18547
7847,2,7,24085
7848,1242,1,3602
7849,54,4,7775
7850,50,3,10844
7851,120,10,30465
7852,687,4,11069
7853,609,4,15544
7854,154,5,4415
7855,88,4,10102
7856,162,6,14132
7857,216,3,8375
7858,311,2,9239
7859,306,8,23338
7860,327,5,13818
7861,10,7,16001
7862,299,4,12416
7863,138,3,5134
7864,897,1,995
7865,235,9,20893
7866,16,4,12666
7867,107,8,25686
7868,106,9,22963
7869,14,11,38375
7870,679,4,10409
7871,8,5,11584
7872,33,4,8840
7873,7,10,28286
7874,11,3,10911
7875,222,4,14398
7876,280,7,21364
7877,11,5,12226
7878,1306,1,3159
7879,794,1,3412
7880,242,7,18158
7881,271,5,19032
7882,28,5,11279
7883,254,4,11070
7884,26,8,22907
7885,220,7,15043
7886,224,1,3916
7887,33,8,21117
7888,215,6,15061
7889,418,4,12632
7890,47,10,30369
7891,55,5,13824
7892,304,5,13914
7893,397,1,4750
7894,184,3,7794
7895,220,3,5416
7896,93,6,20883
7897,138,6,8729
7898,22,5,12002
7899,49,5,16315
7900,501,6,18532
7901,464,8,23504
7902,498,2,6595
7903,993,3,6073
7904,254,6,17714
7905,511,2,5222
7906,90,9,25142
7907,1089,3,4509
7908,541,4,13831
7909,11,4,13889
7910,87,6,14993
7911,19,3,7642
7912,548,2,7326
7913,50,8,27294
7914,181,1,2320
7915,401,2,6725
7916,62,2,2798
7917,774,4,10505
7918,810,6,14871
7919,586,4,13410
7920,106,3,11418
7921,12,9,27522
7922,510,2,1147
7923,53,5,9814
7924,58,9,19421
7925,543,5,13035
7926,378,4,13664
7927,221,3,9057
7928,331,2,6009
7929,80,8,22577
7930,221,9,15797
7931,699,3,3924
7932,208,8,24470
7933,440,3,10115
7934,621,4,2870
7935,337,4,12316
7936,56,6,12380
7937,517,1,2743
7938,594,4,7922
7939,8,5,22481
7940,30,3,6456
7941,267,4,10964
7942,31,6,17349
7943,23,2,4051
7944,421,3,8206
7945,48,5,13490
7946,88,4,14931
7947,463,4,11125
7948,65,4,10608
7949,24,3,11383
7950,322,6,19349
7951,408,7,18658
7952,73,6,22657
7953,143,8,19403
7954,125,4,15536
7955,387,2,4790
7956,580,4,8144
7957,732,5,16678
7958,304,8,17284
7959,14,4,12223
7960,511,4,11808
7961,142,6,13506
7962,25,8,26364
7963,74,5,12788
7964,128,2,6791
7965,109,6,19061
7966,207,3,12573
7967,119,7,22450
7968,707,2,3558
7969,1004,1,1566
7970,296,6,13532
7971,140,6,16545
7972,31,5,10943
7973,63,7,22203
7974,336,4,13348
7975,7,4,14005
7976,502,9,20198
7977,377,3,9557
7978,73,5,12881
7979,108,3,8993
7980,257,2,3792
7981,23,7,23165
7982,141,4,12229
7983,48,5,13320
7984,202,5,15836
7985,60,6,22046
7986,66,5,19075
7987,23,6,17182
7988,77,6,18898
7989,163,7,18049
7990,183,7,18270
7991,437,4,5918
7992,122,6,17535
7993,116,8,21078
7994,319,4,12919
7995,605,4,10501
7996,444,7,14599
7997,11,3,12722
7998,354,5,14310
7999,321,5,15016
8000,392,6,11828
8001,274,3,11974
8002,76,2,2590
8003,46,3,4736
8004,111,4,12906
8005,175,10,22398
8006,195,11,32331
8007,216,7,19787
8008,404,5,13476
8009,123,7,14518
8010,12,7,23754
8011,380,7,13930
8012,92,6,14223
8013,117,5,12848
8014,39,5,15910
8015,105,6,10249
8016,354,5,17119
8017,51,11,28822
8018,129,3,7190
8019,99,3,6555
8020,685,1,1812
8021,396,3,3681
8022,165,4,14078
8023,3,4,14204
8024,58,3,9543
8025,168,7,16586
8026,126,3,3967
8027,30,3,3242
8028,6,6,20608
8029,203,5,12555
8030,73,5,13710
8031,237,3,8753
8032,219,3,5506
8033,876,1,3117
8034,193,5,16413
8035,391,5,11050
8036,199,6,11934
8037,149,6,11261
8038,372,3,8896
8039,176,2,3258
8040,78,5,16193
8041,19,10,19628
8042,187,1,4721
8043,446,3,7835
8044,616,4,6166
8045,300,2,4563
8046,25,7,19792
8047,271,6,22222
8048,1145,1,4544
8049,167,6,18552
8050,121,5,12175
8051,155,6,20997
8052,183,2,6402
8053,14,3,9997
8054,321,4,14487
8055,71,4,6795
8056,211,2,5429
8057,454,4,14610
8058,548,1,1300
8059,247,5,19213
8060,73,9,20275
8061,262,7,19163
8062,582,3,6679
8063,385,1,3683
8064,686,3,10246
8065,61,6,16870
8066,420,5,15974
8067,237,6,22484
8068,57,4,11761
8069,71,6,11935
8070,14,4,15348
8071,788,2,4306
8072,135,7,26891
8073,39,5,21308
8074,210,7,16359
8075,43,4,9186
8076,901,2,1663
8077,25,4,11621
8078,81,11,31550
8079,87,5,15277
8080,3,5,14555
8081,122,5,15350
8082,116,5,16944
8083,204,3,8880
8084,164,3,7909
8085,195,7,14259
8086,301,3,5354
8087,100,9,24858
8088,9,5,12865
8089,63,5,7763
8090,704,1,2958
8091,23,1,4814
8092,172,7,24226
8093,68,4,14781
8094,515,2,5659
8095,403,7,17804
8096,34,12,27747
8097,769,2,4495
8098,267,4,12369
8099,860,6,16973
8100,175,5,13168
8101,152,5,14903
8102,50,4,9147
8103,453,8,19406
8104,226,4,7468
8105,303,7,21645
8106,34,6,15851
8107,814,1,429
8108,191,8,17270
8109,68,6,19486
8110,548,4,14883
8111,4,4,9921
8112,586,4,8283
8113,18,2,3462
8114,183,4,5590
8115,497,6,16860
8116,594,7,16384
8117,71,5,11517
8118,33,6,14332
8119,82,3,6287
8120,120,4,10600
8121,166,3,9568
8122,51,3,8791
8123,213,3,8426
8124,160,6,11329
8125,13,6,16514
8126,135,5,17449
8127,38,6,20552
8128,578,2,7099
8129,590,5,7570
8130,779,4,15243
8131,661,3,5008
8132,102,6,17608
8133,26,4,16750
8134,351,6,21972
8135,261,3,11478
8136,242,6,10485
8137,185,5,8191
8138,474,5,17025
8139,445,6,19430
8140,25,9,21021
8141,45,5,10315
8142,163,5,18038
8143,275,7,25946
8144,162,2,8133
8145,314,5,17148
8146,274,7,13668
8147,115,9,29962
8148,101,8,21207
8149,310,3,9834
8150,88,6,17550
8151,844,6,12306
8152,227,6,17155
8153,152,4,11091
8154,629,5,11260
8155,171,6,11213
8156,71,6,20506
8157,64,9,23178
8158,11,5,6676
8159,363,4,2951
8160,8,4,9541
8161,252,9,20620
8162,534,6,25728
8163,852,2,7412
8164,489,5,15978
8165,230,3,3566
8166,320,6,19952
8167,68,9,26146
8168,311,6,16562
8169,425,3,6185
8170,118,3,10545
8171,552,5,14918
8172,144,6,10787
8173,159,8,9946
8174,180,6,16813
8175,1092,1,2049
8176,173,8,24965
8177,130,5,11189
8178,18,7,15082
8179,76,3,7094
8180,22,8,21728
8181,219,5,13692
8182,349,4,12266
8183,371,3,9223
8184,127,9,23431
8185,526,3,5208
8186,724,2,7419
8187,196,3,9224
8188,600,3,9553
8189,211,5,13612
8190,75,4,10549
8191,100,6,17229
8192,77,5,9141
8193,671,4,10295
8194,823,5,16080
8195,295,2,9087
8196,224,4,9288
8197,518,4,9437
8198,402,6,19608
8199,528,2,5625
8200,723,2,2018
8201,207,6,18364
8202,31,4,13373
8203,120,6,17237
8204,184,4,11213
8205,280,5,13362
8206,276,2,5436
8207,60,9,26604
8208,25,7,14094
8209,875,4,15252
8210,705,5,13664
8211,2,7,23011
8212,17,7,16039
8213,1351,1,5138
8214,200,4,10353
8215,79,5,15181
8216,2,5,10229
8217,79,6,16322
8218,39,7,17169
8219,356,3,11942
8220,431,3,10344
8221,199,7,23741
8222,45,5,16290
8223,320,3,9622
8224,757,5,15670
8225,246,4,15694
8226,95,8,15165
8227,89,7,13366
8228,650,3,8203
8229,27,5,19607
8230,104,4,15928
8231,99,2,6203
8232,358,8,22845
8233,916,2,7551
8234,121,4,11607
8235,202,6,9423
8236,257,5,10605
8237,360,6,9427
8238,92,2,2082
8239,618,1,559
8240,177,8,21569
8241,530,5,11612
8242,207,5,13681
8243,147,2,6761
8244,510,4,14018
8245,313,4,5996
8246,35,7,17040
8247,64,9,26024
8248,539,5,12104
8249,524,6,13387
8250,276,9,27781
8251,61,2,7204
8252,169,5,11281
8253,145,9,24674
8254,694,7,18435
8255,712,3,9202
8256,19,6,18380
8257,92,3,7738
8258,718,7,19776
8259,280,7,24533
8260,309,8,16695
8261,102,4,7627
8262,334,2,4421
8263,22,7,10309
8264,66,7,13420
8265,296,8,23029
8266,455,1,673
8267,49,6,14812
8268,31,3,7933
8269,304,8,25150
8270,180,7,19639
8271,60,4,7770
8272,98,4,13984
8273,115,3,9558
8274,15,5,14645
8275,789,2,9162
8276,399,3,4530
8277,93,4,11493
8278,134,7,20484
8279,174,9,20483
8280,424,4,15507
8281,252,7,22323
8282,298,2,7969
8283,25,5,12327
8284,37,2,3730
8285,395,2,6055
8286,629,4,15567
8287,199,9,24641
8288,828,3,4095
8289,148,6,22144
8290,151,4,14775
8291,1312,2,8301
8292,633,4,15928
8293,190,6,12717
8294,293,6,12954
8295,121,4,16361
8296,445,7,10316
8297,73,3,9851
8298,172,4,15126
8299,643,4,16042
8300,454,7,16215
8301,224,5,15021
8302,251,4,13437
8303,127,3,4059
8304,275,4,9257
8305,341,4,11939
8306,819,4,14422
8307,225,4,8861
8308,1261,2,6632
8309,72,4,11130
8310,115,2,4280
8311,257,7,18989
8312,140,2,3023
8313,410,4,13716
8314,535,7,13799
8315,173,5,17055
8316,128,5,15959
8317,735,4,9487
8318,40,6,14891
8319,75,3,3269
8320,121,7,17564
8321,208,4,9949
8322,107,6,17336
8323,163,7,13767
8324,651,7,15480
8325,4,7,22005
8326,175,4,9240
8327,93,5,18207
8328,178,4,15627
8329,473,6,23641
8330,259,5,11316
8331,1143,2,5265
8332,733,4,12349
8333,30,9,24234
8334,371,3,6363
8335,760,2,3471
8336,103,4,15385
8337,32,7,25230
8338,584,2,4141
8339,92,6,19125
8340,59,5,14595
8341,414,4,11760
8342,356,6,20170
8343,14,6,17751
8344,412,4,9795
8345,60,4,15699
8346,339,5,13737
8347,28,5,16723
8348,413,6,16936
8349,232,7,18866
8350,201,6,11477
8351,88,6,14541
8352,19,5,9547
8353,306,6,19624
8354,267,3,10375
8355,205,2,9716
8356,449,4,15221
8357,130,7,22348
8358,14,7,17643
8359,173,4,8433
8360,59,7,14414
8361,1289,1,3451
8362,142,4,11788
8363,125,1,4122
8364,75,5,13110
8365,161,7,17314
8366,377,6,16920
8367,427,2,3159
8368,774,3,10513
8369,141,6,16541
8370,251,5,9071
8371,29,9,25060
8372,413,4,13431
8373,696,2,2911
8374,9,9,28356
8375,1329,1,2328
8376,64,5,10189
8377,152,6,12940
8378,181,6,19136
8379,43,12,24944
8380,11,8,29668
8381,332,4,6985
8382,459,8,26434
8383,326,2,1788
8384,377,3,8620
8385,150,4,11311
8386,642,5,12694
8387,540,3,9930
8388,230,9,14154
8389,109,8,21271
8390,710,2,3457
8391,262,4,9874
8392,57,7,23483
8393,71,3,8255
8394,11,7,19583
8395,35,10,29118
8396,7,4,13989
8397,74,5,13203
8398,496,4,10070
8399,256,8,22705
8400,110,6,16287
8401,570,3,9491
8402,438,7,17008
8403,26,5,13824
8404,476,3,4898
8405,5,6,15544
8406,124,4,5405
8407,248,6,9295
8408,517,3,8215
8409,615,4,13348
8410,188,5,14223
8411,1,4,14774
8412,367,5,12872
8413,969,2,4507
8414,749,2,4062
8415,65,4,14274
8416,146,5,10780
8417,254,5,16623
8418,244,3,10001
8419,287,6,20152
8420,370,5,17175
8421,69,5,17455
8422,250,6,13076
8423,145,5,16131
8424,956,1,2320
8425,225,4,10680
8426,309,5,12060
8427,808,2,9003
8428,353,4,7266
8429,983,2,6066
8430,282,8,20697
8431,145,9,24429
8432,242,6,17752
8433,58,4,10981
8434,332,6,17624
8435,12,4,8829
8436,140,7,19220
8437,226,4,10274
8438,180,5,17285
8439,864,2,5177
8440,105,10,28531
8441,323,6,17569
8442,936,2,7350
8443,221,5,16816
8444,231,8,16604
8445,556,4,15793
8446,184,5,16194
8447,4,5,19571
8448,70,5,13389
8449,28,7,13719
8450,49,5,16987
8451,104,5,10392
8452,497,7,22994
8453,691,4,10971
8454,205,4,9158
8455,43,7,27093
8456,193,7,22159
8457,225,5,9899
8458,426,5,11795
8459,136,5,15493
8460,370,2,1016
8461,99,5,12588
8462,102,2,7274
8463,212,3,8756
8464,637,5,12573
8465,45,5,17882
8466,40,7,23559
8467,38,4,11422
8468,155,5,13486
8469,820,4,12040
8470,193,2,6424
8471,227,5,21029
8472,449,8,23995
8473,769,3,12892
8474,15,13,29782
8475,504,3,10417
8476,554,5,18363
8477,277,3,7545
8478,8,3,3934
8479,164,2,3200
8480,31,5,13323
8481,238,1,3025
8482,261,6,19661
8483,44,3,8591
8484,125,6,14616
8485,40,7,20688
8486,395,3,6761
8487,529,5,13889
8488,208,4,10934
8489,432,4,9212
8490,61,9,23631
8491,163,6,14226
8492,225,8,18439
8493,115,5,14475
8494,500,3,12072
8495,65,9,28096
8496,278,9,28425
8497,984,2,5431
8498,521,6,17468
8499,372,3,5913
8500,153,4,17080
8501,263,7,13171
8502,164,3,2284
8503,320,6,10263
8504,99,6,19649
8505,734,3,3755
8506,1341,1,5164
8507,143,10,29367
8508,88,5,11409
8509,180,4,10583
8510,85,4,12440
8511,28,3,8902
8512,489,2,5396
8513,330,3,9459
8514,560,5,13457
8517,139,4,7683
8518,298,5,9563
8519,132,9,32538
8520,165,6,18534
8521,78,4,5195
8522,46,6,20212
8523,46,7,20817
8524,38,3,6033
8525,62,6,14714
8526,67,4,13532
8527,293,3,6922
8528,46,9,27226
8529,79,5,16973
8530,64,7,21756
8531,461,6,18500
8532,103,2,5847
8533,313,2,5463
8534,77,7,18814
8535,302,3,11546
8536,133,6,12580
8537,699,2,5431
8538,450,3,2832
8539,131,6,17220
8540,99,6,14297
8541,80,4,12955
8542,202,5,11991
8543,344,3,8844
8544,207,5,11001
8545,59,6,18400
8546,313,7,23142
8547,195,9,28443
8548,409,8,20901
8549,378,4,8477
8550,1023,2,6878
8551,48,5,14678
8552,83,6,12888
8553,612,3,4028
8554,287,5,13202
8555,339,3,7755
8556,306,3,12788
8557,362,4,9104
8558,476,6,24500
8559,451,5,11458
8560,92,5,14518
8561,8,10,24052
8562,21,4,15766
8563,363,4,15913
8564,248,6,27436
8565,340,7,16048
8566,315,5,8054
8567,40,7,20599
8568,858,3,7037
8569,41,3,10608
8570,464,5,16424
8571,469,4,10334
8572,426,9,29241
8573,755,6,17984
8574,58,7,17287
8575,1121,1,2717
8576,21,5,9933
8577,135,5,18896
8578,372,4,12995
8579,52,5,14928
8580,397,4,11151
8581,70,6,11459
8582,120,4,7152
8583,18,5,11535
8584,121,4,12871
8585,307,1,3750
8586,323,10,22724
8587,905,3,10218
8588,412,3,15539
8589,239,6,20544
8590,433,6,16997
8591,190,4,13269
8592,337,3,7908
8593,87,6,17768
8594,56,2,4874
8595,302,5,11989
8596,31,8,25115
8597,419,4,13885
8598,98,3,2494
8599,1,3,6256
8600,122,9,27031
8601,437,5,17477
8602,210,6,18605
8603,368,6,15647
8604,407,5,19333
8605,7,6,16126
8606,121,2,6246
8607,509,4,11846
8608,23,6,21228
8609,184,10,19860
8610,232,8,16958
8611,610,2,5320
8612,330,4,14906
8613,168,3,11431
8614,436,5,9558
8615,876,4,11806
8616,592,6,19744
8617,588,2,2385
8618,7,2,4530
8619,104,11,30319
8620,444,3,5241
8621,136,6,15526
8622,148,3,7559
8623,190,4,13227
8624,285,6,19832
8625,12,4,13909
8626,72,8,24626
8627,352,5,14417
8628,625,3,7089
8629,240,3,9153
8630,488,2,8244
8631,122,7,19384
8632,201,4,15693
8633,73,6,14573
8634,10,6,15889
8635,15,5,10010
8636,836,1,1132
8637,702,2,3952
8638,195,7,22097
8639,145,4,4423
8640,314,4,7550
8641,309,6,15885
8642,221,10,30510
8643,411,3,12704
8644,169,2,7784
8645,220,5,9371
8646,67,4,11198
8647,793,2,9716
8648,376,5,12824
8649,108,7,15876
8650,232,4,13285
8651,200,2,3123
8652,880,3,10801
8653,56,6,18595
8654,45,10,28174
8655,169,9,17583
8656,29,4,9499
8657,77,4,16163
8658,241,4,8034
8659,552,4,11060
8660,61,5,9824
8661,70,3,8846
8662,1103,2,6824
8663,169,3,12997
8664,15,9,20331
8665,593,4,8997
8666,133,9,21192
8667,407,3,10011
8668,164,5,13840
8669,4,8,21489
8670,61,3,7206
8671,426,2,9498
8672,112,6,9218
8673,312,4,7732
8674,207,7,18467
8675,154,8,23169
8676,223,2,5866
8677,95,9,19442
8678,377,7,20444
8679,117,6,19721
8680,295,3,7734
8681,575,5,16549
8682,23,7,13700
8683,328,4,5795
8684,499,8,20371
8685,152,9,23686
8686,181,7,16696
8687,103,7,26209
8688,153,6,17692
8689,128,8,27385
8690,399,4,18784
8691,67,5,10636
8692,187,8,19977
8693,223,7,23127
8694,10,7,16370
8695,196,2,4169
8696,200,9,20480
8697,255,6,20477
8698,329,5,13614
8699,375,7,18348
8700,92,5,10939
8701,74,7,20800
8702,324,6,14300
8703,593,3,14386
8704,189,4,11441
8705,256,2,6748
8706,161,9,28318
8707,172,4,10092
8708,276,4,13041
8709,311,6,13180
8710,717,4,9149
8711,206,6,13225
8712,221,5,13566
8713,98,5,7743
8714,665,2,9947
8715,42,4,11191
8716,43,8,18050
8717,310,4,11817
8718,378,1,1644
8719,353,4,11105
8720,452,6,16306
8721,145,8,25089
8722,90,3,6886
8723,188,5,18702
8724,1260,1,1347
8725,72,4,10050
8726,340,6,18203
8727,746,5,17671
8728,7,7,22893
8729,146,9,23509
8730,478,2,3051
8731,72,6,11928
8732,22,5,18287
8733,158,3,13313
8734,214,5,10352
8735,176,7,18219
8736,236,6,18441
8737,288,5,8665
8738,224,6,11791
8739,300,3,4554
8740,430,9,24967
8741,287,3,8725
8742,113,3,8120
8743,90,8,17554
8744,602,6,14218
8745,235,7,14868
8746,129,6,14542
8747,532,5,12273
8748,776,2,2349
8749,51,6,18751
8750,522,6,15869
8751,4,9,21258
8752,676,5,12845
8753,135,7,17309
8754,756,6,14206
8755,1140,2,6713
8756,65,7,17403
8757,358,4,13051
8758,73,9,31459
8759,559,5,16028
8760,281,6,11667
8761,647,10,33434
8762,110,4,14983
8763,164,5,14406
8764,135,6,13574
8765,73,9,15052
8766,98,6,19174
8767,125,4,11342
8768,982,4,17962
8769,127,3,9654
8770,122,8,27517
8771,324,3,9581
8772,268,8,24789
8773,883,3,11558
8774,363,5,9049
8775,242,9,23424
8776,338,8,23070
8777,35,5,18444
8778,460,6,15117
8779,392,5,17388
8780,211,3,9655
8781,471,3,7332
8782,125,6,20391
8783,568,2,6194
8784,243,4,5799
8785,186,5,13510
8786,179,6,16231
8787,535,3,5556
8788,146,4,9864
8789,302,5,18018
8790,322,4,10689
8791,205,5,16953
8792,311,9,21761
8793,267,8,21533
8794,120,6,21356
8795,55,3,11060
8796,677,1,1033
8797,6,5,14918
8798,793,2,7301
8799,368,6,14336
8800,105,7,22983
8801,432,3,3615
8802,24,3,2750
8803,82,5,7738
8804,11,7,16727
8805,571,5,9163
8806,477,4,8210
8807,511,3,7461
8808,457,6,18811
8809,270,7,20491
8810,78,5,9693
8811,713,4,3626
8812,190,9,28773
8813,10,5,12472
8814,135,5,8035
8815,5,4,9679
8816,65,8,25063
8817,777,2,8290
8818,630,3,5899
8819,29,3,9382
8820,36,8,21469
8821,315,5,8413
8822,758,5,12259
8823,170,5,13063
8824,301,9,16037
8825,26,5,14859
8826,1,2,3598
8827,170,8,29443
8828,663,2,3182
8829,391,6,23130
8830,395,2,6535
8831,309,3,5251
8832,589,6,14354
8833,355,4,10936
8834,50,7,19114
8835,940,4,7636
8836,558,3,8627
8837,50,4,12050
8838,416,5,10341
8839,168,6,18926
8840,45,10,29726
8841,36,5,17721
8842,90,4,3024
8843,273,7,25814
8844,382,5,18832
8846,399,2,5742
8847,141,7,15533
8848,285,5,15409
8849,208,5,8801
8850,72,6,16293
8851,196,3,3051
8852,312,5,12270
8853,234,7,18655
8854,63,7,23673
8855,149,6,20379
8856,889,5,12412
8857,174,3,6416
8858,252,3,6037
8859,763,4,11009
8860,1,12,33596
8861,203,7,20507
8862,300,8,20978
8863,343,6,15044
8864,45,9,23686
8865,361,4,13719
8866,632,3,7611
8867,190,8,25339
8868,220,6,17981
8869,468,2,7109
8870,91,7,18615
8871,6,7,24094
8872,19,3,4999
8873,97,3,5439
8875,6,6,16732
8876,1258,1,614
8877,414,4,15033
8878,14,3,8702
8879,234,5,15058
8880,161,8,23590
8881,336,4,9956
8882,148,5,19214
8883,66,5,18744
8884,104,7,29825
8885,210,10,28719
8886,46,4,8261
8887,341,7,10561
8888,523,4,5319
8889,28,5,17605
8890,250,5,14194
8891,180,8,17591
8892,314,5,18469
8893,531,2,5590
8894,888,1,5149
8895,159,6,17425
8896,302,3,8719
8897,120,7,15296
8898,78,8,17804
8899,49,3,6927
8900,80,5,14177
8901,469,2,5375
8902,368,5,13419
8903,134,4,9148
8904,551,2,3723
8905,247,4,10668
8906,79,7,24538
8907,69,6,22250
8908,36,12,37846
8909,89,10,23402
8910,345,1,467
8911,153,4,3600
8912,317,3,9002
8913,210,7,10441
8914,130,6,16051
8915,63,11,23121
8916,128,4,11873
8917,25,8,20609
8918,130,5,14195
8919,191,5,17049
8920,1270,2,6590
8921,231,7,17483
8922,797,3,6756
8923,41,4,7877
8924,1026,2,2168
8925,27,6,13301
8926,176,7,21200
8927,182,6,17646
8928,442,6,16564
8929,118,4,17366
8930,491,6,12272
8931,75,7,14244
8932,38,3,2781
8933,477,3,9120
8934,12,7,20548
8935,115,7,19830
8936,68,8,17468
8937,262,7,19847
8938,3,7,17441
8939,184,9,22981
8940,117,8,25020
8941,30,6,23317
8942,66,5,9598
8943,187,6,14086
8944,205,11,22568
8945,4,5,18127
8946,105,6,15602
8947,87,6,8574
8948,254,6,16306
8949,36,8,23887
8950,243,8,20927
8951,124,4,13347
8952,106,4,15203
8953,87,7,17109
8954,457,3,7594
8955,277,3,8317
8956,348,5,14526
8957,72,6,13462
8958,72,10,29361
8959,84,6,13971
8960,66,6,18541
8961,209,6,13139
8962,755,4,5515
8963,7,3,10741
8964,400,3,11625
8965,51,2,7590
8966,58,6,17446
8967,1340,1,1294
8968,178,4,14317
8969,193,2,7258
8970,776,5,14363
8971,29,5,17313
8972,161,6,19044
8973,319,8,21412
8974,161,3,5283
8975,722,5,14362
8976,65,8,26737
8977,82,3,5384
8978,119,5,12069
8979,374,3,8426
8980,611,2,5513
8981,27,4,8580
8982,399,3,11070
8983,22,4,16561
8984,136,9,26148
8985,164,6,16068
8986,406,1,2952
8987,218,6,12951
8988,129,2,5290
8989,223,8,23589
8990,6,5,16604
8991,103,3,5504
8992,314,4,7047
8993,60,7,18433
8994,518,2,9894
8995,41,5,8288
8996,534,2,8139
8997,327,6,14737
8998,1163,2,5145
8999,162,6,14880
9000,278,4,11184
9001,144,9,23912
9002,42,5,13981
9003,686,3,11895
9004,294,2,5493
9005,329,6,17818
9006,268,4,8431
9007,594,5,3200
9008,196,5,14643
9009,595,5,12976
9010,608,2,1438
9011,25,4,10739
9012,397,5,13303
9013,62,5,7237
9014,651,1,4323
9015,146,6,14614
9016,26,7,15472
9017,28,4,9306
9018,140,6,10310
9019,411,2,4208
9020,363,6,15351
9021,56,6,17277
9022,111,5,10273
9023,54,7,23508
9024,234,9,23314
9025,556,4,12104
9026,238,1,1527
9027,993,1,1559
9028,353,5,14326
9029,159,6,16314
9030,135,6,11382
9031,39,6,14697
9032,174,10,28544
9033,162,4,11439
9034,91,3,10615
9035,228,6,17836
9036,58,6,14742
9037,120,4,7859
9038,260,4,12939
9039,123,4,9552
9040,195,6,22452
9041,62,8,17854
9042,645,5,17814
9043,84,8,19640
9044,170,4,7078
9045,32,11,33168
9046,110,6,10339
9047,68,5,15359
9048,32,11,28053
9049,133,4,7560
9050,10,7,19504
9051,70,5,13788
9052,220,6,12398
9053,298,5,18090
9054,304,5,13078
9055,2,5,12476
9056,470,5,16982
9057,33,9,26531
9059,748,2,2620
9060,752,5,12837
9061,330,5,14324
9062,170,5,12243
9063,384,4,10013
9064,257,6,18365
9065,944,2,4179
9066,49,5,12667
9067,101,8,25492
9068,272,3,9728
9069,272,2,5736
9070,68,4,11388
9071,236,5,20121
9072,311,3,5255
9073,568,7,17632
9074,162,3,7450
9075,135,6,14833
9076,335,4,10386
9077,40,7,25248
9078,230,4,8487
9079,112,5,16737
9080,19,5,12520
9081,1300,1,3380
9082,95,5,16747
9083,4,9,22435
9084,43,5,10659
9085,132,2,6580
9086,201,2,7384
9087,275,3,9122
9088,480,4,15832
9089,48,8,21489
9090,223,7,20567
9091,745,4,8144
9092,221,4,10595
9093,868,1,4599
9094,273,4,12255
9095,865,2,2080
9096,212,7,17728
9097,29,7,20249
9098,327,4,15891
9099,27,3,9450
9100,160,4,6408
9101,239,7,22440
9102,18,8,25381
9103,38,6,13346
9104,1127,2,2829
9105,96,7,22391
9106,173,2,5154
9107,158,3,6762
9108,44,7,17500
9109,119,7,18934
9110,234,7,15767
9111,20,3,7388
9112,1,9,25500
9113,255,9,27297
9114,313,6,15185
9115,502,8,28140
9116,172,7,15588
9117,275,8,13522
9118,139,5,12444
9119,566,3,8303
9120,42,4,7822
9121,291,2,7681
9122,191,2,4614
9123,393,2,5372
9124,324,3,7349
9125,90,3,8245
9126,224,3,11660
9127,602,2,7604
9128,323,4,6755
9129,665,2,4717
9130,161,3,8505
9131,33,7,20033
9132,109,10,24972
9133,92,4,10674
9134,137,8,24092
9135,354,3,9222
9136,895,2,5034
9137,27,6,21405
9138,109,3,7540
9139,389,3,6709
9140,236,7,19952
9141,79,4,8988
9142,336,6,19102
9143,234,4,6156
9144,471,4,12594
9145,41,4,13485
9146,22,6,14252
9147,426,5,13765
9148,98,7,22930
9149,415,6,21641
9150,27,8,24099
9151,193,5,10447
9152,167,5,8660
9153,48,5,9992
9154,1065,3,4655
9155,232,4,14723
9156,119,5,8596
9157,369,6,15212
9158,159,7,18935
9159,512,4,6911
9160,174,8,21419
9161,265,5,14625
9162,556,4,8088
9163,116,7,18732
9164,65,3,7736
9165,319,10,27063
9166,503,4,10094
9167,34,8,22441
9168,340,4,10590
9169,110,2,6167
9170,254,5,13275
9171,873,1,4910
9172,1014,2,4179
9173,89,6,18181
9174,71,8,17795
9175,299,3,10522
9176,159,6,19531
9177,173,4,11824
9178,346,8,21707
9179,322,3,10744
9180,506,6,9008
9181,69,3,4565
9182,167,1,3263
9183,427,3,11657
9184,188,5,14973
9185,243,6,12213
9186,183,5,10852
9187,459,3,11869
9188,257,4,10576
9189,173,5,16016
9190,428,3,9945
9191,1139,1,2995
9192,806,2,3545
9193,346,7,17527
9194,150,2,8427
9195,77,2,7301
9196,425,6,17244
9197,142,6,23389
9198,198,8,31950
9199,356,3,9399
9200,40,9,32922
9201,39,3,6440
9202,123,5,15533
9203,68,7,22365
9204,157,4,12617
9205,17,4,8838
9206,208,8,16882
9207,301,5,16101
9208,98,6,17187
9209,703,2,6845
9210,16,3,6306
9211,227,4,10496
9212,305,7,18517
9213,201,1,3861
9214,317,4,15277
9215,85,7,19480
9216,248,6,13437
9217,440,3,3086
9218,22,3,5218
9219,378,7,15507
9220,65,10,25272
9221,206,2,7464
9222,13,6,18579
9223,8,5,17320
9224,24,4,8178
9225,202,4,8605
9226,26,6,17310
9227,230,6,9326
9228,18,5,18144
9229,202,3,6376
9230,201,4,15229
9231,220,7,19602
9232,433,5,13026
9233,474,4,11397
9234,408,8,23442
9235,773,2,2896
9236,185,7,17336
9237,210,3,6568
9238,326,6,16890
9239,100,4,9486
9240,965,2,4260
9242,8,5,14346
9243,276,3,6424
9244,502,2,7313
9245,84,7,17303
9246,817,3,5580
9248,161,4,17456
9249,185,6,16771
9250,118,3,10302
9251,295,2,5802
9252,142,4,10866
9253,48,9,29458
9254,479,3,8936
9255,5,4,8283
9256,167,4,13114
9257,235,3,6705
9258,783,3,8558
9259,484,3,9121
9260,773,3,5840
9261,702,4,9190
9262,109,3,6760
9263,14,5,11766
9264,26,3,8122
9265,10,8,17365
9266,47,8,21401
9267,75,8,21660
9268,515,3,4704
9269,257,2,7723
9270,980,1,2817
9271,120,5,19366
9272,170,6,22840
9273,50,3,8679
9274,142,9,23769
9275,103,5,17368
9276,60,6,17639
9277,58,6,23382
9278,360,4,10454
9279,28,5,14136
9280,227,5,15449
9281,564,8,20065
9282,316,8,21021
9283,99,12,40102
9284,72,5,12438
9285,104,3,5477
9286,367,2,7734
9287,628,5,13409
9288,1124,1,3099
9289,189,7,19159
9290,312,6,18563
9291,752,3,10437
9292,106,7,25435
9293,84,8,22649
9294,308,5,13566
9295,2,5,8024
9296,180,2,5791
9297,274,7,25373
9298,464,2,8571
9299,137,4,9412
9300,34,4,10709
9301,110,6,20121
9302,212,5,12224
9303,195,6,17862
9304,362,5,8601
9305,551,2,5895
9306,260,5,18259
9307,68,5,14206
9308,3,3,4537
9309,462,2,7390
9310,127,5,11773
9311,400,6,13382
9312,301,7,20706
9313,491,2,2838
9314,528,9,26099
9315,143,8,22255
9316,337,7,21943
9317,470,6,15288
9318,197,9,24803
9319,273,7,18750
9320,69,9,28029
9321,130,5,13131
9322,65,8,18513
9323,286,5,13246
9324,618,1,2888
9325,196,7,14935
9326,74,7,18430
9327,210,5,13746
9328,405,6,12274
9329,291,6,21852
9330,688,4,12527
9331,341,7,18422
9332,55,2,5554
9333,44,7,19171
9334,56,10,27362
9335,283,3,10003
9336,514,2,1711
9337,67,6,17563
9338,97,5,10113
9339,364,6,15591
9340,1055,1,5099
9341,342,4,8690
9342,142,7,20820
9343,351,3,9186
9344,66,2,5273
9345,242,2,7010
9346,219,5,21014
9347,457,4,11919
9348,412,4,13820
9349,601,4,10117
9350,146,8,17260
9351,734,5,17204
9352,74,4,13293
9353,43,8,27577
9354,190,3,12289
9355,137,4,16361
9356,244,2,4911
9357,379,4,14218
9358,108,5,9745
9359,132,5,11192
9360,358,4,14397
9361,131,4,7350
9362,195,3,8365
9363,245,4,13918
9364,121,3,8897
9365,114,3,11632
9366,62,6,12736
9367,553,2,4017
9368,326,6,16376
9369,212,7,18073
9370,455,3,9319
9371,818,3,6274
9372,76,7,15930
9373,54,3,10523
9374,175,4,7572
9375,586,6,19257
9376,249,6,17357
9377,256,7,21585
9378,80,6,19560
9379,430,3,7258
9380,892,4,12707
9381,14,5,12588
9382,233,4,13679
9383,115,6,13578
9384,26,6,12753
9385,790,4,7897
9386,218,4,11648
9387,64,3,7829
9388,455,4,7608
9389,566,3,4983
9390,21,4,7580
9391,157,3,7860
9392,47,3,13938
9393,627,3,5008
9394,117,3,1745
9395,118,4,14469
9396,636,3,6023
9397,135,4,5924
9398,427,3,3292
9399,217,3,7482
9400,66,6,14950
9401,781,2,7759
9402,60,9,24743
9403,109,7,14573
9404,184,2,5800
9405,83,11,42479
9406,651,4,12866
9407,536,4,12368
9408,96,6,18136
9409,23,2,2990
9410,110,5,14372
9411,222,2,6433
9412,16,5,13605
9413,75,4,7799
9414,659,1,4797
9415,1351,1,4423
9416,307,8,27733
9417,156,7,23935
9418,223,8,19581
9419,20,8,27550
9420,13,4,13498
9421,89,4,10932
9422,3,6,15256
9423,85,4,15378
9424,645,3,6232
9425,5,10,33263
9426,527,3,12865
9427,164,6,15483
9428,342,6,18913
9429,306,8,20877
9430,220,3,6879
9431,358,5,9425
9432,208,3,12319
9433,24,6,17118
9434,163,4,13354
9435,791,1,2325
9436,141,9,26743
9437,182,5,17897
9438,207,10,27674
9439,633,5,15661
9440,186,3,10094
9441,199,9,30464
9442,43,5,10247
9443,833,3,7369
9444,75,4,10382
9445,1,7,21495
9446,80,7,18060
9447,38,3,6827
9448,222,7,24668
9449,479,3,5998
9450,3,3,8249
9451,59,4,12850
9452,20,4,10586
9453,705,1,3160
9454,147,8,23208
9455,14,4,7399
9456,10,3,9165
9457,181,6,19893
9458,628,2,7566
9459,124,5,15299
9460,154,11,34969
9461,306,3,8504
9462,242,4,11497
9463,191,6,19295
9464,326,3,5897
9465,956,2,7103
9466,7,7,26308
9467,311,2,7542
9468,745,3,9374
9469,560,3,5172
9470,951,4,12749
9471,295,4,9937
9472,64,8,21694
9473,30,6,13255
9474,212,2,3660
9475,296,7,24784
9476,495,3,10848
9477,342,5,11146
9478,555,4,10685
9479,53,8,22369
9480,1063,4,7724
9481,604,6,22077
9482,649,6,20280
9483,22,5,13820
9484,210,6,16855
9485,260,4,6375
9486,654,4,9244
9487,406,2,3521
9488,226,5,19311
9489,114,4,11925
9490,32,4,9850
9491,147,4,8679
9492,309,8,23652
9493,477,4,13980
9494,114,7,21643
9495,242,4,13149
9496,753,3,10768
9497,706,2,6459
9498,29,7,20947
9499,245,5,16358
9500,733,1,3849
9501,126,4,11537
9502,408,6,16452
9503,994,3,12448
9504,482,3,5198
9505,174,7,17147
9506,525,5,12043
9507,375,10,28090
9508,49,4,9890
9509,113,5,17381
9510,763,4,10135
9511,566,5,11222
9512,13,4,6732
9513,108,10,33913
9514,207,3,8725
9515,511,4,12451
9516,539,3,8511
9517,758,3,6068
9518,350,3,8737
9519,118,11,22092
9520,90,4,13405
9521,153,5,17648
9522,113,5,13150
9523,99,3,14654
9524,80,9,22605
9525,30,3,10404
9526,204,3,6252
9527,189,4,9797
9528,136,2,4843
9529,228,2,8079
9530,419,3,6595
9531,213,11,32265
9532,178,8,15264
9533,124,7,19442
9534,42,6,19825
9535,62,8,19222
9536,194,8,25829
9537,134,6,16734
9538,60,8,26735
9539,35,8,20139
9540,469,5,18772
9541,87,6,19104
9542,111,3,7133
9543,130,9,21600
9544,124,7,19628
9545,189,8,21002
9546,51,4,12476
9547,79,7,18384
9548,338,5,14916
9549,242,5,15882
9550,181,4,15264
9551,64,1,3631
9552,35,7,13943
9553,205,2,6171
9554,456,4,18895
9555,36,3,12183
9556,108,2,3844
9557,82,7,11462
9558,280,6,21278
9559,805,3,9517
9560,80,4,11493
9561,380,3,7876
9562,53,3,6408
9563,243,3,10980
9564,135,6,13325
9565,144,3,7234
9566,854,2,6813
9567,92,4,14330
9568,174,10,27912
9569,183,2,5737
9570,327,4,13331
9571,120,5,9282
9572,276,4,5307
9573,756,2,3261
9574,262,6,16287
9575,367,10,27648
9576,123,4,8118
9577,132,3,8397
9578,197,2,5242
9579,120,3,9656
9580,18,5,18336
9581,248,6,19896
9582,137,5,9242
9583,122,8,21390
9584,342,4,10889
9585,35,7,23577
9586,190,4,7359
9587,234,6,19507
9588,39,7,12939
9589,48,5,16588
9590,293,4,6760
9591,272,7,13864
9592,7,4,15281
9593,373,5,13888
9594,14,9,29161
9595,43,5,12853
9596,275,8,22773
9597,345,3,10580
9598,77,5,11218
9599,239,3,8216
9600,111,4,10993
9601,227,7,24623
9602,344,5,12301
9603,244,4,7332
9604,2,8,18583
9605,625,5,11844
9606,462,3,6698
9607,717,3,8896
9608,134,5,12096
9609,49,7,17217
9610,221,4,7681
9611,35,5,10464
9612,122,8,21563
9613,243,8,22374
9614,222,6,16966
9615,265,8,21804
9616,180,6,20917
9617,862,4,6901
9618,115,6,14805
9619,423,6,8757
9620,37,9,25703
9621,880,2,2789
9622,163,3,6172
9623,88,6,15824
9624,160,6,8125
9625,37,11,25616
9626,185,5,9654
9627,275,4,7723
9628,289,5,18543
9629,261,2,3998
9630,16,4,14754
9631,73,3,3554
9632,412,4,12415
9633,49,5,10188
9634,424,4,10427
9635,38,6,15583
9636,99,4,4520
9637,17,6,19131
9638,624,4,10273
9639,45,5,16792
9640,98,6,12313
9641,19,5,12501
9642,19,9,25928
9643,117,10,25954
9644,85,10,30024
9645,11,13,39255
9646,110,5,12179
9647,735,7,17498
9648,755,2,4674
9649,252,1,4859
9650,104,5,18929
9651,192,3,8408
9652,478,3,8594
9653,133,2,5064
9654,192,5,18308
9655,35,6,13558
9656,174,4,15604
9657,91,2,7215
9658,691,1,2921
9659,107,7,20421
9660,50,4,11860
9661,5,7,16778
9662,261,7,23166
9663,163,7,8046
9664,238,2,3492
9665,11,5,18422
9666,29,7,11172
9667,689,8,22483
9668,41,7,15977
9669,422,3,12370
9670,212,5,16200
9671,296,2,4036
9672,386,4,11844
9673,165,6,18651
9674,222,2,5721
9675,463,6,13802
9676,46,7,18109
9677,99,2,4857
9678,14,4,8404
9679,443,4,11477
9680,68,4,13402
9681,87,6,22383
9682,776,4,8048
9683,429,5,16530
9684,52,8,15948
9685,462,5,20533
9686,177,5,12243
9687,231,6,18125
9688,416,5,13685
9689,67,8,27909
9690,165,6,16500
9691,1085,2,5715
9692,29,4,11736
9693,177,6,17219
9694,483,3,10249
9695,477,3,7220
9696,173,5,10424
9697,534,6,10291
9698,24,2,5295
9699,145,7,20181
9700,434,7,21927
9701,101,7,16930
9702,88,3,5368
9703,1113,5,15244
9704,94,6,18694
9705,264,6,13881
9706,285,2,3945
9707,1100,2,7192
9708,480,3,13471
9709,57,4,10012
9710,303,1,4692
9711,19,7,14543
9712,367,4,7015
9713,314,4,10804
9714,12,4,11825
9715,180,5,12040
9716,135,6,11851
9717,157,6,13555
9718,144,5,14118
9719,684,3,10380
9720,12,6,18168
9721,117,6,16972
9722,443,2,3946
9723,58,6,18826
9724,146,3,11203
9725,78,3,8289
9726,498,4,14186
9727,634,3,5930
9728,500,1,3260
9729,65,12,32713
9730,514,4,10847
9731,316,2,3956
9732,45,10,30183
9733,673,2,5742
9734,432,6,21702
9735,956,1,4341
9736,9,6,9986
9737,237,9,21298
9738,232,6,13964
9739,191,3,2004
9740,99,7,14739
9741,488,4,9151
9742,76,4,13173
9743,3,6,14594
9744,110,8,27470
9745,309,1,2619
9746,29,7,20842
9747,36,6,19014
9748,1076,1,4080
9749,45,10,28929
9750,322,5,16894
9751,759,3,6713
9752,150,7,23031
9753,19,1,3024
9754,40,3,5807
9755,99,8,22426
9756,190,3,8069
9757,168,9,17334
9758,38,6,19206
9759,387,5,14469
9760,90,4,8238
9761,156,4,8138
9762,34,13,33409
9763,232,7,16653
9764,111,5,16799
9765,673,8,26659
9766,20,8,23994
9767,150,7,25502
9768,137,3,10112
9769,909,3,10036
9770,399,3,11565
9771,852,3,7093
9772,90,4,17087
9773,32,4,9308
9774,330,2,6274
9775,381,11,36166
9776,62,3,9603
9777,179,4,12189
9778,348,7,16034
9779,355,4,10937
9780,356,3,10510
9781,30,5,13053
9782,134,6,13436
9783,173,4,6906
9784,134,6,17741
9785,472,3,6056
9786,95,11,29087
9787,170,6,11762
9788,14,8,19534
9789,8,6,17335
9790,25,4,8136
9791,186,5,13328
9792,187,2,5951
9793,183,3,12293
9794,319,9,27084
9795,39,4,15570
9796,13,3,9918
9797,93,6,17781
9798,30,3,9448
9799,122,3,8396
9800,580,3,7190
9801,310,4,9091
9802,161,5,13719
9803,6,2,6385
9804,420,5,11541
9805,99,4,4839
9806,1,5,13306
9807,478,4,11348
9808,42,4,6682
9809,135,5,12526
9810,711,2,5960
9811,325,7,21462
9812,700,1,4807
9813,185,3,8616
9814,997,2,8923
9815,547,6,20946
9816,163,4,11812
9817,155,8,23482
9818,446,4,11605
9819,51,6,16257
9820,27,2,8177
9821,151,6,15636
9822,181,5,12168
9823,31,4,7892
9824,330,5,10929
9825,174,6,18775
9826,131,5,13698
9827,107,4,7762
9828,315,10,35793
9829,108,12,37282
9830,308,4,10373
9831,50,6,21964
9832,124,8,23801
9833,3,7,19204
9834,185,8,22610
9835,647,3,2741
9836,705,1,4748
9837,440,8,18144
9838,12,9,30093
9839,692,3,9108
9840,269,6,19875
9841,385,4,10153
9842,405,5,14995
9843,453,5,12629
9844,121,10,30614
9845,65,3,9378
9846,83,6,22989
9847,439,6,13350
9848,26,4,11083
9849,97,7,20981
9850,55,6,14245
9851,620,4,7498
9852,232,3,5088
9853,154,5,13415
9854,299,6,15547
9855,379,4,8094
9856,278,4,18070
9857,438,5,9374
9858,536,3,11008
9859,150,8,19437
9860,14,6,18452
9861,28,4,10397
9862,144,8,23487
9863,339,4,13481
9864,119,7,22207
9866,11,8,26269
9867,208,8,20654
9868,1067,6,18368
9869,25,13,35978
9870,135,6,13235
9871,245,5,13507
9872,28,5,13075
9873,316,5,13322
9874,751,2,6907
9875,746,3,5033
9876,43,4,12233
9877,92,4,10558
9878,1117,1,3220
9879,199,4,10979
9880,601,2,7568
9881,146,4,16019
9882,277,11,28506
9883,261,3,10444
9884,73,3,9035
9885,301,4,14570
9886,345,6,17859
9887,191,5,10209
9888,558,3,7814
9889,117,8,26214
9890,195,8,30218
9891,170,6,10662
9892,439,5,11171
9893,237,10,20328
9894,232,6,20890
9895,224,5,17394
9896,49,4,9842
9897,24,6,21298
9898,501,3,8729
9899,75,6,16032
9900,85,3,9912
9901,10,5,9796
9902,125,6,15268
9903,383,3,7372
9904,853,2,5827
9905,348,8,22397
9906,109,6,16334
9907,259,7,18597
9908,644,4,12758
9909,738,4,10693
9910,22,7,15479
9911,36,4,13951
9912,74,4,9246
9913,16,7,18556
9914,139,4,9615
9915,413,6,13567
9916,64,10,25983
9917,71,5,13812
9918,547,4,17396
9919,487,4,13800
9920,33,8,14416
9921,93,7,19819
9922,570,3,5298
9923,172,4,14338
9924,231,5,13675
9925,388,4,9700
9926,338,3,4951
9927,256,9,18169
9928,391,4,8833
9929,303,8,17560
9930,257,4,11280
9931,83,4,10773
9932,465,5,16176
9933,112,4,9075
9934,122,9,24669
9935,2,5,8865
9936,306,5,14477
9937,614,3,8378
9938,756,3,8513
9939,89,9,23647
9940,154,6,13712
9941,456,8,24563
9942,132,7,21648
9943,70,7,22634
9944,231,7,18872
9945,452,4,8205
9946,184,4,12663
9947,795,2,3960
9948,97,11,31890
9949,147,7,22542
9950,394,7,9046
9951,133,7,23643
9952,12,7,20943
9953,302,3,8203
9954,456,4,12064
9955,18,4,9846
9956,435,6,14297
9957,409,6,13417
9958,43,8,16515
9959,305,4,14321
9960,286,5,12464
9961,45,4,10612
9962,19,7,27926
9963,92,5,14823
9964,567,3,9941
9965,7,8,23001
9966,608,9,19175
9967,978,6,15606
9968,538,7,15142
9969,353,3,9623
9970,84,5,14119
9971,627,2,1545
9972,42,3,6154
9973,434,4,15094
9974,511,3,6515
9975,89,4,10928
9976,254,7,18117
9977,821,2,8854
9978,832,6,12704
9979,36,6,16199
9980,229,5,18525
9981,50,7,16895
9982,31,7,19787
9983,1078,3,8345
9984,363,5,16222
9985,282,6,14927
9986,5,3,6753
9987,450,3,9791
9988,14,4,8753
9989,17,2,7213
9990,109,8,18567
9991,210,6,16013
9992,97,6,7417
9993,42,7,17232
9994,241,7,22032
9995,108,9,25260
9996,140,3,5665
9997,562,5,12705
9998,270,7,17730
9999,21,11,27022
10000,207,5,16117
10001,432,2,6520
10002,51,3,7495
10003,133,8,21034
10004,194,6,20630
10005,24,3,10481
10006,100,7,20481
10007,14,6,19184
10008,1085,3,7584
10009,368,6,13574
10010,251,4,14110
10011,848,3,9924
10012,80,5,14148
10013,142,7,21264
10014,289,4,17769
10015,307,5,11649
10016,129,5,8614
10017,446,6,14695
10018,521,6,14412
10019,8,6,16664
10020,37,6,20221
10021,62,4,13754
10022,547,5,15625
10023,153,9,25121
10024,73,6,16617
10025,40,6,21366
10026,823,5,19334
10027,147,4,12354
10028,566,3,10929
10029,1029,2,5100
10030,115,7,22819
10031,420,4,15170
10032,215,10,21394
10033,108,5,10948
10034,112,2,4746
10035,92,8,15486
10036,420,4,9501
10037,34,5,13835
10038,869,2,6159
10039,279,9,21283
10040,87,3,9226
10041,296,6,13742
10042,69,4,11107
10043,227,5,12045
10044,65,5,10202
10045,90,3,6260
10046,223,5,18349
10047,98,7,20938
10048,575,4,13256
10049,50,9,23734
10050,164,8,23751
10051,561,3,6922
10052,87,7,13265
10053,993,1,3876
10054,264,9,26034
10055,420,8,23964
10056,325,6,9755
10057,48,7,21631
10058,68,4,10981
10059,224,3,5616
10060,306,1,1871
10061,805,3,8382
10062,216,4,16207
10063,34,7,19185
10064,221,4,9251
10065,288,5,14742
10066,149,12,26793
10067,126,3,10498
10068,185,5,19412
10069,51,5,18296
10070,182,6,16286
10071,327,5,17253
10072,48,8,28940
10073,86,9,17469
10074,100,5,13302
10075,357,3,7226
10076,455,2,5774
10077,24,2,6032
10078,669,6,15395
10079,142,3,6546
10080,60,4,11053
10081,103,7,20755
10082,306,4,11848
10083,761,4,10914
10084,210,7,14041
10085,39,6,15340
10086,324,2,4158
10087,100,4,10991
10088,68,7,13353
10089,366,9,24148
10090,168,4,7554
10091,68,12,32067
10092,39,10,28775
10093,184,8,20563
10094,113,7,19344
10095,321,4,13540
10096,555,5,13509
10097,24,5,11925
10098,49,4,12031
10099,467,2,6318
10100,15,3,6963
10102,126,10,32504
10103,642,3,5267
10104,1081,1,3157
10105,340,3,13587
10106,48,4,12388
10107,75,5,15637
10108,401,4,11470
10109,236,5,11504
10110,113,5,11211
10111,53,9,24567
10112,164,7,19582
10113,267,5,14807
10114,178,7,22449
10115,15,9,19461
10116,53,13,40804
10117,541,2,5630
10118,63,3,9110
10119,38,8,18246
10120,493,3,9697
10121,26,10,22367
10122,306,6,14977
10123,204,4,4739
10124,3,4,16413
10125,77,4,8360
10126,218,5,17484
10127,759,2,7970
10128,23,8,28940
10129,580,7,11364
10130,153,4,9008
10131,306,4,12258
10132,98,3,10842
10133,182,6,14396
10134,403,6,15593
10135,292,6,18010
10136,537,8,22314
10137,203,5,14539
10138,72,6,14717
10139,165,1,3075
10140,10,5,9502
10141,163,7,16106
10142,15,4,4847
10143,39,10,27912
10144,709,1,1292
10145,137,5,16121
10146,74,3,5357
10147,545,3,5840
10148,31,5,12312
10149,208,7,19721
10150,224,2,2300
10151,849,2,7357
10152,363,4,12789
10153,93,3,9224
10154,156,4,10994
10155,88,4,3353
10156,127,5,13960
10157,288,4,13419
10158,121,12,31343
10159,403,4,14080
10160,299,6,19752
10161,768,4,9478
10162,236,8,24778
10163,207,2,4553
10164,18,6,13885
10165,362,3,8411
10166,711,2,4449
10167,182,6,23637
10168,342,2,5309
10169,20,8,21911
10170,69,3,10005
10171,33,7,20978
10172,39,4,9288
10173,51,6,18649
10174,143,4,12464
10175,12,5,15375
10176,395,8,20933
10177,144,3,12306
10178,753,2,5134
10179,22,4,10591
10180,25,7,13993
10181,384,7,27562
10182,6,3,8897
10183,211,6,10175
10184,18,8,22069
10185,153,11,22672
10186,599,8,19778
10187,41,5,12049
10188,111,5,10329
10189,222,4,11987
10190,58,4,8841
10191,195,1,2242
10192,27,7,17709
10193,91,4,9642
10194,129,7,16644
10195,58,7,11756
10196,200,3,10592
10197,6,6,23894
10198,159,4,15187
10199,243,5,16503
10200,546,5,15955
10201,556,4,13308
10203,84,4,9396
10204,71,8,30146
10205,938,1,4020
10206,71,5,12769
10207,4,6,17570
10208,704,4,12119
10209,124,3,10575
10210,252,6,12958
10211,238,2,6449
10212,34,6,14405
10213,19,2,5165
10214,52,5,15039
10215,2,6,22930
10216,163,4,10125
10217,705,3,7001
10218,110,7,24220
10219,469,3,12014
10220,56,3,3215
10221,370,5,15353
10222,211,4,13201
10223,489,4,2501
10224,131,3,2500
10225,292,4,6714
10226,82,5,11707
10227,301,6,15846
10228,129,10,31388
10229,666,2,4592
10230,801,2,5992
10231,467,4,11090
10232,52,6,22473
10233,595,4,11334
10235,201,4,12874
10236,135,2,6019
10237,231,6,14508
10238,200,7,22466
10239,767,3,8352
10240,44,5,7466
10241,41,8,17546
10242,18,10,25846
10243,436,5,22887
10244,675,2,4413
10245,98,9,22473
10246,531,4,12973
10247,33,2,9259
10248,73,4,11957
10249,94,9,24694
10250,80,4,10142
10251,11,4,6603
10252,145,4,11337
10253,85,9,29064
10254,64,3,10035
10255,22,5,8975
10256,238,3,6816
10257,287,3,12530
10258,174,5,19789
10259,988,1,2224
10260,183,6,19071
10261,449,4,11161
10262,83,8,12991
10263,103,4,6207
10264,255,10,21223
10265,1029,1,2272
10266,634,3,9663
10267,346,4,16532
10268,316,5,12324
10269,21,7,20996
10270,21,5,14359
10271,201,6,13407
10272,379,5,11664
10273,148,6,19877
10274,25,6,15822
10275,112,6,17625
10276,54,6,19230
10277,2,11,21785
10278,148,2,6575
10279,129,7,14754
10280,66,5,12885
10281,37,7,24334
10282,394,2,6788
10283,332,5,20510
10284,30,5,9655
10285,885,2,6628
10286,545,4,15252
10287,23,5,7880
10288,271,5,19638
10289,132,4,12244
10290,61,3,11467
10291,947,1,1996
10292,569,5,12397
10293,64,5,16005
10294,70,5,16860
10295,142,6,12557
10296,324,3,6058
10297,208,3,7367
10298,486,4,11819
10299,38,5,20320
10300,712,2,9291
10301,39,6,18643
10302,36,4,8863
10303,988,2,5613
10304,95,3,7505
10305,1342,1,1774
10306,255,5,9782
10307,138,2,6906
10308,130,2,6112
10309,43,4,12422
10310,129,4,8024
10311,119,6,20228
10312,25,2,3178
10313,173,5,13151
10314,595,4,9752
10315,431,2,6824
10316,583,2,8395
10317,53,5,11350
10318,419,5,13832
10319,149,6,11236
10320,206,4,15630
10321,63,4,12818
10322,94,6,10003
10323,161,5,8739
10324,386,6,20269
10325,154,7,21987
10326,1212,1,3657
10327,37,5,14309
10328,99,5,6603
10329,154,8,19153
10330,1148,4,14455
10331,21,7,21403
10332,101,6,19306
10333,78,4,12937
10334,156,4,10543
10335,178,3,8299
10336,104,5,15459
10337,143,7,19635
10338,233,7,11241
10339,197,6,19008
10340,781,5,12826
10341,570,4,13418
10342,466,3,5776
10343,91,11,23605
10344,160,7,19462
10345,72,5,15016
10346,102,4,12427
10347,145,2,8927
10348,129,8,21445
10349,447,3,12810
10350,496,3,9695
10351,205,5,13904
10352,252,4,13131
10353,409,3,5327
10354,510,7,24190
10355,242,5,12058
10356,151,6,19856
10357,413,5,10341
10358,182,6,15717
10359,156,5,11399
10360,42,6,21389
10361,28,3,8514
10362,19,4,10646
10363,217,4,9733
10364,165,7,19893
10365,14,6,18699
10366,712,1,4524
10367,285,2,8624
10368,454,1,2744
10369,82,6,13192
10370,1,3,11108
10371,304,6,20318
10372,33,3,7312
10373,6,6,16826
10374,281,5,13693
10375,74,7,23013
10376,401,6,17198
10377,220,9,25617
10378,176,3,9191
10379,194,2,5191
10380,227,6,11676
10381,286,5,9506
10382,354,5,16737
10383,105,7,22936
10384,116,6,16936
10385,727,2,7362
10386,123,6,18941
10387,262,7,17584
10388,134,3,9081
10389,57,4,5071
10390,634,5,17447
10391,631,3,12842
10392,53,6,13659
10393,417,6,17466
10394,17,7,14300
10395,461,6,19918
10396,129,6,18184
10397,466,5,16319
10398,20,7,23040
10399,40,8,17350
10400,26,6,19349
10401,127,8,20500
10402,133,8,25134
10403,389,5,16088
10404,142,5,10802
10405,531,3,7844
10406,563,3,7977
10407,385,8,19570
10408,50,7,18106
10409,391,7,15431
10410,202,7,13035
10411,54,4,8763
10412,222,7,12280
10413,463,4,8191
10414,55,5,12157
10415,40,7,18940
10416,90,5,7648
10417,53,3,7810
10418,47,6,7266
10419,45,4,10283
10420,303,7,14523
10421,58,2,2837
10422,255,7,18954
10423,479,5,11424
10424,87,7,14170
10425,25,4,14909
10426,250,3,12141
10427,37,3,7503
10428,240,3,7063
10429,349,2,7087
10430,256,5,12281
10431,75,8,20523
10432,10,7,11693
10433,743,3,8508
10434,202,3,2227
10435,247,7,15724
10436,429,6,17354
10437,30,5,12909
10438,137,9,23232
10439,25,8,26772
10440,401,3,6912
10441,168,5,10122
10442,342,2,5245
10443,110,8,19738
10444,626,5,15194
10445,164,5,14111
10446,75,6,17401
10447,690,3,8771
10448,481,4,12782
10449,55,7,15603
10450,17,4,12704
10451,795,1,616
10452,22,5,12782
10453,622,6,18001
10454,524,5,14510
10455,104,6,15040
10456,136,3,9015
10457,226,2,7204
10458,216,6,19705
10459,152,6,15348
10460,353,2,5297
10461,31,8,24416
10462,296,6,17511
10463,319,4,9365
10464,94,4,5827
10465,199,3,3591
10466,145,2,4840
10467,451,5,15927
10468,69,7,24880
10469,58,9,35004
10470,137,5,12679
10471,71,5,12635
10472,568,5,18969
10473,275,5,20709
10474,96,6,16373
10475,16,5,12574
10476,176,7,20876
10477,275,5,14778
10478,36,5,13242
10479,99,6,12463
10480,270,2,7148
10481,42,8,18966
10482,2,5,13220
10483,124,4,9240
10484,165,8,16170
10485,221,5,13326
10486,350,4,9525
10487,34,6,11581
10488,46,6,14544
10489,522,8,22712
10490,97,7,17174
10491,149,5,14292
10492,189,7,14622
10493,664,1,2423
10494,23,6,20576
10495,158,6,15037
10496,76,4,10271
10497,527,5,16671
10498,68,5,13458
10499,338,5,13983
10500,58,8,18274
10501,179,6,15910
10502,27,5,6909
10503,240,3,8603
10504,92,5,16964
10506,229,6,13325
10507,79,3,5316
10508,156,5,12715
10509,4,2,5255
10510,105,4,6324
10511,4,2,3448
10512,48,8,19629
10513,1038,1,379
10514,109,9,30015
10515,74,5,15728
10516,803,1,534
10517,384,3,2993
10518,308,8,21551
10519,46,6,12465
10520,61,8,26437
10521,30,10,24364
10522,1074,4,7220
10523,202,2,5897
10524,387,5,17511
10525,160,7,15015
10526,254,10,27525
10527,38,3,9622
10528,153,4,13356
10529,107,5,11700
10530,270,6,16912
10531,311,5,12289
10532,391,3,10760
10533,702,1,4139
10534,67,5,12080
10535,458,4,14759
10536,53,4,14781
10537,608,6,9286
10538,51,7,19518
10539,278,3,3327
10540,227,1,1824
10541,403,6,11665
10542,162,10,23126
10543,269,5,12792
10544,29,7,15432
10545,196,7,20252
10546,194,5,13766
10547,404,5,14862
10548,91,3,7980
10549,92,5,11825
10550,25,3,4167
10551,392,4,11987
10552,100,5,18619
10553,222,11,27358
10554,66,5,9336
10555,360,3,8885
10556,266,4,13335
10557,75,7,23594
10558,20,4,8708
10559,428,6,20501
10560,522,4,11617
10561,51,5,17093
10562,800,2,6466
10563,165,11,23534
10564,268,6,15243
10565,7,4,7036
10566,504,1,1983
10567,159,4,6292
10568,391,4,9692
10569,449,5,20397
10570,112,4,10890
10571,131,5,13065
10572,111,4,9237
10573,122,8,21185
10574,179,6,22421
10575,782,4,12573
10576,26,4,5349
10577,18,7,14571
10578,452,3,9316
10579,200,5,11196
10580,296,6,14463
10581,221,5,13102
10582,26,10,32612
10583,140,9,19208
10584,75,10,30534
10585,19,5,16813
10586,126,9,26441
10587,256,5,18480
10588,78,8,23053
10589,194,7,20394
10590,79,6,17200
10591,297,4,10887
10592,145,9,26134
10593,40,3,7395
10594,60,3,8647
10595,162,7,7992
10596,398,3,7041
10597,603,2,6207
10598,111,7,17876
10599,14,6,15330
10600,16,5,14661
10601,223,6,13456
10602,30,5,15011
10603,633,2,6101
10604,6,8,21437
10605,229,4,14335
10606,923,2,1627
10607,394,8,19886
10608,692,2,3845
10609,258,4,13577
10610,516,2,5722
10611,192,5,16676
10612,115,7,19381
10613,731,1,331
10614,318,6,18356
10615,205,5,15425
10616,691,5,14167
10617,348,3,11025
10618,32,6,14147
10619,2,3,11087
10620,240,5,17886
10621,414,2,7510
10622,374,4,7427
10623,702,1,2718
10624,396,4,11626
10625,104,8,30945
10626,12,10,27148
10627,332,8,18544
10628,109,6,11420
10629,324,9,27445
10630,110,5,12458
10631,493,4,18078
10632,239,5,14393
10633,235,8,27466
10634,198,4,12198
10635,140,4,11256
10636,564,5,13222
10637,182,6,18188
10638,110,4,11096
10639,670,2,4441
10640,84,6,23533
10641,117,6,14814
10642,276,8,24179
10643,68,10,24360
10644,104,8,22211
10645,301,8,19257
10646,288,8,22905
10647,132,8,20554
10648,62,5,9416
10649,91,9,23834
10650,12,2,7711
10651,737,7,15588
10652,57,5,16178
10653,190,4,10118
10654,127,7,19260
10655,204,6,12390
10656,83,6,22234
10657,15,6,20110
10658,33,7,25897
10659,527,2,2783
10660,29,5,15013
10661,270,6,21386
10662,538,5,8040
10663,477,4,8568
10664,476,3,5509
10665,580,2,9877
10666,672,3,3285
10667,137,8,20268
10668,53,5,17508
10669,688,4,2696
10670,186,3,5793
10671,329,7,18894
10672,476,5,18336
10673,202,4,10438
10674,234,4,8314
10675,754,5,7972
10676,81,4,7519
10677,499,2,2754
10678,99,7,15217
10679,186,4,12889
10680,71,5,11623
10681,77,4,14194
10682,101,6,21754
10683,90,10,28878
10684,314,3,4082
10685,64,8,25951
10686,103,4,7485
10687,221,5,14131
10688,242,5,12519
10689,42,4,11445
10690,212,3,6557
10691,645,2,6897
10692,623,3,4164
10693,201,5,14286
10694,486,6,15426
10695,125,6,8876
10696,223,5,17849
10697,160,6,17836
10698,242,9,24877
10699,40,7,14621
10700,15,7,18036
10701,90,7,18056
10702,236,4,9330
10703,567,4,6438
10704,596,5,12643
10705,125,7,20708
10706,18,6,14526
10707,110,4,11073
10708,153,11,24172
10709,346,3,4256
10710,234,3,12224
10711,790,5,15541
10712,112,7,18297
10713,904,3,9922
10714,412,5,12965
10715,91,5,20481
10716,170,6,18076
10717,780,2,4684
10718,197,5,12079
10719,100,4,11719
10720,2,5,10619
10721,86,3,6107
10722,175,4,11909
10723,50,3,11193
10724,225,6,11818
10725,9,5,16591
10726,68,2,2923
10727,20,8,23506
10728,224,5,17148
10729,852,2,4763
10730,197,3,5215
10731,131,4,7629
10732,112,7,20017
10733,158,3,1944
10734,253,3,8703
10735,563,4,9165
10736,98,7,20560
10737,444,4,8026
10738,122,6,15546
10739,153,9,28870
10740,46,7,20452
10741,257,7,22847
10742,386,3,8899
10743,338,3,4074
10744,119,6,13525
10745,82,9,22523
10746,160,8,21776
10747,187,3,10178
10748,646,3,6651
10749,84,4,14265
10750,264,6,13762
10751,282,3,8580
10752,68,5,12640
10753,392,3,9348
10754,426,2,7435
10755,162,6,13364
10756,448,4,10884
10757,77,3,6636
10758,150,11,24497
10759,757,4,14143
10760,184,6,9078
10761,154,5,12004
10762,235,3,10841
10763,145,5,12821
10764,146,5,9690
10765,160,3,7265
10766,190,5,14517
10767,314,5,14021
10768,316,4,11447
10769,78,3,11541
10770,117,7,21014
10771,459,5,11620
10772,139,9,25443
10773,342,5,14450
10774,252,3,5901
10775,180,8,21885
10776,250,3,6965
10777,98,8,15505
10778,412,5,11961
10779,705,3,6742
10780,26,12,30389
10781,398,6,15117
10782,309,3,7381
10783,50,9,22910
10784,78,4,13748
10785,119,8,28622
10786,808,4,12712
10787,149,4,11793
10788,132,4,16679
10789,647,4,8562
10790,159,8,21315
10791,418,6,17645
10792,112,5,8102
10793,602,5,12854
10794,16,7,21525
10795,101,8,18506
10796,176,3,8097
10797,23,5,8998
10799,593,5,19137
10800,610,5,9602
10801,37,7,17486
10802,47,4,9557
10803,259,3,9244
10804,379,4,10069
10805,329,4,17124
10806,385,5,16816
10807,356,3,8528
10808,70,3,11511
10809,322,4,12342
10810,119,7,24146
10811,64,5,15156
10812,1109,1,2762
10813,480,2,3419
10814,91,7,20108
10815,108,4,15257
10816,17,4,10106
10817,18,4,12252
10818,138,4,16504
10819,205,5,12604
10820,213,3,7941
10821,704,1,610
10822,17,6,16465
10823,140,4,12360
10824,410,5,12064
10825,695,5,14406
10826,444,3,4982
10827,117,7,15822
10828,73,2,7169
10829,944,2,3969
10830,302,8,23461
10831,425,5,13864
10832,390,5,7268
10833,383,3,10850
10834,631,2,4464
10835,120,4,6268
10836,14,5,9783
10837,112,4,11561
10838,68,11,34163
10839,93,7,20044
10840,52,6,14320
10841,292,7,20854
10842,606,5,22333
10843,365,4,6004
10844,149,5,17213
10845,131,5,19357
10846,609,5,11996
10847,64,3,10083
10848,423,3,5559
10849,318,5,8711
10850,33,3,9775
10851,179,3,4028
10852,27,7,12574
10853,252,6,16455
10854,490,5,13810
10855,95,7,22264
10856,426,4,11898
10857,233,2,5488
10858,409,4,13006
10859,91,3,10439
10860,275,2,5093
10861,262,3,4661
10862,96,4,8141
10863,397,5,14834
10864,726,3,5654
10865,806,3,6222
10866,320,2,5631
10867,44,6,22587
10868,99,7,13087
10869,275,8,22679
10870,220,3,6768
10871,69,7,27102
10872,72,3,7906
10873,27,7,23440
10874,253,6,15294
10875,169,7,15023
10876,93,6,13623
10877,330,4,9254
10878,475,6,16150
10879,158,4,13832
10880,223,1,2488
10881,51,7,18165
10882,70,8,14932
10883,323,9,21899
10884,228,7,18020
10885,138,7,22195
10886,104,4,13234
10887,361,3,5011
10888,323,5,14637
10889,343,3,5801
10890,346,3,8156
10892,804,2,6381
10893,64,6,14227
10894,111,7,15367
10895,173,4,8805
10896,524,6,7768
10897,132,6,15598
10898,100,6,18851
10899,262,5,10540
10900,707,7,17994
10901,471,7,14710
10902,9,6,15108
10903,54,4,9490
10904,334,5,15764
10905,269,6,11545
10906,84,6,22521
10907,52,3,9682
10908,433,9,22138
10909,732,3,14047
10910,39,7,24793
10911,322,6,17916
10912,259,4,13676
10913,549,3,11542
10914,230,7,20811
10915,527,8,20192
10916,157,6,11406
10917,266,4,8853
10918,308,4,10536
10919,28,3,11201
10920,159,6,17005
10921,64,4,10994
10922,189,8,20126
10923,98,9,21033
10924,12,4,8945
10925,27,3,10710
10926,11,4,14201
10927,474,3,9947
10928,13,9,28551
10929,448,4,10549
10930,133,5,11362
10931,547,1,3472
10932,736,4,8288
10933,53,7,19690
10934,55,9,29367
10935,65,6,11122
10936,288,4,6082
10937,441,6,9849
10938,174,5,11843
10939,838,3,6908
10940,554,6,16854
10941,164,8,22599
10942,102,3,7983
10943,173,4,6999
10944,195,2,7929
10945,364,4,13081
10946,563,2,5001
10947,272,8,17210
10948,264,6,19126
10949,494,3,10896
10950,62,6,16667
10951,152,3,11068
10952,589,2,5790
10953,207,3,10294
10954,103,9,20031
10955,10,5,15411
10956,1044,2,3539
10957,48,11,32957
10958,14,8,24447
10959,512,4,6942
10960,83,6,23345
10961,336,5,7751
10962,80,8,19159
10963,1342,1,2843
10964,310,4,13380
10965,199,2,3415
10967,226,5,12814
10968,169,2,5847
10969,164,3,9698
10970,150,7,14083
10971,78,5,8339
10972,395,7,17657
10973,168,5,6727
10974,26,6,19045
10975,287,10,21731
10976,518,4,4664
10977,78,5,20091
10978,4,8,22164
10979,23,6,14919
10980,590,4,8894
10981,644,2,4544
10982,35,6,18957
10983,700,5,13363
10984,677,7,22046
10985,46,8,20100
10986,809,5,11596
10987,635,2,5568
10988,780,3,8061
10989,141,5,13586
10990,301,5,13887
10991,160,10,23208
10992,100,5,10888
10993,21,5,11759
10994,162,5,13338
10995,281,7,17218
10996,24,4,15101
10997,200,5,15211
10998,686,6,16564
10999,418,2,5094
11000,341,5,16550
11001,101,6,16258
11002,263,7,16647
11003,483,6,10991
11004,7,5,14992
11005,89,5,10581
11006,528,3,4338
11007,181,5,11579
11008,1339,2,9361
11009,216,5,16101
11010,1312,1,577
11011,602,1,3963
11012,393,5,10116
11013,165,4,10260
11014,17,11,26525
11015,130,6,17649
11016,151,4,10294
11017,258,4,15568
11018,103,2,5751
11019,40,5,9041
11020,120,4,10966
11021,718,4,7530
11022,512,4,15288
11023,263,8,17726
11024,99,3,7303
11025,511,7,26104
11026,21,5,15945
11027,497,5,8702
11028,26,4,17289
11029,1107,2,7564
11030,115,4,11592
11031,39,7,19651
11032,535,8,17432
11033,280,5,17708
11034,789,4,10372
11035,170,7,15677
11036,193,2,9491
11037,144,5,17303
11038,586,4,10945
11039,50,5,6432
11040,34,8,27704
11041,17,3,6774
11042,352,4,8993
11043,359,3,5295
11044,191,5,12530
11045,609,3,8780
11046,164,4,13010
11047,179,9,19832
11048,160,7,18741
11049,39,7,15517
11050,302,3,6147
11051,160,4,9083
11052,134,4,15964
11053,129,4,15192
11054,42,4,14330
11055,2,6,16932
11056,51,10,29334
11057,264,6,13044
11058,122,7,24561
11059,256,2,8347
11060,75,9,22583
11061,65,5,9483
11062,226,7,20845
11063,80,7,15886
11064,102,8,17574
11065,282,4,8292
11066,139,1,4709
11067,305,5,12836
11068,350,4,11110
11069,129,8,22108
11070,639,1,1036
11071,90,6,11272
11072,115,8,15739
11073,868,2,1614
11074,129,3,6315
11075,117,3,6153
11076,358,3,10071
11077,233,4,13190
11078,12,8,20121
11079,217,4,11647
11080,32,6,22161
11081,781,2,5003
11082,98,7,16883
11083,209,6,17087
11084,79,4,6633
11085,124,6,12836
11086,98,5,10318
11087,154,5,14110
11088,331,5,15437
11089,70,6,15127
11090,163,4,3899
11091,14,6,8975
11092,668,5,13991
11093,123,7,23454
11094,150,3,10374
11095,258,8,24333
11096,66,7,20758
11097,142,2,8652
11098,252,6,11517
11099,295,6,18151
11100,243,3,9162
11101,500,3,7036
11102,287,6,8340
11103,67,4,16443
11104,70,3,7270
11105,17,8,20775
11106,313,6,15088
11107,208,5,8330
11108,305,3,12160
11109,771,5,12186
11110,314,3,7809
11111,23,7,19751
11112,97,7,17470
11113,205,4,9857
11114,208,4,11668
11115,636,2,4627
11116,12,9,28908
11117,50,5,13890
11118,337,5,13862
11119,57,3,10738
11120,162,8,23738
11121,102,4,15448
11122,377,1,1736
11123,196,13,31918
11124,453,7,20497
11125,11,6,18654
11126,240,4,12402
11127,288,5,13585
11128,91,10,26937
11129,59,6,11280
11130,34,4,14186
11131,256,8,20294
11132,285,3,7404
11133,11,2,5905
11134,433,7,14452
11135,782,2,4781
11136,93,6,10102
11137,239,5,15902
11138,393,2,4294
11139,154,7,23038
11140,511,2,4512
11141,181,3,6723
11142,35,7,18218
11143,97,3,4381
11144,190,6,18254
11145,117,3,3368
11146,683,5,7847
11147,111,6,10888
11148,146,4,7180
11149,233,6,18428
11150,62,6,22119
11151,180,8,22234
11152,640,5,10853
11153,6,4,9594
11154,100,7,21326
11155,55,3,5745
11156,639,5,11778
11157,70,8,25308
11158,559,3,9344
11159,113,8,25374
11160,79,8,31689
11161,477,6,12590
11162,22,6,21574
11163,155,4,7831
11164,737,2,8148
11165,233,11,33891
11166,1253,2,4844
11167,162,6,14852
11168,420,4,5645
11169,45,3,2223
11170,1177,1,440
11171,82,7,16521
11172,113,8,20277
11173,197,7,21106
11174,297,3,12613
11175,87,6,19546
11176,73,2,4495
11177,281,4,15653
11178,405,5,18062
11179,210,7,18052
11180,207,5,13142
11181,21,3,9607
11182,51,5,12931
11183,808,1,2447
11184,30,7,17173
11185,633,3,7077
11186,55,6,15615
11187,92,4,12505
11188,90,4,11401
11189,122,3,7574
11190,83,5,12058
11191,921,1,1505
11192,177,4,14510
11193,102,9,21182
11194,221,3,6619
11195,31,6,12682
11196,861,5,7748
11197,10,13,38162
11198,154,6,17736
11199,282,10,20539
11200,11,6,13076
11201,143,9,32025
11202,74,4,9795
11203,45,4,10580
11204,458,8,12017
11205,239,6,12775
11206,1,7,19794
11207,44,8,23540
11208,37,7,22125
11209,1,3,12571
11210,79,3,10524
11211,22,5,15333
11212,17,7,22196
11213,127,4,8962
11214,116,4,8836
11215,113,6,11776
11216,204,5,15299
11217,191,5,11910
11218,12,3,11370
11219,315,2,3728
11220,595,5,10365
11221,133,2,3601
11222,625,1,1011
11223,322,5,11338
11224,623,5,17143
11225,257,6,17405
11226,460,3,2600
11227,102,6,17363
11228,103,5,8548
11229,345,5,15595
11230,8,5,18401
11231,281,6,13066
11232,95,5,17621
11233,167,10,30329
11234,128,6,17012
11235,21,8,19102
11236,292,4,8296
11237,723,2,2622
11238,190,9,28509
11239,369,5,17533
11240,13,7,23110
11241,164,3,7073
11242,4,5,9805
11243,241,5,16129
11244,237,7,19465
11245,54,3,7891
11246,95,5,9801
11247,91,8,16896
11248,1064,2,6579
11249,660,6,21426
11250,15,7,19021
11251,38,8,24392
11252,137,3,7800
11254,386,11,37233
11255,53,5,15037
11256,346,7,20100
11257,867,2,7973
11258,108,7,15838
11259,204,6,8411
11260,94,6,17154
11261,45,9,25518
11262,605,2,6360
11263,162,9,20079
11264,332,6,11351
11265,34,10,32530
11266,307,7,16026
11267,114,4,11258
11268,40,7,19680
11269,170,6,14666
11270,284,5,12974
11271,150,4,11880
11272,278,6,16165
11273,197,3,7771
11274,353,5,13698
11275,421,2,1771
11276,33,3,4060
11277,857,1,751
11278,188,4,8057
11279,28,2,3716
11280,468,6,16546
11281,19,5,14662
11282,61,10,19877
11283,282,8,20892
11284,50,9,25874
11285,124,9,20681
11286,211,3,10118
11287,152,9,22073
11288,223,6,15081
11289,96,3,6565
11290,264,3,4067
11291,39,4,11281
11292,430,4,10171
11293,132,5,13973
11294,115,4,11773
11295,15,11,28074
11296,7,4,8265
11297,27,4,8351
11298,72,8,29631
11299,154,5,18807
11300,42,8,30092
11301,1196,3,6118
11302,225,5,14903
11303,5,6,20992
11304,550,6,20780
11305,127,3,13341
11306,159,8,24738
11307,52,7,12514
11308,113,5,17120
11309,326,7,19255
11310,668,3,5973
11311,205,3,5701
11312,246,7,19044
11313,347,7,19841
11314,235,5,8936
11315,215,6,20453
11316,71,4,14058
11317,247,4,9789
11318,56,6,12718
11319,444,3,7616
11320,233,6,14567
11321,69,6,20374
11322,208,7,22148
11323,196,4,14206
11324,513,4,9525
11325,194,5,18564
11326,213,6,21075
11327,114,4,6894
11328,432,5,9935
11329,459,8,16430
11330,227,4,7548
11331,213,3,2424
11332,92,4,7069
11333,35,6,17854
11334,107,6,18722
11335,424,5,11665
11336,370,5,14227
11337,157,2,4932
11338,224,5,14913
11339,287,5,12540
11340,6,3,10140
11341,362,2,5787
11342,361,4,9901
11343,793,5,9906
11344,203,4,9634
11345,260,4,12485
11346,899,1,2812
11347,40,8,18782
11348,98,6,15232
11349,69,5,14080
11350,127,5,7839
11351,410,9,21225
11352,613,2,3369
11353,41,3,6824
11354,462,5,12366
11355,7,4,6410
11356,22,7,17717
11357,48,7,17391
11358,37,5,10432
11359,315,1,3622
11360,3,9,30093
11361,391,3,7057
11362,220,4,13301
11363,246,7,19260
11364,100,3,9033
11365,37,10,25788
11366,544,4,12050
11367,135,5,7794
11368,89,5,16075
11369,113,5,18504
11370,103,9,27551
11371,24,7,20156
11372,298,6,19941
11373,6,5,17967
11374,9,2,5017
11375,168,5,12161
11376,23,7,15974
11377,84,6,17373
11378,80,5,11564
11379,604,1,1886
11380,832,3,10571
11381,62,3,4409
11382,149,8,21749
11383,572,4,13925
11384,187,7,20135
11385,8,8,23782
11386,264,6,18601
11387,130,6,13575
11388,287,11,26881
11389,157,8,22229
11390,387,11,29146
11391,85,5,13573
11392,353,3,3608
11393,56,4,15329
11394,266,3,6247
11395,207,3,8832
11396,1089,3,8822
11397,185,9,23926
11398,192,2,8021
11399,904,2,8357
11400,407,4,8883
11401,32,3,4319
11402,99,5,12487
11403,159,5,11812
11404,555,2,7098
11405,141,2,6112
11406,150,6,18149
11407,289,4,5626
11408,563,5,14751
11409,405,4,14832
11410,342,6,17673
11411,855,2,9622
11412,57,5,15522
11413,21,4,15512
11414,515,6,16112
11415,444,6,15453
11416,272,8,16281
11417,119,6,22198
11418,5,4,12772
11419,94,5,7671
11420,198,2,4814
11421,30,6,12197
11422,264,5,12504
11423,154,9,18495
11424,132,8,29113
11425,929,2,5286
11426,321,4,11133
11427,658,2,6139
11428,87,5,9145
11429,93,4,10882
11430,18,6,15397
11431,529,4,12493
11432,232,4,11503
11433,367,3,8586
11434,285,5,19808
11435,593,4,10350
11436,482,4,10921
11437,6,6,14818
11438,462,4,10425
11439,10,8,24589
11440,18,5,13971
11441,19,9,25609
11442,648,5,8017
11443,31,3,8208
11444,23,4,9306
11445,119,7,20335
11446,11,6,17918
11447,92,7,13635
11448,60,4,14602
11449,471,7,20442
11450,328,2,4394
11451,130,10,29478
11452,111,3,9106
11453,294,3,8787
11454,63,3,5241
11455,13,7,18071
11456,432,8,24644
11457,458,2,3607
11458,342,2,6058
11459,2,7,26150
11460,60,8,22305
11461,353,6,9567
11462,200,6,9293
11463,87,5,13979
11464,275,5,10928
11465,526,4,8769
11466,83,3,6860
11467,3,8,21463
11468,242,8,18298
11469,69,3,9874
11470,96,5,15402
11471,279,3,10009
11472,703,3,9222
11473,385,4,9672
11474,138,8,25841
11475,385,4,7668
11476,812,1,652
11477,117,6,24049
11478,714,3,5158
11479,163,4,12221
11480,4,4,13003
11481,161,6,13088
11482,53,7,17302
11483,122,5,10612
11484,869,3,8946
11485,181,4,13472
11486,833,3,4437
11487,595,3,6918
11488,106,4,9375
11489,321,4,13389
11490,199,7,22958
11491,350,4,10036
11492,658,1,2497
11493,110,5,13202
11494,273,7,15537
11495,248,7,23259
11496,265,8,24069
11497,103,4,13352
11498,25,6,18294
11499,301,6,11294
11500,98,9,14796
11501,105,6,12691
11502,471,2,3785
11503,10,13,32056
11504,62,10,28155
11505,228,8,19383
11506,718,6,21169
11507,770,3,6872
11508,282,6,15620
11509,388,7,28718
11510,110,5,15136
11511,123,6,20702
11512,282,8,14012
11513,601,2,7290
11514,2,5,15692
11515,37,2,5675
11516,912,5,18586
11517,602,2,3103
11518,213,4,12047
11519,37,7,10608
11520,75,5,14838
11521,25,4,13522
11522,221,4,8097
11523,95,11,24870
11524,151,10,23926
11525,140,6,20276
11526,84,8,13574
11527,113,5,16268
11528,147,3,6706
11529,181,3,7432
11530,160,3,9712
11531,114,6,19045
11532,153,3,8981
11533,198,6,18215
11534,103,2,9055
11535,116,6,18319
11536,44,12,27088
11537,94,4,12896
11538,37,4,5340
11539,698,3,9329
11540,287,5,17984
11541,104,4,12102
11542,433,4,10251
11543,832,1,1951
11544,152,4,11094
11545,225,5,13298
11546,321,1,1978
11547,31,7,17583
11548,151,7,19642
11549,190,6,15990
11550,29,4,11091
11551,333,3,11459
11552,50,4,12708
11553,61,6,15921
11554,10,8,24312
11555,176,7,22167
11556,137,10,29616
11557,354,5,10927
11558,206,3,9034
11559,574,3,7443
11560,185,6,20817
11561,232,9,20398
11562,71,13,33513
11563,88,5,17764
11564,707,3,11512
11565,165,6,13035
11566,55,5,19834
11567,18,7,16181
11568,422,4,7099
11569,302,5,11809
11570,49,3,9399
11571,185,6,12756
11572,2,4,11734
11573,142,4,9836
11574,915,2,5280
11575,121,6,11443
11576,762,4,8077
11577,125,5,11163
11578,735,3,4535
11579,175,5,15083
11580,954,4,13226
11581,251,6,19303
11582,167,6,21559
11583,365,6,8526
11584,70,5,12831
11585,86,8,23617
11586,412,7,22332
11587,33,7,24101
11588,34,8,20823
11589,46,7,24120
11590,291,5,11040
11591,12,6,9335
11592,49,8,26248
11593,602,4,10492
11594,206,4,15078
11595,274,3,10314
11596,70,7,16582
11597,8,8,24591
11598,181,3,3776
11599,581,4,7335
11600,128,4,13156
11601,354,2,5657
11602,300,3,10430
11603,245,6,12545
11604,242,3,6666
11605,116,3,9946
11606,101,6,24508
11607,178,4,3805
11608,71,4,14105
11609,188,5,15408
11610,121,6,8192
11611,10,6,16953
11612,385,2,5844
11613,214,6,15707
11614,68,6,16516
11615,47,4,10199
11616,126,3,9152
11617,1277,1,796
11618,17,10,27283
11619,245,8,20859
11620,414,3,8550
11621,185,4,6697
11622,14,7,15554
11623,782,1,5080
11624,21,8,23257
11625,12,8,23492
11626,159,10,32631
11627,124,6,15396
11628,607,4,7902
11629,299,2,6812
11630,76,3,4140
11631,225,3,6730
11632,922,3,7010
11633,158,8,15657
11634,203,4,8664
11635,8,4,9399
11636,313,2,3897
11637,354,3,9162
11638,429,1,3435
11639,121,7,22832
11640,183,5,20121
11641,358,7,24333
11642,241,3,5980
11643,197,4,9185
11644,150,5,14539
11645,29,5,7952
11646,78,9,23064
11647,182,2,5874
11648,198,4,11950
11649,257,5,12291
11650,240,4,9434
11651,1054,2,6019
11652,123,4,13960
11653,99,8,20855
11654,255,6,20560
11655,136,5,12150
11656,83,9,24389
11657,208,6,18523
11658,390,2,5989
11659,1028,2,5759
11660,43,4,9204
11661,122,10,35099
11662,65,3,10753
11663,68,4,9887
11664,344,1,4600
11665,938,2,6492
11666,294,5,6997
11667,87,8,26606
11668,240,9,24460
11669,216,7,18279
11670,538,5,13587
11671,389,4,9980
11672,331,3,8508
11673,374,5,13475
11674,625,3,11881
11675,237,12,32356
11676,472,4,9150
11677,170,7,20150
11678,282,5,12568
11679,588,2,5932
11680,757,4,11538
11681,75,5,12964
11682,564,4,11596
11683,28,6,23270
11684,536,4,16197
11685,312,4,14882
11686,44,7,17581
11687,453,4,13944
11688,181,7,10463
11689,581,1,3366
11690,53,4,9655
11691,667,4,7308
11692,132,4,13000
11693,48,3,5451
11694,413,2,8615
11695,83,9,23047
11696,98,6,21367
11697,31,4,7870
11698,609,5,17187
11699,225,3,6842
11700,118,3,7296
11701,585,5,16214
11702,801,4,10453
11703,105,7,21298
11704,1132,2,8115
11705,758,3,7479
11706,656,4,10355
11707,91,4,9495
11708,749,2,1926
11709,157,4,11439
11710,9,9,26167
11711,168,3,7810
11712,76,6,22249
11713,300,5,17364
11714,303,2,7366
11715,219,8,29665
11716,327,8,22877
11717,1185,3,7701
11718,58,11,26567
11719,58,5,12083
11720,648,3,13707
11721,53,8,22869
11722,2,7,22262
11723,120,6,20599
11724,589,4,4607
11726,361,4,11518
11727,245,7,17910
11728,345,8,26702
11729,426,6,19927
11730,8,2,8349
11731,575,3,9832
11732,25,10,24011
11733,108,4,10286
11734,7,8,28734
11735,149,2,2790
11736,399,4,5968
11737,61,2,3910
11738,340,5,19438
11739,28,7,19389
11740,115,4,10628
11741,299,3,10543
11742,2,4,10030
11743,442,7,16641
11744,297,2,5591
11745,742,2,4556
11746,612,2,3877
11747,304,4,10722
11748,9,4,8276
11749,22,6,12530
11750,805,3,7878
11751,740,7,18642
11752,268,4,7595
11753,464,4,14691
11754,24,6,17550
11755,116,8,21498
11756,427,3,5950
11757,754,3,9578
11758,312,9,29362
11759,136,5,17868
11760,29,6,20930
11761,211,2,2933
11762,22,9,25260
11763,124,4,10049
11764,138,3,6669
11765,605,3,4378
11766,304,9,27031
11767,138,6,15183
11768,150,6,17028
11769,682,4,6419
11770,46,5,14667
11771,135,7,20101
11772,447,3,7489
11773,73,9,20014
11774,645,8,22408
11775,52,4,8209
11776,135,4,10445
11777,76,3,6660
11778,579,1,2744
11779,475,5,12293
11780,153,5,12028
11781,243,8,24473
11782,57,8,16013
11783,22,3,11910
11784,98,11,31649
11785,43,7,19962
11786,810,3,8015
11787,261,4,14281
11788,103,2,6119
11789,451,3,10546
11790,717,3,10775
11791,245,1,470
11792,55,2,6984
11793,93,5,10718
11794,700,2,4862
11795,48,7,15063
11796,503,6,17202
11797,255,5,12048
11798,114,7,18872
11799,350,5,19152
11800,51,7,23479
11801,26,6,15609
11802,453,8,25629
11803,253,4,8496
11804,475,5,6663
11805,538,5,7735
11806,34,4,14535
11807,30,3,8490
11808,120,7,15376
11809,130,6,20528
11810,951,1,1790
11811,325,7,22776
11812,69,5,10020
11813,113,6,17263
11814,57,6,16290
11815,147,4,15212
11816,151,3,8329
11817,446,3,9428
11818,134,4,16079
11819,367,2,8719
11820,272,6,11970
11821,49,4,12017
11822,15,3,6148
11823,975,2,5747
11824,31,8,27262
11825,1079,2,7671
11826,113,2,7161
11827,83,6,15453
11828,17,4,10486
11829,444,4,9489
11830,36,5,14092
11831,62,3,10017
11832,676,2,9656
11833,354,5,11206
11834,250,4,11082
11835,212,9,19065
11836,300,5,10509
11837,100,2,7334
11838,730,3,7595
11839,443,4,9754
11840,321,3,4929
11841,197,5,9933
11842,61,10,27805
11843,60,4,4893
11844,86,4,7112
11845,102,5,13663
11846,290,5,10777
11847,81,6,15178
11848,14,5,12071
11849,134,5,12054
11850,102,8,25756
11851,214,3,6058
11852,7,6,16650
11853,3,6,18691
11854,62,5,14421
11855,137,3,7755
11856,672,2,4381
11857,416,3,8832
11858,328,6,11634
11859,225,9,22426
11860,424,1,4883
11861,224,2,7744
11862,713,2,4692
11863,395,5,12676
11864,337,3,10870
11865,553,6,17780
11866,191,5,19931
11867,583,3,3655
11868,3,6,13732
11869,65,6,10869
11870,206,7,18873
11871,133,4,8345
11872,32,3,3967
11873,361,2,7522
11874,145,2,6397
11875,150,2,3557
11876,399,5,14453
11877,496,5,7795
11878,768,4,9668
11879,34,6,19493
11880,109,6,16209
11881,38,10,21857
11882,34,5,15376
11883,263,2,3535
11884,103,4,13508
11885,198,5,8710
11886,246,8,20323
11887,858,2,6359
11888,1005,4,13477
11889,485,4,14856
11890,333,5,17056
11891,93,8,17581
11892,518,1,2655
11893,532,9,18962
11894,404,8,22623
11895,454,8,20305
11896,80,6,13627
11897,84,7,18389
11898,394,2,3624
11899,5,7,16157
11900,17,5,18005
11901,58,10,29568
11902,262,2,9342
11903,71,9,26026
11904,983,1,4204
11905,829,2,6515
11906,542,2,2279
11907,182,4,13285
11908,55,6,14027
11909,77,6,23897
11910,908,2,6209
11911,454,5,21139
11912,661,5,11331
11913,1302,1,2612
11915,73,7,18754
11916,2,5,12121
11917,69,3,7226
11918,564,6,12978
11919,31,6,14074
11920,141,6,11722
11921,90,3,5003
11922,251,9,20645
11923,522,5,10389
11924,310,3,9993
11925,41,5,12124
11926,108,10,26136
11927,182,3,10174
11928,68,9,22801
11929,330,7,18451
11930,117,10,35254
11931,12,9,27749
11932,184,6,13732
11933,132,7,15578
11934,127,4,15621
11935,53,4,8638
11936,274,3,10906
11937,86,6,16191
11938,298,3,4973
11939,68,10,34844
11940,60,8,25048
11941,81,6,11017
11942,29,5,14411
11943,38,5,12043
11944,329,7,21296
11945,240,4,13129
11946,458,5,12362
11947,236,7,15530
11948,99,2,3508
11949,193,5,11142
11950,139,5,14023
11951,629,4,10587
11952,720,2,4429
11953,777,2,8169
11954,42,7,18953
11956,302,4,12491
11957,55,2,4428
11958,135,6,10231
11959,6,6,13158
11960,470,6,17644
11961,583,4,10353
11962,42,4,11938
11963,46,6,20525
11964,50,5,12437
11965,203,3,5807
11966,145,5,17745
11967,1207,2,6943
11968,131,4,11048
11969,987,2,7695
11970,103,4,7473
11971,57,5,15780
11972,307,3,11358
11973,680,6,17419
11974,261,6,9921
11975,180,7,19162
11976,5,4,8093
11977,101,7,18304
11978,239,5,16657
11979,532,5,16055
11980,611,4,12791
11981,64,4,12326
11982,331,2,8570
11983,85,9,20949
11984,227,6,13146
11985,675,2,7347
11986,48,5,13865
11987,221,3,8905
11988,234,3,5280
11989,449,2,8266
11990,631,5,14490
11991,406,3,5675
11992,572,2,5717
11993,32,7,17658
11994,121,4,11487
11995,405,4,13566
11996,690,7,21814
11997,43,5,10021
11998,310,5,11684
11999,161,8,26609
12000,215,4,12058
12001,147,5,15555
12002,441,4,11037
12003,67,4,15800
12004,646,5,12565
12005,32,5,9433
12006,337,2,4561
12007,856,4,9234
12008,280,3,7143
12009,8,2,10149
12010,544,2,8614
12011,637,3,7391
12012,102,4,7653
12013,69,5,13290
12014,571,3,6257
12015,1,3,10697
12016,1316,1,443
12017,13,10,25981
12018,2,8,23985
12019,378,3,5753
12020,43,7,20523
12021,529,3,7270
12022,54,11,23360
12023,954,4,12558
12024,10,3,7581
12025,29,8,11922
12026,495,4,8524
12027,695,1,4769
12028,30,3,7015
12029,144,4,12117
12030,140,2,2731
12031,213,8,27148
12032,1126,1,3974
12033,52,5,16927
12034,179,2,5134
12035,128,5,16115
12036,107,10,33891
12037,75,7,12896
12038,832,4,3720
12039,447,4,10526
12040,741,1,1217
12041,237,6,13890
12042,139,9,24491
12043,388,2,7885
12044,169,8,14428
12045,1292,1,1558
12046,253,2,6110
12047,354,7,17693
12048,96,4,7924
12049,129,9,23288
12050,56,9,27364
12051,399,4,13239
12052,98,11,37403
12053,792,4,7656
12054,357,4,12128
12055,9,6,21688
12056,135,6,17514
12057,19,11,24584
12058,92,6,18280
12059,705,2,8155
12060,108,3,4694
12061,77,8,22111
12062,95,3,9886
12063,116,5,12491
12064,93,2,2999
12065,146,9,31383
12066,335,3,9085
12067,94,4,6236
12068,402,2,2878
12069,179,2,3115
12070,45,5,15630
12071,120,4,6294
12072,51,5,21140
12073,29,5,12627
12074,68,4,8053
12075,257,3,11438
12076,535,1,437
12077,309,3,3310
12078,4,3,5184
12079,150,5,17432
12080,394,7,24297
12081,86,4,9815
12082,8,6,18378
12083,251,4,11495
12084,278,3,7992
12085,520,2,6716
12086,91,10,30964
12087,1087,2,6554
12088,788,1,4800
12089,300,5,14345
12090,270,12,34411
12091,585,2,5124
12092,94,7,20382
12093,678,2,3565
12094,38,6,21040
12095,165,6,11959
12096,603,5,15707
12097,209,7,17107
12098,384,4,10821
12099,17,8,17875
12100,756,3,7346
12101,329,2,4316
12102,311,5,14355
12103,74,5,13748
12104,255,3,8226
12105,227,5,12023
12106,85,8,24736
12107,24,3,6132
12108,62,6,20968
12109,302,4,14583
12110,301,7,12396
12111,110,4,12638
12112,512,3,7360
12113,712,5,10924
12114,318,4,12735
12115,111,4,10951
12116,27,5,17142
12117,229,5,11797
12118,100,4,10105
12119,324,2,4433
12120,36,3,7668
12121,148,9,22768
12122,148,5,12985
12123,183,6,19357
12124,650,2,6032
12125,1200,2,3580
12126,52,4,13314
12127,285,4,13432
12128,332,6,13837
12129,210,6,23440
12130,420,6,15694
12131,116,1,1235
12132,562,6,14851
12133,208,8,19051
12134,31,4,10181
12135,250,6,21202
12136,282,7,23253
12137,158,6,15721
12138,194,4,8030
12139,65,5,15599
12140,27,9,20200
12141,293,5,13721
12142,502,1,4520
12143,247,7,21773
12144,124,6,13782
12145,388,5,11341
12146,57,6,21299
12147,651,5,13712
12148,168,7,23967
12149,487,3,12197
12150,771,3,14094
12151,5,7,22368
12152,300,2,7082
12153,168,3,6607
12154,277,5,14952
12155,454,3,11270
12156,56,3,7893
12157,9,11,29333
12158,338,6,13668
12159,241,5,15986
12160,127,6,11033
12161,330,6,13336
12162,558,7,18610
12163,69,9,13421
12164,542,3,11875
12165,110,7,21086
12166,112,6,21127
12167,136,4,9935
12168,125,7,17669
12169,38,7,17252
12170,7,9,23644
12171,560,4,7173
12172,109,8,22650
12173,4,3,6039
12174,97,5,11562
12175,301,6,18700
12176,112,6,14303
12177,191,13,36670
12178,219,3,7035
12179,423,8,23520
12180,18,4,8794
12181,417,5,17871
12182,113,5,8737
12183,402,3,11791
12184,38,8,23901
12185,28,3,7480
12186,73,9,29854
12187,31,4,12623
12188,550,1,1063
12189,418,7,19987
12190,101,6,13326
12191,319,6,16187
12192,635,3,4981
12193,287,5,15833
12195,304,4,9434
12196,585,3,8390
12197,37,9,29215
12198,311,6,13255
12199,549,2,6766
12200,1141,2,9477
12201,72,4,6457
12202,14,11,19727
12203,36,3,8460
12204,74,5,17768
12205,70,6,11832
12206,6,4,11334
12207,497,9,29404
12208,24,7,24593
12209,788,4,12414
12210,171,4,11861
12211,88,5,14393
12212,9,5,16144
12213,475,2,5961
12214,91,7,23175
12215,297,6,13870
12216,571,1,2275
12217,208,4,11121
12218,44,8,17672
12219,82,4,11185
12220,358,2,4885
12221,627,3,11326
12222,119,5,16235
12223,1269,1,5125
12224,166,3,7168
12225,852,3,9270
12226,710,6,13689
12227,628,3,5074
12228,151,5,14205
12229,1086,3,7828
12230,24,7,24214
12231,14,8,21144
12232,254,7,20732
12233,460,6,11778
12234,331,6,19465
12235,120,5,12628
12236,57,6,21692
12237,445,3,14092
12238,295,7,16912
12239,28,3,6510
12240,114,5,12745
12241,846,5,12660
12242,142,6,12442
12243,23,3,10702
12244,34,9,27032
12246,175,10,27265
12247,308,2,6840
12248,175,10,25568
12249,2,9,31530
12250,263,4,7937
12251,86,5,14688
12252,466,4,11776
12253,186,6,20800
12254,1305,1,4094
12255,16,5,3980
12256,55,7,15265
12257,295,6,14112
12258,444,3,8409
12259,71,4,10454
12260,364,4,9204
12261,10,3,4183
12262,13,7,21085
12263,16,5,18732
12264,280,8,18215
12265,339,10,31475
12266,289,3,7640
12267,378,5,6656
12268,201,4,8357
12269,53,5,15737
12270,13,7,24504
12271,8,9,24743
12272,159,7,21031
12273,876,4,10823
12274,234,2,7711
12275,108,3,10001
12276,269,6,15396
12277,559,2,4255
12278,333,2,8737
12279,223,7,17530
12280,48,3,9488
12281,526,5,16327
12282,168,5,13054
12283,174,6,17527
12284,543,4,10575
12285,619,5,15374
12286,769,2,5941
12287,177,5,16200
12288,45,4,10394
12289,206,4,9901
12290,487,4,12613
12291,149,8,21419
12292,172,6,11179
12293,1332,1,3426
12294,151,4,8711
12295,430,4,6261
12296,9,11,28951
12297,526,5,17518
12298,376,9,22264
12299,322,5,15009
12300,8,6,10406
12301,259,4,10023
12302,459,3,6369
12303,48,2,1763
12304,31,7,20034
12305,325,5,11570
12306,290,5,18143
12307,4,3,10754
12308,104,6,13365
12309,620,3,11540
12310,107,3,3857
12311,164,4,19565
12312,303,6,19235
12313,412,4,10325
12314,34,9,22864
12315,259,1,4062
12316,85,8,27012
12317,329,6,19110
12318,333,2,5123
12319,283,5,15220
12320,177,5,8912
12321,341,2,3635
12322,63,6,8227
12323,327,9,23596
12324,44,11,37480
12325,71,1,3468
12326,378,8,24648
12327,59,5,10979
12328,121,2,4969
12329,45,6,19866
12330,138,4,8134
12331,112,6,15475
12332,147,6,23757
12333,103,7,22316
12334,1134,2,7343
12335,455,5,12395
12336,3,3,10787
12337,272,8,28214
12338,70,5,14855
12339,386,2,4302
12340,321,4,9299
12341,298,3,7260
12342,33,4,9332
12343,10,7,17855
12344,352,6,11602
12345,706,3,6809
12346,108,5,13630
12347,243,3,8963
12348,59,5,11349
12349,14,6,15407
12350,1282,1,1402
12351,185,6,19228
12352,85,6,9123
12353,2,4,11935
12354,379,5,14794
12355,31,4,8647
12356,264,2,6655
12357,186,4,7516
12358,164,5,13528
12359,53,7,18883
12360,126,6,19360
12361,165,2,8052
12362,53,5,18831
12363,405,3,8877
12364,22,5,17488
12365,40,10,28097
12366,71,3,8524
12367,353,12,29590
12368,19,4,15925
12369,53,8,22727
12370,67,5,15159
12371,43,4,13618
12372,25,7,19380
12373,52,3,10654
12374,312,8,18228
12375,477,10,26538
12376,114,6,12424
12377,25,8,22892
12378,64,6,12897
12379,134,4,11808
12380,328,5,11673
12381,108,2,4962
12382,311,5,13197
12383,138,8,25517
12384,143,8,22541
12385,11,7,20815
12386,18,6,8427
12387,401,2,5527
12388,794,1,3395
12389,145,8,26404
12390,550,2,8793
12391,75,6,17528
12392,267,2,5106
12393,199,5,12337
12394,319,3,8348
12395,47,7,23127
12396,27,8,23036
12397,110,7,20970
12398,57,4,11330
12399,398,5,11420
12400,286,2,3915
12401,326,4,7286
12402,878,4,15596
12403,434,5,18940
12404,154,6,14371
12405,455,3,9878
12406,174,3,8425
12407,435,7,16820
12408,131,4,14047
12409,71,3,9535
12410,27,2,4571
12411,72,5,14865
12412,272,5,13807
12413,455,2,8390
12414,502,1,5046
12415,226,5,13063
12416,281,8,18503
12417,673,5,14861
12418,2,6,17190
12419,913,4,11301
12420,685,3,9902
12421,284,3,9098
12422,390,3,5775
12423,95,4,10706
12424,17,7,16118
12425,130,2,4711
12426,18,8,28441
12427,321,4,12986
12428,513,5,18563
12429,133,2,8851
12430,66,2,5190
12431,298,5,11901
12432,27,6,18338
12433,707,1,1044
12434,370,6,18224
12435,272,4,13701
12436,986,1,3435
12437,198,6,9272
12438,21,7,27008
12439,15,5,13240
12440,224,10,27336
12441,84,8,16652
12442,93,5,12155
12443,113,4,11557
12444,74,5,20865
12445,517,3,7298
12446,239,6,11255
12447,57,6,21655
12448,510,3,7723
12449,570,3,6414
12450,13,9,20098
12451,268,4,5941
12452,93,5,10880
12453,964,2,4882
12454,274,3,10705
12455,14,5,13973
12456,370,4,10177
12457,151,6,14945
12458,598,4,10981
12459,270,5,16244
12460,94,6,14966
12461,36,11,31377
12462,129,10,20408
12463,317,6,20600
12464,12,3,7432
12465,399,5,15459
12466,56,7,19357
12467,323,7,17771
12468,341,1,1242
12469,453,5,15306
12470,209,3,5586
12471,560,5,17237
12472,29,4,9118
12473,520,1,4040
12474,35,10,30481
12475,4,8,29403
12476,179,5,13419
12477,110,8,17058
12478,250,7,23231
12479,95,4,11640
12480,1123,1,3444
12481,464,5,16802
12482,71,5,17347
12483,85,8,27258
12484,200,3,5674
12485,9,8,15935
12486,320,6,19107
12487,702,2,6902
12488,731,3,12780
12489,265,2,4575
12490,851,3,9668
12491,76,3,8967
12492,10,6,24972
12493,358,2,9072
12494,516,3,5716
12495,82,4,11017
12496,353,4,13847
12497,167,6,16813
12498,48,13,34970
12499,267,8,23618
12500,212,5,11130
12501,299,3,8549
12502,354,3,7273
12503,259,5,12350
12504,767,2,8391
12505,347,4,10857
12506,885,2,3116
12507,55,7,14917
12508,226,6,18297
12509,260,4,13060
12510,686,7,21402
12511,151,4,9934
12512,190,7,21188
12513,852,1,2279
12514,407,1,3013
12515,504,1,1824
12516,220,5,19929
12517,584,1,1214
12518,272,7,22314
12519,880,4,15487
12520,182,6,24739
12521,111,5,15843
12522,165,7,17682
12523,560,5,13569
12524,121,5,8587
12525,51,5,14274
12526,78,6,11632
12527,434,4,13385
12528,19,5,15543
12529,19,15,35671
12530,53,2,6760
12531,58,7,29152
12532,282,5,8690
12533,319,5,13356
12534,44,3,6743
12535,52,3,7906
12536,742,5,11799
12537,179,9,25022
12538,30,3,11932
12539,304,3,9620
12540,253,5,13616
12541,276,5,9436
12542,142,5,12304
12543,364,6,15107
12544,26,4,13787
12545,52,4,14942
12546,35,9,24047
12547,495,5,13643
12548,227,10,28574
12549,51,6,16827
12550,142,7,19127
12551,343,6,17789
12552,7,6,19470
12553,115,6,22933
12554,34,4,9031
12555,204,4,10249
12556,4,8,22075
12557,111,4,9383
12558,214,7,22691
12559,386,2,9197
12560,36,5,19025
12561,289,6,14845
12562,80,7,12953
12563,262,4,14781
12564,135,6,24386
12565,42,4,9251
12566,71,3,8440
12567,447,5,10544
12568,384,4,11063
12569,551,2,2331
12570,189,3,7433
12571,176,6,18302
12572,81,4,10012
12573,23,10,32079
12574,135,3,5453
12575,736,2,1079
12576,12,5,7941
12577,220,7,21395
12578,140,6,15821
12579,454,1,1724
12580,163,7,22784
12581,61,8,19588
12582,1054,5,15411
12583,52,6,14848
12584,434,6,13944
12585,41,7,19622
12586,4,10,25775
12587,19,3,3466
12588,494,2,997
12589,399,2,3822
12590,13,5,11234
12591,80,2,5786
12592,68,8,19415
12593,64,6,16736
12594,614,3,5847
12596,28,6,12637
12597,238,7,23618
12598,22,8,16050
12599,295,3,8279
12600,137,5,17855
12601,321,3,1271
12602,4,7,17946
12603,784,2,5436
12604,169,7,15268
12605,501,7,22418
12606,390,5,15093
12607,159,4,11449
12608,703,2,7819
12609,94,12,30047
12610,289,6,14507
12611,31,12,42804
12612,115,4,13219
12613,134,9,30725
12614,448,2,6965
12615,102,4,6573
12616,1001,3,10757
12617,252,6,12648
12618,470,4,11034
12619,41,9,27538
12620,3,7,18606
12621,74,8,21605
12622,153,2,3236
12623,63,6,18930
12624,458,5,17153
12625,102,5,16202
12626,378,1,3575
12627,706,5,17729
12628,455,2,6105
12629,492,3,8189
12630,324,2,4128
12631,236,6,16322
12632,375,5,10364
12633,406,5,18867
12634,158,5,8762
12635,919,3,4860
12636,121,8,23680
12637,18,4,12562
12638,80,5,5808
12639,962,3,10474
12640,437,6,11460
12641,165,6,14017
12642,34,4,12053
12643,33,8,12169
12644,146,6,16084
12645,282,7,10716
12646,1030,2,5897
12647,15,5,21456
12648,604,4,8962
12649,531,5,10779
12650,467,5,16935
12651,695,3,6036
12652,337,5,9166
12653,92,6,18598
12654,111,6,23892
12655,79,8,20524
12656,232,4,10166
12657,19,5,15054
12658,655,5,11317
12659,102,8,21658
12660,365,3,10824
12661,304,4,17155
12662,71,5,12968
12663,26,5,16811
12664,111,11,28167
12665,129,3,12330
12666,291,3,4674
12667,83,5,9087
12668,143,6,19118
12669,78,3,6871
12670,330,3,4957
12671,85,3,12903
12672,341,4,11233
12673,308,4,9666
12674,175,4,11986
12675,86,2,5899
12676,37,6,11753
12677,360,6,19116
12678,141,5,15210
12679,23,6,18373
12680,120,6,17699
12681,496,2,1501
12682,218,4,11936
12683,254,6,17700
12684,247,3,10170
12685,148,1,1362
12686,26,8,25313
12687,303,5,14973
12688,50,1,2061
12689,46,5,11428
12690,160,6,12391
12691,11,6,14763
12692,810,2,7103
12693,634,5,9555
12694,736,2,7812
12695,8,7,20555
12696,393,6,16875
12697,87,8,24711
12698,88,6,17794
12699,2,8,20706
12700,95,5,16658
12701,391,5,14052
12702,1105,2,4727
12703,269,3,7911
12704,220,7,18682
12705,832,3,6802
12706,67,6,12861
12707,70,4,12483
12708,53,6,15338
12709,63,9,25294
12710,59,3,8917
12711,54,4,11397
12712,640,3,9212
12713,332,3,8421
12714,688,3,10725
12715,64,5,18844
12716,616,1,3813
12717,123,2,7911
12718,223,3,3851
12719,5,6,10918
12720,49,5,11000
12721,521,5,16713
12722,69,2,7758
12723,39,5,14207
12724,81,4,8355
12725,69,7,26392
12726,150,7,20703
12727,225,5,15163
12728,225,6,13888
12729,49,4,14713
12730,145,5,8610
12731,845,4,8919
12732,69,5,16124
12733,21,5,13357
12734,40,8,21092
12735,22,3,10790
12736,523,6,16142
12737,168,5,9098
12738,294,8,21544
12739,84,5,12793
12740,195,3,5397
12741,324,4,15890
12742,24,8,30868
12743,74,11,30769
12744,222,2,8952
12745,105,8,27709
12746,112,7,25324
12747,194,4,8284
12748,262,5,16371
12749,341,6,16319
12750,499,6,17238
12751,482,7,16894
12752,524,3,6985
12753,105,9,28817
12754,461,3,7144
12755,421,5,11989
12756,32,6,17914
12757,363,4,14869
12758,139,7,16393
12759,132,2,4268
12760,87,5,12677
12761,141,9,26092
12762,2,7,14400
12763,46,6,14323
12764,122,7,23607
12765,365,3,7883
12766,144,6,9938
12767,560,2,3498
12768,661,3,4244
12769,77,7,23375
12770,19,5,15353
12771,206,5,17518
12772,819,2,8098
12773,217,6,13048
12774,117,3,11117
12775,371,6,15724
12776,294,3,6089
12777,5,8,21512
12778,260,4,17001
12779,1025,2,4312
12780,496,4,9431
12781,10,9,20708
12782,212,3,6303
12783,61,3,6310
12784,673,4,7217
12785,307,10,32514
12786,94,7,16732
12787,509,3,8723
12788,296,6,12683
12789,92,6,20029
12790,367,3,11665
12791,633,2,4630
12792,113,3,11450
12793,11,2,7764
12794,596,2,7638
12795,123,8,17997
12796,244,6,14951
12797,115,8,17468
12798,299,5,15558
12799,235,3,7397
12800,142,5,12062
12801,64,7,23400
12802,21,9,31180
12803,278,2,6693
12804,320,5,17602
12805,318,2,7585
12806,322,2,4506
12807,73,4,12342
12808,206,4,15145
12809,198,4,13635
12810,659,2,4796
12811,134,3,9209
12812,18,4,12745
12813,118,3,7609
12814,599,5,13743
12815,75,7,23120
12816,46,8,23369
12817,393,4,5994
12818,419,4,5364
12819,204,6,16568
12820,368,4,11251
12821,434,4,11790
12822,9,12,25511
12823,196,5,6969
12824,258,4,10905
12825,148,8,22703
12826,435,3,12723
12827,591,6,15977
12828,763,6,16198
12829,110,3,5755
12830,296,2,6824
12831,404,3,9148
12832,55,5,12557
12833,27,1,1677
12834,114,4,9466
12835,174,3,9843
12836,324,5,9950
12837,49,4,12791
12838,457,2,5542
12839,82,9,21635
12840,51,9,22641
12841,182,6,11599
12842,313,2,7986
12843,269,8,18236
12844,125,7,19477
12846,74,3,5823
12847,58,5,10884
12848,1177,2,3091
12849,17,5,16808
12850,92,4,12881
12851,509,2,6963
12852,100,4,9640
12853,295,5,11235
12854,58,12,31727
12855,71,8,27411
12856,118,4,13948
12857,122,5,15154
12858,38,3,7792
12859,243,4,10327
12860,221,3,10614
12861,751,2,3476
12862,100,6,18469
12863,19,6,18813
12864,46,6,14910
12865,259,3,9419
12866,300,8,21655
12867,25,9,29494
12868,303,6,18851
12869,699,4,14929
12870,437,5,16776
12871,240,8,18912
12872,514,3,7424
12873,435,4,11130
12874,558,6,17262
12875,127,6,20028
12876,601,2,5450
12877,52,6,16295
12878,30,6,10126
12879,358,5,13422
12880,68,6,12087
12881,152,5,14646
12882,48,7,17152
12883,91,8,14783
12884,1340,1,5193
12885,489,5,14280
12886,258,1,2067
12887,1228,2,2706
12888,31,7,21308
12889,12,5,16228
12890,16,3,6005
12891,142,4,12276
12892,148,6,20998
12893,1130,1,2774
12894,274,7,21310
12895,60,2,6193
12896,86,5,8921
12897,116,6,18887
12898,206,7,17531
12899,58,7,14102
12900,252,2,5827
12901,190,10,21333
12902,355,4,11166
12903,207,5,17647
12904,166,7,25686
12906,62,6,23594
12907,152,6,13658
12908,48,8,24497
12909,87,5,13092
12910,95,2,5879
12911,816,6,16502
12912,189,5,16794
12913,21,8,25842
12914,110,5,16525
12915,1008,1,2138
12916,128,6,15049
12917,4,5,18551
12918,270,3,11534
12919,155,7,30878
12920,135,10,28562
12921,25,8,18455
12922,32,7,17933
12923,814,2,3807
12924,302,6,9575
12925,7,2,4107
12926,176,4,5898
12927,104,6,17885
12928,24,5,15052
12929,14,9,34126
12930,187,5,9546
12931,178,4,11505
12932,11,3,5421
12933,508,3,6576
12935,108,10,21948
12936,27,3,3746
12937,135,4,11170
12938,6,6,15430
12939,537,3,5098
12940,124,6,10100
12941,473,3,6973
12942,60,9,24475
12943,371,3,7873
12944,676,5,14767
12945,151,2,3725
12946,858,5,16982
12947,186,7,22145
12948,101,5,13503
12949,156,3,11506
12950,73,6,15428
12951,91,6,12605
12952,12,4,8011
12953,14,7,20055
12954,337,2,8536
12955,337,1,1253
12956,22,9,9297
12957,87,9,24519
12958,233,4,8690
12959,100,6,20077
12960,312,4,9191
12961,192,5,15839
12962,25,8,14533
12963,511,7,18991
12964,446,4,9513
12965,14,8,19372
12966,340,5,14989
12967,2,5,17199
12968,647,7,23681
12969,663,5,15355
12970,56,5,15292
12971,57,4,10474
12972,42,5,9740
12973,80,5,20321
12974,111,5,12746
12975,41,10,36722
12976,60,6,18336
12977,186,6,18242
12978,67,6,14700
12979,305,6,12327
12980,13,5,13446
12981,52,8,18165
12982,259,2,4226
12983,433,5,11929
12984,928,3,8402
12985,503,4,8350
12986,583,1,806
12987,206,6,17365
12988,153,8,25807
12989,520,4,13249
12990,23,5,11708
12991,703,2,6672
12992,4,6,17886
12993,127,9,26126
12994,10,7,13150
12995,122,5,13825
12996,314,2,7637
12997,409,3,5048
12998,379,2,6979
12999,216,6,23070
13000,155,2,4295
13001,222,6,23638
13002,349,4,9895
13003,6,12,38687
13004,114,5,14104
13005,535,6,13602
13006,25,5,10625
13007,334,7,21104
13008,106,4,8659
13009,135,3,11841
13010,70,8,24537
13011,19,9,27732
13012,68,5,15729
13013,697,3,4340
13014,252,4,13172
13015,422,4,8507
13016,200,4,14859
13017,11,7,20402
13018,757,3,12278
13019,1082,2,4125
13020,183,5,11627
13021,170,5,12623
13022,386,7,15221
13023,111,7,14150
13024,249,5,7501
13025,117,6,12813
13026,3,7,22911
13027,385,3,11630
13028,12,7,14491
13029,85,2,3493
13030,335,3,9452
13031,449,6,20720
13032,28,5,7680
13033,226,3,11892
13034,13,6,11760
13035,564,5,9018
13036,76,4,14592
13037,142,7,14019
13038,143,10,29023
13039,83,11,34868
13040,60,9,26032
13041,612,2,5302
13042,158,1,1510
13043,128,10,27065
13044,34,3,9190
13045,103,5,14288
13046,775,3,6370
13047,103,9,21146
13048,67,6,14323
13049,736,5,13840
13050,275,3,8273
13051,201,4,7584
13052,1158,1,4279
13053,244,6,13806
13054,403,5,14906
13055,639,8,19304
13056,159,6,14868
13057,194,8,23053
13058,29,2,6244
13059,393,9,30066
13060,99,8,22173
13061,201,4,8938
13062,23,6,14330
13064,185,5,18163
13065,24,7,23074
13066,373,2,8155
13067,263,5,14476
13068,260,3,8557
13069,319,8,16939
13070,71,5,15540
13071,20,9,15168
13072,127,6,9301
13073,115,5,13656
13074,146,6,21666
13075,321,1,4790
13076,496,5,17401
13077,120,6,18606
13078,152,6,12216
13079,112,3,9720
13080,139,5,14762
13081,565,3,3939
13082,730,3,11170
13083,292,4,11457
13084,1259,1,3031
13085,249,4,7998
13086,155,6,14419
13087,538,1,1781
13088,67,5,14690
13089,667,2,7894
13090,33,8,22928
13091,6,3,8067
13092,459,6,17794
13093,236,11,23667
13094,95,6,15108
13095,301,6,15180
13096,45,2,7372
13097,107,5,11754
13098,60,3,6923
13099,89,4,16260
13100,338,7,16638
13101,565,6,24068
13102,170,8,23432
13103,25,2,7613
13104,87,3,8906
13105,42,2,4386
13106,248,7,25948
13107,69,10,27232
13108,405,7,24998
13109,95,5,11591
13110,293,4,14732
13111,6,4,13109
13112,556,4,11163
13113,126,9,25513
13114,25,6,20206
13115,1088,2,3412
13116,102,8,17201
13117,452,6,20746
13118,188,7,19192
13119,144,5,8891
13120,67,3,9838
13121,329,3,8900
13122,982,2,5229
13123,893,3,8138
13124,888,4,14235
13125,876,1,503
13126,37,7,11270
13128,82,5,12310
13130,203,5,16110
13131,360,5,9993
13132,200,4,10319
13133,223,3,6216
13134,84,9,21174
13135,84,4,12916
13136,36,5,10927
13137,71,10,37841
13138,88,3,9228
13139,51,7,14187
13140,38,8,24723
13141,489,3,8256
13142,18,3,6967
13143,152,10,27763
13144,232,4,11234
13145,29,7,21532
13146,286,6,17108
13147,151,4,7195
13148,128,4,15611
13149,256,5,14152
13150,132,6,15111
13151,70,6,16373
13152,477,2,7280
13153,43,7,27574
13154,60,6,21143
13155,126,6,17225
13156,543,2,3835
13157,100,7,27072
13158,72,7,21168
13159,22,6,13831
13160,397,5,16491
13161,464,4,10101
13162,27,8,28208
13163,1151,1,3696
13164,445,5,15716
13165,70,6,18508
13166,44,5,13247
13167,247,1,4004
13168,358,2,8847
13169,71,7,17026
13170,3,4,6697
13171,819,4,14141
13172,179,2,2841
13173,1044,2,5089
13174,409,4,12526
13175,245,6,16878
13176,324,7,16772
13177,388,8,23351
13178,347,8,21232
13179,41,3,7334
13180,233,3,10936
13181,32,8,18335
13182,14,6,20093
13183,744,3,9340
13184,14,9,20341
13185,80,9,20685
13186,847,1,4116
13187,85,6,19540
13188,8,9,23127
13190,29,4,10345
13191,200,2,3897
13192,70,6,19725
13193,259,5,13449
13194,752,6,10645
13195,70,2,8217
13196,146,6,24676
13197,9,5,14114
13198,18,9,22235
13199,77,8,17647
13200,756,3,12246
13201,138,4,9646
13202,670,4,5777
13203,112,5,15162
13204,98,6,19921
13205,216,7,23126
13206,519,5,10857
13207,755,2,8370
13208,123,5,8998
13209,234,4,8377
13210,104,8,17927
13211,417,1,4408
13212,81,5,12771
13213,295,3,8135
13214,137,6,16485
13215,90,3,9182
13216,280,3,11362
13217,140,4,9061
13218,156,8,26075
13219,105,11,33496
13220,15,5,18265
13221,480,5,9659
13222,154,3,8200
13223,246,6,17805
13224,5,2,3966
13225,275,7,20368
13226,227,3,13184
13227,134,7,16437
13228,289,4,12462
13229,181,5,13031
13230,164,6,17796
13231,36,6,18865
13232,607,3,8344
13233,546,5,16340
13234,99,5,12365
13235,180,4,13159
13236,614,4,15823
13237,138,2,4182
13238,372,4,11414
13239,691,2,4509
13240,2,5,8596
13241,46,9,24517
13242,54,7,25543
13243,120,5,13394
13244,714,3,9554
13246,106,5,17015
13247,98,7,16433
13248,26,6,17523
13249,653,4,9830
13250,799,3,8063
13251,55,5,9603
13252,65,8,18501
13253,125,4,10120
13254,401,4,9584
13255,10,10,25804
13256,386,6,14165
13257,435,2,9032
13258,899,2,8126
13259,40,4,9107
13260,300,3,10991
13261,9,11,34352
13262,70,5,14289
13263,117,6,17280
13264,49,6,19061
13265,376,4,12905
13266,49,7,15373
13267,4,5,8127
13268,525,4,8604
13269,535,7,10975
13270,452,2,4996
13271,293,7,20082
13272,161,2,7914
13273,26,7,24752
13274,186,5,12735
13275,128,7,13220
13276,212,5,21119
13277,225,6,18735
13278,121,5,15662
13279,375,3,8916
13280,123,5,16841
13281,101,6,13848
13282,361,7,23267
13283,29,11,28872
13284,560,1,4217
13285,71,5,17121
13286,86,3,5270
13287,380,4,11263
13288,51,5,16373
13289,147,4,16282
13290,219,6,17566
13291,165,6,17260
13292,29,8,21638
13293,354,4,8065
13294,1002,3,5672
13295,18,5,15838
13296,45,4,11162
13297,231,1,157
13298,17,10,28517
13299,242,6,23407
13300,382,4,10867
13301,50,4,13939
13302,742,3,8614
13303,527,5,8888
13304,381,2,8030
13305,174,10,30292
13306,223,3,11931
13307,253,3,11383
13308,200,5,13007
13309,77,13,35032
13310,467,3,9670
13311,723,1,4499
13312,416,4,5195
13313,487,3,10781
13314,160,5,15423
13315,23,10,34072
13316,431,5,9578
13317,205,3,7141
13318,290,7,18635
13319,174,4,17095
13320,395,2,2767
13321,29,4,12415
13322,878,4,9963
13323,39,4,12971
13324,194,5,12036
13325,171,3,7051
13326,340,5,12679
13327,186,1,2557
13328,20,4,6142
13329,171,2,1409
13330,9,7,13468
13331,362,1,3279
13332,77,3,5599
13333,954,3,9243
13334,87,5,17728
13335,136,5,12874
13336,549,3,10299
13337,324,6,14125
13338,308,6,20861
13339,115,5,10437
13340,294,7,15525
13341,48,3,11148
13342,92,7,21495
13343,191,3,7481
13344,1195,1,2081
13345,83,9,23432
13346,330,4,11894
13347,552,1,1792
13348,71,3,10794
13349,96,7,26860
13350,13,4,8541
13351,141,5,18894
13352,104,4,8849
13353,128,11,29249
13354,21,8,15583
13355,156,5,10882
13356,19,3,3932
13357,669,2,6059
13358,108,3,9138
13359,41,5,13232
13360,347,6,10136
13361,177,4,11533
13362,334,6,18498
13363,87,6,18889
13364,7,6,19003
13365,87,6,15678
13366,137,6,18198
13367,490,4,13834
13368,55,4,14923
13369,393,5,12408
13370,157,7,21654
13371,62,8,15842
13372,247,3,4422
13373,140,5,8867
13374,133,3,8801
13375,473,8,16615
13376,140,6,16109
13377,11,4,10788
13378,224,3,12431
13379,1261,1,3289
13380,251,6,14479
13381,119,5,15153
13382,274,4,16555
13383,1347,1,1505
13384,737,2,9666
13385,538,2,3788
13386,27,8,24100
13387,159,7,20783
13388,994,1,4266
13389,186,6,16373
13390,374,5,14804
13391,236,3,4907
13392,6,2,8923
13393,251,7,21495
13394,450,5,15550
13395,24,2,8087
13396,403,1,4705
13397,198,1,4308
13398,183,8,21467
13399,481,5,11719
13400,200,7,19056
13401,418,3,8207
13402,29,6,13746
13403,292,3,11605
13404,90,7,19576
13405,138,4,9834
13406,596,6,7876
13407,437,5,11362
13408,782,3,8354
13409,71,6,20471
13410,117,5,13945
13411,496,3,7781
13412,546,2,8020
13413,289,4,6342
13414,216,7,19493
13415,182,7,21435
13416,61,7,18878
13417,488,5,12429
13418,73,7,13953
13419,141,4,8141
13420,30,7,17712
13421,158,4,8624
13422,161,5,13929
13423,147,6,13637
13424,85,5,18352
13425,140,2,6407
13426,61,4,11347
13427,136,5,17263
13428,86,4,12404
13429,844,4,4662
13430,191,5,13533
13431,150,3,8662
13432,90,2,2978
13433,468,4,9128
13434,11,6,17100
13435,409,4,8995
13436,181,6,12554
13437,239,7,21019
13438,78,5,12487
13439,342,5,7156
13440,13,5,18312
13441,312,7,19033
13442,57,5,17070
13443,547,5,14520
13444,111,7,22183
13445,45,6,16261
13446,115,5,15030
13447,638,2,7616
13448,664,8,19557
13449,293,6,18490
13450,140,5,13574
13451,82,9,17237
13452,257,9,20689
13453,76,6,18921
13454,299,6,10028
13455,117,4,15511
13456,383,9,16594
13457,73,6,18659
13458,81,6,12612
13459,335,5,17375
13460,169,8,19635
13461,347,4,9543
13462,175,3,3844
13463,240,6,15740
13464,82,6,14240
13465,27,4,12410
13466,554,7,20286
13467,238,3,9257
13468,196,8,28602
13469,249,3,11439
13470,257,5,11209
13471,153,8,18259
13472,195,4,11299
13473,239,5,10651
13474,14,9,19759
13475,128,2,3918
13476,613,2,4729
13477,84,7,21037
13478,174,5,10567
13479,120,3,11540
13480,51,5,9713
13481,463,3,11625
13482,273,4,15347
13483,45,6,18985
13484,152,3,5785
13485,546,3,6623
13486,51,2,5266
13487,907,4,9811
13488,57,8,24609
13489,466,3,3712
13490,643,6,11645
13491,11,11,25163
13492,234,6,19647
13493,649,4,13968
13494,944,2,3107
13495,90,5,14921
13496,56,6,19012
13497,615,3,8868
13498,54,5,13545
13499,191,3,7821
13500,260,6,8830
13501,159,5,17338
13502,433,6,17109
13503,114,4,8485
13504,212,7,16393
13505,307,8,24157
13506,364,7,14832
13507,83,8,24031
13508,35,6,19634
13509,21,7,18941
13510,458,3,9998
13511,135,2,4780
13512,48,7,17140
13513,114,5,20026
13514,141,7,20753
13515,129,8,20457
13516,11,6,13762
13517,364,6,13165
13518,508,9,20653
13519,117,7,20160
13520,3,4,12083
13521,42,9,20749
13522,520,7,12184
13523,241,7,19899
13524,248,4,10066
13525,366,5,14673
13526,172,4,13860
13527,120,5,17232
13528,389,4,10881
13529,213,12,33860
13530,186,3,5837
13532,25,4,13567
13533,189,7,13733
13534,17,4,12556
13535,297,8,20374
13536,81,6,12259
13537,467,4,7843
13538,118,5,12584
13539,457,5,13080
13540,1085,2,6564
13541,45,5,13667
13542,714,5,10642
13543,87,5,20184
13544,112,8,25894
13545,133,5,15847
13546,54,4,10998
13547,518,3,5793
13548,719,7,15957
13549,225,6,21689
13550,128,8,25001
13551,106,7,17583
13552,127,7,21999
13553,129,5,9875
13554,143,7,19416
13555,836,3,7139
13556,109,9,19604
13557,99,1,4714
13558,489,3,6108
13559,69,7,16193
13560,318,4,10954
13561,249,6,7285
13562,618,2,5058
13563,312,2,3212
13564,171,5,19385
13565,112,5,15242
13566,97,3,8646
13567,326,6,20651
13568,173,6,11253
13569,45,5,13505
13570,42,3,5525
13571,94,6,14671
13572,98,5,17289
13573,19,3,13915
13574,69,4,13290
13575,28,5,12364
13576,50,3,10655
13577,371,6,11218
13578,27,5,16564
13579,555,3,5822
13580,37,4,10447
13581,181,5,6785
13582,33,11,29092
13583,799,3,5597
13584,320,5,9897
13585,189,5,16010
13586,186,1,1068
13587,444,4,9835
13588,180,1,1490
13589,142,5,15051
13590,537,3,7090
13591,142,7,17409
13592,627,2,945
13593,154,5,12223
13594,498,7,24726
13595,45,7,17520
13596,97,3,5387
13597,84,4,11564
13599,125,2,9012
13600,239,4,11469
13601,58,6,13824
13602,257,3,10336
13603,231,12,33141
13604,272,3,3971
13605,1,5,15057
13606,206,5,16077
13607,78,3,7732
13608,53,4,12743
13609,129,3,7011
13610,197,4,13013
13611,916,5,14100
13612,337,1,4031
13613,68,2,8805
13614,155,6,13752
13615,238,6,14638
13616,704,6,15979
13617,956,2,6497
13618,76,2,2531
13619,246,5,19133
13620,109,5,9378
13621,58,5,20459
13622,308,4,14536
13623,162,7,20388
13624,100,6,17077
13625,131,4,11464
13626,308,3,8451
13627,250,6,13614
13628,283,5,11459
13629,279,5,10333
13630,204,8,19552
13631,67,4,13685
13632,647,4,12215
13633,441,3,7147
13634,3,3,9773
13635,339,2,6106
13636,189,6,15830
13637,223,2,3293
13638,1083,2,2417
13639,104,7,17278
13640,299,4,11351
13641,31,10,13605
13642,194,8,19957
13643,969,3,8125
13644,69,6,10870
13645,84,6,20359
13646,272,4,14544
13647,79,6,18315
13648,1159,1,3485
13649,171,4,16729
13650,116,5,14185
13651,113,4,8160
13652,517,3,9581
13653,305,9,16112
13654,48,3,7951
13655,196,7,15014
13656,23,4,13533
13657,238,4,11192
13658,154,7,17303
13659,110,4,12376
13660,333,5,11025
13661,598,2,7912
13662,121,5,16130
13663,18,6,22100
13664,51,9,20619
13665,555,3,3169
13666,120,8,25842
13667,558,5,9761
13668,122,5,17304
13669,478,5,16706
13670,1,6,10976
13671,182,4,11271
13672,330,3,8002
13673,1093,2,8407
13674,506,3,8664
13675,64,5,9017
13676,192,3,11082
13677,88,7,22045
13678,145,4,10062
13679,49,5,16269
13680,150,6,13737
13681,373,11,26399
13682,401,7,20172
13683,10,9,18803
13684,60,9,18006
13685,115,4,14202
13686,180,4,11405
13687,533,6,10807
13688,145,5,14807
13689,1243,2,3315
13690,20,5,15287
13691,824,2,5429
13692,29,5,14911
13693,349,4,11357
13694,6,9,27331
13695,102,6,14920
13696,532,5,12026
13697,29,6,13030
13698,71,7,20584
13699,41,6,19422
13700,127,12,37176
13701,28,5,18416
13702,384,7,23908
13703,129,5,8278
13704,113,5,15707
13705,75,5,15419
13706,347,4,17365
13707,91,6,13958
13708,218,5,9180
13709,186,7,16810
13710,566,4,17075
13711,71,1,228
13712,250,7,20637
13713,145,5,8163
13714,436,3,5745
13715,24,5,15125
13716,281,3,7171
13717,20,4,10094
13718,157,7,16614
13719,1,10,31815
13720,40,4,14545
13721,301,5,18652
13722,169,13,31969
13723,174,4,13544
13724,526,4,11101
13725,87,1,1173
13726,389,5,18303
13727,125,9,24183
13728,377,6,19322
13729,62,7,17714
13730,373,3,4342
13731,281,4,16477
13732,740,7,13527
13733,566,3,7964
13734,136,5,7211
13735,109,4,11802
13736,425,5,10501
13737,119,4,12532
13738,909,3,11898
13739,53,4,11996
13740,56,8,24465
13741,303,2,5494
13742,8,4,11929
13743,833,4,13414
13744,148,4,11739
13745,612,2,4960
13746,154,4,8205
13747,2,5,20443
13748,13,4,4861
13749,403,5,12514
13750,151,3,11241
13751,10,2,3680
13752,443,9,20145
13753,918,3,5975
13754,66,3,8202
13755,489,2,6657
13756,9,8,23491
13757,100,3,11828
13758,133,6,8865
13759,3,8,15127
13760,911,2,5342
13761,226,7,20956
13762,668,4,15326
13763,328,4,10790
13764,168,9,28477
13765,585,4,11535
13766,7,5,15546
13767,297,6,17013
13768,479,4,5933
13769,79,7,18922
13770,128,5,16136
13771,268,4,12678
13772,276,6,13986
13773,9,5,11913
13774,107,5,18138
13775,78,7,15134
13776,542,3,8799
13777,846,4,9981
13778,844,2,2857
13779,559,7,19633
13780,85,3,9837
13781,203,6,15878
13782,122,6,13412
13783,119,7,15517
13784,141,7,17815
13785,154,7,18852
13786,621,4,12466
13787,79,8,24029
13788,74,7,14420
13789,46,5,13259
13790,18,10,25910
13791,78,5,17231
13792,18,8,19307
13793,330,2,6008
13794,784,3,6541
13795,688,4,15378
13796,437,1,765
13797,613,6,18096
13798,84,2,6164
13799,42,6,11606
13800,51,6,16334
13801,546,3,6762
13802,17,13,46464
13803,927,1,313
13804,616,4,10265
13805,57,6,10793
13806,453,5,17321
13807,229,3,11526
13808,122,7,15314
13809,18,6,14735
13810,170,5,15397
13811,124,9,24050
13812,199,7,16809
13813,1049,1,2326
13814,323,5,11930
13815,776,1,2442
13816,578,2,3495
13817,10,4,11769
13818,184,5,14410
13819,78,10,22606
13820,432,7,10939
13821,619,3,8509
13822,19,9,26304
13823,611,3,5933
13824,12,3,7864
13825,118,4,7851
13826,119,12,32214
13827,340,2,5826
13828,78,4,8495
13829,540,5,8744
13830,500,6,25105
13831,114,6,16831
13832,19,7,20894
13833,169,6,19120
13834,132,3,3324
13835,217,3,9586
13836,160,5,16166
13837,273,2,9535
13838,41,8,20656
13839,390,4,15175
13840,293,8,23243
13841,191,6,14732
13842,126,8,14987
13843,600,3,9073
13844,375,3,6227
13845,136,7,20057
13846,30,7,15467
13847,482,5,8529
13848,128,6,14707
13849,229,3,6592
13850,108,11,34702
13851,40,7,17460
13852,417,5,10663
13853,741,4,11145
13854,41,10,28195
13855,24,7,12662
13856,1259,1,2583
13857,602,3,8295
13858,570,3,10699
13859,284,5,12015
13860,292,3,5676
13861,50,6,12906
13862,393,9,30822
13863,423,3,12208
13864,679,7,24996
13865,163,2,8324
13866,71,8,20630
13867,10,4,5790
13868,198,9,23493
13869,121,3,9318
13870,206,4,7634
13871,49,6,18695
13872,123,4,10976
13873,2,10,31913
13874,368,8,25068
13875,126,5,15847
13876,212,5,10270
13877,389,4,13771
13878,736,5,14337
13879,394,7,16703
13880,19,10,31646
13881,319,4,10303
13882,51,2,2683
13883,601,4,9484
13884,229,5,16215
13885,617,1,4593
13886,138,7,19151
13887,211,5,15607
13888,117,2,6741
13889,451,2,7313
13890,164,8,16773
13891,105,6,10157
13892,69,4,10589
13893,638,6,20752
13894,524,5,10250
13895,126,4,9133
13896,343,4,16490
13897,29,6,18392
13899,264,3,5791
13900,312,6,16384
13901,54,5,15071
13902,419,6,16526
13903,225,8,22131
13904,302,5,7238
13905,94,7,22254
13906,160,4,11692
13907,572,5,9879
13908,558,3,9206
13909,49,4,12716
13911,71,3,6765
13912,842,2,5240
13913,190,5,13348
13914,34,4,9091
13915,192,3,6269
13916,171,6,13278
13917,653,5,10735
13918,85,4,8709
13919,158,7,17041
13920,887,2,7243
13921,1271,1,2103
13922,150,6,12843
13923,336,5,10026
13924,59,5,12988
13925,342,6,17704
13926,152,5,19177
13927,131,3,5126
13928,679,4,12018
13929,412,8,15712
13930,227,5,15009
13931,33,7,14710
13932,819,1,2378
13933,122,5,8120
13934,781,3,9627
13935,86,4,7004
13936,1273,1,2711
13938,109,4,14957
13939,98,4,12966
13940,251,6,14763
13941,161,6,10542
13942,635,5,15511
13943,273,3,11415
13944,173,7,21600
13945,648,6,15973
13946,343,4,11135
13947,292,7,21705
13948,76,5,15472
13949,285,6,11274
13950,23,7,19624
13951,600,8,15133
13952,142,6,14777
13953,54,1,1367
13954,292,8,20035
13955,429,6,12284
13956,463,2,6035
13957,53,5,17391
13958,31,7,22383
13959,12,8,14383
13960,248,7,20312
13961,97,7,16037
13962,129,7,22746
13963,357,6,19110
13964,21,5,16038
13965,128,10,29934
13966,262,7,15949
13967,299,5,12888
13968,1320,1,4838
13969,400,3,9917
13970,663,4,11973
13971,56,4,10184
13972,20,4,9820
13973,165,9,20432
13974,325,2,3135
13975,8,9,30678
13976,44,9,22133
13977,885,3,8037
13978,61,4,12933
13979,128,7,20876
13980,231,8,21582
13981,118,3,5683
13982,245,4,4333
13983,271,5,13232
13984,188,7,25660
13985,621,3,5959
13986,43,5,13191
13987,489,7,12733
13988,180,3,6776
13989,344,5,10726
13990,145,9,17346
13991,46,5,12158
13992,123,8,24285
13993,405,6,16440
13994,264,6,19511
13995,766,3,8305
13996,131,6,16513
13997,64,2,3944
13998,68,4,11009
13999,184,5,6716
14000,488,5,6429
14001,27,6,22534
14002,86,6,18100
14003,348,5,9275
14004,103,8,12204
14005,389,5,13790
14006,400,7,21027
14007,23,5,12160
14008,502,5,19976
14009,69,6,18443
14010,192,5,17194
14011,391,3,5807
14012,106,7,24259
14013,39,8,20638
14014,151,9,30375
14015,107,8,20110
14016,28,5,17632
14017,273,6,17840
14018,158,4,11398
14019,76,7,18341
14020,631,5,13641
14021,146,5,12582
14022,210,5,11809
14023,155,4,10247
14024,33,1,2997
14025,499,6,15284
14026,109,5,11913
14027,524,2,4463
14028,44,3,6599
14029,618,4,13685
14030,182,3,10434
14031,282,4,11303
14032,213,6,16587
14033,542,5,9501
14034,392,4,10484
14035,267,6,18547
14036,666,2,6540
14037,115,8,18108
14038,161,5,10092
14039,429,5,16005
14040,496,3,9437
14041,279,3,7286
14042,37,4,12807
14043,397,2,7098
14044,410,8,23453
14045,178,2,3379
14046,205,6,18120
14047,4,7,12719
14048,28,8,25738
14049,712,3,3658
14050,124,8,22468
14051,393,3,7738
14052,170,4,11503
14053,692,5,18452
14054,371,3,5514
14055,70,5,14865
14056,274,6,22670
14057,180,6,18996
14058,59,3,4725
14059,239,4,8098
14060,693,1,2132
14061,494,8,18102
14062,495,3,5595
14063,71,5,12188
14064,393,3,5568
14065,221,4,14217
14066,40,3,12023
14067,24,7,14473
14068,8,5,21347
14069,189,6,10773
14070,2,5,10329
14071,645,3,7184
14072,501,3,9021
14073,176,7,19253
14074,48,4,10120
14075,192,2,4677
14076,82,5,7666
14077,51,10,26417
14078,553,9,25173
14079,68,5,14738
14080,393,3,10374
14081,832,2,5289
14082,1,4,7131
14083,439,4,10632
14084,35,3,7758
14085,417,2,2412
14086,716,2,6731
14087,23,4,10866
14088,32,7,22134
14089,85,5,12240
14090,108,3,7482
14091,183,3,5844
14092,293,4,12321
14093,42,6,18605
14094,39,5,16159
14095,13,3,7571
14096,646,4,8411
14097,335,5,17390
14098,274,4,15416
14099,269,7,20395
14100,39,5,10361
14101,55,8,25112
14102,784,2,3001
14103,23,3,6570
14104,555,4,11348
14105,515,5,17737
14106,37,11,29637
14107,368,3,8770
14108,316,6,14803
14109,290,7,17116
14110,264,4,11827
14111,517,7,20095
14112,125,3,8957
14113,1124,1,344
14114,275,8,29886
14115,644,2,1241
14116,178,4,10806
14117,787,2,4489
14118,65,6,8145
14119,662,2,8418
14120,695,2,8607
14121,109,4,12266
14122,350,2,5312
14123,136,8,19874
14124,65,5,14991
14125,19,5,12359
14126,204,6,11683
14127,303,5,15944
14128,89,8,25398
14129,1052,2,4840
14130,79,6,20529
14131,145,8,20492
14132,7,8,19108
14133,707,2,6271
14134,149,6,9639
14135,40,4,9881
14136,1105,2,3913
14137,312,2,7221
14138,397,3,8465
14139,453,7,15704
14140,120,6,11690
14141,107,3,6853
14142,53,4,11386
14143,55,6,16469
14144,477,3,12173
14145,395,2,6120
14146,54,6,13883
14147,277,5,12157
14148,92,8,24933
14149,305,6,13991
14150,13,7,23858
14151,254,2,8481
14152,176,5,11403
14153,252,5,13461
14154,787,2,6359
14155,97,6,11045
14156,249,4,9846
14157,35,5,15215
14158,51,4,6761
14159,110,7,20019
14160,320,3,8762
14161,2,10,29264
14162,224,6,18328
14163,185,2,6187
14164,997,2,5055
14165,206,7,18838
14166,282,6,20967
14167,56,6,16633
14168,42,6,14270
14169,96,6,16869
14170,60,3,10039
14171,15,9,22255
14172,133,6,15941
14173,21,4,12187
14174,317,5,8547
14175,617,5,13029
14176,48,5,9553
14177,503,6,11898
14178,149,3,5711
14179,82,4,11967
14180,88,4,12200
14181,264,3,11142
14182,165,4,16377
14183,509,5,16301
14184,2,7,25373
14185,173,7,20115
14186,118,5,15780
14187,179,13,29514
14188,564,3,10324
14189,276,3,7624
14190,366,5,18193
14191,240,5,12365
14192,328,3,7005
14193,211,2,5352
14194,224,5,11158
14195,451,3,7247
14196,119,3,11028
14197,87,7,14408
14198,1,5,16412
14199,121,4,15720
14200,218,9,19945
14201,283,4,12142
14202,21,5,13552
14203,287,4,10856
14204,470,3,11677
14205,253,2,4992
14206,342,3,6298
14207,370,5,14140
14208,92,5,13134
14209,429,2,7376
14210,146,7,26423
14211,588,3,8724
14212,44,7,21356
14213,393,6,13693
14214,28,8,23667
14215,14,8,19710
14216,245,7,16485
14217,34,8,17399
14218,14,7,15633
14219,61,2,9292
14220,72,4,14313
14221,336,8,22597
14222,23,4,10638
14223,36,9,25279
14224,54,5,16389
14225,84,5,11538
14226,70,5,10968
14227,913,3,5828
14228,11,4,4344
14229,25,4,9668
14230,76,4,14636
14231,416,8,18691
14232,715,4,14006
14233,438,1,499
14234,61,8,24050
14235,275,10,26541
14236,571,3,5421
14237,29,9,27172
14238,393,5,12587
14239,410,5,11093
14240,61,9,24046
14241,216,11,32959
14242,14,6,13315
14243,173,4,12325
14244,377,5,17688
14245,239,2,6845
14246,10,6,9290
14247,111,12,37842
14248,42,9,21086
14249,133,10,32528
14250,529,6,15986
14251,54,4,6442
14252,340,7,18741
14253,68,6,16499
14254,126,10,30247
14255,73,6,13402
14256,490,3,13171
14257,63,4,9219
14258,459,7,14398
14259,120,5,12036
14260,486,4,6162
14261,317,4,7489
14262,133,3,7961
14263,299,6,14721
14264,927,1,2399
14265,94,4,13306
14266,288,5,13636
14267,22,6,23704
14268,695,2,3231
14269,250,2,6097
14270,139,7,22112
14271,457,6,13254
14272,115,4,12764
14273,255,7,17804
14274,467,4,6825
14275,7,4,14622
14276,54,3,8895
14277,118,2,5012
14278,310,9,23697
14279,142,7,17795
14280,164,5,10846
14281,341,4,14028
14282,435,7,22226
14283,166,5,16071
14284,100,4,16766
14285,187,5,10643
14286,15,5,9131
14287,506,4,12564
14288,54,3,10048
14289,165,5,18257
14290,41,4,15467
14291,206,2,7511
14292,11,6,8071
14293,518,1,3932
14294,273,5,12854
14295,373,6,11374
14296,177,6,8240
14297,33,4,5534
14298,223,7,16806
14299,126,9,30150
14300,317,2,6813
14301,450,8,26318
14302,4,3,10065
14303,199,5,8756
14304,38,6,14032
14305,600,4,11040
14306,124,8,19886
14307,257,2,6048
14308,186,2,5572
14309,501,4,12289
14310,251,6,11478
14311,2,6,15328
14312,230,2,6685
14313,59,5,15123
14314,30,4,8756
14315,977,2,4773
14316,228,5,19654
14317,1,8,17006
14318,163,7,19001
14319,17,5,6531
14320,1116,2,7849
14321,1055,3,5166
14322,28,5,12079
14323,12,4,12135
14324,296,4,8612
14325,281,1,4931
14326,360,4,14240
14327,47,3,8287
14328,12,3,7964
14329,69,7,22184
14330,82,8,26670
14331,240,7,22896
14332,407,10,25690
14333,220,5,17252
14334,585,8,16256
14335,136,4,11112
14336,287,2,3216
14337,201,4,9228
14338,302,3,9517
14339,98,5,14534
14340,301,5,11135
14341,22,7,17192
14342,11,9,25398
14343,168,8,18937
14344,111,4,10182
14345,24,4,15707
14346,334,7,15719
14347,82,5,11754
14348,94,4,14359
14349,157,2,2276
14350,240,4,10706
14351,520,2,2880
14352,56,4,12075
14353,303,4,12583
14354,264,5,13563
14355,50,8,24592
14356,686,3,7328
14357,436,8,28863
14358,13,4,10930
14359,51,5,19183
14360,74,9,30617
14361,567,2,5327
14362,209,6,18127
14363,90,6,14691
14364,82,6,20931
14365,263,6,17138
14366,131,10,37239
14367,49,5,11652
14368,78,6,14323
14369,156,5,14186
14370,48,3,10389
14371,506,3,6836
14372,192,3,3076
14373,817,2,5456
14374,1160,1,4419
14375,184,6,16245
14376,215,6,16365
14377,37,4,8454
14378,449,5,11116
14379,522,2,5602
14380,496,3,11538
14381,292,3,6296
14382,30,3,6104
14383,160,3,8572
14384,384,4,13680
14385,160,4,9831
14386,541,3,6456
14387,289,5,17319
14388,267,7,14436
14389,60,6,19172
14390,93,5,8201
14391,159,4,6898
14392,53,6,14334
14393,46,3,8499
14394,95,2,5087
14395,22,1,2685
14396,99,9,20680
14397,10,9,30166
14398,469,4,10259
14399,42,5,13699
14400,84,15,45334
14401,550,2,4877
14402,398,4,6266
14403,123,2,8809
14404,267,5,16408
14405,97,9,24285
14406,84,10,30304
14407,207,6,19207
14408,419,8,15897
14409,220,5,19445
14410,465,3,9294
14411,140,6,11030
14412,387,4,13629
14413,114,4,5605
14414,144,4,11182
14415,382,5,12726
14416,369,4,13543
14417,699,2,4731
14418,505,2,4299
14419,380,4,13467
14420,660,6,13932
14421,187,3,7199
14422,23,3,4818
14423,213,4,8882
14424,51,4,11518
14425,52,7,24575
14426,874,2,5538
14427,256,4,9883
14428,1,8,16969
14429,188,6,17141
14430,14,7,20873
14431,176,4,7812
14432,51,5,15712
14433,569,3,11912
14434,10,4,10593
14435,394,8,25160
14436,15,11,31211
14437,51,4,12713
14438,128,5,13526
14439,193,7,27073
14440,116,4,6583
14441,112,4,5992
14442,150,5,13253
14443,63,5,12358
14444,727,6,15888
14445,643,3,8900
14446,454,2,5572
14447,450,2,5072
14448,421,5,9221
14449,410,5,18449
14450,137,7,21395
14451,6,7,20952
14452,36,6,12139
14453,246,5,15382
14454,242,5,15583
14455,273,2,7283
14456,157,7,24133
14457,110,2,2900
14458,18,12,35728
14459,309,5,10346
14460,236,6,10385
14461,423,3,5234
14462,61,5,19997
14463,257,7,21737
14464,1140,1,5029
14465,240,7,18194
14466,593,2,5007
14467,815,3,9523
14468,38,8,19982
14469,698,1,3385
14470,733,4,9192
14471,119,7,23402
14472,265,2,5417
14473,267,4,15398
14474,313,5,18476
14475,834,1,2325
14476,9,9,31312
14477,494,4,8510
14478,56,8,24391
14479,57,8,25761
14480,1030,2,3493
14481,25,3,5264
14482,88,6,19223
14483,3,5,17050
14484,260,5,13768
14485,244,6,19627
14486,521,6,17025
14487,200,3,9392
14489,10,7,23757
14490,293,5,17036
14491,245,7,23102
14492,329,1,3864
14493,428,4,10676
14494,150,6,10158
14495,166,3,10301
14496,315,1,3821
14497,564,4,4776
14498,45,5,14505
14499,34,7,16497
14500,1280,1,4621
14501,341,5,16169
14502,328,4,6576
14503,7,3,12131
14504,572,3,8720
14505,350,2,6885
14506,277,6,15503
14507,646,4,5356
14508,235,6,17493
14509,7,7,15395
14510,617,4,17063
14511,96,6,16070
14512,340,4,8374
14513,45,5,16258
14514,90,4,6687
14515,357,2,961
14516,289,4,13736
14517,199,7,19741
14518,373,3,8833
14519,14,5,15326
14520,245,8,22786
14521,516,5,14549
14522,4,5,6595
14523,202,4,8605
14524,48,6,13788
14525,275,2,3759
14526,56,6,16915
14527,329,6,17060
14528,189,3,7888
14529,73,8,21867
14530,123,4,7680
14531,782,1,2155
14532,41,4,10820
14533,15,9,10485
14534,242,4,10664
14535,101,5,9075
14536,34,9,26937
14537,124,7,19030
14538,558,6,21744
14539,78,10,28295
14540,13,5,16192
14541,55,7,15569
14542,67,5,15422
14543,98,3,8367
14544,738,1,1830
14545,529,3,12239
14546,7,7,17446
14547,76,9,24349
14548,68,3,10447
14549,788,3,9385
14550,29,3,5771
14551,83,5,18329
14552,391,3,9698
14553,372,4,10316
14554,339,5,8576
14555,190,8,19826
14556,20,9,24439
14557,13,6,20656
14558,224,5,17549
14559,351,2,9186
14560,50,8,24651
14561,53,10,28240
14562,41,4,9871
14563,406,3,12669
14564,307,6,15903
14565,385,3,6568
14566,402,6,18550
14567,56,6,10583
14568,82,3,6598
14569,235,1,2353
14570,569,2,6870
14571,303,6,10340
14572,226,4,6092
14573,48,8,29071
14574,52,3,10483
14575,109,7,23212
14576,163,9,22672
14577,112,7,17869
14578,84,5,14365
14579,103,5,15606
14580,384,5,14618
14581,192,5,11311
14582,504,1,4467
14583,9,4,12461
14584,54,10,18320
14585,665,4,13072
14586,312,4,9146
14587,323,3,4604
14588,154,6,15477
14589,17,5,13964
14590,98,6,18279
14591,135,9,25323
14592,316,7,18494
14593,293,5,12402
14594,122,3,10051
14595,681,4,9703
14596,198,5,15926
14597,526,4,15227
14598,250,9,26459
14599,312,7,19001
14600,276,7,25175
14601,171,4,12395
14602,529,2,2818
14603,328,2,5038
14604,784,2,7026
14605,562,3,6862
14606,68,4,10293
14607,244,2,7206
14608,219,3,6787
14609,87,4,10846
14610,48,6,13377
14611,45,5,18388
14612,206,2,7130
14613,73,8,12263
14614,91,3,10017
14615,667,2,1321
14616,536,5,15632
14617,219,2,4872
14618,51,2,7219
14619,352,3,9069
14620,102,3,8530
14621,198,5,11923
14622,3,6,11383
14623,1268,2,6986
14624,365,4,5734
14625,299,4,14377
14626,336,9,19797
14627,182,5,8975
14628,122,5,13699
14629,133,7,16400
14630,369,4,7572
14631,397,7,16345
14632,535,6,15201
14633,429,5,18857
14634,187,5,18808
14635,339,6,20663
14636,383,5,13480
14637,207,4,8997
14638,23,5,11767
14639,9,9,21493
14640,142,6,20119
14641,259,7,14388
14642,311,4,3885
14643,12,3,6066
14644,449,2,5593
14645,32,6,18242
14646,66,4,10256
14647,157,3,6777
14648,4,2,6038
14649,384,6,14014
14650,127,7,20109
14651,437,7,23684
14652,43,7,17343
14653,29,6,15371
14654,435,3,8223
14655,71,7,25034
14656,27,6,15802
14657,658,2,7986
14658,882,2,3366
14659,17,6,19511
14660,324,10,18704
14661,167,7,16110
14662,206,2,6791
14663,102,2,3937
14664,263,4,8622
14665,625,6,14201
14666,92,4,14400
14667,42,8,16269
14668,34,7,21912
14669,112,4,10613
14670,172,5,10341
14671,852,3,6587
14672,92,3,11615
14673,170,3,8636
14674,176,12,25597
14675,435,7,18200
14676,640,3,7288
14677,252,4,15907
14678,721,3,12869
14679,310,9,15846
14680,459,3,11685
14681,61,5,9003
14682,76,5,14254
14683,53,4,8716
14684,274,4,14120
14685,2,6,17768
14686,921,3,4882
14687,467,5,14970
14688,251,7,23827
14689,299,7,15455
14690,155,5,16474
14691,17,9,20551
14692,76,2,6712
14693,145,5,14806
14694,5,8,24393
14695,344,3,7880
14696,10,5,7705
14697,614,2,5260
14698,511,5,7637
14699,174,2,1868
14700,776,3,14053
14701,168,6,15502
14702,431,8,26309
14703,283,6,17571
14704,81,7,21429
14705,186,7,14255
14706,211,2,3904
14707,783,4,15383
14708,252,3,11079
14709,364,5,18039
14710,42,5,15731
14711,22,5,10466
14712,162,7,24496
14713,354,9,20443
14714,1082,1,1940
14715,407,5,17537
14716,24,3,6160
14717,24,6,16998
14718,341,5,17359
14719,111,6,18953
14720,262,2,4537
14721,32,7,12059
14722,962,2,5657
14723,1103,3,10082
14724,202,2,8286
14725,716,3,5159
14726,5,7,18604
14727,20,5,13115
14728,307,5,10665
14729,696,2,3657
14730,44,4,11147
14731,81,3,8002
14732,44,12,35385
14733,17,7,19378
14734,414,7,22356
14735,3,6,17804
14736,155,5,15170
14737,2,7,14811
14738,416,5,13438
14739,361,9,20973
14740,882,3,12996
14741,794,4,10531
14742,106,10,17642
14743,304,3,6949
14744,27,3,6159
14745,209,8,25046
14746,2,3,4815
14747,1063,2,2751
14748,94,7,13076
14749,689,4,14204
14750,36,9,21641
14751,514,2,9957
14752,87,7,16978
14753,641,6,11569
14754,563,2,5908
14755,222,3,9946
14756,205,4,11516
14757,26,5,12767
14758,251,5,14716
14759,50,7,23505
14760,149,7,21125
14761,64,2,8095
14762,587,2,5609
14763,1186,1,4848
14764,442,3,11723
14765,130,4,13748
14766,205,5,9432
14767,283,7,15974
14768,398,4,8168
14769,72,5,15580
14770,26,6,24142
14771,83,6,20260
14772,62,3,8793
14773,87,5,14692
14774,261,4,13382
14775,670,4,12336
14776,103,8,26903
14777,453,3,5703
14778,135,5,7077
14779,611,3,3868
14780,70,5,13916
14781,357,3,9525
14782,23,4,7978
14783,167,4,13119
14784,379,3,8584
14785,217,3,5594
14786,22,2,4940
14787,605,4,10997
14788,586,2,5189
14789,598,3,9718
14790,373,8,23363
14791,222,3,3558
14792,98,3,8559
14793,391,3,10399
14794,83,4,12536
14795,20,5,19902
14796,60,5,19758
14797,253,5,15840
14798,134,4,10343
14799,130,8,11005
14800,284,5,4985
14801,111,7,17460
14802,459,2,5520
14803,293,6,13673
14804,5,8,18231
14805,23,5,18521
14806,462,3,5735
14807,79,7,16775
14808,96,12,30835
14809,64,5,9750
14810,84,8,23907
14811,128,6,19389
14812,435,6,16919
14813,18,2,4789
14814,391,6,19106
14815,740,2,2498
14816,93,10,36783
14818,375,3,9816
14819,365,7,19777
14820,658,3,7119
14821,316,5,11507
14822,75,4,11511
14823,78,7,17562
14824,721,3,10812
14825,157,4,8316
14826,38,7,18157
14827,165,4,8910
14828,62,10,19987
14829,214,3,13085
14830,69,4,9474
14831,89,3,5971
14832,27,2,2968
14833,49,4,7963
14834,782,2,4233
14835,728,2,6897
14836,143,3,7116
14837,859,3,5185
14838,435,6,14018
14839,328,5,13981
14840,512,3,7810
14841,406,6,21868
14842,215,6,18242
14843,258,5,19747
14844,109,3,5044
14845,132,5,12107
14846,710,5,10233
14847,222,8,19100
14848,37,8,15024
14849,602,2,5148
14850,50,5,13109
14851,879,2,6996
14852,199,6,17962
14853,714,4,12803
14854,118,7,21968
14855,42,7,19615
14856,1030,2,3620
14857,41,7,20213
14858,96,6,18465
14859,129,8,26189
14860,348,2,7354
14861,15,4,8814
14862,17,7,22661
14863,122,3,9196
14864,72,4,12723
14865,158,2,4778
14866,24,6,19021
14867,63,5,12894
14868,8,6,16243
14869,56,8,22025
14870,264,4,13989
14871,76,5,16742
14872,151,2,10238
14873,984,2,7795
14874,405,7,17910
14875,36,12,32869
14876,345,4,5218
14877,172,7,19762
14878,199,4,12977
14879,166,9,24501
14880,37,10,31029
14881,44,3,9548
14882,128,5,18979
14883,25,5,10736
14884,1113,3,5112
14885,173,7,20150
14886,364,4,11875
14887,80,6,13768
14888,804,3,5650
14889,127,2,3311
14890,25,2,7155
14891,135,5,11373
14892,65,4,13684
14893,35,7,17566
14894,509,6,16221
14895,232,3,6107
14896,554,6,22218
14897,180,6,16586
14898,465,4,9272
14899,473,6,12976
14900,12,6,20456
14901,493,3,11991
14902,847,2,4799
14903,70,6,14134
14904,525,4,5784
14905,255,3,12207
14906,6,5,17583
14907,461,5,11732
14908,146,4,6940
14909,679,4,11994
14910,336,4,8634
14911,83,3,11243
14912,290,7,13364
14913,152,1,3673
14914,95,10,27822
14915,226,3,7521
14916,495,7,19828
14917,201,5,13950
14918,277,9,26549
14919,128,5,17141
14920,205,2,3749
14921,1,4,3253
14922,261,5,15826
14923,198,4,7628
14924,97,10,24324
14925,157,2,3103
14926,813,4,13697
14927,449,3,8304
14928,178,5,14750
14929,560,2,3916
14930,34,4,10744
14931,1153,1,879
14932,142,12,26176
14933,829,4,8756
14934,133,6,16729
14935,134,4,8897
14936,2,4,10189
14937,271,8,15419
14938,23,3,7237
14939,49,8,18702
14940,127,3,7296
14941,376,2,5251
14942,399,3,3668
14943,19,7,25452
14944,129,5,7863
14945,158,2,7939
14946,10,7,13469
14947,667,3,7549
14948,5,5,18012
14949,46,9,30030
14950,147,8,23833
14951,66,4,10554
14952,265,7,13489
14953,22,10,28850
14954,23,4,9427
14955,96,6,15587
14956,239,5,12842
14957,11,5,16536
14958,90,2,4132
14959,67,6,20125
14960,52,5,10182
14961,243,2,6343
14962,318,5,18451
14963,61,3,9285
14964,159,7,17153
14965,76,6,13787
14966,385,2,5771
14967,353,1,4356
14968,314,8,23623
14969,103,6,12526
14970,405,2,2450
14971,55,8,24022
14972,148,8,29049
14973,914,1,3559
14974,136,3,6769
14975,44,4,8881
14976,113,6,18774
14977,276,4,10556
14978,1124,2,4175
14979,109,3,8127
14980,395,6,15155
14981,107,4,6318
14982,267,5,14044
14983,431,2,1613
14984,102,6,17973
14985,261,6,19107
14986,1032,2,7697
14987,203,6,12499
14988,1124,1,3240
14989,7,6,17396
14990,146,2,7184
14991,233,4,12204
14992,108,5,18929
14993,40,9,20106
14994,325,4,14370
14995,590,4,11322
14996,694,5,15719
14997,20,7,17517
14998,229,3,6466
14999,698,7,21494
15000,201,3,12243
15001,482,2,1547
15002,242,6,18345
15003,569,4,9936
15004,298,6,12575
15005,284,5,10455
15006,141,7,23065
15007,632,3,5323
15008,300,7,18475
15009,322,2,2569
15010,374,3,10576
15011,886,4,13511
15012,100,7,16803
15013,42,6,12269
15014,88,3,7222
15015,157,8,20735
15016,108,5,13914
15017,109,11,31146
15018,943,3,9694
15019,240,8,23779
15020,77,5,8712
15021,113,5,13612
15022,45,4,11554
15023,192,5,10925
15024,380,7,23358
15025,314,3,9161
15026,202,8,19814
15027,126,8,16541
15028,184,6,21720
15029,641,2,874
15030,292,4,9616
15031,352,5,13682
15032,313,2,2173
15033,355,5,15432
15034,92,4,11408
15035,129,1,1902
15036,13,7,23989
15037,569,4,14205
15038,21,7,26292
15039,11,7,17173
15040,246,3,7083
15041,361,4,14895
15042,259,2,1298
15043,283,10,28024
15044,1,6,20641
15045,25,5,9915
15046,83,4,11354
15047,247,7,11901
15048,257,6,15540
15049,443,4,8974
15050,164,5,16257
15051,23,9,35039
15052,1,7,18437
15053,109,10,20240
15054,207,7,20795
15055,47,8,20506
15056,318,8,22818
15057,601,4,14460
15058,293,6,15055
15059,10,7,21752
15060,28,6,11707
15061,95,10,22631
15062,515,6,16544
15063,453,6,16761
15064,417,3,8919
15065,499,6,18524
15066,93,7,18508
15067,154,10,32135
15068,231,5,13423
15069,120,4,13195
15070,14,7,21967
15071,57,10,31779
15072,104,6,14988
15073,222,6,16465
15074,189,10,26901
15075,768,1,869
15076,170,5,18015
15077,398,4,6901
15078,575,4,6467
15079,823,2,3562
15080,156,6,15774
15081,447,5,13279
15082,72,9,24040
15083,119,4,11501
15084,395,4,9567
15085,125,5,10668
15086,210,4,10370
15087,955,1,3476
15088,670,6,11951
15089,95,8,20999
15090,96,9,25867
15091,252,3,8803
15092,1129,3,5543
15093,203,3,5158
15094,58,6,12759
15095,87,5,14978
15096,54,2,6959
15097,422,3,6096
15098,352,5,14306
15099,180,7,19088
15100,80,5,15431
15101,9,4,10062
15102,115,7,23412
15103,25,10,30734
15104,102,2,3394
15105,291,4,9114
15106,76,4,9046
15107,68,2,4353
15108,46,4,12426
15109,835,3,7274
15110,245,6,23203
15111,221,8,22326
15112,112,3,8994
15113,427,6,16371
15114,227,4,12176
15115,135,4,11973
15116,75,9,29123
15117,102,7,11516
15118,90,8,21294
15119,699,3,8465
15120,212,8,19758
15121,2,12,25112
15122,148,2,3833
15123,251,3,10431
15124,76,6,18531
15125,358,10,29516
15126,119,9,34413
15127,72,6,11670
15128,488,4,10829
15129,46,4,7792
15130,575,3,8334
15131,25,7,18163
15132,188,8,19462
15133,67,4,16336
15134,551,2,2877
15135,78,8,17571
15136,139,8,25381
15137,481,6,14439
15138,115,8,21399
15139,108,2,5962
15140,287,2,985
15141,614,4,12868
15142,169,7,24825
15143,595,2,4922
15144,15,7,18824
15145,395,2,3438
15146,383,5,20437
15147,696,4,9695
15148,287,3,9035
15149,114,5,9894
15150,507,2,7112
15151,98,5,15561
15152,229,7,14417
15153,302,3,10381
15154,24,4,10337
15155,109,1,1836
15156,2,3,7598
15157,17,5,12905
15158,16,7,23480
15159,834,2,3667
15160,87,4,12896
15161,405,6,14232
15162,111,6,17095
15163,459,8,9778
15164,20,9,24677
15166,144,7,16873
15167,163,10,25921
15168,389,7,12926
15169,199,6,11811
15170,74,5,11711
15171,12,6,16813
15172,595,4,9494
15173,771,5,16279
15174,265,6,19456
15175,90,8,19295
15176,396,2,7254
15177,722,4,11932
15178,430,3,3561
15179,380,3,8810
15180,436,5,16210
15181,817,5,18458
15182,171,3,10381
15183,363,2,5843
15184,727,1,5279
15185,175,3,9253
15186,229,8,21217
15187,77,4,9511
15188,50,6,22939
15189,95,8,24036
15190,262,4,9191
15191,790,3,3220
15192,449,4,8095
15193,501,2,7358
15194,268,4,11558
15195,293,6,11785
15196,156,1,3865
15197,369,4,9293
15198,409,4,8700
15199,465,4,6015
15200,179,8,24540
15201,596,3,12374
15202,30,4,8641
15203,494,3,7638
15204,88,6,17853
15205,138,10,28153
15206,161,8,18576
15207,180,5,11599
15208,108,5,10718
15209,464,6,13320
15210,448,9,14610
15211,458,1,2069
15212,389,9,22268
15213,42,5,8365
15214,125,4,7578
15215,253,4,11736
15216,74,6,17623
15217,567,6,10605
15218,335,8,23337
15219,102,5,12174
15220,31,5,15669
15221,671,3,14289
15222,169,4,10754
15223,122,6,12254
15224,291,4,14490
15225,54,3,8257
15226,90,4,9560
15227,69,5,13828
15228,26,8,21280
15229,420,3,6308
15230,21,7,21795
15231,108,3,10155
15232,54,5,17655
15233,289,4,7724
15234,536,3,9113
15235,182,4,13017
15236,85,2,9884
15237,14,7,11135
15238,61,6,17551
15239,1014,5,12533
15240,410,6,22805
15241,949,3,8224
15242,84,5,14462
15243,258,6,18356
15244,36,11,26137
15245,253,6,21398
15246,76,3,7531
15247,658,4,9510
15248,489,4,14411
15249,560,3,9986
15250,283,3,10062
15251,310,6,14243
15252,60,6,15874
15253,727,1,4155
15254,428,4,13098
15255,563,2,4684
15256,688,3,8018
15257,119,4,3733
15258,130,7,16358
15259,2,6,18664
15260,610,2,5960
15261,43,6,16344
15262,290,7,21925
15263,121,9,27163
15264,190,5,14347
15265,145,5,11835
15266,35,5,15907
15267,528,2,4972
15269,23,7,18588
15270,494,2,6690
15271,167,5,13732
15272,486,8,17169
15273,344,4,11973
15274,93,10,26036
15275,167,3,6395
15276,115,4,14316
15277,227,2,5438
15278,810,4,11693
15279,166,4,16276
15280,18,7,14233
15281,730,1,4785
15282,180,4,11884
15283,260,7,17515
15284,96,6,16111
15285,597,6,18674
15286,501,4,3307
15287,152,7,21520
15288,11,5,13320
15289,73,4,10750
15290,86,4,9678
15291,53,2,4673
15292,409,4,8812
15293,864,2,3460
15294,310,4,8443
15295,519,5,6049
15296,171,6,13116
15297,11,6,15459
15298,193,3,9217
15299,23,5,12335
15300,86,5,12275
15301,180,4,11104
15302,33,10,15214
15303,460,2,7009
15304,213,8,24533
15305,109,4,9921
15306,108,2,7217
15307,233,3,11043
15308,907,4,13393
15309,431,6,24262
15310,167,1,4030
15311,489,4,10280
15312,135,5,15202
15313,46,8,20334
15314,12,4,8899
15315,381,5,14874
15316,880,4,12384
15317,941,4,8526
15318,50,9,24627
15319,195,5,12414
15320,251,5,15007
15321,8,8,29635
15322,216,4,8362
15323,374,3,8931
15324,137,13,31419
15325,610,2,7088
15326,407,4,10518
15327,260,6,14937
15328,146,8,13724
15329,315,5,10337
15330,90,6,16516
15331,6,3,12163
15332,59,5,13374
15333,72,2,4059
15334,21,7,20962
15335,98,5,14507
15336,610,4,12010
15337,795,3,10842
15338,446,4,15389
15339,640,1,2436
15340,614,2,7335
15341,240,4,10768
15342,58,7,12674
15343,302,5,15534
15344,291,9,21391
15345,14,5,11062
15346,295,3,3394
15347,228,4,10707
15348,552,5,13884
15349,62,2,4514
15350,424,4,15150
15351,52,9,19170
15352,153,3,7953
15353,198,4,14950
15354,205,4,13942
15355,563,4,12800
15356,298,3,9134
15357,49,8,15084
15358,11,6,16528
15359,660,2,6122
15360,60,5,15324
15361,283,1,4298
15362,6,2,6287
15363,41,4,13269
15364,11,9,23256
15365,157,9,27606
15366,487,5,12020
15367,749,2,3129
15368,121,4,11002
15369,207,8,28079
15370,84,3,8785
15371,289,4,13340
15372,226,4,8958
15373,719,5,13082
15374,73,3,3458
15375,182,5,12711
15376,59,7,24294
15377,1241,1,2544
15378,250,3,7017
15379,124,12,31977
15380,192,5,16983
15381,442,5,8029
15382,411,8,22398
15383,208,3,6352
15384,32,3,7388
15385,149,8,21290
15386,145,6,18870
15387,39,6,18134
15388,204,5,13886
15389,87,5,20453
15390,798,8,23560
15391,297,4,7041
15392,192,12,25283
15393,400,2,3941
15394,19,12,42695
15395,245,4,13826
15396,156,5,10856
15397,76,3,6022
15398,34,4,11633
15399,468,2,6825
15400,659,4,4851
15401,243,7,18950
15402,190,8,17118
15403,279,3,12928
15404,143,7,14541
15405,916,5,15181
15406,81,5,9827
15407,240,4,10211
15408,704,2,6483
15409,177,7,14680
15410,708,6,14695
15411,1070,1,4225
15412,89,4,6469
15413,117,8,25342
15414,237,6,11474
15415,249,3,8886
15416,118,5,9672
15417,249,6,16134
15418,173,6,22157
15419,126,3,7558
15420,822,3,10906
15421,224,4,10181
15422,24,5,15626
15423,310,5,16188
15424,256,5,11977
15425,772,4,15348
15426,15,7,19797
15427,113,3,11118
15428,281,1,1843
15429,221,4,13368
15430,57,3,3061
15431,462,2,3677
15432,140,5,12826
15433,198,2,3651
15434,615,4,8214
15435,106,4,8678
15436,144,6,16152
15437,874,3,7910
15438,396,6,11622
15439,282,4,11248
15440,367,2,7718
15441,293,7,31002
15442,162,5,14074
15443,164,6,17903
15444,106,6,16537
15445,171,3,7406
15446,388,7,19632
15447,97,6,15596
15448,55,8,11865
15449,387,7,17786
15450,126,6,14151
15451,416,1,2248
15452,133,5,2747
15453,610,4,15957
15454,18,9,18034
15455,177,4,8140
15456,366,3,5720
15457,525,2,6486
15458,326,6,18214
15459,82,9,22196
15460,61,8,15504
15461,455,3,13847
15462,6,4,12060
15463,264,3,8431
15464,33,4,9679
15465,12,6,16375
15466,52,7,15659
15467,123,2,6400
15468,610,2,5729
15469,60,5,9042
15470,278,5,16260
15471,7,2,5965
15472,142,4,10766
15473,190,7,19773
15474,210,4,12529
15475,281,4,14006
15476,48,5,14518
15477,78,5,7963
15478,152,6,10931
15479,197,5,6553
15480,142,7,13676
15481,43,8,26262
15482,34,4,7411
15483,51,6,10153
15484,289,7,21921
15485,207,5,13627
15486,880,4,13081
15487,309,5,15619
15488,399,4,7681
15489,112,11,39275
15490,147,6,22490
15491,93,6,10456
15492,251,4,8999
15493,288,7,20504
15494,132,5,13657
15495,87,4,13675
15496,182,10,28430
15497,872,1,1942
15498,750,6,17510
15499,126,4,13017
15500,56,4,8627
15501,46,7,23245
15502,38,3,5223
15503,98,8,25693
15504,360,3,7397
15505,310,7,21078
15506,321,3,6271
15507,112,6,11212
15508,181,7,16189
15509,304,5,15123
15510,418,2,2300
15511,528,2,5684
15512,6,2,5934
15513,334,6,16048
15514,57,8,21464
15515,480,1,928
15516,142,3,7358
15517,49,8,23655
15518,628,6,18896
15519,214,4,15104
15520,31,7,25345
15521,1252,1,4914
15522,215,8,21859
15523,60,5,13052
15524,276,4,16241
15525,339,2,5551
15526,75,5,15617
15527,159,4,13884
15528,356,3,10298
15529,129,7,11301
15530,406,4,9846
15531,157,3,6516
15532,125,7,14296
15533,129,3,8381
15534,99,9,31342
15535,187,6,18655
15536,372,6,18462
15537,133,6,13097
15538,179,7,22493
15539,81,6,17436
15540,124,5,11102
15541,455,3,8386
15542,117,9,24335
15543,676,5,18642
15544,312,2,4633
15545,287,6,16405
15546,351,3,7491
15547,64,8,14491
15548,14,5,7222
15549,19,8,20086
15550,300,3,6332
15551,177,6,14356
15552,166,9,29470
15553,167,5,13612
15554,168,7,24907
15555,112,5,14395
15556,135,5,15693
15557,506,2,5216
15558,93,4,8607
15559,679,4,12012
15560,58,4,15267
15561,68,5,7846
15562,12,2,3832
15563,21,4,9057
15564,671,2,7423
15565,554,6,16029
15566,215,5,13029
15567,406,7,18724
15568,276,3,6332
15569,223,2,1266
15570,173,8,29474
15571,644,5,16350
15572,276,5,15466
15573,169,5,15218
15574,62,8,18955
15575,612,4,10762
15576,5,5,13806
15577,54,2,4888
15578,315,4,4922
15579,131,5,13828
15580,250,4,9179
15581,326,5,19652
15582,97,7,22894
15583,99,11,30923
15584,590,2,5594
15585,43,6,16813
15586,509,4,12082
15587,287,7,27781
15588,217,6,11841
15589,150,5,8220
15590,31,4,9927
15591,200,4,11123
15592,416,3,5658
15593,193,6,13243
15594,71,5,7243
15595,328,3,7732
15596,190,3,10756
15597,71,13,31311
15598,218,3,8842
15599,316,5,15805
15600,52,5,14292
15601,111,8,23242
15603,384,5,13327
15604,5,4,6233
15605,329,8,28135
15606,109,5,17211
15607,14,9,28437
15608,356,3,6165
15609,128,6,18185
15610,1039,1,2034
15611,615,1,536
15613,360,3,8482
15614,68,6,15495
15615,227,3,8382
15616,191,3,12273
15617,189,5,14296
15618,303,3,10333
15619,46,9,27550
15620,134,4,16411
15621,674,3,11860
15622,327,3,7274
15623,131,2,5154
15624,398,6,18122
15625,132,7,18549
15626,313,3,5191
15627,154,3,8866
15628,423,5,10607
15629,123,4,8453
15630,183,3,7162
15631,142,7,23303
15632,76,8,24280
15633,83,6,18511
15634,57,3,7383
15635,393,2,1220
15636,549,3,8201
15637,275,2,5622
15638,256,4,10382
15639,874,4,4970
15640,338,3,5168
15641,84,6,19547
15642,1121,1,4927
15643,90,3,3449
15644,28,5,9996
15645,49,5,14216
15646,597,3,4461
15647,60,4,13004
15648,585,2,1503
15649,81,4,11768
15650,334,8,22172
15651,36,8,21764
15652,15,5,17933
15653,209,6,10317
15654,124,7,21430
15655,134,3,6593
15656,337,6,19423
15657,602,6,17522
15658,451,5,14018
15659,48,9,28428
15660,213,4,11941
15661,354,6,14047
15662,18,2,2278
15663,127,5,19671
15664,464,4,9561
15665,3,6,20419
15666,590,1,1275
15667,351,5,15915
15668,158,4,10989
15669,367,2,7733
15670,217,3,7861
15671,47,4,8136
15672,566,3,7951
15673,294,4,9914
15674,341,10,24589
15675,202,6,15879
15676,390,3,9454
15677,543,5,18293
15678,426,4,8787
15679,834,2,4966
15680,155,4,13495
15681,208,4,12659
15682,277,5,10705
15683,117,6,14978
15684,117,5,16890
15685,526,3,8639
15686,3,6,20395
15687,35,2,8115
15688,247,1,4115
15689,49,13,33900
15690,143,5,13157
15691,123,5,11564
15692,147,4,14092
15693,186,3,10061
15694,177,2,5194
15695,231,4,10244
15696,166,4,12633
15697,531,5,15615
15698,912,2,3525
15699,239,4,10547
15700,25,3,8566
15701,276,5,11128
15702,1031,2,6488
15703,12,3,6739
15704,473,5,19680
15705,207,6,19259
15706,555,2,7055
15707,205,4,11670
15708,33,7,22322
15709,475,4,9424
15710,301,6,8240
15711,384,3,11037
15712,591,6,18480
15713,169,5,13809
15714,147,5,13045
15715,464,2,4045
15716,966,5,13717
15717,31,2,5329
15718,685,8,28391
15719,39,4,11475
15720,506,3,11104
15721,162,4,12216
15722,11,4,12106
15723,96,5,15408
15724,40,6,17818
15725,74,7,22480
15726,691,5,11348
15727,66,5,11294
15728,166,8,25193
15729,375,7,25344
15730,551,3,7240
15731,93,9,28195
15732,100,4,12105
15733,496,6,17977
15734,162,3,12258
15735,285,7,20540
15736,229,4,9782
15737,740,3,7898
15738,1,4,10121
15739,39,3,7146
15740,248,6,15054
15741,35,9,24914
15742,436,7,16329
15743,751,3,4147
15744,379,5,12241
15745,68,4,5892
15746,284,4,13984
15747,319,1,2881
15748,26,11,27666
15749,785,2,1235
15750,167,6,11363
15751,99,6,19811
15752,201,4,7137
15753,608,6,18686
15754,358,7,13643
15755,84,6,22575
15756,357,5,20937
15757,129,5,16117
15758,372,4,10098
15759,180,6,17129
15760,787,4,8053
15761,167,3,6765
15762,555,3,12410
15763,292,3,6571
15764,64,6,18858
15765,83,4,15989
15766,425,4,8327
15767,23,3,10604
15768,823,1,2197
15769,7,8,26112
15770,14,5,9334
15771,57,6,12422
15772,596,5,5574
15773,683,2,9810
15774,422,6,14064
15775,219,3,9878
15776,482,3,7351
15777,375,7,17777
15778,295,5,14088
15779,53,5,13332
15780,43,11,25354
15781,48,2,6175
15782,806,2,3083
15783,98,4,9261
15784,100,5,13251
15785,172,4,12416
15786,23,2,1239
15787,2,6,20140
15788,124,6,11922
15789,193,4,9403
15790,150,3,7247
15791,91,4,10583
15792,55,6,15637
15793,27,6,21659
15794,14,5,10874
15795,329,2,3820
15796,292,5,17628
15797,162,10,30104
15798,250,4,4482
15799,32,5,17468
15800,45,6,17887
15801,759,2,3952
15802,76,7,13179
15803,429,5,7285
15804,162,3,9107
15805,41,6,15863
15806,104,6,14944
15807,283,6,22326
15808,375,7,16691
15810,433,5,11963
15811,170,6,16819
15812,171,5,14463
15813,344,5,12282
15814,33,7,18290
15815,516,4,11158
15816,437,6,18713
15817,61,4,6793
15818,338,3,7295
15819,312,8,18397
15820,157,6,18364
15821,87,6,15241
15822,496,6,21875
15823,24,8,20031
15824,705,4,9201
15825,27,5,13619
15826,66,5,14978
15827,10,3,1272
15828,706,4,8197
15829,768,1,4109
15830,194,3,3958
15831,375,5,14598
15832,71,4,8258
15833,82,2,4397
15834,86,8,23139
15835,1033,1,5004
15836,179,7,19188
15837,570,6,16078
15838,41,6,18087
15839,466,3,10017
15840,420,1,983
15841,49,6,17055
15842,201,4,14193
15843,5,4,6787
15844,265,6,12163
15845,246,9,34015
15846,398,3,3031
15847,3,9,20922
15848,298,3,6706
15849,303,7,18417
15850,68,9,22919
15851,9,6,13110
15852,103,10,31942
15853,279,3,12605
15854,556,5,18488
15855,20,3,7669
15856,14,6,16388
15857,141,8,16678
15858,203,6,17981
15859,79,3,11419
15860,498,4,11231
15861,31,6,18125
15862,595,2,3630
15863,101,6,17237
15864,92,3,4309
15865,190,7,20066
15866,19,7,18838
15867,837,3,4255
15868,222,10,24828
15869,1157,1,3103
15870,246,1,1941
15871,88,7,21731
15872,98,4,11509
15873,17,6,15034
15874,368,7,8848
15875,87,6,18318
15876,1065,3,9856
15877,330,5,15143
15878,112,6,16604
15879,126,9,22375
15880,236,3,6052
15881,43,5,17803
15882,31,5,12842
15883,124,3,11089
15884,192,5,10512
15885,236,5,15392
15886,88,6,13394
15887,129,5,16287
15889,341,9,18186
15890,307,5,8644
15891,989,2,6408
15892,175,8,23186
15893,620,5,12939
15894,155,5,14305
15895,39,3,11773
15896,237,8,26046
15897,127,7,13255
15898,416,2,1732
15899,381,4,11529
15900,320,4,11634
15901,457,3,8847
15902,42,5,11072
15903,233,5,15911
15904,559,5,14659
15905,168,4,14227
15906,108,9,24080
15907,118,7,23996
15908,568,3,6042
15909,54,2,5516
15910,45,3,7369
15911,485,2,3502
15912,84,5,14033
15913,165,6,11164
15914,102,6,22581
15915,181,7,16627
15916,121,4,9155
15917,379,3,6567
15918,119,7,14823
15919,88,7,20561
15920,123,2,2338
15921,350,1,4372
15922,411,4,12586
15923,77,7,21768
15924,290,8,15568
15925,215,3,13109
15926,159,6,14412
15927,671,3,5704
15928,2,5,17055
15929,230,3,8403
15930,464,2,1542
15931,53,7,14386
15932,28,3,5376
15933,49,8,22595
15934,217,7,24138
15935,107,10,27819
15936,232,3,9957
15937,139,10,25840
15938,64,5,12694
15939,436,5,16710
15940,121,8,19346
15941,156,9,23103
15942,78,6,14965
15943,162,4,8677
15944,321,2,2776
15945,263,8,20076
15946,101,6,12291
15947,138,3,8060
15948,319,7,12767
15949,117,8,27965
15950,471,4,12224
15951,427,7,16450
15952,29,6,16062
15953,357,6,17233
15954,46,6,16969
15955,134,4,7749
15956,70,10,27925
15957,156,4,10697
15958,20,4,12192
15959,160,3,10863
15960,1203,3,9292
15961,25,3,9166
15962,247,5,13541
15963,22,5,16192
15964,60,6,15946
15965,521,5,17194
15966,363,5,15371
15967,55,2,3599
15968,60,2,6355
15969,488,2,10035
15970,93,6,19037
15971,580,3,6454
15972,57,2,1453
15973,254,5,13716
15974,296,7,18182
15975,276,5,19218
15976,183,6,10093
15977,110,3,7556
15978,624,3,6497
15979,346,8,24174
15980,88,2,4725
15981,44,9,33597
15982,87,3,6335
15983,987,1,493
15984,119,4,10496
15985,125,3,7463
15986,122,7,16585
15987,523,4,11363
15988,317,3,10085
15989,496,5,18449
15990,244,6,15206
15991,213,5,10675
15992,5,7,28142
15993,519,4,10556
15994,27,6,20296
15995,107,7,14980
15996,512,4,10552
15997,127,3,7921
15998,352,9,23462
15999,61,8,18514
16000,252,5,13454
16001,179,3,14027
16002,383,4,5779
16003,256,4,9023
16004,96,5,14215
16005,174,4,10926
16006,127,12,35051
16007,1228,1,2683
16008,85,11,24177
16009,156,4,13007
16010,366,5,8042
16011,588,3,8173
16012,195,7,19671
16013,105,6,11888
16014,82,6,11398
16015,60,5,17120
16016,75,2,6357
16017,199,7,12857
16018,47,4,13013
16019,663,4,6879
16020,57,5,13065
16021,123,4,6892
16022,176,8,18838
16023,171,7,20927
16024,229,5,13886
16025,35,2,3248
16026,148,3,10206
16027,326,7,20978
16028,15,8,18625
16029,27,7,18669
16030,279,5,14664
16031,236,4,13748
16032,111,3,3742
16033,29,5,9466
16034,10,7,17039
16035,1,8,9353
16036,776,1,260
16037,313,5,16305
16038,357,3,9615
16039,89,4,14637
16040,435,7,18892
16041,42,5,10623
16042,90,5,9155
16043,195,4,5737
16044,603,5,17647
16045,536,5,13839
16046,106,3,6022
16047,66,2,4352
16048,489,4,5273
16049,256,4,10267
16050,193,4,12332
16051,389,5,13926
16052,45,2,3230
16053,450,4,11214
16054,921,3,6939
16055,2,9,20837
16056,411,4,8334
16057,52,7,11024
16058,201,3,11785
16059,304,5,9680
16060,28,7,22970
16061,394,3,5323
16062,206,9,27515
16063,323,7,20592
16064,246,7,20231
16065,440,5,9987
16066,83,5,13632
16067,600,5,12651
16068,104,6,23409
16069,209,8,24501
16070,87,6,12488
16071,60,7,11737
16072,334,4,4541
16073,190,8,24001
16074,287,7,16166
16075,71,9,21048
16076,597,7,14697
16077,203,9,20774
16078,43,4,10899
16079,210,3,10434
16080,597,5,11118
16081,129,4,11553
16082,795,2,3166
16083,15,7,11151
16084,128,9,22683
16085,259,10,33454
16086,533,5,13578
16087,618,2,2729
16088,668,3,7530
16089,627,3,8620
16090,174,4,10072
16091,108,3,5268
16092,189,4,9289
16093,326,4,15439
16094,142,4,11177
16095,225,8,25773
16096,75,4,8827
16097,168,3,7396
16098,192,6,13239
16099,222,1,2401
16100,53,4,12733
16101,69,4,10873
16102,289,7,20759
16103,581,3,12598
16104,130,5,9196
16105,687,2,5994
16106,627,3,9101
16107,102,4,8397
16108,425,3,7352
16109,392,5,15178
16110,117,7,19414
16111,323,4,6556
16112,36,4,12113
16113,541,2,8182
16114,324,2,5931
16115,94,7,20560
16116,28,13,35800
16117,646,2,5042
16118,128,7,23657
16119,41,5,17054
16120,824,1,3334
16121,178,4,14059
16122,177,7,17566
16123,238,8,17855
16124,72,4,14880
16125,352,2,4719
16126,1214,1,2455
16127,116,5,12707
16128,1003,5,5049
16129,117,1,1201
16130,474,3,7784
16131,77,2,8049
16132,29,5,13459
16133,329,5,15519
16134,4,6,23245
16135,1007,2,4919
16136,152,4,13736
16137,16,8,21093
16138,118,5,8518
16139,579,3,10716
16140,93,6,8469
16141,72,4,14790
16142,175,2,2775
16143,472,4,7860
16144,64,10,25013
16145,324,4,12294
16146,60,6,19685
16147,151,6,16959
16148,284,1,4015
16149,31,6,20351
16150,93,6,17438
16151,202,8,15227
16152,1066,1,1667
16153,133,6,21600
16154,34,7,24272
16155,190,3,6317
16156,52,4,14096
16157,205,5,10620
16158,338,2,4184
16159,3,6,20601
16160,247,5,13678
16161,503,6,23247
16162,524,5,13897
16163,185,2,3575
16164,467,7,20042
16165,9,6,11859
16166,304,7,20721
16167,44,3,10263
16168,70,5,13090
16169,305,3,4594
16170,55,7,26670
16171,63,6,13323
16172,140,3,5796
16173,124,8,24032
16174,14,5,14390
16175,60,5,15872
16176,28,11,30655
16177,5,11,25874
16178,910,4,10287
16179,101,5,22231
16180,124,8,23376
16181,29,5,22201
16182,257,9,24024
16183,9,6,20362
16184,637,5,11660
16185,299,5,20323
16186,148,6,19950
16187,444,2,8077
16188,311,9,19392
16189,265,4,10917
16190,14,2,2025
16192,95,4,5989
16193,30,6,17656
16194,146,5,14939
16195,1238,1,4060
16196,113,5,10301
16197,27,3,2929
16198,362,2,7239
16199,217,7,18409
16200,672,4,10713
16201,99,3,6752
16202,226,4,12147
16203,357,3,10805
16204,980,2,7135
16205,67,4,11647
16206,305,2,4475
16207,830,1,1131
16208,58,6,16773
16209,403,6,20944
16210,103,6,14785
16211,154,4,11709
16212,99,6,14956
16213,162,7,21353
16214,334,5,16887
16215,5,10,32583
16216,172,7,13428
16217,450,2,3534
16218,665,4,10580
16219,182,1,3150
16220,1055,2,3246
16221,227,9,31541
16222,358,4,12451
16223,508,6,20153
16224,73,7,15050
16225,2,8,19740
16226,41,3,6517
16227,569,3,5512
16228,201,9,28016
16229,127,7,12100
16230,492,4,12456
16231,42,6,14142
16232,3,5,14008
16233,635,4,10807
16234,19,8,29785
16235,539,4,9292
16236,242,2,2695
16237,1056,2,5856
16238,153,4,7563
16239,215,10,23252
16240,112,5,13247
16241,1097,1,2002
16242,128,5,16672
16243,76,2,2491
16244,309,8,21445
16246,338,3,8003
16247,172,7,22456
16248,353,3,9713
16249,130,6,18305
16250,298,2,7403
16251,266,5,8747
16252,328,5,13448
16253,275,8,22056
16254,20,7,27098
16255,317,3,6322
16256,592,4,8911
16257,38,6,18346
16258,66,3,9183
16259,442,7,17874
16260,281,6,13666
16261,13,9,24780
16262,562,5,9122
16263,193,3,5239
16264,250,5,12937
16265,272,4,15513
16266,557,5,13872
16267,247,4,8546
16268,21,9,26064
16269,29,11,33037
16270,93,4,7711
16271,204,6,21383
16272,611,2,3102
16273,39,7,17348
16274,190,5,11965
16275,620,2,4520
16276,447,2,5945
16277,613,2,1974
16278,4,6,12747
16279,252,6,17801
16280,732,7,20217
16281,146,7,23816
16282,714,3,8544
16284,1262,1,438
16285,122,11,25314
16286,224,6,17858
16287,96,7,18967
16288,88,5,9779
16289,14,2,5961
16290,83,9,26266
16291,125,7,21903
16292,1023,2,4808
16293,734,5,11499
16294,49,3,11242
16295,240,6,23182
16296,236,4,10567
16297,11,2,2634
16298,103,6,19099
16299,434,3,5165
16300,466,2,1333
16301,86,5,19533
16302,195,7,19740
16303,299,5,9052
16304,154,6,19253
16305,986,4,15777
16306,262,7,19300
16307,698,3,10963
16308,107,3,6795
16309,52,9,24101
16310,212,6,18726
16311,117,4,8454
16312,132,4,8613
16313,4,6,16152
16315,637,3,10411
16316,21,4,10491
16317,203,6,16324
16318,971,3,8108
16319,855,2,5899
16320,139,4,13473
16321,929,2,5571
16322,352,2,6847
16323,441,5,4620
16324,102,4,18312
16325,101,6,13347
16326,381,6,10488
16327,243,3,9585
16328,507,8,18503
16329,739,3,7878
16331,10,7,17194
16332,137,4,14384
16333,379,3,8482
16334,55,6,12670
16335,133,5,9924
16336,89,5,13587
16337,10,9,23755
16338,91,4,11279
16339,126,5,8098
16340,86,6,16404
16341,117,3,8734
16342,360,3,9618
16343,389,8,26477
16344,371,3,10724
16345,69,4,8634
16346,29,5,12981
16347,78,8,18769
16348,8,4,10997
16349,312,3,9464
16350,23,11,29353
16351,463,5,19589
16352,230,4,10178
16353,220,6,19163
16354,195,3,9494
16355,512,4,12899
16356,465,4,9570
16357,145,4,11407
16358,110,3,8099
16359,785,1,2656
16360,351,3,9663
16361,304,6,23456
16362,60,5,16566
16363,358,8,17878
16364,661,5,15016
16365,236,3,11119
16366,561,4,9899
16367,185,6,15407
16368,53,6,20665
16369,1160,2,6562
16370,680,4,11351
16371,787,3,12469
16372,118,8,32497
16373,307,4,12467
16374,479,3,9451
16375,191,6,21457
16376,266,4,11135
16377,48,6,17271
16378,610,2,6892
16379,135,4,12288
16380,50,5,18608
16381,458,4,9064
16382,58,9,21677
16383,300,4,4024
16384,692,6,12646
16385,40,9,17415
16386,40,6,13811
16387,491,4,11164
16388,238,7,19247
16389,421,5,12733
16390,115,3,7988
16391,185,7,22672
16392,145,2,5253
16393,191,7,19751
16394,684,4,10716
16395,20,2,3896
16396,314,6,20699
16397,548,3,8217
16398,91,6,11188
16399,46,5,12604
16400,485,2,5615
16401,213,11,33213
16402,276,3,8383
16403,555,4,10049
16404,322,4,11746
16405,36,9,26941
16406,354,1,3244
16407,216,7,21172
16408,908,2,8145
16409,10,5,14458
16410,35,7,23329
16411,199,5,8956
16412,998,2,5190
16413,150,5,12876
16414,350,5,16893
16415,232,7,14919
16416,590,5,16383
16417,403,7,19686
16418,196,8,23498
16419,210,4,6587
16420,318,7,23189
16421,213,2,7232
16422,42,8,25902
16423,202,3,11718
16424,570,3,12301
16425,339,8,16809
16426,14,13,28286
16427,228,4,10185
16428,220,8,22211
16429,349,5,15487
16430,52,7,22092
16431,186,2,5359
16432,232,6,14814
16434,755,2,5298
16435,300,4,14932
16436,159,6,19955
16437,39,8,23015
16438,54,7,20590
16439,157,5,15448
16440,254,3,12863
16441,268,5,14131
16442,96,5,10248
16443,85,5,15975
16444,719,2,7434
16445,158,6,9988
16446,51,5,12161
16447,341,5,14947
16448,419,4,7853
16449,15,10,23405
16450,89,4,11135
16451,261,7,16343
16452,54,3,5120
16453,335,5,18530
16454,33,5,9742
16455,77,5,12693
16456,319,5,9890
16457,99,4,13186
16458,393,2,1668
16459,228,5,15394
16460,449,7,20031
16461,363,4,15330
16462,130,6,13305
16463,234,5,14455
16464,860,3,10352
16465,127,3,9274
16466,102,5,14057
16467,133,3,10389
16468,291,7,16233
16469,484,5,15288
16470,170,7,17165
16471,236,6,17360
16472,55,5,15086
16473,51,6,12020
16474,22,7,17385
16475,858,2,5629
16476,122,4,7698
16477,315,4,7993
16478,371,2,6074
16479,117,5,16822
16480,453,4,11613
16481,346,3,8967
16482,539,2,758
16483,785,5,9360
16484,598,5,15913
16485,522,3,4810
16486,559,3,9447
16487,141,5,14722
16488,868,1,1400
16489,979,1,1775
16490,835,3,7847
16491,63,7,8151
16492,429,4,10715
16493,324,5,17465
16494,437,4,9976
16495,76,5,13502
16496,76,2,4289
16497,62,4,12124
16498,97,8,22796
16499,34,7,14412
16500,43,6,16483
16501,393,4,13267
16502,409,7,21826
16503,139,5,15041
16504,98,5,11571
16505,638,4,11837
16506,19,4,11875
16507,100,6,15570
16508,199,3,12906
16509,1,8,24220
16510,632,5,14148
16511,144,4,9790
16512,378,4,13281
16513,15,4,13248
16514,120,3,6251
16515,647,3,9708
16516,232,5,13098
16517,748,3,7221
16518,7,6,16576
16519,260,4,11222
16520,219,5,10407
16521,218,8,22256
16522,277,7,20234
16523,516,4,13405
16524,240,6,13979
16525,310,8,21275
16526,389,5,14828
16527,90,5,15617
16528,132,9,24124
16529,69,11,28002
16530,315,4,9934
16531,257,10,33317
16532,178,5,14145
16533,25,3,7947
16534,24,3,10288
16535,275,2,5748
16536,371,5,9664
16537,318,4,9112
16538,654,1,1279
16539,787,5,14908
16540,135,4,5699
16541,314,6,18091
16542,68,7,16031
16543,994,4,12939
16544,276,4,11891
16545,237,2,2593
16546,518,7,21060
16547,452,7,17106
16548,45,7,26200
16549,1,2,4393
16550,38,3,8134
16551,139,7,16636
16552,114,3,12471
16553,639,2,2399
16554,472,5,18130
16555,165,4,13064
16556,257,2,7909
16557,1,5,18185
16558,143,2,9370
16559,349,4,14224
16560,285,7,25825
16561,159,5,15019
16562,730,3,10004
16563,260,5,17019
16564,164,7,17038
16565,693,6,20490
16566,211,4,10857
16567,171,9,25534
16568,183,2,1195
16569,43,7,19420
16570,264,6,16295
16571,147,8,19757
16572,1301,2,6025
16573,77,9,25203
16574,182,11,35325
16575,74,4,10801
16576,31,6,7676
16577,54,6,18224
16578,1343,1,1332
16579,135,3,10020
16580,335,3,5139
16581,203,5,16012
16582,28,7,15242
16583,144,6,11324
16584,152,2,6293
16585,5,4,13271
16586,2,3,8512
16587,430,3,8444
16588,20,8,23586
16589,38,6,20943
16590,187,5,11092
16591,264,4,16178
16592,342,2,4256
16593,57,5,13901
16594,1,1,5015
16595,152,7,16994
16596,171,4,16278
16597,92,7,19418
16598,41,11,29322
16599,35,2,2971
16600,39,4,10376
16601,55,9,21225
16602,264,4,11150
16603,386,3,7489
16604,1043,3,11541
16605,993,1,5139
16606,330,3,11913
16607,361,3,7392
16608,334,5,14644
16609,26,9,28527
16610,230,4,12672
16611,82,8,25665
16612,1148,1,201
16613,198,6,12730
16614,506,1,1203
16615,466,2,5977
16616,392,6,22614
16617,42,8,18731
16618,188,5,13722
16619,103,5,11047
16620,474,6,7942
16621,32,5,11361
16622,703,4,10443
16623,290,2,3600
16624,319,4,9649
16625,200,5,12680
16626,732,2,6821
16627,234,3,9137
16628,598,4,6573
16629,230,7,15797
16630,71,4,8999
16631,511,5,10821
16632,1026,3,5552
16633,293,2,7033
16634,60,6,17771
16635,2,10,25212
16636,570,6,13406
16637,22,4,11712
16638,359,6,19815
16639,554,3,11090
16640,48,4,14624
16641,381,5,11721
16642,74,5,7028
16643,72,9,25444
16644,461,5,16635
16645,365,5,19558
16646,83,7,18977
16647,682,6,14254
16648,890,5,15564
16649,168,7,14934
16650,262,3,10623
16651,54,6,13103
16652,46,11,26012
16653,222,5,6448
16654,248,4,10149
16655,219,6,20975
16656,99,7,11506
16657,789,2,5839
16658,611,3,6562
16659,115,4,11365
16660,97,5,15846
16661,173,8,19427
16662,572,2,3413
16663,68,4,10410
16664,278,4,9467
16665,181,8,26195
16666,22,5,13811
16667,366,4,11944
16668,265,5,14304
16669,88,5,14011
16670,114,7,20084
16671,59,3,7491
16672,46,3,11038
16673,346,5,10801
16674,128,5,9272
16675,581,4,11169
16676,165,3,7065
16677,33,6,16357
16678,94,1,3510
16679,173,8,18195
16680,127,3,6192
16681,67,10,31160
16682,416,6,18953
16683,398,2,3467
16684,23,10,23423
16685,239,4,15597
16686,84,4,9695
16687,18,5,17226
16688,86,5,13229
16690,10,6,10159
16691,162,2,5195
16692,149,5,11151
16693,65,9,19903
16694,623,2,2975
16695,11,3,2625
16696,1,3,6222
16697,14,5,18860
16698,385,4,16587
16699,70,6,12383
16700,103,9,22428
16701,332,6,14588
16702,37,6,17448
16703,2,8,17584
16704,17,6,16377
16705,337,2,6483
16706,245,4,12402
16707,30,7,16540
16708,158,4,10002
16709,355,3,6485
16710,212,4,10473
16711,58,3,13596
16712,233,6,18013
16713,191,7,15811
16714,2,10,32842
16715,260,5,16315
16716,359,3,5328
16717,230,6,15668
16718,22,6,13525
16719,418,8,22477
16720,516,5,13209
16721,621,5,16309
16722,27,5,13299
16723,112,7,22828
16724,113,5,14539
16725,172,7,17829
16726,60,2,9586
16727,63,6,19026
16728,76,4,10674
16730,22,5,19088
16731,418,9,25970
16732,298,6,17538
16733,228,2,4319
16734,341,3,11358
16735,165,8,17641
16736,46,6,18206
16737,95,7,28905
16738,17,6,19692
16739,351,5,14281
16740,25,7,27561
16741,352,4,13197
16742,899,2,2716
16743,270,2,4294
16744,85,8,15414
16745,178,3,10727
16746,1061,1,2081
16747,45,6,16572
16748,760,4,12711
16749,363,3,7380
16750,83,5,9470
16751,793,3,9218
16752,6,10,25054
16753,12,6,14932
16754,177,5,13368
16755,339,5,13540
16756,72,5,13652
16757,422,7,23930
16758,542,2,4802
16760,54,7,19294
16761,78,5,12601
16762,229,2,3964
16763,99,4,8717
16764,368,2,5655
16765,917,2,6296
16766,315,7,22196
16767,72,5,17704
16768,189,5,18246
16769,123,11,32092
16770,435,6,18840
16771,51,7,14081
16772,681,1,4241
16773,204,5,12998
16774,237,5,15198
16775,31,4,10516
16776,640,3,1452
16777,39,7,20510
16778,205,6,10307
16779,483,3,6003
16780,102,5,12743
16781,145,6,14331
16782,194,7,16808
16783,451,3,5060
16784,112,8,20075
16785,296,4,9063
16786,337,7,23933
16787,308,3,5716
16788,136,5,16287
16789,512,2,4210
16790,48,9,31685
16791,539,2,5924
16792,302,3,8093
16793,64,3,8821
16794,173,3,6615
16795,514,2,7540
16796,61,4,13001
16797,73,6,15408
16798,888,3,13822
16799,460,7,18713
16800,161,5,13895
16801,155,6,21128
16802,429,4,9886
16803,648,1,1084
16804,127,4,6323
16805,210,5,13940
16806,152,5,16450
16807,556,5,14341
16808,535,4,7700
16809,24,5,12106
16810,56,7,17802
16811,253,4,9816
16812,345,5,10314
16813,769,4,10844
16814,6,7,20311
16815,44,7,13352
16816,160,6,9086
16817,603,5,13044
16818,113,3,11062
16819,388,1,4172
16820,144,9,29211
16821,53,6,14269
16822,21,4,13397
16823,59,5,13947
16824,53,10,26527
16825,14,8,15416
16826,874,4,17807
16827,318,5,15770
16828,67,4,11841
16829,331,3,9946
16830,849,2,6511
16831,78,5,15311
16832,40,7,17683
16833,93,8,22734
16834,256,5,15807
16835,192,3,5806
16836,18,7,20849
16837,385,6,17029
16838,235,10,29765
16839,87,6,14458
16840,47,6,12051
16841,389,4,11582
16842,991,3,6189
16843,434,5,12495
16844,26,5,15312
16845,22,5,4610
16846,960,1,4614
16847,595,4,9671
16848,65,7,11499
16849,303,5,14602
16850,443,5,16179
16851,35,2,4779
16852,286,2,5129
16853,145,6,24051
16854,103,5,10170
16855,278,4,6039
16856,487,4,17899
16857,140,1,1552
16858,515,4,6956
16859,741,2,5189
16860,333,9,20368
16861,80,5,13346
16862,39,7,15743
16863,10,4,9348
16864,99,3,9393
16865,74,7,13528
16866,33,7,17646
16867,255,3,9536
16868,111,5,15141
16869,103,5,12640
16870,33,6,14928
16871,349,6,19952
16872,587,2,6556
16873,196,4,12131
16874,100,5,10594
16875,369,7,16900
16876,129,2,7005
16877,536,5,15601
16878,332,3,12303
16879,198,9,25375
16880,336,1,2927
16881,134,3,11858
16882,3,2,5450
16883,579,3,6716
16884,20,7,24740
16885,4,6,21259
16886,86,5,13573
16887,224,6,12679
16888,280,6,16899
16889,35,8,23876
16890,530,3,4013
16891,835,1,325
16892,451,3,6259
16893,9,7,18515
16894,20,7,13839
16895,136,6,18432
16896,582,4,11629
16897,320,6,12588
16898,267,8,25156
16899,103,9,26917
16900,116,8,24274
16901,42,11,25496
16902,42,2,6085
16903,5,8,31532
16904,220,2,8163
16905,625,3,7900
16906,224,6,16022
16907,174,4,13500
16908,271,2,5434
16909,153,11,30418
16910,325,5,15907
16911,191,5,10657
16912,145,3,8555
16913,69,4,7757
16914,9,9,15574
16915,175,7,25521
16916,543,6,14594
16917,3,4,14040
16918,218,8,12166
16919,284,3,10354
16920,579,5,12668
16921,544,8,17210
16922,893,2,3344
16923,426,6,14091
16924,76,5,7589
16925,17,9,25363
16926,230,5,15120
16927,8,10,31795
16928,195,5,14021
16929,454,1,1583
16930,269,3,6294
16931,153,5,15312
16932,56,5,10908
16933,51,12,31071
16934,18,3,10500
16935,710,4,15784
16936,54,2,5107
16937,36,7,17246
16938,376,2,1737
16939,31,3,13120
16940,180,7,21923
16941,96,4,11315
16942,16,7,21822
16943,323,3,5313
16944,240,10,18095
16945,295,3,7861
16946,231,6,19821
16947,299,6,10980
16948,75,4,8563
16949,491,5,17293
16950,500,4,7867
16951,468,3,5889
16952,154,4,10573
16953,70,5,16699
16954,469,6,12023
16955,844,1,4166
16956,36,10,30765
16957,234,8,20464
16958,58,5,15019
16959,201,4,9533
16960,74,6,11369
16961,712,4,8243
16962,549,3,10262
16963,33,6,17216
16964,477,3,6742
16965,200,4,6607
16966,361,2,7195
16967,29,2,4333
16968,88,12,39776
16969,436,4,10095
16970,8,5,16446
16971,916,1,2370
16972,165,6,8748
16973,89,6,15061
16974,40,7,24580
16975,70,6,13219
16976,476,4,13034
16977,1015,3,4749
16978,38,7,23585
16979,66,3,9477
16980,133,6,17160
16981,148,2,9722
16982,42,4,14767
16983,182,4,10700
16984,229,3,10296
16985,87,12,30225
16986,404,5,9844
16987,190,8,23475
16988,275,7,20587
16989,627,4,11080
16990,100,4,13230
16991,427,5,10897
16992,38,9,23117
16993,353,6,5791
16994,600,6,13945
16995,185,5,13433
16996,468,3,7293
16997,465,6,24990
16998,85,2,6633
16999,183,10,21040
17000,146,4,14361
17001,553,2,3406
17002,503,4,18746
17003,122,3,10312
17004,461,6,17870
17005,144,6,15656
17006,357,6,20713
17007,103,3,10584
17008,476,2,5881
17009,326,4,9298
17010,481,4,11988
17011,49,2,7436
17013,157,4,10236
17014,405,2,6956
17015,151,7,17351
17016,107,7,16455
17017,746,3,6829
17018,81,7,18940
17019,661,2,8330
17020,41,6,15882
17021,119,8,18183
17022,509,7,18942
17023,25,3,10220
17024,69,6,18334
17025,288,7,16833
17026,642,1,3565
17027,176,4,14353
17028,397,6,19034
17029,221,8,18285
17030,511,1,4191
17031,282,6,18821
17032,342,4,13688
17033,239,5,17966
17034,49,9,24191
17035,362,3,5886
17036,132,8,23221
17037,104,5,13309
17038,347,6,20090
17039,124,6,14960
17040,77,9,22661
17041,145,6,15729
17042,527,6,18545
17043,293,4,9701
17044,234,5,13315
17045,225,5,11960
17046,316,5,10686
17047,185,10,29850
17048,679,1,4685
17049,26,4,14936
17050,1121,2,2472
17051,408,4,9886
17052,50,6,17578
17053,429,6,21075
17054,438,5,10847
17055,20,8,28270
17056,31,5,13753
17057,6,4,13499
17058,501,7,18848
17059,40,6,12202
17060,81,5,12817
17061,114,6,19314
17062,259,6,15047
17063,40,4,5590
17064,160,5,16964
17065,91,8,20922
17066,90,5,14342
17067,13,7,19283
17068,140,3,6322
17069,377,2,9127
17070,780,1,4188
17071,854,1,4613
17072,537,3,7742
17073,503,5,11629
17074,121,5,10892
17075,570,2,5119
17076,62,3,8006
17077,484,4,13029
17078,230,4,9082
17079,1103,2,7325
17080,192,3,9842
17081,915,2,893
17082,19,4,9710
17083,116,5,11231
17084,459,5,18102
17085,510,2,2167
17086,324,9,20060
17087,39,8,20738
17088,172,8,21638
17089,167,5,17433
17090,342,4,12019
17091,52,3,9091
17092,267,6,8893
17093,102,5,13106
17094,236,6,20674
17095,1313,1,1708
17096,217,5,12943
17097,108,4,6524
17098,383,2,7467
17099,162,5,10752
17100,85,6,15287
17101,173,4,13592
17102,241,5,9285
17103,5,8,22694
17104,381,3,4883
17105,207,6,19818
17106,317,5,14512
17107,241,5,12350
17108,271,3,6935
17109,310,5,7764
17110,69,7,24363
17111,10,5,13483
17112,7,8,25349
17113,252,2,2016
17114,268,6,13900
17115,245,5,8391
17116,59,7,17651
17117,339,3,5941
17118,310,4,11768
17119,41,4,10276
17120,239,5,13408
17121,127,3,8806
17122,275,1,1476
17123,193,3,7195
17124,11,4,11675
17125,227,6,15283
17126,51,6,18632
17127,111,8,20274
17128,458,3,10020
17129,38,8,18821
17130,126,5,13740
17131,177,5,11764
17132,202,7,21903
17133,115,5,7940
17134,42,2,8935
17135,58,4,13646
17136,473,1,1786
17137,88,3,6095
17138,1280,1,4127
17139,724,1,3581
17140,123,7,19798
17141,164,9,24302
17142,56,4,8409
17143,138,3,12020
17144,395,3,6511
17145,35,3,8792
17146,464,2,3426
17147,1104,1,653
17148,29,4,9730
17149,748,3,9267
17150,261,4,5492
17151,372,3,6575
17152,220,6,20398
17153,877,3,9921
17154,415,7,16350
17155,35,5,10017
17156,219,5,9434
17157,545,3,11113
17158,225,6,21089
17159,457,2,5706
17160,53,8,21019
17161,59,9,15366
17162,110,7,11059
17163,359,2,2856
17164,279,4,10119
17165,1298,1,3664
17166,131,4,13499
17167,520,5,15750
17168,132,7,26827
17169,69,6,15218
17170,213,5,12316
17171,214,7,23651
17172,44,3,9951
17173,61,6,18880
17174,13,6,8050
17175,115,8,21963
17176,237,4,10590
17177,135,3,6723
17178,284,3,7730
17179,491,7,15795
17180,414,2,6312
17181,28,5,18980
17182,77,4,10829
17183,283,4,9232
17184,194,5,10886
17185,214,4,12267
17186,50,5,14177
17187,309,1,2698
17188,163,7,17401
17189,108,5,10801
17190,79,6,16322
17191,60,7,19711
17192,221,4,14278
17193,135,5,16624
17194,480,2,5153
17195,599,4,10867
17196,295,3,7117
17197,94,6,10400
17198,35,9,27980
17200,498,5,19443
17201,68,4,13868
17202,160,4,4961
17203,124,7,22908
17204,11,3,5485
17205,260,5,21001
17206,55,7,11324
17207,224,7,24408
17208,70,3,12002
17209,192,7,20502
17210,1205,1,221
17211,46,8,15596
17212,209,4,5922
17213,307,7,19429
17214,204,6,15267
17215,213,3,12632
17216,258,2,4650
17217,270,8,23201
17218,33,11,29784
17219,138,4,15862
17220,165,7,17743
17221,46,6,13166
17222,357,5,8363
17223,333,5,12616
17224,175,4,12838
17225,120,6,20835
17226,83,7,14793
17227,9,6,12930
17228,116,5,18414
17229,189,5,17977
17230,36,2,9300
17231,102,9,25509
17232,258,4,15077
17233,27,9,17270
17234,383,3,10456
17235,318,5,12938
17236,289,7,16755
17237,116,3,11900
17238,244,6,18901
17239,104,7,25033
17240,35,4,7220
17241,375,3,7797
17242,331,6,12710
17243,173,4,12828
17244,10,9,29028
17245,40,2,2342
17246,185,6,13368
17247,404,1,5230
17248,12,5,13424
17249,68,2,6374
17250,143,5,8747
17251,172,8,15005
17252,38,5,14641
17253,75,6,9456
17254,63,2,4004
17255,69,6,9462
17256,56,5,8792
17257,396,6,12577
17258,1224,1,260
17259,913,3,7061
17260,216,6,18159
17261,432,2,3228
17262,273,5,17324
17263,662,8,23522
17264,20,6,20116
17265,11,4,11469
17266,749,6,13190
17267,84,4,9432
17268,108,6,14580
17269,77,9,30342
17270,162,3,11708
17271,248,8,21796
17272,138,6,16936
17273,433,5,12278
17274,214,5,13598
17275,33,8,22433
17276,301,4,12411
17277,512,4,11624
17278,250,7,17364
17279,166,6,16318
17280,147,1,3594
17281,100,9,27179
17282,53,6,21158
17284,185,6,14356
17285,210,3,6505
17286,394,4,10857
17287,7,4,7569
17288,541,3,4186
17289,117,7,20338
17290,170,4,12155
17291,254,8,23379
17292,308,3,5006
17293,502,8,24603
17294,153,2,7237
17295,104,5,18051
17296,144,6,11554
17297,915,3,8730
17298,17,6,17622
17299,223,5,13573
17300,80,6,14990
17301,91,6,17527
17302,403,6,19241
17303,259,8,25423
17304,370,6,16657
17305,188,5,19412
17306,308,4,8886
17307,258,3,8711
17308,44,8,17187
17309,506,3,5199
17310,135,4,8678
17311,130,6,22858
17312,41,5,16267
17313,335,8,20532
17314,59,7,21568
17315,127,5,18680
17316,130,7,12516
17317,68,2,4914
17318,184,1,3553
17319,166,10,29913
17320,208,4,6838
17321,165,3,7165
17322,312,3,7291
17323,152,10,24007
17324,58,5,13706
17325,505,4,10122
17326,42,4,7170
17327,295,5,15981
17328,146,1,1558
17329,192,7,16689
17330,223,4,16254
17331,507,3,13262
17332,151,6,18210
17333,614,5,14852
17334,381,6,16820
17335,67,5,13173
17336,111,2,6419
17337,173,6,15291
17338,231,3,5518
17339,850,4,16400
17340,99,7,24222
17341,255,6,19658
17342,374,5,17700
17343,423,3,3204
17344,381,5,13118
17345,471,3,9968
17346,22,8,26940
17347,26,9,21082
17348,76,3,4385
17349,20,6,14110
17350,72,3,10906
17351,384,5,12650
17352,361,4,10460
17353,558,2,7869
17354,326,9,24770
17355,19,9,20876
17356,561,4,11041
17357,38,5,6556
17358,376,8,20179
17359,78,11,32366
17360,26,3,3591
17361,394,4,8349
17362,247,7,19544
17363,89,5,15961
17364,220,3,4227
17365,297,8,28595
17366,395,4,8386
17367,4,2,4856
17368,399,5,8896
17369,158,6,18840
17370,123,6,18373
17371,127,7,13957
17372,45,6,15409
17373,227,5,7449
17374,379,5,13923
17375,990,4,13682
17376,43,10,26157
17377,178,4,10384
17378,103,8,18611
17379,18,8,25800
17380,83,9,28545
17381,63,4,8117
17382,64,6,17429
17383,20,9,15708
17384,441,6,15257
17385,75,4,9160
17386,33,6,12834
17387,165,2,3992
17388,316,4,8049
17389,280,6,17269
17390,469,4,12732
17391,15,5,11375
17392,155,5,12799
17393,148,4,9836
17394,54,7,13978
17395,829,2,3827
17396,185,4,7865
17397,300,5,13865
17398,235,9,20063
17399,83,7,20276
17400,791,3,6558
17401,1,6,19949
17402,102,4,11163
17403,42,3,12029
17404,113,3,5470
17405,118,10,26068
17406,233,5,12993
17407,280,4,12829
17409,243,5,10329
17410,22,3,6695
17411,184,3,7563
17412,268,8,27908
17413,73,3,4512
17414,3,8,34975
17415,1220,2,4129
17416,43,5,8595
17417,98,9,27024
17418,571,1,3741
17419,628,4,12771
17420,27,6,21138
17421,380,5,14329
17422,3,7,17339
17423,11,6,21992
17424,58,6,17551
17425,145,3,11399
17426,595,4,11853
17427,1,5,16669
17428,255,6,19747
17429,522,3,7358
17430,12,8,17659
17431,63,5,18048
17432,714,2,5114
17433,44,5,15734
17434,14,6,17070
17435,241,2,1557
17436,271,4,8939
17437,4,8,23092
17438,136,4,15087
17439,52,4,6303
17440,4,6,17003
17441,57,5,16816
17442,436,4,7751
17443,388,4,8841
17444,34,5,16297
17445,261,8,14711
17446,889,3,11442
17447,23,7,20663
17448,469,8,16674
17449,5,5,15537
17450,933,2,4276
17451,123,4,16544
17452,150,8,17354
17453,129,5,19624
17454,140,6,19629
17455,127,4,3764
17456,384,5,16587
17457,108,7,22309
17458,71,8,19433
17459,551,3,5523
17460,130,6,18049
17461,300,9,27869
17462,22,5,12801
17463,30,9,29179
17464,322,5,11249
17465,230,4,12798
17466,371,8,20260
17467,105,4,15405
17468,827,2,6048
17469,54,5,22951
17470,166,10,28160
17471,332,7,17515
17472,309,7,22781
17473,947,4,9585
17474,245,5,15609
17475,140,5,15298
17476,238,6,12041
17477,138,6,14671
17478,44,4,14344
17479,251,6,21855
17480,46,3,9374
17481,102,5,21428
17482,564,4,9625
17483,217,7,26256
17484,145,6,19638
17485,179,7,13977
17486,54,3,8624
17487,29,8,24922
17488,204,4,10322
17489,282,3,8393
17490,424,3,6909
17491,57,8,14757
17492,120,5,12882
17493,8,4,8213
17494,564,5,19238
17495,61,8,26419
17496,99,6,11293
17497,658,5,17277
17498,696,4,14575
17499,150,8,18801
17500,63,3,5393
17501,812,3,5532
17502,12,3,9387
17503,625,7,19336
17504,426,5,15631
17505,84,12,27201
17507,50,3,9267
17508,283,10,24170
17509,504,6,19288
17510,772,3,9917
17511,54,12,28236
17512,359,3,10330
17513,32,5,12995
17514,306,6,18610
17515,14,3,5178
17516,56,4,10936
17517,4,3,13003
17518,342,8,24492
17519,54,8,22521
17520,170,4,9212
17521,350,5,8694
17522,638,2,8365
17523,19,12,31024
17524,475,4,12059
17525,251,4,10687
17526,136,7,26175
17527,594,4,9293
17528,132,6,13957
17529,287,3,9454
17530,333,4,12820
17531,136,5,18780
17532,72,2,5921
17533,41,5,7895
17534,127,7,15961
17535,75,9,23805
17536,84,5,16196
17537,18,4,13116
17538,386,3,4445
17539,494,5,12088
17540,140,7,14377
17541,213,6,16356
17542,609,8,17558
17543,686,3,5709
17544,45,4,13225
17545,271,4,11909
17546,248,5,9364
17547,177,3,4928
17548,323,4,13357
17549,616,5,16079
17550,7,9,20984
17551,151,6,20310
17552,27,7,19412
17553,137,5,17991
17554,831,4,12418
17555,249,6,14792
17556,175,6,11012
17557,234,8,21314
17558,156,3,2447
17559,69,7,20129
17560,107,6,19549
17561,191,7,21830
17562,310,5,16700
17563,969,1,4260
17564,27,10,19622
17565,888,3,5424
17566,23,8,23305
17567,12,10,21269
17568,46,4,11161
17569,408,4,4878
17570,578,2,2481
17571,59,3,10522
17572,461,2,4172
17573,96,2,6283
17574,79,6,18099
17575,736,3,7934
17576,155,6,24292
17577,60,6,14399
17578,218,8,20189
17579,128,6,20396
17580,106,4,18619
17581,45,7,17941
17582,53,7,15709
17583,413,4,10381
17584,173,6,17053
17585,652,3,5476
17586,125,6,22507
17587,158,6,19573
17588,249,3,10531
17589,53,4,8245
17590,226,4,8703
17591,34,5,16144
17592,172,8,20727
17593,190,4,11468
17594,12,11,22649
17595,159,3,11063
17596,450,3,3691
17597,308,5,13920
17598,8,4,15322
17599,670,7,15487
17600,1093,3,12519
17601,95,6,10899
17602,301,9,28568
17603,458,6,9267
17604,103,6,11504
17605,30,5,15668
17606,35,3,6240
17607,47,5,8628
17608,80,10,31416
17609,590,3,2882
17610,126,4,9915
17611,29,8,24472
17612,224,3,6235
17613,56,6,20022
17614,364,6,17081
17615,80,6,13557
17616,71,5,14771
17617,50,5,13612
17618,19,7,23935
17619,271,6,13940
17620,395,5,8843
17621,9,5,15870
17622,176,4,9392
17623,148,6,15038
17624,142,7,17223
17625,54,9,23601
17626,246,8,23648
17627,35,1,2530
17628,479,4,9663
17629,94,5,13009
17630,116,9,26394
17631,92,6,12213
17632,66,6,11485
17633,699,6,28193
17634,100,6,19570
17635,475,6,14502
17636,694,4,10775
17637,146,3,6265
17638,362,9,22806
17639,12,4,9606
17640,141,6,15293
17641,44,9,26174
17642,322,1,4833
17643,231,4,14534
17644,155,8,18625
17645,298,4,9671
17646,293,5,11460
17647,207,5,11932
17648,68,11,36817
17649,54,8,13088
17650,138,7,25315
17651,199,6,19643
17652,160,9,25151
17653,309,5,13784
17654,1153,1,1940
17655,478,4,12703
17656,922,2,7427
17657,436,4,10818
17658,68,4,12340
17659,207,4,6661
17660,873,2,5384
17661,297,4,7069
17662,2,4,13404
17663,437,9,24058
17664,217,8,19628
17665,66,5,10876
17666,83,2,6787
17667,104,5,14403
17668,249,1,1721
17669,656,4,10323
17670,370,4,11915
17671,24,4,8128
17672,301,4,9217
17673,65,3,9483
17674,6,7,24097
17675,265,7,21843
17676,60,4,9677
17677,23,4,13974
17678,347,2,9081
17679,151,5,12913
17680,145,8,20672
17681,134,5,17019
17682,90,4,8509
17683,56,2,7926
17684,793,4,9447
17685,92,2,3313
17686,1050,1,1270
17687,1,3,10365
17688,6,11,29033
17689,25,4,10286
17690,317,3,10386
17691,62,7,18359
17692,32,6,16942
17693,476,4,10002
17694,110,2,4550
17695,198,5,12537
17696,135,6,14460
17697,8,8,21552
17698,59,4,9074
17699,255,6,11424
17700,177,4,7883
17701,10,3,4612
17702,420,5,16076
17703,73,4,5843
17704,233,8,24955
17705,259,4,10301
17706,437,2,6095
17707,107,4,12887
17708,377,3,10723
17709,125,5,11055
17710,60,4,6952
17711,221,6,20221
17712,326,2,4326
17713,117,6,14146
17714,297,6,18093
17715,27,4,12277
17716,6,8,24859
17717,93,7,16325
17718,1091,4,11484
17719,476,2,4961
17720,187,6,23329
17721,264,7,19690
17722,741,4,7398
17723,268,5,12107
17724,286,3,6116
17725,311,8,28521
17726,728,2,6097
17727,527,6,24593
17728,555,3,6393
17729,126,7,18510
17730,68,7,12345
17731,439,6,20270
17732,1094,2,7338
17733,33,7,22649
17734,579,3,5288
17735,359,3,7382
17736,1318,1,3211
17737,168,8,23724
17738,157,5,5827
17739,89,5,15323
17740,188,5,13774
17741,204,5,19650
17742,76,6,10844
17743,229,3,8154
17744,931,1,3689
17745,172,4,16826
17746,626,3,6189
17747,125,4,5662
17748,121,6,17546
17749,79,7,17497
17750,158,9,22861
17751,219,4,10218
17752,91,5,14944
17753,173,9,23881
17754,777,3,5420
17755,79,8,18034
17756,177,3,8602
17757,59,3,10933
17758,379,8,28520
17759,178,7,22303
17760,606,3,8940
17761,202,6,10519
17762,21,3,4897
17763,580,5,6294
17764,149,5,15605
17765,205,8,22600
17766,475,8,19649
17767,224,5,10518
17768,82,9,26618
17769,364,7,14753
17770,15,4,14013
17771,620,6,19326
17772,71,5,14378
17773,71,3,7959
17774,184,4,11467
17775,37,7,21964
17776,26,5,13385
17777,21,11,34433
17779,263,3,9730
17780,103,9,26661
17781,256,7,15165
17782,142,12,31932
17783,143,5,19441
17784,486,4,11678
17785,143,9,25418
17786,388,7,22778
17787,39,5,15987
17788,235,7,24625
17789,142,5,12910
17790,369,8,30074
17791,5,4,11403
17792,151,2,5698
17793,117,4,8763
17794,143,2,5672
17795,124,3,5475
17796,536,3,5274
17797,1107,1,2422
17798,253,4,11460
17799,1,9,19066
17800,290,7,20464
17801,939,3,8074
17802,173,6,17794
17803,257,6,18997
17804,8,4,6693
17805,144,8,19273
17806,7,8,21228
17807,12,5,11684
17808,88,4,10804
17809,610,6,27920
17810,726,3,8264
17811,601,3,9906
17812,165,4,8075
17813,50,8,26103
17814,137,6,19148
17815,69,7,23090
17816,204,6,10214
17817,94,6,17139
17818,221,10,21006
17819,187,7,25727
17820,240,2,7018
17821,375,4,9507
17822,24,4,3735
17823,471,4,4012
17824,560,3,4841
17825,82,2,8296
17826,287,5,17225
17827,575,8,22689
17828,201,5,11014
17829,34,9,23926
17830,40,7,20022
17831,273,6,20098
17832,22,9,25156
17833,276,2,3325
17834,326,5,18255
17835,704,5,8812
17836,340,2,6479
17837,173,5,12987
17838,152,6,7906
17839,265,6,13605
17840,105,7,19981
17841,281,8,26198
17842,375,8,15227
17843,32,4,9195
17844,422,3,12776
17845,163,5,15410
17846,140,6,15252
17847,105,3,5780
17848,380,4,8632
17849,532,6,14124
17850,180,6,16104
17851,48,5,14359
17852,28,8,25352
17853,804,1,673
17854,290,6,18812
17855,198,4,7622
17856,182,7,21022
17857,108,8,26050
17858,201,5,9594
17859,932,3,4844
17860,336,5,10994
17861,253,4,15260
17862,263,5,12207
17863,598,6,17629
17864,245,2,4568
17865,194,4,10129
17866,881,1,3983
17867,31,8,16538
17868,90,6,14653
17869,189,6,18020
17870,16,9,22628
17871,143,4,14983
17872,532,2,6405
17873,58,7,23690
17874,290,7,15199
17875,224,6,15387
17876,294,2,1026
17877,7,4,10923
17878,107,6,11793
17879,148,6,13899
17880,189,3,9902
17881,202,6,13739
17882,69,6,17088
17883,291,1,3539
17884,22,4,12935
17885,230,8,20368
17886,229,6,14256
17887,55,8,21330
17888,333,7,26211
17889,105,5,14207
17890,130,4,8270
17891,352,9,28571
17892,630,4,14269
17893,69,6,16782
17894,820,1,2461
17895,16,7,19685
17896,26,1,5073
17897,12,3,7630
17898,109,3,9273
17899,165,4,13800
17900,52,6,20704
17901,485,3,10465
17902,85,4,13787
17903,256,6,21179
17904,38,7,18041
17905,25,7,24040
17906,174,7,18016
17907,64,4,12536
17908,625,4,5760
17909,224,3,7405
17910,146,4,11786
17911,156,5,11412
17912,53,4,14835
17913,77,6,12402
17914,451,2,5398
17915,92,6,24457
17916,40,9,18589
17917,10,5,14675
17918,434,8,21592
17919,531,4,7926
17920,137,6,16957
17921,49,3,4458
17922,364,1,4775
17923,48,8,23112
17924,199,8,20692
17925,984,1,848
17926,39,3,8026
17927,328,1,1725
17928,178,6,21108
17929,293,7,22516
17930,311,4,8585
17931,132,9,24305
17932,11,7,20309
17933,34,4,9333
17934,397,6,16851
17935,410,2,5584
17936,325,10,24340
17937,1007,1,4726
17938,209,6,9787
17939,83,6,20707
17940,536,6,19438
17941,258,5,17627
17942,477,4,9225
17943,140,7,22764
17944,14,5,10969
17945,335,7,26970
17946,220,4,8867
17947,266,4,11692
17948,132,5,11103
17949,336,2,7076
17950,707,3,10727
17951,322,1,1702
17952,573,3,11901
17953,134,7,20295
17954,534,4,11344
17955,303,5,15146
17956,175,3,11274
17957,208,4,9276
17958,188,4,16694
17959,223,3,11213
17960,321,5,14947
17961,58,5,7193
17962,95,4,12117
17963,105,6,21003
17964,186,3,10095
17965,749,3,9579
17966,1168,1,584
17967,89,7,20347
17968,16,9,26664
17969,435,4,8269
17970,689,5,17523
17971,459,4,14400
17972,319,4,13794
17973,58,5,14044
17974,210,5,18509
17975,399,5,17575
17976,306,7,19032
17978,314,8,23557
17979,222,6,14991
17980,71,5,14706
17981,13,7,21923
17982,523,1,3021
17983,314,6,19020
17984,490,5,16353
17985,88,6,16119
17986,70,8,17974
17987,113,7,14158
17988,366,5,13597
17989,31,4,7185
17990,674,2,3282
17991,290,3,5066
17992,325,2,3194
17993,353,6,17823
17994,63,8,27855
17995,266,5,8271
17996,81,4,12076
17997,137,4,10815
17998,42,9,26358
17999,121,7,15973
18000,340,3,5827
18001,418,4,13072
18002,246,4,12861
18003,313,4,5205
18004,83,4,17451
18005,22,6,12823
18006,64,7,17892
18007,34,6,20915
18008,306,5,11882
18009,16,4,11257
18010,231,10,23580
18011,42,4,6949
18012,1280,2,5118
18013,47,3,5962
18014,67,9,28825
18015,196,5,15834
18016,87,6,16872
18017,468,10,28584
18018,203,5,9381
18019,191,5,15675
18020,695,6,25657
18021,150,2,5745
18022,375,5,8017
18023,68,5,14518
18024,153,6,10684
18025,322,5,17302
18026,102,4,9487
18027,180,4,13701
18028,144,5,11010
18029,27,7,23767
18030,42,3,12963
18031,406,6,16995
18032,76,4,10836
18033,243,4,9730
18034,654,2,6222
18035,1038,3,12394
18036,415,3,9148
18037,632,3,14194
18038,146,6,13841
18039,309,7,21059
18040,288,7,16780
18041,33,4,14358
18042,105,6,15655
18043,116,6,10630
18044,228,5,14864
18045,6,7,25404
18046,63,4,9107
18047,573,6,18281
18048,17,11,28228
18049,881,1,4259
18050,522,3,8473
18051,181,7,23081
18052,154,5,17431
18053,232,9,31181
18054,51,10,23481
18055,193,5,9445
18056,258,3,5976
18057,421,2,5750
18058,454,5,11227
18059,66,3,4488
18060,215,5,13785
18061,100,9,25785
18062,131,4,14869
18063,152,4,9840
18064,178,4,8373
18065,477,4,11641
18066,78,8,25650
18067,78,6,15032
18068,144,4,13687
18069,189,4,14102
18070,272,8,19784
18071,322,2,3722
18072,253,6,15554
18073,13,7,15766
18074,62,5,17854
18075,773,5,11568
18076,5,4,9297
18077,35,4,5387
18078,1005,2,4381
18079,115,12,28534
18080,11,7,16827
18081,205,8,17189
18082,97,5,6526
18083,1231,2,5064
18084,89,5,12867
18085,470,4,6658
18086,78,7,18859
18087,76,6,10793
18088,78,7,15896
18089,1252,2,3896
18090,350,5,14497
18091,28,6,17625
18092,635,2,2446
18093,146,4,9629
18094,312,7,19449
18095,118,4,11527
18096,20,5,7844
18097,289,3,8580
18098,233,7,22552
18099,38,4,6280
18100,630,4,8423
18101,19,6,17181
18102,24,5,9682
18103,112,5,16590
18104,224,2,4829
18105,39,5,17131
18106,509,6,9281
18107,225,4,8605
18108,40,5,7994
18109,319,4,15888
18110,429,5,19751
18111,154,8,23443
18112,642,5,14835
18113,489,2,3484
18114,839,7,20311
18115,218,6,12508
18116,585,3,12425
18117,1032,3,8629
18118,99,2,8278
18119,122,8,20562
18120,3,8,19877
18121,82,5,17899
18122,141,3,5708
18123,230,7,24443
18124,247,4,9486
18125,16,8,18359
18126,92,4,11335
18127,482,3,12713
18128,939,3,6862
18129,400,3,9844
18130,53,1,3580
18131,2,5,17963
18132,259,3,6615
18133,156,6,11519
18134,80,8,21694
18135,366,7,18981
18136,264,4,12580
18137,553,4,12842
18138,740,2,6387
18139,250,4,9946
18140,3,7,22325
18141,135,6,18327
18142,404,1,460
18143,373,3,5858
18144,242,6,8600
18145,293,4,10843
18146,201,7,23162
18147,90,5,15181
18148,32,8,19289
18149,241,2,4746
18150,293,3,5556
18151,526,3,8962
18152,623,4,9907
18153,141,6,10009
18154,107,5,12606
18155,833,2,6366
18156,812,5,15445
18157,23,3,8903
18158,311,7,20741
18159,407,5,11150
18160,88,4,7498
18161,17,6,13441
18162,11,8,19773
18163,777,3,10438
18164,386,2,5864
18165,280,2,1428
18166,120,8,16917
18167,270,7,17597
18168,13,7,21488
18169,171,3,12976
18170,37,10,35593
18171,140,2,5861
18172,392,3,7891
18173,1,6,16083
18174,476,2,4128
18175,143,8,13863
18176,294,2,2905
18177,429,4,12742
18178,841,4,10036
18179,611,5,14471
18180,198,5,10414
18181,27,7,13091
18182,111,3,9262
18183,63,7,21490
18184,162,8,24130
18185,369,4,6184
18186,163,6,13981
18187,67,6,14859
18188,60,6,16827
18189,514,3,10853
18190,114,5,14526
18191,156,5,16444
18192,11,3,5135
18193,278,4,13487
18194,294,8,18368
18195,216,5,14675
18196,67,6,14353
18197,162,3,7855
18198,117,6,14350
18199,440,3,11762
18200,53,8,16651
18201,297,6,13497
18202,218,6,19408
18203,165,4,11339
18204,6,14,38225
18205,312,4,10506
18206,89,7,20654
18207,1317,1,3273
18208,449,2,7023
18209,18,6,16588
18210,768,3,6977
18211,467,4,12410
18212,1200,1,5247
18213,741,7,22613
18214,294,6,18164
18215,446,6,11038
18216,385,11,31589
18217,84,5,15726
18218,17,10,29095
18219,28,7,27253
18220,281,5,17176
18221,4,6,19674
18222,626,3,10891
18223,375,4,7696
18224,85,5,18483
18225,250,3,5459
18226,102,4,15404
18227,648,5,12689
18228,39,5,18659
18229,233,6,17425
18230,152,7,16319
18231,1098,2,6547
18232,428,8,15652
18233,908,3,3102
18234,73,6,14452
18235,429,5,19011
18236,399,5,14025
18237,166,3,10046
18238,320,6,18878
18239,30,3,7305
18240,604,3,10312
18241,128,4,11459
18242,8,7,24725
18243,46,7,25863
18244,168,5,17945
18245,346,3,6677
18246,598,3,3085
18247,81,3,9057
18248,122,8,25466
18249,65,4,11371
18250,491,4,9550
18251,254,3,3570
18252,985,2,5201
18253,751,1,2989
18254,120,4,10144
18255,559,4,9917
18256,189,4,9426
18257,373,4,10597
18258,46,6,15995
18259,137,7,14703
18260,119,3,7766
18261,122,7,17306
18262,3,6,13895
18263,253,8,25255
18264,730,2,1094
18265,370,3,5582
18266,35,6,15238
18267,34,5,11871
18268,65,6,17003
18269,423,7,22851
18270,307,6,13756
18271,267,8,25924
18272,94,8,21969
18273,20,11,37292
18274,58,8,24672
18275,155,7,19539
18276,87,5,15440
18277,208,7,22370
18278,641,2,5614
18279,103,1,4450
18280,130,5,12721
18281,308,6,17917
18282,479,3,6109
18283,32,6,17473
18284,230,2,7091
18285,463,6,14385
18286,300,4,7766
18287,573,4,11902
18288,186,4,12125
18289,577,5,16502
18290,39,7,26628
18291,149,6,13433
18292,1,5,22201
18293,302,2,8515
18294,216,6,19494
18295,167,5,12020
18296,556,1,2229
18297,21,5,14192
18298,29,10,27677
18299,74,7,19765
18300,23,7,22516
18301,18,7,20701
18302,507,2,6190
18303,216,9,21851
18304,171,6,17511
18305,274,7,17842
18306,413,6,9827
18307,192,6,15628
18308,12,7,22751
18309,1,8,17868
18310,328,1,2965
18311,269,10,24418
18312,3,7,29669
18313,444,6,11119
18314,92,8,16832
18315,210,8,23171
18316,259,3,6820
18317,19,8,18007
18318,140,13,24431
18319,79,6,15043
18320,50,8,14995
18321,127,3,7080
18322,587,3,9759
18323,189,3,5735
18324,462,4,7098
18325,236,6,13659
18326,308,3,8934
18327,199,5,14288
18328,21,6,21597
18329,46,5,16500
18330,183,5,16025
18331,85,8,21867
18332,152,7,22888
18333,505,4,11589
18334,184,5,16402
18335,97,5,10503
18336,25,2,4627
18337,135,7,26284
18338,636,4,8415
18339,92,3,8236
18340,147,4,13576
18341,132,4,10456
18342,790,4,12825
18343,554,3,4158
18344,68,4,11623
18345,501,3,8595
18346,442,4,18093
18347,82,3,7771
18348,588,3,3851
18349,91,7,21881
18350,294,7,24902
18351,185,6,17859
18352,402,7,15118
18353,200,6,13538
18354,51,5,18084
18355,13,3,9348
18356,95,4,13698
18357,14,10,20676
18358,183,6,17960
18359,845,5,14259
18360,144,3,11115
18361,71,7,16304
18362,142,4,14290
18363,97,4,10455
18364,480,5,18933
18365,208,6,11124
18366,168,4,10406
18367,3,7,21461
18368,250,4,9109
18369,77,7,21289
18370,213,6,19003
18371,127,3,6229
18372,94,3,5434
18373,536,2,7807
18374,1,9,25811
18375,103,5,16879
18376,30,9,26004
18377,155,6,21548
18378,78,4,7981
18379,188,3,7246
18380,541,5,9453
18381,218,5,13233
18382,265,2,6165
18383,39,6,24008
18384,409,5,14050
18385,651,2,5991
18386,558,5,16855
18387,298,7,21620
18388,216,5,11825
18389,453,7,19801
18390,285,10,26087
18391,389,5,13270
18392,195,5,15721
18393,147,6,16801
18394,544,7,13575
18395,765,4,12109
18396,78,8,20653
18397,794,1,3279
18398,171,6,18490
18399,522,6,18127
18400,194,4,10405
18401,9,10,26113
18402,36,4,13262
18403,297,3,11015
18404,363,4,7421
18405,357,3,9811
18406,151,7,19115
18407,95,7,16671
18408,58,4,5911
18409,101,3,4304
18410,432,5,16818
18411,96,6,17019
18412,177,5,14420
18413,17,8,26857
18414,251,3,9843
18415,33,5,12001
18416,151,4,11865
18417,404,5,15123
18418,190,7,26066
18419,31,4,13361
18420,24,6,20534
18421,443,7,14719
18422,471,4,7402
18423,244,5,9193
18424,355,4,16964
18425,505,4,14066
18426,192,5,13468
18427,324,5,8856
18428,369,4,12324
18429,895,1,3410
18430,22,7,16756
18431,482,4,13144
18432,275,7,16664
18433,225,5,14136
18434,126,4,6563
18435,244,4,9506
18436,297,5,14549
18437,264,4,8508
18438,177,5,13990
18439,154,4,15540
18440,28,4,9716
18441,329,6,20820
18442,16,8,28784
18443,76,4,6713
18444,145,11,26515
18445,354,4,14756
18446,223,4,13793
18447,363,4,17896
18448,232,7,23249
18449,49,5,11852
18450,13,8,22957
18451,61,8,21208
18452,510,6,22559
18453,224,4,11255
18454,16,6,19419
18455,346,6,16736
18456,346,3,5547
18457,1276,1,4914
18458,837,2,2973
18459,221,6,14582
18460,102,6,18717
18461,171,3,4550
18462,97,4,11955
18463,166,3,5514
18464,1032,2,3881
18465,670,5,18187
18466,5,5,18300
18467,70,8,19764
18468,65,4,11086
18469,61,12,33727
18470,878,4,7423
18471,2,6,13518
18472,204,3,7950
18473,95,4,7427
18474,1324,2,3276
18475,39,5,13524
18476,489,7,17262
18477,107,5,15327
18478,324,5,19406
18479,74,4,14629
18480,124,8,16944
18481,115,5,11693
18483,266,2,4923
18484,214,6,12073
18485,31,5,16294
18486,137,10,30306
18487,39,4,4758
18488,512,4,12644
18489,229,3,3881
18490,97,7,19346
18491,793,3,9974
18492,70,6,13403
18493,385,4,12398
18494,502,4,12752
18495,352,4,9918
18496,267,3,10836
18497,86,5,11425
18498,17,2,4853
18499,572,2,5587
18500,152,5,12225
18501,285,7,19528
18502,229,5,11240
18503,463,8,20478
18504,283,6,21275
18505,99,10,21694
18506,606,5,11663
18507,536,2,5697
18508,132,3,5797
18509,163,4,12116
18510,759,6,22771
18511,77,5,16288
18512,638,8,17423
18513,147,5,11984
18514,323,6,12312
18515,68,7,15256
18516,61,9,26143
18517,18,7,14776
18518,25,5,12226
18519,211,2,6386
18520,172,1,4808
18521,28,9,26079
18522,792,3,9741
18523,199,6,16957
18524,109,6,20725
18525,132,2,4905
18526,179,5,18315
18527,232,7,9902
18528,501,3,7500
18529,554,9,28696
18530,66,4,5006
18531,290,11,30015
18532,95,3,12337
18533,178,5,18299
18534,183,4,9853
18535,242,6,18360
18536,131,7,18499
18537,110,6,19909
18538,106,4,13538
18539,876,2,7729
18540,102,9,22463
18541,306,5,9798
18542,62,8,20485
18543,258,6,19262
18544,55,5,8134
18545,156,4,11379
18546,158,5,15968
18547,197,6,21687
18548,158,5,13717
18549,161,7,12562
18550,463,5,13013
18551,235,6,13677
18552,195,9,25599
18553,71,7,18617
18554,169,3,12501
18555,304,4,9232
18556,270,9,24982
18557,165,6,13863
18558,234,2,7032
18559,38,6,17272
18560,166,6,19290
18561,479,5,14636
18562,58,5,10771
18563,93,6,14795
18564,85,4,10063
18565,333,4,13148
18566,480,7,16512
18567,72,5,16695
18568,920,2,6107
18569,71,5,11314
18570,559,6,15806
18571,108,4,6876
18572,808,4,12384
18573,117,5,17776
18574,47,8,22983
18575,88,4,7234
18576,30,4,12617
18577,144,4,8839
18578,217,3,13979
18579,439,3,5025
18580,261,3,8426
18581,15,7,16329
18582,309,7,18163
18583,164,4,8960
18584,103,5,16422
18585,100,9,20236
18586,293,3,8997
18587,209,6,17689
18588,8,12,39651
18589,200,2,7225
18590,242,6,19119
18591,259,7,10474
18592,64,5,11218
18593,90,9,21721
18594,545,3,8091
18595,5,2,3348
18596,242,4,12205
18597,15,7,19043
18598,431,3,14298
18599,143,2,4190
18600,43,5,14217
18601,466,4,14446
18602,370,5,14746
18603,118,7,15243
18604,105,4,10259
18605,243,4,5360
18606,337,6,15337
18607,22,5,11288
18608,95,11,33221
18609,28,3,7671
18610,15,4,12141
18611,300,4,11984
18612,525,4,18185
18613,1020,2,6624
18614,278,3,3587
18615,488,5,9295
18616,56,3,2748
18617,183,5,15909
18618,665,4,14368
18619,253,4,8403
18620,274,5,6667
18621,481,2,3275
18622,45,6,21979
18623,153,6,19644
18624,77,6,8035
18626,80,8,16381
18627,13,8,20728
18628,91,8,21822
18629,173,7,25349
18630,455,4,13700
18631,242,8,17788
18632,317,1,4968
18633,27,4,12113
18634,267,4,9399
18635,227,6,19206
18636,919,1,833
18637,247,9,26612
18638,245,7,16980
18639,59,6,14943
18640,38,6,16904
18641,132,7,24224
18642,425,4,13025
18643,102,2,2580
18644,5,6,16976
18645,58,4,11809
18646,344,7,18546
18647,137,4,9310
18648,59,4,13376
18649,61,3,9764
18650,452,3,11208
18651,570,3,10795
18652,941,3,8388
18653,529,5,17757
18654,862,2,6454
18655,340,4,9943
18656,365,6,13225
18657,198,7,11524
18658,138,7,16993
18659,764,4,15280
18660,94,4,10633
18661,51,6,14681
18662,575,5,10628
18663,215,6,18966
18664,858,3,10551
18665,198,7,28191
18666,634,2,8418
18667,314,6,18976
18668,335,3,6456
18669,415,5,13136
18670,23,7,17466
18671,685,2,6793
18672,149,6,17886
18673,89,9,20853
18674,558,3,9714
18675,264,3,4836
18676,512,6,12664
18677,56,4,7279
18678,158,7,30644
18679,222,5,12848
18680,89,4,11422
18681,50,4,6877
18682,83,9,25099
18683,251,5,13199
18684,555,4,14440
18685,182,8,21292
18686,357,5,11805
18687,194,4,10784
18688,246,5,13928
18689,19,5,10988
18690,40,4,13912
18691,34,4,16080
18692,61,3,6265
18693,1018,3,11520
18694,12,6,18031
18695,692,4,6142
18696,209,5,13918
18697,62,4,17218
18698,542,1,1453
18699,330,3,10117
18700,158,8,26994
18701,292,7,6308
18702,431,1,2793
18703,19,5,13600
18704,36,8,26721
18705,492,6,13017
18706,70,7,17323
18707,405,6,14283
18708,34,3,12616
18709,504,2,2343
18710,129,4,8655
18711,174,5,13886
18712,35,7,21135
18713,1225,1,2597
18714,517,2,4793
18715,920,3,10671
18716,64,4,8316
18717,189,8,19174
18718,68,8,21116
18719,759,3,7840
18720,419,2,6413
18721,14,4,12436
18722,103,2,6941
18723,172,6,15313
18724,252,3,10540
18725,12,7,24479
18726,541,4,16299
18727,22,7,18964
18728,95,3,8860
18729,526,4,7170
18730,46,6,14739
18731,787,3,8369
18732,87,4,15660
18733,326,4,8027
18734,130,5,14348
18735,84,9,32995
18736,397,7,18496
18737,1118,1,1503
18738,33,8,16409
18739,174,4,8502
18740,428,4,7849
18741,496,3,12199
18742,630,5,8634
18743,364,4,8838
18744,165,5,15127
18745,35,3,8678
18746,521,3,4968
18747,262,4,8450
18748,28,6,10623
18749,727,3,8338
18750,98,5,13934
18751,10,8,21510
18752,9,3,8321
18753,718,4,11487
18754,1003,2,7802
18755,223,8,13220
18756,154,2,7265
18757,18,4,13990
18758,78,5,16356
18759,615,3,7758
18760,109,4,10989
18761,72,4,11702
18762,940,5,18240
18763,398,4,8929
18764,763,6,16106
18765,233,3,9617
18766,180,1,4131
18767,638,5,11229
18768,326,6,16539
18769,55,7,19607
18770,12,5,5562
18771,131,4,10811
18772,35,6,19808
18773,194,4,14766
18774,135,3,5881
18775,124,6,22990
18776,84,6,18627
18777,316,6,16525
18778,289,9,24069
18779,220,2,1339
18780,191,2,4483
18781,73,10,22599
18782,73,5,11113
18783,260,5,15375
18784,190,5,13843
18785,47,8,24257
18786,4,9,24993
18787,177,8,18373
18789,155,6,15793
18790,71,9,24508
18791,137,5,17480
18792,33,6,23479
18793,46,5,8474
18794,259,5,8238
18795,1011,2,4701
18796,531,5,14076
18797,85,6,19221
18798,505,4,5956
18799,650,2,6500
18800,510,2,2780
18801,208,5,12717
18802,267,3,2611
18803,309,4,9199
18804,905,3,9605
18805,458,3,6208
18806,64,4,12843
18807,8,11,23612
18808,79,10,21563
18809,22,3,8481
18810,237,2,9025
18811,24,3,8297
18812,110,6,12043
18813,282,6,17618
18814,547,2,4448
18815,332,2,9151
18816,23,9,28699
18817,466,6,19694
18818,332,2,2477
18819,69,5,16270
18820,210,5,14887
18821,104,7,21914
18822,116,5,9398
18823,178,6,17492
18824,29,4,13636
18825,296,6,17250
18826,354,4,9885
18827,952,3,9731
18828,248,8,27618
18829,54,8,23133
18830,727,1,2893
18831,138,10,34085
18832,245,4,12350
18833,437,2,4527
18834,359,4,6381
18835,128,6,12368
18836,130,5,14096
18837,32,5,9146
18838,120,3,9752
18839,562,8,22552
18840,107,8,23992
18841,557,3,9972
18842,134,5,10204
18843,103,3,6840
18844,57,9,24554
18845,1086,2,5854
18846,327,6,12238
18847,1320,1,4793
18848,353,7,14214
18849,182,4,11077
18850,56,4,9342
18851,645,4,11072
18852,43,2,1931
18853,317,4,11019
18854,106,3,4884
18855,224,6,15110
18856,19,3,9989
18857,275,4,6995
18858,30,9,30135
18859,201,2,9618
18860,98,9,30519
18861,254,5,11139
18862,326,4,10772
18863,602,5,14153
18864,355,6,19185
18865,112,5,17273
18866,441,3,10242
18867,260,4,10781
18868,25,4,8341
18869,198,2,6945
18870,84,3,9488
18871,259,3,7981
18872,471,5,16544
18873,640,3,4997
18874,118,9,26742
18875,106,3,13771
18876,107,5,14782
18877,248,8,21451
18878,337,5,12200
18879,242,7,19380
18880,532,3,6839
18881,194,7,19620
18882,41,8,27909
18883,138,4,12164
18884,74,10,30371
18885,46,9,21216
18886,117,5,11208
18887,430,5,11406
18888,791,4,7812
18889,148,8,25415
18890,45,5,16824
18891,101,3,11754
18892,398,4,9500
18893,67,6,20011
18894,563,5,9464
18895,220,7,17771
18896,165,8,20335
18897,54,11,27467
18898,622,5,23161
18899,26,11,19489
18900,56,4,6843
18901,222,8,17097
18902,136,3,8520
18903,5,4,13842
18904,120,2,1712
18905,853,2,4429
18906,480,3,12060
18907,220,8,23971
18908,498,7,25105
18909,515,4,14182
18910,291,6,17059
18911,14,6,12868
18913,120,10,33090
18914,334,2,4846
18915,158,11,30307
18916,494,4,5341
18917,340,7,19372
18919,228,6,14483
18920,36,4,11252
18921,343,2,4156
18922,240,3,7448
18923,310,4,13080
18924,87,9,24746
18925,278,12,33316
18926,164,6,17053
18927,402,3,11880
18928,19,4,11687
18929,23,4,14693
18930,359,5,18441
18931,223,5,16038
18932,91,3,8379
18933,225,7,21163
18934,652,2,6770
18935,136,5,15179
18936,261,5,14458
18937,217,2,6130
18938,59,12,31358
18939,242,7,16905
18940,161,6,14476
18941,9,6,21197
18942,118,6,19751
18943,608,2,4432
18944,51,7,24405
18945,240,5,15673
18946,444,3,11264
18947,331,5,18966
18948,920,3,6025
18949,202,5,13256
18950,538,5,13612
18951,423,3,11036
18952,58,7,18920
18953,181,6,15009
18954,49,7,14470
18955,29,8,18091
18956,511,6,19184
18957,40,7,18746
18958,87,6,20080
18959,184,2,8380
18960,1137,2,4525
18961,837,5,18193
18962,152,6,19716
18963,232,4,9803
18964,238,1,4892
18965,94,5,10568
18966,363,4,14314
18967,33,10,27082
18968,213,4,12077
18969,365,2,3639
18971,294,7,13312
18972,565,4,9791
18973,183,8,26846
18974,295,6,15619
18975,185,7,21839
18976,25,3,3565
18977,370,9,30119
18978,180,2,1803
18979,86,5,11613
18980,49,11,30845
18981,1000,3,13771
18982,109,3,3992
18983,86,9,27087
18984,33,5,14620
18985,192,6,21325
18986,170,5,15535
18987,715,3,11271
18988,183,5,12356
18989,99,2,5702
18990,10,7,18076
18991,154,7,27389
18992,348,6,10056
18993,731,4,13948
18994,5,7,15298
18995,283,8,20854
18996,433,2,5794
18997,127,5,11272
18998,38,3,10543
18999,285,8,20467
19000,79,9,15778
19001,297,2,3778
19002,63,6,16385
19003,214,4,15824
19004,131,8,19956
19005,130,4,12092
19006,35,8,16855
19007,455,4,16237
19008,283,9,16731
19009,1237,1,3139
19010,64,4,8423
19011,251,4,9582
19012,347,4,11764
19013,340,8,22472
19014,343,3,6172
19015,23,2,7240
19016,57,6,16936
19017,34,3,8427
19018,41,2,7855
19019,116,1,3610
19020,82,6,15281
19021,75,2,4080
19022,453,4,8863
19023,189,4,2782
19024,88,5,9313
19025,593,3,8289
19026,119,6,14703
19027,130,7,18707
19028,389,7,14124
19029,60,4,13913
19030,2,13,40034
19031,208,6,22931
19032,30,7,18562
19033,534,4,13212
19034,924,3,13469
19035,57,8,15747
19036,34,8,19102
19037,158,8,21819
19038,189,2,6590
19039,546,5,15125
19040,340,6,11958
19041,148,2,4525
19042,330,5,6462
19043,85,2,5467
19044,839,4,9159
19045,94,5,15157
19046,2,4,13818
19047,27,8,21108
19048,308,4,9621
19049,128,7,20138
19050,459,4,15173
19051,20,3,10001
19052,51,5,10752
19053,179,5,9232
19054,109,5,15097
19055,7,7,19268
19056,852,3,1989
19057,137,1,5116
19058,192,6,21309
19059,899,2,5434
19060,239,5,9042
19061,102,9,24566
19062,699,3,10132
19063,370,5,18232
19064,82,8,25238
19065,144,3,9796
19066,227,4,12480
19067,319,7,20982
19068,170,3,8858
19069,342,4,11796
19070,473,4,9382
19071,78,5,16269
19072,21,5,17062
19073,45,5,19700
19074,264,5,16419
19075,49,9,23250
19076,937,2,5218
19077,793,4,14902
19078,44,4,9012
19079,85,12,32433
19080,11,7,17464
19081,115,4,11521
19082,102,6,15703
19083,457,7,27008
19084,282,3,8153
19085,353,4,10777
19086,71,8,23174
19087,860,2,5582
19088,171,6,13459
19089,145,4,11581
19090,31,9,25226
19091,199,6,19411
19092,38,5,12411
19093,208,6,15392
19094,382,2,9293
19095,586,2,6424
19096,123,6,10068
19097,51,3,4804
19098,37,3,4373
19099,695,1,5174
19100,514,3,11285
19101,545,2,4968
19102,669,3,5227
19103,397,7,25171
19104,54,5,17788
19105,135,9,27460
19106,14,9,19249
19107,189,6,20503
19108,182,7,19118
19109,21,7,27291
19110,155,7,22461
19111,74,6,22683
19112,620,2,4936
19113,269,7,25422
19114,6,4,10601
19115,78,6,15817
19116,325,6,20250
19117,146,5,5852
19118,599,6,14817
19119,2,7,14109
19120,15,4,10236
19121,107,6,20908
19122,60,7,19104
19123,171,6,6321
19124,129,4,8629
19125,270,6,17615
19126,161,4,11558
19127,669,3,9360
19128,20,9,22550
19129,16,4,11293
19130,142,8,26054
19131,346,5,11524
19132,98,8,22977
19133,47,5,14087
19134,116,3,12270
19135,687,2,9119
19136,804,5,16743
19137,168,9,18429
19138,373,4,11196
19139,85,5,13473
19140,239,5,12108
19141,171,5,17400
19142,474,4,10450
19143,265,1,4702
19144,477,4,11910
19145,746,2,6339
19146,88,10,17502
19147,59,3,4183
19148,86,5,13224
19149,61,5,8658
19150,348,2,3931
19151,267,8,21039
19152,119,4,12190
19153,85,8,20779
19154,419,4,8659
19155,155,8,20825
19156,61,8,19541
19157,528,4,7270
19158,56,5,11635
19159,351,9,22466
19160,7,7,12496
19161,177,4,16901
19162,27,9,27058
19163,75,3,4379
19164,454,4,13574
19165,251,7,15578
19166,62,7,25150
19167,41,5,15284
19168,305,9,24553
19169,29,8,16206
19170,309,2,3346
19171,820,7,17173
19172,176,7,22276
19173,61,7,20797
19174,301,3,9247
19175,377,7,19773
19176,246,5,10808
19177,45,6,15808
19178,421,2,6104
19179,521,2,1893
19180,38,3,4998
19181,143,5,9510
19182,71,6,14747
19183,497,4,13175
19184,169,6,17679
19185,369,5,14573
19186,631,6,13529
19187,263,2,6324
19188,106,3,8371
19189,290,3,10176
19190,339,5,17297
19191,319,6,21870
19192,22,5,15159
19193,270,6,16288
19194,536,4,15410
19195,648,4,10154
19196,488,4,7595
19197,508,3,7890
19198,166,4,9199
19199,79,7,28445
19200,112,3,6929
19201,783,4,8583
19202,422,2,5818
19203,70,6,18321
19204,9,3,6562
19205,557,2,5583
19206,236,6,10521
19207,1221,1,2885
19208,14,8,30393
19209,540,4,13290
19210,52,4,12380
19211,277,3,12318
19212,790,3,5733
19213,606,3,9129
19214,241,2,6022
19215,343,3,7272
19216,30,3,5522
19217,52,7,23269
19218,357,4,11116
19219,12,5,15051
19220,16,7,17260
19221,902,2,5727
19222,452,5,8098
19223,373,3,6053
19224,30,7,22070
19225,725,2,3422
19226,98,5,10296
19227,39,6,16548
19228,60,6,12012
19229,6,3,9903
19230,891,2,6870
19231,107,8,12306
19232,81,9,22796
19233,277,8,21674
19234,102,5,10742
19235,29,4,10006
19236,12,7,11554
19237,12,7,16057
19238,118,8,31772
19239,6,12,35092
19240,1208,1,1860
19241,66,6,13086
19242,405,8,20087
19243,399,6,15821
19244,1263,1,3089
19245,196,3,9574
19246,359,7,18760
19247,1025,1,4924
19248,5,6,22844
19249,467,2,6292
19250,562,4,11868
19251,75,4,9843
19252,158,4,9728
19253,452,4,9822
19254,327,3,11501
19255,170,2,6676
19256,802,1,4029
19257,5,5,17824
19258,201,5,14193
19259,79,7,22431
19260,322,4,5621
19261,157,5,15912
19262,467,6,19672
19263,138,7,16311
19264,195,6,16711
19265,211,5,19852
19266,115,12,37169
19267,336,3,7424
19268,154,5,14073
19269,1135,2,2064
19270,41,9,27478
19271,101,4,11785
19272,295,4,5625
19273,209,7,17234
19274,137,4,9655
19275,480,3,9550
19276,416,7,23777
19277,108,2,4533
19278,104,2,3255
19279,164,8,24370
19280,146,8,23920
19281,368,5,14137
19282,59,5,13688
19283,275,6,16120
19284,88,5,15953
19285,35,8,23521
19286,181,3,7283
19287,341,5,14850
19289,131,8,14178
19290,689,6,19565
19291,82,6,15415
19292,171,12,27643
19293,246,4,5452
19294,169,5,13904
19295,682,2,6453
19296,158,5,18614
19297,140,5,16192
19298,220,5,17672
19299,36,6,15586
19300,145,3,4218
19301,104,4,8685
19302,45,5,12985
19303,109,4,7892
19304,3,7,23101
19305,73,6,14751
19306,803,1,1548
19307,132,6,13894
19308,234,4,16949
19309,185,3,10635
19310,147,4,13580
19311,65,8,16158
19312,362,2,6052
19313,676,4,6748
19314,344,5,10225
19315,728,4,9525
19316,42,3,8580
19317,163,7,18069
19318,5,6,23366
19319,228,5,14747
19320,164,4,12256
19321,87,8,23586
19322,91,5,13588
19323,617,2,4552
19324,263,2,6202
19325,205,4,14429
19326,158,9,22540
19327,22,8,24200
19328,207,3,8317
19329,160,4,11155
19330,4,5,13441
19331,31,5,10705
19332,13,7,15698
19333,15,5,11303
19334,66,1,3386
19335,257,2,3794
19336,299,1,3474
19337,985,5,13833
19338,666,2,9816
19339,405,5,14749
19340,60,4,11274
19341,37,7,17014
19342,84,6,15623
19343,46,7,23506
19344,820,2,4604
19345,304,2,7687
19346,346,8,21418
19347,239,7,20956
19348,359,5,15606
19349,35,6,10266
19350,326,6,7810
19351,187,8,30186
19352,146,7,26998
19353,229,6,17244
19354,281,6,14446
19355,631,2,8746
19356,357,9,34420
19357,119,4,14280
19358,224,6,11740
19359,815,2,4680
19360,126,6,13112
19361,486,2,6570
19362,288,4,11509
19363,375,7,18265
19364,548,4,16177
19365,398,3,10824
19366,61,2,5605
19367,418,1,597
19368,356,7,13832
19369,995,3,11526
19370,289,5,20092
19371,206,7,20805
19372,48,6,21850
19373,211,4,8955
19374,100,9,27032
19375,424,6,18579
19376,43,5,12659
19377,411,5,10355
19378,235,4,7698
19379,19,4,11692
19380,233,4,14123
19381,6,6,11893
19382,126,4,14633
19383,725,2,5984
19384,469,7,17451
19385,53,6,15408
19386,567,3,7833
19387,284,2,4398
19388,317,7,20799
19389,31,3,7403
19390,320,2,4026
19391,624,5,13992
19392,173,6,17021
19393,302,10,21157
19394,162,7,19145
19395,1,7,12747
19396,206,5,14492
19397,37,9,19193
19398,515,6,17331
19399,190,6,10497
19400,110,7,22435
19401,332,4,10894
19402,159,2,7848
19403,324,10,29544
19404,19,11,33184
19405,29,6,16610
19406,201,7,20956
19407,89,10,36027
19408,102,7,14184
19409,10,10,29780
19410,191,7,16604
19411,228,7,19500
19412,203,4,11090
19413,134,9,25954
19414,228,3,6591
19415,903,3,9734
19416,168,2,3735
19417,434,3,7842
19418,134,5,12446
19419,325,3,10606
19420,614,4,7154
19421,527,5,15536
19422,150,2,2912
19423,100,5,19658
19424,457,3,7707
19425,607,3,7329
19426,193,3,7132
19427,529,6,16933
19428,32,9,34801
19429,93,2,1262
19430,256,6,13879
19431,121,6,14753
19432,21,3,7075
19433,67,3,4418
19434,277,5,11522
19435,613,3,6760
19436,28,5,10587
19437,209,7,27459
19438,111,7,15286
19439,178,5,14595
19440,84,8,22539
19441,161,5,9735
19442,307,2,2537
19443,104,5,13776
19444,692,2,6464
19445,78,5,15102
19446,62,8,24511
19447,5,12,31369
19448,510,3,4449
19449,434,3,5499
19450,1121,2,7243
19451,238,5,5000
19452,52,6,23061
19453,234,1,5140
19454,110,3,6994
19455,288,4,14794
19456,9,7,12032
19457,334,2,5928
19458,67,5,8871
19459,833,2,5514
19460,213,4,10331
19461,490,4,9810
19462,56,3,10330
19463,41,6,16690
19464,505,4,12778
19465,598,6,19671
19466,19,9,32700
19467,119,3,2825
19468,825,3,6228
19469,64,5,22471
19470,1301,1,278
19471,522,8,25772
19472,191,7,20589
19473,71,11,34845
19474,986,5,12152
19475,93,5,13689
19476,102,10,30022
19477,49,4,10232
19478,43,7,10183
19479,121,5,15586
19480,581,4,11244
19481,60,2,2706
19482,77,4,11011
19483,326,4,5755
19484,139,3,9589
19485,80,5,17156
19486,586,4,10296
19487,80,6,17062
19488,369,9,27894
19489,244,3,7526
19490,415,5,10521
19491,84,11,17665
19492,130,4,8019
19493,178,7,19540
19494,91,7,17409
19495,350,3,7709
19496,140,3,5255
19497,127,7,17221
19498,155,6,14933
19499,172,5,12523
19500,142,5,15732
19501,106,8,19883
19502,16,3,7838
19503,114,7,17774
19504,708,3,6800
19505,100,6,14237
19506,402,7,23755
19507,145,4,7255
19508,52,5,17424
19509,175,5,16948
19510,15,6,7028
19511,63,6,11685
19512,62,5,10269
19513,177,6,19846
19514,206,8,22966
19515,872,3,9625
19516,126,7,17446
19517,596,5,20717
19518,133,4,12854
19519,5,8,22761
19520,48,4,6622
19521,37,3,5833
19522,165,2,5838
19523,50,6,20780
19524,638,1,4432
19525,713,5,16551
19526,347,4,8123
19527,149,9,19270
19528,142,5,20370
19529,450,4,8247
19530,558,7,22252
19531,389,3,3712
19532,187,5,15168
19533,16,2,7522
19534,60,5,14834
19535,14,4,7126
19536,4,6,15769
19537,378,3,9269
19538,301,6,11877
19539,48,8,13188
19540,149,6,11085
19541,47,7,15967
19542,76,10,32854
19543,378,7,19606
19544,881,2,7168
19545,871,5,18134
19546,905,3,6500
19547,246,1,582
19548,739,4,13590
19549,121,5,11390
19550,32,5,10073
19551,274,5,8404
19552,902,3,5199
19553,396,5,13754
19554,47,4,10941
19555,160,2,6789
19556,300,6,14500
19557,364,2,5696
19558,62,4,13819
19559,155,6,11931
19560,1249,2,4415
19561,442,4,11488
19562,106,3,11342
19563,351,7,10820
19564,9,2,3458
19565,880,3,9124
19566,9,7,21044
19567,115,6,17177
19568,109,7,14686
19569,85,9,29023
19570,172,7,21511
19571,198,5,18080
19572,510,5,14829
19573,696,4,11504
19574,127,4,14090
19575,144,5,15150
19576,90,8,25898
19577,249,5,7377
19578,328,2,6306
19579,381,1,2249
19580,1027,1,1150
19581,155,4,10213
19582,261,7,20084
19583,436,6,14470
19584,118,5,11134
19585,14,4,9265
19586,510,4,12964
19587,156,7,21600
19588,15,7,17851
19589,76,4,12867
19590,174,5,15440
19591,131,8,24330
19592,36,6,18798
19593,302,2,8581
19594,455,4,3853
19595,235,3,6168
19596,35,5,15557
19597,326,6,14781
19598,17,6,19718
19599,230,1,4902
19600,71,3,4184
19601,459,3,6022
19602,4,6,13612
19603,37,8,28070
19604,66,3,6609
19605,448,5,13016
19606,14,5,15546
19607,382,2,8493
19608,136,4,11619
19609,207,1,1358
19610,39,4,9549
19611,129,4,12561
19612,214,5,19124
19613,1270,1,5111
19614,76,8,23572
19615,221,6,20021
19616,342,9,13859
19617,551,2,6095
19618,203,8,12631
19619,145,5,13786
19620,292,5,11944
19621,251,5,14002
19622,30,8,18848
19623,342,5,15642
19624,548,3,6762
19625,159,3,1369
19626,8,5,15727
19627,43,2,4764
19628,95,4,11979
19629,114,8,20424
19630,242,5,11246
19631,341,6,15330
19632,61,7,17895
19633,1,6,8058
19634,61,7,18644
19635,150,5,12420
19636,105,6,15423
19637,502,8,16444
19638,295,4,7899
19639,42,10,27848
19640,54,6,15770
19641,36,11,31668
19642,770,2,1903
19643,5,4,9492
19644,351,4,8165
19645,67,7,22604
19646,171,7,23961
19647,579,1,949
19648,495,3,4672
19649,806,4,12176
19650,828,5,11168
19651,245,2,6165
19652,574,3,8471
19653,249,5,16069
19654,40,10,30196
19655,841,5,13434
19656,535,2,5176
19657,767,1,634
19658,22,7,21752
19659,156,7,26048
19660,106,8,26718
19661,26,7,20663
19662,89,7,20338
19663,187,3,8446
19664,121,4,14391
19665,171,6,17351
19666,49,6,7417
19667,537,3,8242
19668,147,7,23471
19669,346,4,14014
19670,151,7,12525
19671,235,7,24798
19672,68,6,19642
19673,258,5,13958
19674,522,5,13548
19675,124,5,12161
19676,41,4,13729
19677,1010,3,7910
19678,316,4,10263
19679,526,4,10305
19680,44,4,10598
19681,287,3,13649
19682,250,5,11145
19683,164,5,14705
19684,59,7,18537
19685,208,7,18963
19686,236,5,11238
19687,104,5,14627
19688,43,5,14774
19689,791,4,8790
19690,818,3,7372
19691,262,9,27409
19692,65,4,13805
19693,60,4,9854
19694,322,2,6080
19695,26,5,11954
19696,324,3,5888
19697,33,6,18436
19698,407,5,14447
19699,55,6,12260
19700,96,7,24753
19701,212,7,17766
19702,37,6,19843
19703,324,7,23430
19704,384,5,13005
19705,370,7,23077
19706,46,3,4932
19707,363,3,5764
19708,270,5,11338
19709,475,6,19554
19710,1352,1,2278
19711,382,4,9774
19712,302,8,28396
19713,201,5,11242
19714,186,7,12652
19715,92,5,9753
19716,7,7,16539
19717,229,8,31679
19718,805,2,4980
19719,198,7,11737
19720,5,5,7360
19721,256,7,21157
19722,100,10,31891
19723,35,4,9675
19724,309,7,20290
19725,80,13,24380
19726,168,5,19910
19727,260,8,24019
19728,60,4,9840
19729,509,6,13931
19730,131,3,7495
19731,719,4,5539
19732,615,8,24242
19733,252,5,12038
19734,57,7,20419
19735,90,4,13112
19736,130,5,11898
19737,493,3,6636
19738,181,11,22061
19739,869,6,19860
19740,200,7,21256
19741,141,2,6343
19742,137,5,19231
19743,18,6,17742
19744,470,4,13259
19745,32,9,27852
19746,213,6,12601
19747,605,6,17150
19748,87,4,10427
19749,334,4,6652
19750,284,9,20051
19751,388,2,5331
19752,102,7,15604
19753,937,5,9064
19754,47,5,10334
19755,151,5,10470
19756,159,8,29050
19757,3,3,10737
19758,195,4,12293
19759,255,2,4180
19760,79,4,11116
19761,809,3,9981
19762,271,3,9703
19764,13,6,18220
19765,767,1,4395
19766,386,8,16654
19767,54,4,7835
19768,860,2,4768
19769,61,6,16117
19770,92,6,23804
19771,360,5,14267
19772,171,9,28663
19773,17,5,13224
19774,46,7,12792
19775,383,4,10556
19776,91,7,20534
19777,428,5,10540
19778,402,3,8277
19779,33,7,15332
19780,29,3,10941
19781,606,5,14423
19782,224,6,14553
19783,136,3,8173
19784,139,4,4000
19785,84,6,20126
19786,768,3,5372
19787,84,6,14609
19788,110,6,13721
19789,108,7,19574
19790,386,4,11425
19791,42,8,26813
19792,860,3,10136
19793,192,2,2468
19794,687,4,15576
19795,414,6,15696
19796,425,7,19673
19797,543,5,15839
19798,404,4,14340
19799,621,6,12708
19800,622,1,3486
19801,230,7,20366
19802,251,4,11902
19803,328,6,22840
19804,11,5,15702
19805,1,6,16399
19806,18,7,13576
19807,647,6,21028
19808,365,3,9051
19809,129,8,21483
19810,41,6,15709
19811,207,7,20074
19812,1,10,27331
19813,219,7,22318
19814,354,5,15403
19815,2,6,14998
19816,31,7,24385
19817,129,6,16977
19818,817,1,2370
19819,80,6,22956
19820,155,6,20151
19821,574,1,1388
19822,221,5,16418
19823,43,5,12091
19824,286,5,13431
19825,38,11,13330
19826,982,1,2230
19827,216,4,6902
19828,764,3,12134
19829,28,2,1438
19830,130,4,4870
19831,250,4,11147
19832,170,4,15125
19833,51,4,10917
19834,36,6,18293
19835,12,5,7633
19836,108,2,5527
19837,329,4,13492
19838,651,4,9472
19839,452,5,14792
19840,385,5,12180
19841,457,5,8023
19842,252,4,9337
19843,121,4,16927
19844,36,6,15744
19845,35,3,10543
19846,964,2,6102
19847,280,3,10212
19848,206,6,16006
19849,119,5,15235
19850,103,3,8127
19851,7,1,4204
19852,409,2,1297
19853,351,3,9723
19854,415,5,13942
19855,468,4,10663
19856,83,8,24033
19857,114,3,10807
19858,1035,1,789
19859,183,5,16384
19860,655,7,16060
19861,127,9,20618
19862,38,8,25963
19863,202,8,13513
19864,201,3,8596
19865,56,3,6482
19866,901,3,7498
19867,203,4,13177
19868,259,4,18188
19869,330,3,10377
19870,65,8,23728
19871,2,10,19589
19872,151,9,24723
19873,475,4,7969
19874,47,5,16221
19875,39,3,8682
19876,84,8,24417
19877,57,6,16236
19878,370,4,7644
19879,66,6,15672
19880,8,5,9419
19881,57,7,14322
19882,49,7,28058
19883,350,2,2711
19884,84,7,20844
19885,1120,1,3561
19886,75,8,22799
19887,32,9,25428
19888,78,9,24955
19889,59,8,23371
19890,11,9,21561
19891,75,8,22075
19892,76,11,32259
19893,185,4,10911
19894,248,8,27769
19895,35,10,27524
19896,75,9,26102
19897,263,5,8770
19898,106,8,21985
19899,384,4,15131
19900,237,9,23514
19901,63,8,21855
19902,191,8,21570
19903,311,7,17788
19904,177,1,2529
19905,163,2,2162
19906,832,5,10061
19907,16,8,18707
19908,18,4,11688
19909,110,8,16120
19910,151,7,21000
19911,73,4,13244
19912,88,6,13441
19913,108,6,17884
19914,8,4,14503
19915,165,4,13460
19916,568,6,12906
19917,148,9,20985
19918,18,10,25803
19919,762,3,8925
19920,716,3,6857
19921,268,4,10293
19922,407,7,22767
19923,69,3,9140
19924,37,4,13483
19925,657,4,9232
19926,84,4,15866
19927,358,9,27260
19928,48,7,16805
19929,36,8,23151
19930,187,4,6069
19931,159,4,12542
19932,500,5,10210
19933,433,3,3093
19934,119,4,13628
19935,277,4,6118
19936,53,5,17376
19937,185,6,15237
19938,215,3,8513
19939,1006,2,6615
19940,670,5,12659
19941,253,5,8716
19942,139,11,31634
19943,695,1,2199
19944,353,4,8034
19945,2,7,22860
19946,125,6,18412
19947,700,4,10149
19948,607,4,13130
19949,23,6,16580
19950,104,6,20333
19951,120,6,19572
19952,244,5,15649
19953,66,2,6787
19954,305,4,8247
19955,119,3,7955
19956,208,7,18598
19957,664,2,3128
19958,1136,1,3014
19959,710,2,5009
19960,252,6,14651
19961,132,7,16522
19962,13,5,14647
19963,44,4,9238
19964,18,6,18334
19965,570,3,11462
19966,107,6,20967
19967,63,6,20716
19968,144,8,10964
19969,676,2,4860
19970,31,3,7148
19971,6,11,24409
19972,507,4,8908
19973,830,4,12718
19974,46,7,20520
19975,113,7,19884
19976,613,5,17186
19977,461,5,10123
19978,7,8,16141
19979,234,4,12669
19980,333,6,23111
19981,179,8,25076
19982,87,3,7238
19983,710,2,7253
19984,71,3,5715
19985,87,4,5502
19986,19,7,21138
19987,161,7,14361
19988,405,6,12787
19989,233,6,15974
19990,91,6,13652
19991,323,6,20888
19992,61,4,10987
19993,358,8,29440
19994,372,2,8172
19995,19,6,14202
19996,274,5,11416
19997,21,6,11739
19998,869,4,6880
19999,184,5,16319
20000,90,2,6834
20001,106,5,13757
20002,21,6,18930
20003,233,6,20496
20004,764,2,9150
20005,449,4,15512
20006,343,7,17653
20007,446,5,14715
20008,14,10,32004
20009,447,6,17101
20010,44,7,19973
20011,7,7,19416
20012,424,9,22992
20013,119,5,16550
20014,95,7,22519
20015,479,4,10461
20016,70,8,16885
20017,325,4,10706
20018,458,5,12596
20019,225,5,16898
20020,187,6,12130
20021,22,3,6949
20022,3,7,20857
20023,26,5,13777
20024,53,4,13158
20025,126,8,23515
20026,872,2,7639
20027,164,5,12640
20028,359,6,17849
20029,23,3,6692
20030,519,4,8731
20031,81,3,3552
20032,129,4,7999
20033,62,5,14741
20034,634,1,1750
20035,88,5,9282
20036,782,1,3133
20037,10,7,13223
20038,263,2,6937
20039,1,9,24449
20040,678,4,14830
20041,384,5,12367
20042,306,2,6083
20043,273,5,10267
20044,353,8,20610
20045,264,5,15428
20046,715,3,10526
20047,236,7,19136
20048,55,6,11066
20049,72,14,33583
20050,58,8,12838
20051,2,7,20834
20052,414,1,400
20053,505,4,13692
20054,401,6,21616
20055,186,3,9524
20056,31,5,19083
20057,185,6,16513
20058,734,3,8200
20059,20,7,16959
20060,24,4,11997
20061,41,8,27305
20062,110,6,15999
20063,28,4,9362
20064,14,6,11207
20065,138,9,16844
20066,71,7,20578
20067,254,6,19597
20068,310,5,10603
20069,47,7,19323
20070,56,10,24221
20071,632,3,7898
20072,765,2,5161
20073,81,7,20842
20074,780,5,14529
20075,228,6,15460
20076,242,4,9960
20077,10,5,15633
20078,45,6,20611
20079,38,9,16764
20080,426,3,9241
20081,469,4,9545
20082,248,6,18784
20083,8,7,19691
20084,487,4,7190
20085,75,4,8092
20086,403,9,27080
20087,160,3,11153
20088,280,7,20970
20089,675,4,11175
20090,57,4,13479
20091,535,5,10106
20092,430,2,5180
20093,67,4,7275
20094,284,3,6524
20095,32,6,12224
20096,423,6,18632
20097,254,3,11897
20098,119,4,10110
20099,40,4,11408
20100,449,4,12568
20101,572,2,8330
20102,202,8,23002
20103,1174,2,7253
20104,989,4,6949
20105,184,5,7709
20106,175,4,9443
20107,167,4,5642
20108,36,7,24100
20109,657,3,8094
20110,515,7,23218
20111,98,9,27416
20112,144,6,17045
20113,662,5,14469
20114,41,4,6234
20115,417,4,11392
20116,26,5,14794
20117,191,7,19025
20118,68,5,13255
20119,245,3,9612
20120,165,4,10595
20121,254,6,15104
20122,325,3,5958
20123,505,4,8546
20124,148,5,14476
20125,140,5,14238
20126,317,3,6868
20127,239,6,15991
20128,425,4,11916
20129,45,4,12005
20130,90,4,7693
20131,15,7,18600
20132,803,3,10868
20133,124,3,8118
20134,389,6,20725
20135,162,8,20945
20136,290,6,12535
20137,624,4,10030
20138,317,6,18908
20139,239,5,16130
20140,96,4,4737
20141,79,5,14864
20142,65,7,16773
20143,56,4,14588
20144,64,4,15770
20145,241,8,21693
20146,146,3,9149
20147,157,3,9200
20148,104,7,22688
20149,492,6,15474
20150,392,3,10322
20151,460,5,5362
20152,110,4,4960
20153,206,6,18751
20154,783,2,3485
20155,727,3,8010
20156,252,5,11418
20157,197,4,5514
20158,237,12,40306
20159,1021,1,2062
20160,217,4,11643
20161,1162,2,3019
20162,57,6,17423
20163,909,1,2941
20164,65,7,20343
20165,641,4,9156
20166,77,4,9598
20167,314,4,6608
20168,22,3,11426
20169,451,4,7041
20170,182,5,11800
20171,125,8,29298
20172,21,6,11542
20173,112,4,4804
20174,306,9,18405
20175,102,10,21977
20176,526,7,16689
20177,37,5,10481
20178,64,9,26438
20179,259,4,11929
20180,110,8,17702
20181,656,5,19602
20182,483,8,20312
20183,51,8,14030
20184,269,6,18266
20185,251,3,5623
20186,165,5,10554
20187,10,7,16659
20188,324,6,18563
20189,186,6,14908
20190,194,7,19546
20191,586,4,11028
20192,275,3,10124
20193,434,7,9805
20194,198,12,34558
20195,296,4,11835
20196,162,7,26398
20197,78,3,9117
20198,474,2,5988
20199,137,5,12416
20200,102,4,12953
20201,814,4,12558
20202,44,4,7918
20203,254,3,11336
20204,105,3,11604
20205,301,5,12493
20206,273,5,16876
20207,64,4,9825
20208,580,5,12307
20209,571,2,3181
20210,132,5,12228
20211,301,4,7026
20212,276,7,18670
20213,302,5,11272
20214,75,1,2817
20215,209,6,18154
20216,630,4,11557
20217,180,7,21363
20218,115,8,21219
20219,37,6,14730
20220,126,8,21424
20221,36,9,19272
20222,168,6,15684
20223,575,4,13026
20224,161,4,7361
20225,10,5,18861
20226,352,1,2783
20227,122,5,9244
20228,156,6,13745
20229,49,4,11167
20230,116,7,15495
20231,264,7,18526
20232,1186,1,467
20233,171,2,4541
20234,42,4,12973
20235,202,9,26437
20236,523,3,9741
20237,39,9,20525
20238,42,9,18709
20239,193,6,16290
20240,43,10,31762
20241,177,9,20585
20242,238,7,13685
20243,101,8,25560
20244,403,7,24362
20245,532,3,11728
20246,635,4,9555
20247,30,5,12256
20248,256,5,14011
20249,225,4,11797
20250,534,3,7523
20251,208,3,9028
20252,387,4,18390
20253,41,10,24731
20254,31,7,18212
20255,455,3,6872
20256,41,5,10659
20257,140,6,15865
20258,48,7,26230
20259,174,6,15717
20260,138,8,22416
20261,178,5,9105
20262,765,4,10994
20263,148,2,6182
20264,272,3,10179
20265,146,4,9468
20266,131,5,9095
20267,251,7,20834
20268,177,5,16698
20269,387,3,9246
20270,196,3,8404
20271,212,5,7192
20272,106,3,2956
20273,205,4,7142
20274,392,5,18522
20275,164,10,32972
20276,207,4,12874
20277,551,4,14208
20278,269,5,13807
20279,103,3,11360
20280,369,4,11132
20281,236,4,8791
20282,260,7,19026
20283,149,3,8613
20284,90,4,10037
20285,84,3,5711
20286,159,9,27926
20287,33,7,19903
20288,564,4,15301
20289,48,2,8948
20290,324,5,11513
20291,113,2,4024
20292,144,7,15424
20293,682,3,5809
20294,54,6,11997
20295,134,5,11129
20296,19,6,20637
20297,352,4,6224
20298,197,5,12408
20299,120,7,19950
20300,291,3,7799
20301,139,4,8767
20302,112,6,16270
20303,381,3,7741
20304,281,2,4270
20305,23,14,45044
20306,68,6,18933
20307,157,4,8036
20308,706,2,4152
20309,231,6,14452
20310,168,6,20878
20311,157,6,17962
20312,279,4,13600
20313,126,5,17066
20314,118,4,12029
20315,55,7,21574
20316,280,7,20013
20317,330,7,19043
20318,194,8,18766
20319,97,9,23179
20320,263,11,34627
20321,152,7,12042
20322,11,4,8686
20323,8,3,5092
20324,629,4,12884
20325,123,9,20391
20326,114,7,22047
20327,117,7,18021
20328,514,4,11652
20329,19,3,10649
20330,141,5,14408
20331,435,5,12548
20332,2,8,26103
20333,426,8,25542
20334,118,7,15255
20335,6,5,18082
20336,348,6,13637
20337,32,6,18724
20338,497,6,13652
20339,422,6,16016
20340,339,6,21054
20341,261,6,20874
20342,115,9,28957
20343,100,7,24325
20344,527,4,12184
20345,10,3,7646
20346,458,3,8794
20347,60,3,6719
20348,127,1,2321
20349,331,3,5257
20350,25,3,12486
20351,303,7,19530
20352,46,3,9478
20353,12,5,9236
20354,37,5,13068
20355,40,4,15337
20356,46,6,23018
20357,35,5,16480
20358,57,10,25105
20359,91,4,10809
20360,92,12,34585
20361,27,12,37103
20362,494,4,8994
20363,161,3,9209
20364,434,2,4332
20365,161,7,21274
20366,595,4,10128
20367,472,7,24482
20368,120,7,14509
20369,148,5,10623
20370,157,2,6698
20371,261,6,22857
20372,453,5,16459
20373,6,4,13028
20374,154,4,10025
20375,29,5,13120
20376,651,4,9514
20377,368,3,7147
20378,94,7,23240
20379,504,2,4621
20380,44,6,14173
20381,272,2,4753
20382,135,7,21794
20383,322,7,15166
20384,159,6,21993
20385,141,5,13993
20386,46,5,10743
20387,111,6,16585
20388,724,2,6214
20389,189,5,16149
20390,57,6,19192
20391,288,7,23364
20392,163,11,27097
20393,1004,3,5574
20394,15,3,9960
20395,330,3,7195
20396,187,5,13992
20397,378,2,3296
20398,503,3,9376
20399,231,7,18468
20400,751,1,3147
20401,250,8,28852
20402,703,1,3559
20403,315,5,8143
20404,121,4,14439
20405,190,4,12062
20406,677,3,8954
20407,54,5,14281
20408,277,3,9320
20409,113,3,9546
20410,74,6,21793
20411,164,5,15192
20412,106,3,9495
20413,120,6,12415
20414,175,7,14962
20415,291,4,9141
20416,52,6,16694
20417,146,6,15646
20418,403,4,7418
20419,329,3,4515
20420,1093,1,1890
20421,302,6,13642
20422,28,4,12910
20423,77,4,14901
20424,2,5,4586
20425,400,5,14608
20426,28,4,11061
20427,104,8,19749
20428,134,6,12824
20429,562,3,6476
20430,50,3,5318
20431,210,3,9337
20432,132,4,6200
20433,47,5,15336
20434,289,4,6761
20435,113,7,19113
20436,221,6,19966
20437,88,4,7281
20438,732,3,4766
20439,420,3,6176
20440,147,6,18560
20441,14,7,17752
20442,31,7,15901
20443,686,3,5256
20444,183,3,8160
20445,51,8,18238
20446,337,7,17826
20447,631,2,3999
20448,230,3,11542
20449,231,6,17224
20450,199,7,19701
20451,12,6,13234
20452,20,2,3224
20453,16,6,20836
20454,32,10,37586
20455,92,8,15118
20456,81,7,21447
20457,537,3,11643
20458,160,6,16518
20459,752,4,7367
20460,94,12,31813
20461,49,3,12141
20462,137,4,11924
20463,187,5,14989
20464,132,5,12195
20465,63,6,17303
20466,199,4,9832
20467,9,10,31048
20468,420,7,17604
20469,494,4,9727
20470,267,4,6053
20471,68,8,27085
20472,3,4,14709
20473,886,2,6262
20474,2,7,16471
20475,120,4,12478
20476,339,9,24476
20477,724,5,11922
20478,229,5,16041
20479,187,7,18674
20480,43,3,7128
20481,150,5,15885
20482,465,6,11518
20483,157,8,25333
20484,733,1,1421
20485,148,6,11177
20486,290,4,10662
20487,144,5,12784
20489,95,5,12010
20490,50,9,16946
20491,119,5,15521
20492,238,2,8930
20493,42,8,19636
20494,416,9,30915
20495,294,4,15468
20496,140,4,12037
20497,181,14,33934
20498,490,3,12907
20499,31,4,12603
20500,87,8,24727
20501,122,9,26123
20502,326,5,15901
20503,1142,2,6170
20504,197,6,16182
20505,57,3,11333
20506,74,11,32298
20507,61,8,13783
20508,453,2,5820
20509,314,6,14043
20510,340,5,12240
20511,245,9,28353
20512,22,7,23564
20513,83,1,1874
20514,103,6,22082
20515,21,5,15386
20516,33,3,5991
20517,229,5,13875
20518,97,3,1626
20519,163,7,15669
20520,767,2,8516
20521,117,4,9549
20522,334,1,1411
20523,554,2,4583
20524,312,2,4047
20525,677,6,17173
20526,94,4,11674
20527,740,4,16793
20528,716,1,1577
20529,322,6,18954
20530,104,3,9338
20531,86,3,4517
20532,14,6,9367
20533,123,6,14070
20534,166,6,12678
20535,33,4,14515
20536,27,5,20757
20537,152,6,10704
20538,609,5,10800
20539,84,3,11994
20540,162,6,20897
20541,668,1,1222
20542,462,7,19572
20543,116,6,14293
20544,381,3,4939
20545,88,6,18011
20546,240,6,24506
20547,154,10,18150
20548,372,6,19391
20549,172,8,20946
20550,195,4,8315
20551,649,1,1053
20552,191,8,16266
20553,117,8,23834
20554,74,3,8523
20555,174,8,25966
20556,623,1,1841
20557,100,4,8047
20558,517,5,15882
20559,87,8,26781
20560,228,7,17210
20561,181,5,19309
20562,325,5,9240
20563,410,6,18207
20564,259,6,20145
20565,31,5,16855
20566,43,7,14310
20567,56,6,15791
20568,51,5,15616
20569,62,5,11590
20570,76,3,6904
20571,176,2,4457
20572,191,4,11869
20573,63,6,11216
20574,185,5,11868
20575,134,7,18940
20576,199,4,5529
20577,179,4,14147
20578,210,2,2664
20579,330,3,9915
20580,920,3,6775
20581,234,5,16211
20582,193,1,1533
20583,438,6,17282
20585,402,3,8675
20586,739,3,8798
20587,96,7,14599
20588,121,5,17563
20589,964,5,13892
20590,9,3,7398
20591,122,7,14893
20592,150,10,31967
20593,100,5,16909
20594,356,8,25393
20595,626,4,14506
20596,137,8,24269
20597,573,5,16261
20598,253,6,16195
20599,199,3,9043
20600,353,5,13453
20601,93,3,4372
20602,146,4,16377
20603,209,1,5108
20604,482,4,7377
20605,310,5,19859
20606,186,7,21498
20607,33,6,16430
20608,466,2,5634
20609,101,9,15937
20610,80,9,27910
20611,278,6,18944
20612,682,3,4339
20613,16,2,7254
20614,556,2,1496
20615,483,9,28160
20616,274,2,5811
20617,371,7,18313
20618,87,6,21662
20619,218,5,16208
20620,123,3,11620
20621,56,9,22411
20622,74,4,12857
20623,100,5,15920
20624,121,5,11437
20625,382,5,14091
20626,257,3,6698
20627,58,4,6087
20628,503,4,15728
20629,33,7,21724
20630,535,2,10135
20631,39,3,4691
20632,188,3,7351
20633,553,3,9114
20634,276,4,9440
20635,517,1,2148
20636,448,5,21503
20637,146,6,14010
20638,110,7,17865
20639,154,5,10601
20640,195,8,28945
20641,526,3,4246
20642,314,8,21786
20643,627,6,12496
20644,199,9,23015
20645,419,5,16508
20646,235,1,427
20647,612,4,13889
20648,346,5,9173
20649,314,9,24823
20650,153,7,20115
20651,35,4,14482
20652,63,1,374
20653,260,10,29838
20654,215,8,21806
20655,3,5,16811
20656,332,4,9666
20657,13,3,9637
20658,52,7,16107
20659,933,2,3326
20660,318,3,4250
20661,115,8,23559
20662,22,7,17971
20663,92,5,16171
20664,50,6,18616
20665,141,7,20430
20666,137,3,4815
20667,236,5,8910
20668,500,3,7344
20669,229,5,7672
20670,155,12,33315
20671,461,8,24535
20672,153,9,33549
20673,60,6,22575
20674,85,7,18291
20675,133,5,19617
20676,208,4,11727
20677,277,3,7322
20678,9,7,21326
20679,62,8,16607
20680,605,2,7375
20681,158,7,18789
20682,105,10,26075
20683,94,6,10807
20684,55,4,12031
20685,541,5,17291
20686,458,6,24262
20687,29,9,29173
20688,314,7,22118
20689,175,2,1181
20690,85,10,29402
20691,279,5,9572
20692,117,4,10550
20693,223,5,10765
20694,180,4,7920
20695,181,4,7258
20696,370,12,27567
20697,66,6,16446
20698,271,4,11539
20699,239,5,5492
20700,379,4,13605
20701,479,7,20134
20702,115,9,25531
20703,157,4,8082
20704,153,9,29195
20705,270,6,11351
20706,198,6,20142
20707,231,7,19951
20708,359,2,6830
20709,389,3,7692
20710,186,4,15287
20711,408,6,14760
20712,453,5,14942
20713,911,2,2200
20714,203,4,11643
20715,865,3,9418
20716,13,5,17913
20717,112,3,9559
20719,231,9,26670
20720,296,10,29333
20721,61,6,18044
20722,2,2,1023
20723,27,4,14392
20724,59,2,4855
20725,609,7,13094
20726,226,4,10635
20727,41,7,14375
20728,491,3,10128
20729,380,5,11830
20730,127,3,12212
20731,78,5,11483
20732,7,6,17107
20733,420,8,26593
20734,98,7,18054
20735,296,7,16706
20736,449,10,32217
20737,23,4,10110
20738,475,5,15790
20739,6,5,17137
20740,440,3,9495
20741,129,3,2426
20742,364,4,6470
20743,431,7,17587
20744,164,8,15380
20745,1,6,16491
20746,95,6,15385
20747,53,5,16260
20748,116,9,22035
20749,729,5,9287
20750,149,2,4588
20751,278,4,15299
20752,118,6,17496
20753,236,3,12005
20754,766,3,11856
20755,167,2,3962
20756,121,6,20260
20757,159,3,12149
20758,416,7,23165
20759,465,8,25722
20760,259,2,5331
20761,7,3,9573
20762,4,13,35221
20763,970,3,7313
20764,113,7,23390
20765,185,2,4195
20766,1351,1,4197
20767,298,2,3600
20768,608,2,8526
20769,667,3,6378
20770,72,7,17358
20771,1338,1,3480
20772,817,2,6904
20773,1075,2,7666
20774,218,5,10635
20775,378,4,13089
20776,138,5,13968
20777,138,3,8580
20778,149,4,12630
20779,106,7,20769
20780,43,5,10352
20781,127,6,18398
20782,218,3,4880
20783,346,8,22346
20784,59,8,23740
20785,132,10,22448
20786,199,7,20569
20787,187,8,26989
20788,424,3,5784
20789,1249,1,4736
20790,23,7,17096
20791,249,6,17155
20792,81,9,25031
20793,10,6,19399
20794,404,4,11744
20795,116,7,17244
20796,24,8,25504
20797,6,4,11405
20798,504,1,794
20799,70,7,19367
20800,337,4,12222
20801,31,7,15608
20802,553,4,12455
20803,169,7,19357
20804,410,2,7582
20805,57,3,8620
20806,422,4,11193
20807,615,5,9645
20808,285,5,15978
20809,374,6,11202
20810,323,4,10770
20811,91,10,30889
20812,148,3,4519
20813,338,5,12622
20814,39,9,26096
20815,435,2,6608
20816,759,3,8267
20817,220,6,10239
20818,27,5,17441
20819,396,5,16001
20820,45,6,13560
20821,340,4,13055
20822,29,6,16318
20823,1,7,20094
20824,312,8,18641
20825,417,2,3856
20826,423,5,15282
20827,618,4,12013
20828,208,6,15574
20829,54,11,26813
20830,559,2,3920
20831,911,4,7487
20832,127,3,5419
20833,318,4,9104
20834,270,7,15253
20835,174,7,17573
20836,293,8,16989
20837,10,11,29693
20838,493,2,5617
20839,219,1,3906
20840,353,4,12685
20841,336,7,15860
20842,181,10,41501
20843,647,5,7523
20844,972,1,411
20845,5,6,14283
20846,205,6,12260
20847,323,5,14658
20848,241,6,25052
20849,130,3,9414
20850,234,4,9823
20851,312,7,13979
20852,110,4,11442
20853,608,2,7938
20854,29,10,19834
20855,185,9,27043
20856,377,3,8936
20857,347,5,16903
20858,262,4,7554
20859,10,8,24582
20860,1003,1,2395
20861,66,6,18812
20862,41,6,10722
20863,245,7,16974
20864,1309,1,2038
20865,35,11,41391
20866,136,6,17185
20867,307,7,22262
20868,232,6,18927
20869,799,1,3942
20870,650,1,4881
20871,101,4,8776
20872,18,3,8995
20873,592,4,7238
20874,165,8,18675
20875,315,4,17073
20876,809,2,4460
20877,493,2,7160
20878,129,4,10050
20879,101,2,6901
20880,235,1,1043
20881,239,9,29034
20882,481,3,4761
20883,13,3,11767
20884,50,2,6939
20885,478,3,10845
20886,407,6,13050
20887,145,7,12278
20888,414,5,14020
20889,227,8,21954
20890,335,7,20390
20891,29,9,21823
20892,394,7,15020
20893,536,1,926
20894,93,3,8939
20895,7,8,23106
20896,11,9,22191
20897,268,5,8099
20898,174,6,17782
20899,377,6,19734
20900,1301,1,3524
20901,60,6,16884
20902,229,5,16084
20903,168,6,18612
20904,5,10,20897
20905,144,8,23526
20906,205,5,12860
20907,332,8,17225
20908,210,6,18520
20909,492,3,6608
20910,229,8,22119
20911,554,3,5166
20912,475,5,10945
20913,43,9,25870
20914,182,7,16364
20915,333,5,18888
20916,167,8,24651
20917,426,6,15994
20918,25,5,12009
20919,499,5,15264
20920,412,3,6273
20921,271,5,16127
20922,124,4,12693
20923,132,10,27735
20924,605,7,20854
20925,569,2,7147
20926,129,3,11116
20927,54,7,11746
20928,441,4,7714
20929,215,3,3451
20930,178,10,26974
20931,80,10,20804
20932,41,4,8880
20933,767,3,8394
20934,105,4,13007
20935,484,5,9435
20936,304,4,9716
20937,531,2,8162
20938,505,1,4904
20939,129,7,19014
20940,103,4,8225
20941,336,4,10113
20942,46,5,13702
20943,512,8,17837
20944,51,2,8313
20945,141,5,11592
20946,100,3,4894
20947,2,3,8380
20948,188,3,5052
20949,132,6,15071
20950,547,6,15392
20951,203,3,13299
20952,305,3,9177
20953,389,4,5751
20954,1168,1,4354
20955,249,6,14635
20956,231,3,7232
20957,132,7,18273
20958,260,4,7388
20959,999,5,12473
20960,83,5,12846
20961,11,4,17121
20962,80,6,25122
20963,352,3,8337
20964,6,9,21935
20965,443,7,16932
20966,51,4,14743
20967,197,8,22339
20968,211,4,14084
20969,233,4,12434
20970,46,4,12830
20971,2,7,17135
20972,152,2,7646
20973,52,9,24038
20974,472,2,5904
20975,65,6,15988
20976,92,4,11701
20977,92,5,7577
20978,300,4,6016
20979,264,2,5559
20980,72,8,20799
20981,61,4,14195
20982,115,6,14776
20983,855,3,13180
20984,278,4,12264
20985,139,6,12578
20986,378,5,13302
20987,111,7,15748
20988,251,6,25693
20989,13,10,23399
20990,31,3,13242
20991,505,6,19531
20992,675,4,13774
20993,143,6,17931
20994,50,3,10703
20995,415,3,11634
20996,184,2,5899
20997,160,5,16677
20998,164,6,13070
20999,60,7,22235
21000,125,8,12994
21001,47,8,20355
21002,205,9,23813
21003,227,6,13176
21004,526,4,10482
21005,316,3,11835
21006,478,3,9024
21007,5,5,14695
21008,91,6,16091
21009,200,4,17837
21010,959,2,4383
21011,259,5,13135
21012,690,5,14071
21013,142,5,11251
21014,42,8,18225
21015,110,3,5479
21016,204,4,6557
21017,224,11,36655
21018,692,3,10088
21019,1170,1,2466
21020,264,8,14444
21021,785,3,5105
21022,64,5,20145
21023,126,6,10007
21024,86,9,20797
21025,7,6,14277
21026,99,6,15916
21027,319,4,12212
21028,546,3,7921
21029,150,10,32057
21030,227,4,11341
21031,112,4,4364
21032,231,5,12270
21033,191,8,20715
21034,120,4,14330
21035,291,4,8942
21036,649,4,8731
21037,119,7,21892
21038,489,4,9292
21039,277,4,15521
21040,190,6,19242
21041,9,6,13858
21042,131,6,15135
21043,66,7,18713
21044,469,3,4467
21045,509,4,13619
21046,5,4,6314
21047,5,4,12316
21048,36,6,14996
21049,155,7,9701
21050,330,2,4992
21051,534,4,11596
21052,365,6,14105
21053,74,11,22487
21054,1108,1,973
21055,91,3,5305
21056,4,7,17029
21057,293,5,10675
21058,343,5,14018
21059,9,5,15053
21060,321,4,9176
21061,303,4,12723
21062,118,5,11596
21063,123,6,14330
21064,176,2,4975
21065,47,4,12339
21066,11,10,21060
21067,606,2,7660
21068,462,4,10360
21069,132,8,13081
21070,495,3,8929
21071,557,2,6153
21072,33,5,14620
21073,215,5,13902
21074,776,1,3979
21075,253,3,10068
21076,157,5,10813
21077,138,6,13755
21078,179,1,2890
21079,817,3,4999
21080,63,6,14265
21081,123,6,16069
21082,89,7,16187
21083,335,8,23195
21084,465,6,12260
21085,75,5,17780
21086,39,3,11349
21087,197,3,9712
21088,78,6,9611
21089,143,4,7862
21090,195,8,25379
21091,288,5,14643
21092,88,9,26741
21093,892,3,9223
21094,132,5,10774
21095,6,5,10590
21096,1,9,18142
21097,96,5,7910
21098,186,2,5495
21099,91,6,17069
21100,951,2,10299
21101,161,3,9083
21102,68,4,7334
21103,153,4,8375
21104,5,3,6154
21105,513,7,19785
21106,244,1,4319
21107,78,4,15260
21108,84,5,16196
21109,146,3,7685
21110,81,7,20935
21111,224,5,14822
21112,428,4,8063
21113,965,2,5872
21114,159,4,14051
21115,189,5,12652
21116,222,5,16599
21117,66,11,20716
21118,276,3,6602
21119,56,8,14797
21120,274,5,9483
21121,170,4,7126
21122,293,8,18490
21123,111,2,4480
21124,486,4,9393
21125,540,2,6818
21126,323,3,12236
21127,678,2,3465
21128,337,3,8158
21129,144,3,7508
21130,83,6,15673
21131,137,5,17317
21132,37,6,15119
21133,162,7,12300
21134,14,5,19131
21135,273,5,11404
21136,482,5,15692
21137,5,2,7028
21138,56,11,23263
21139,480,8,22873
21140,274,4,12071
21141,174,2,5570
21142,19,3,4561
21143,189,4,10758
21144,123,10,35507
21145,702,2,2876
21146,405,6,21320
21147,8,8,25290
21148,80,7,23218
21149,167,5,12259
21150,229,8,12642
21151,1,7,23384
21152,80,9,21694
21153,120,6,13004
21154,440,4,12763
21155,101,5,11775
21156,379,10,25106
21157,302,6,19965
21158,225,8,23970
21159,610,2,4976
21160,776,1,4002
21161,1248,1,2322
21162,254,7,14997
21163,254,4,10146
21164,12,3,8557
21165,352,6,20663
21166,18,8,25386
21167,114,3,7717
21168,93,8,28421
21169,83,4,13294
21170,8,4,15448
21171,190,4,10402
21172,414,6,15074
21173,157,6,12521
21174,121,3,6207
21175,249,5,22451
21176,62,7,11169
21177,151,6,13038
21178,239,11,37571
21179,26,7,17234
21180,6,6,17054
21181,301,6,14743
21182,346,6,23275
21183,422,4,5827
21184,180,6,11309
21185,110,4,10202
21186,265,7,24113
21187,26,7,21960
21188,516,8,19807
21189,205,2,5915
21190,182,5,12833
21191,52,6,16305
21192,143,8,26930
21193,667,4,10040
21194,169,7,14485
21195,124,5,14841
21196,34,7,17744
21197,560,5,13895
21198,106,6,18996
21199,155,5,16220
21200,118,6,21458
21201,911,3,9409
21202,335,3,6563
21203,171,9,25414
21204,106,2,6803
21205,14,3,9883
21206,353,1,1159
21207,216,5,10225
21208,214,4,9366
21209,279,6,16002
21210,33,8,18016
21211,25,6,18415
21212,257,7,23616
21213,84,6,20270
21214,285,9,27605
21215,1,6,9968
21216,414,3,8685
21217,61,2,1941
21218,57,2,7267
21219,277,5,17113
21220,216,8,26733
21221,468,6,15642
21222,665,3,3346
21223,768,1,990
21224,13,3,10543
21225,829,2,8679
21226,14,5,15347
21227,135,4,6099
21228,194,5,11617
21229,223,4,16160
21230,600,3,10067
21231,189,3,5128
21232,88,5,10617
21233,75,6,22594
21234,7,5,16337
21235,590,3,9639
21236,38,8,20313
21237,355,2,7959
21238,814,2,4540
21239,492,6,10058
21240,68,3,5938
21241,701,6,9165
21242,417,5,12042
21243,273,4,2883
21244,26,8,20847
21245,427,7,18103
21246,22,6,16462
21247,338,5,11150
21248,82,6,12542
21249,137,6,19537
21250,85,4,3836
21251,37,7,12954
21252,254,6,17662
21253,656,1,1303
21254,267,5,14248
21255,119,7,15820
21256,65,9,23512
21257,30,6,20931
21258,40,5,15538
21259,167,4,9719
21260,151,6,12297
21261,5,5,13913
21262,142,4,5477
21263,3,7,12763
21264,45,7,15635
21265,105,7,17600
21266,79,7,17402
21267,157,4,6140
21268,222,4,15948
21269,350,6,13434
21270,58,3,12150
21271,386,10,37985
21272,565,4,12665
21273,152,6,16773
21274,362,9,15535
21275,740,1,2698
21276,629,1,3501
21277,635,1,780
21278,298,3,8257
21279,398,4,6511
21280,67,5,15451
21281,8,3,12536
21282,589,3,8892
21283,205,5,15628
21284,213,8,31697
21285,156,7,19966
21286,46,6,22046
21287,238,3,7725
21288,31,7,26662
21289,25,6,15668
21290,332,3,9586
21291,507,6,14214
21292,65,8,16556
21293,259,6,14821
21294,103,2,4718
21295,381,5,11426
21296,201,5,14883
21297,189,3,5682
21298,103,5,7763
21299,153,1,1765
21300,210,4,12232
21301,66,4,11927
21302,647,4,13570
21304,288,6,19985
21305,32,6,22165
21306,372,2,3336
21307,336,5,18690
21308,227,5,11746
21309,146,1,3752
21310,246,5,18405
21311,422,4,9587
21312,1351,1,1431
21313,572,3,8009
21314,66,5,16183
21315,373,4,8303
21316,19,8,19265
21317,177,5,16010
21318,123,8,18834
21319,20,5,13471
21320,448,4,11004
21321,65,2,5220
21322,222,5,17524
21323,42,9,20430
21324,130,5,15823
21325,266,5,11080
21326,175,4,13815
21327,55,5,16106
21328,317,4,7372
21329,288,5,17460
21330,334,4,9859
21331,47,5,17805
21332,477,3,8765
21333,265,3,9746
21334,26,10,26397
21335,60,10,26353
21336,510,8,23239
21337,25,6,11771
21339,815,3,8629
21340,195,5,13216
21341,85,7,13450
21342,115,6,15584
21343,11,5,13371
21344,132,8,24047
21345,310,8,31912
21346,267,5,15719
21347,376,4,10389
21348,45,3,3101
21349,92,7,20535
21350,1106,1,4469
21351,125,7,18900
21352,48,3,7421
21353,339,6,12802
21354,620,2,1208
21355,170,4,14065
21356,1143,2,5846
21357,72,10,25124
21358,600,3,5501
21359,9,2,7426
21360,706,4,11676
21361,260,5,8849
21362,410,3,8911
21363,290,3,9571
21364,174,8,25915
21365,118,2,6087
21366,643,6,9655
21367,990,3,5069
21368,659,7,18770
21369,593,5,10073
21370,10,5,14834
21371,440,6,5612
21372,169,4,9335
21373,153,7,12233
21374,551,4,14203
21375,734,1,4000
21376,290,2,2164
21377,78,3,6077
21378,46,7,16956
21379,36,7,18425
21380,114,8,22855
21381,259,6,12681
21382,881,1,963
21383,168,8,19041
21384,26,8,22836
21385,64,7,29067
21386,2,9,22996
21387,32,3,9845
21388,198,4,2969
21389,296,3,8021
21390,37,6,14919
21391,154,6,18314
21392,144,4,14741
21393,57,3,5317
21394,409,1,2828
21395,58,1,2004
21396,181,2,1998
21397,81,3,11336
21398,221,3,7970
21399,136,4,9817
21400,235,2,6244
21401,15,9,29886
21402,269,2,5590
21403,27,2,4131
21404,163,5,13304
21405,607,2,7541
21406,47,6,17934
21407,86,8,22915
21408,180,2,3214
21409,663,3,11233
21410,51,4,10166
21411,230,2,6220
21412,109,7,18477
21413,466,2,8516
21414,704,3,12238
21415,584,4,7872
21416,159,6,19839
21417,303,4,10861
21418,147,7,12291
21419,345,6,16627
21420,232,4,8466
21421,281,2,8495
21422,78,4,13175
21423,114,6,14425
21424,74,6,14176
21425,616,7,18675
21426,11,7,22899
21427,108,4,9226
21428,109,8,25804
21429,534,5,10808
21430,537,4,9949
21431,140,8,21825
21432,754,3,8447
21433,31,6,16900
21434,33,6,19229
21435,919,5,13346
21436,705,2,5791
21437,178,6,20948
21438,149,1,1670
21439,294,7,17596
21440,94,7,15634
21441,535,4,12394
21442,144,5,15978
21443,463,1,3562
21444,226,5,11685
21445,64,6,15078
21446,176,6,26295
21447,56,4,10036
21448,413,7,18970
21449,624,3,7253
21450,41,3,9082
21451,167,5,7976
21452,75,10,30708
21453,89,12,35139
21454,85,5,16836
21455,229,5,16731
21456,228,6,16790
21457,163,7,25671
21458,94,7,20070
21459,62,4,8920
21460,105,1,1282
21461,124,5,13568
21462,620,2,4092
21463,263,7,14962
21464,40,6,24711
21465,150,7,10950
21466,397,4,12211
21467,486,2,4934
21468,642,4,6758
21469,2,12,38518
21470,105,6,14509
21471,120,4,9659
21472,515,5,13708
21473,65,3,8323
21474,1277,2,1428
21475,308,4,8293
21476,491,3,9045
21477,770,2,7188
21478,437,3,9856
21479,128,4,13748
21480,342,4,13706
21481,211,4,15138
21482,273,7,22783
21483,233,3,8270
21484,192,6,19054
21485,432,6,20656
21486,379,6,8681
21487,202,5,13412
21488,535,2,2582
21489,41,6,20718
21490,659,4,11779
21491,622,5,15772
21492,570,3,1966
21493,118,7,16247
21494,260,6,14130
21495,1145,2,4483
21496,691,2,6373
21497,99,5,9174
21498,158,6,15303
21499,173,2,5218
21500,150,3,9765
21501,111,4,13533
21502,205,5,8873
21503,255,7,19925
21504,265,3,5822
21505,2,5,12580
21506,226,8,25422
21507,416,3,10936
21508,923,1,946
21509,129,5,7801
21510,511,4,13318
21511,59,7,16104
21512,711,3,10606
21513,235,5,12351
21514,126,4,15917
21515,585,3,9268
21516,36,7,16769
21517,49,6,17460
21518,42,1,2747
21519,49,4,8719
21520,85,8,23579
21521,111,3,11180
21522,362,2,2779
21523,32,4,13849
21524,470,1,697
21525,202,6,16551
21526,95,5,16221
21527,65,8,27311
21528,141,6,19334
21529,324,7,17818
21530,543,6,13775
21531,258,6,12814
21532,222,13,35491
21533,89,5,15591
21534,516,7,20679
21535,101,4,12229
21536,339,4,4641
21537,640,2,7425
21538,840,1,3240
21539,43,3,10442
21540,126,5,17867
21541,367,4,11039
21542,81,7,16974
21543,73,4,9237
21544,106,6,14349
21545,178,4,15863
21546,65,4,10685
21547,878,5,19973
21548,143,4,11650
21549,75,8,14386
21550,213,9,25929
21551,1010,1,5100
21552,54,6,15892
21553,943,2,8550
21554,416,3,6229
21555,756,4,10433
21556,105,9,25684
21557,121,9,15896
21558,431,6,27647
21559,238,3,4033
21560,143,3,7606
21561,75,4,4821
21562,193,3,7529
21563,305,7,24602
21564,111,5,16715
21565,260,7,25130
21566,168,3,9267
21567,228,8,23054
21568,12,5,12303
21569,210,3,8958
21570,20,6,17544
21571,184,2,2038
21572,204,3,13005
21573,185,5,13827
21574,21,9,16163
21575,661,3,12877
21576,66,6,13633
21577,263,8,17206
21578,223,1,708
21579,183,4,12644
21580,544,3,4669
21581,30,4,9252
21582,56,11,28676
21583,580,2,2664
21584,402,4,11907
21585,278,3,11775
21586,414,6,18637
21587,320,3,13237
21588,125,7,10107
21589,356,6,13136
21590,342,1,1385
21591,132,8,26325
21592,137,5,6713
21593,355,4,10458
21594,366,7,19768
21595,506,2,3506
21596,247,2,6890
21597,75,10,36140
21598,235,5,12988
21599,494,6,16850
21600,144,8,27380
21601,423,7,17445
21603,170,4,11173
21604,43,9,23930
21605,610,5,21454
21606,847,3,5059
21607,306,7,19302
21608,71,9,26503
21609,242,6,17459
21610,350,8,24302
21611,176,5,17624
21612,87,3,9959
21613,140,2,4331
21614,156,4,10436
21615,361,6,17694
21616,30,4,14026
21617,498,3,6384
21618,221,3,11885
21619,519,3,6725
21620,46,4,9883
21622,410,5,11857
21623,13,5,11343
21624,12,6,20000
21625,622,3,4983
21626,230,5,10535
21627,384,4,14252
21628,106,4,9048
21629,95,9,25734
21630,122,9,19001
21631,16,7,19683
21632,59,2,5781
21633,297,4,7188
21634,157,5,18022
21635,282,6,11179
21636,339,6,10974
21637,659,3,10700
21638,2,4,14709
21639,65,7,21789
21640,118,4,12488
21641,71,5,12556
21642,798,3,11390
21643,395,3,5191
21644,504,3,13248
21645,116,5,16195
21646,321,10,31998
21647,475,4,8728
21648,61,5,9909
21649,329,2,5141
21650,34,6,21168
21651,344,4,10992
21652,130,6,12975
21653,115,7,25349
21654,140,4,11142
21655,83,3,8282
21656,846,3,7210
21657,537,3,5249
21658,145,3,7085
21659,162,3,7336
21660,450,1,810
21661,237,5,18457
21662,334,11,32484
21663,353,2,6886
21664,199,5,20603
21665,1,5,19905
21666,26,4,11602
21667,11,8,20009
21668,345,6,22734
21669,780,4,8585
21670,475,5,12915
21671,57,8,22943
21672,57,5,10960
21673,361,5,11883
21674,276,3,4294
21675,616,6,21914
21676,927,2,4585
21677,434,3,5816
21678,180,2,8858
21679,549,3,7177
21680,240,3,8060
21681,13,4,11521
21682,178,6,15502
21683,160,6,15113
21684,85,5,17523
21685,18,4,9778
21686,62,7,15859
21687,147,7,19690
21688,54,11,27995
21689,54,7,18661
21690,58,5,13578
21691,114,5,12747
21692,225,4,14086
21693,540,3,10903
21694,214,3,8826
21695,69,3,4774
21696,484,4,10380
21697,89,3,13768
21698,334,3,11487
21699,270,10,21005
21700,243,5,6338
21701,262,3,7117
21702,593,2,6071
21703,71,3,11899
21704,97,5,14067
21705,380,9,27434
21706,299,5,12964
21707,236,6,20244
21708,264,3,9059
21709,774,3,11387
21710,654,4,7332
21711,127,6,14035
21712,194,3,7171
21713,317,4,7241
21714,843,1,3475
21715,39,9,27694
21716,386,2,4644
21717,104,9,26130
21718,92,6,13251
21719,13,10,30893
21720,384,3,4408
21721,36,8,26790
21722,192,3,10334
21723,1096,2,4453
21724,1352,1,2626
21725,19,6,18417
21726,59,9,25303
21727,157,6,18984
21728,589,5,10875
21729,394,7,24578
21730,88,5,11646
21731,1000,2,5421
21732,185,8,19644
21733,292,6,23907
21734,535,4,10074
21735,306,3,8560
21736,159,8,24778
21737,99,7,15776
21738,376,6,13858
21739,100,8,27536
21740,297,1,5098
21741,63,7,21953
21742,87,5,12063
21743,221,8,24402
21744,173,6,16576
21745,491,4,13804
21746,263,2,3982
21747,134,4,12319
21748,14,8,20084
21749,333,3,9259
21750,72,3,7989
21751,538,4,13241
21752,243,3,5169
21753,227,4,11624
21754,175,5,9349
21755,159,6,20004
21756,360,1,4695
21757,645,1,1347
21758,257,5,15831
21759,229,7,19826
21760,682,2,10203
21761,100,4,12787
21762,523,7,19614
21763,193,5,9056
21764,285,5,11425
21765,99,6,20081
21766,16,7,26319
21767,80,10,28639
21768,351,3,6033
21769,811,4,10035
21770,215,4,7806
21771,483,4,13641
21772,239,7,14984
21773,144,10,30201
21774,147,8,18234
21775,514,6,16750
21776,193,4,9183
21777,358,9,22267
21778,53,4,10388
21779,277,4,12856
21780,95,5,13465
21781,216,4,9704
21782,16,6,11676
21783,489,4,11345
21784,293,5,12175
21785,64,4,13306
21786,270,7,14483
21787,669,2,5089
21788,852,2,7461
21789,92,4,9413
21790,211,8,25135
21791,64,3,7702
21792,215,6,13575
21793,84,5,14413
21794,122,2,5809
21795,564,5,11539
21796,335,4,8519
21797,195,4,14058
21798,122,5,16035
21799,247,6,14416
21800,200,6,10458
21801,735,7,17898
21802,250,10,24366
21803,34,5,11546
21804,213,4,10363
21805,370,5,11440
21806,13,10,24332
21807,69,3,8199
21808,290,6,17164
21809,263,3,7395
21810,108,3,7814
21811,169,6,17002
21812,47,6,19025
21813,399,4,12259
21814,376,2,5718
21815,847,4,15636
21816,140,6,18535
21817,124,5,8793
21818,535,1,5110
21819,149,6,16996
21820,601,5,12590
21821,545,4,15436
21822,45,10,22893
21823,181,8,17556
21824,189,7,17673
21825,73,6,15851
21826,268,3,9639
21827,116,9,29494
21828,54,9,25341
21829,670,3,3323
21830,24,4,13192
21831,200,4,11079
21832,460,5,13514
21833,176,9,24983
21834,4,7,14472
21835,75,4,11304
21836,240,3,2503
21837,68,7,21478
21838,748,1,4315
21839,56,4,15281
21840,399,6,12840
21841,126,4,9594
21842,347,8,23757
21843,197,6,16997
21844,46,4,7675
21845,8,3,9795
21846,640,4,10168
21847,35,6,14677
21848,452,2,4676
21849,298,6,17768
21850,1142,1,486
21851,51,6,18688
21852,35,7,13012
21853,301,3,6606
21854,138,5,13224
21855,41,8,28843
21856,265,2,5664
21857,1103,1,2148
21858,450,10,26315
21859,167,8,18336
21860,7,5,16986
21861,44,3,5835
21862,135,5,15390
21863,680,6,19509
21864,212,6,16166
21865,666,3,9549
21866,70,2,4576
21867,70,3,10865
21868,88,4,9859
21869,611,5,17991
21870,953,4,8604
21871,116,5,17356
21872,139,4,8166
21873,105,5,14467
21874,664,4,9615
21875,252,8,22042
21876,485,2,4079
21877,479,7,18888
21878,41,9,21143
21879,441,4,9398
21880,340,7,22697
21881,143,4,13606
21882,287,4,9864
21883,60,8,27279
21884,320,5,13647
21885,15,4,14573
21886,18,7,17862
21887,13,5,16321
21888,14,5,15692
21889,36,4,13702
21890,398,2,3712
21891,30,10,28936
21892,174,3,7505
21893,582,8,25256
21894,306,4,15017
21895,359,4,2924
21896,39,5,15891
21897,314,9,22103
21898,35,4,7976
21899,252,4,5424
21900,925,3,7442
21901,29,4,11291
21902,185,7,19777
21903,333,3,7134
21904,214,5,8465
21905,534,2,5184
21906,118,9,22522
21907,301,3,7016
21908,60,5,16543
21909,111,3,10893
21910,8,4,15406
21911,133,8,27369
21912,203,6,16497
21913,22,1,4237
21914,112,3,7840
21915,30,7,25718
21916,704,2,7748
21917,651,3,10895
21918,61,4,13218
21919,53,3,11579
21920,37,5,15394
21921,33,5,12625
21922,505,4,13697
21923,263,4,11784
21924,245,5,16592
21925,313,4,10328
21926,39,11,31952
21927,427,5,16257
21928,108,3,9925
21929,445,5,12883
21930,10,9,17932
21931,796,4,10271
21932,300,3,8516
21933,43,5,15328
21934,137,5,7247
21935,380,5,15918
21936,75,5,14042
21937,166,5,8336
21938,309,3,7042
21939,1044,2,2275
21940,55,5,15265
21941,190,5,15489
21942,514,5,14015
21943,447,6,17788
21944,340,4,11141
21945,52,10,34236
21946,125,7,19958
21947,174,4,11195
21948,48,3,7629
21949,160,4,7895
21950,724,3,9774
21951,30,5,11994
21952,46,6,13465
21953,32,4,13239
21954,470,8,25571
21955,292,5,14545
21956,414,4,16949
21957,167,4,5786
21958,65,6,16985
21959,324,6,21253
21960,477,3,9384
21961,40,4,9622
21962,290,4,9820
21963,156,7,21753
21964,24,8,21357
21965,202,3,8130
21966,44,2,4314
21967,426,3,10080
21968,109,8,19665
21969,713,1,2922
21970,152,5,12871
21971,376,1,2242
21972,397,6,19702
21973,350,4,8007
21974,329,2,2877
21975,1047,4,17460
21976,217,4,16455
21977,27,6,16524
21978,71,6,17794
21979,684,3,6017
21980,117,7,22263
21981,31,3,8994
21982,400,7,20949
21983,31,5,11811
21984,605,3,9811
21985,100,6,19859
21986,148,7,21550
21987,206,3,9941
21988,1,6,9797
21989,66,4,11979
21990,50,3,9097
21991,178,5,13386
21992,49,3,8429
21993,393,5,10761
21994,386,10,22414
21995,32,4,8085
21996,129,8,17854
21997,12,7,18254
21998,81,4,8344
21999,147,4,14923
22000,34,3,7135
22001,222,6,16359
22002,54,7,14899
22003,64,4,10150
22004,533,5,12569
22005,354,6,15787
22006,62,5,12792
22007,216,8,25152
22008,795,1,1036
22009,212,4,9770
22010,243,5,16220
22011,186,5,16646
22012,8,8,25774
22013,8,6,18126
22014,83,2,7203
22015,4,7,25101
22016,230,8,17048
22017,43,3,7939
22018,155,1,3980
22019,409,4,12822
22020,520,4,7131
22021,272,5,15166
22022,104,5,15204
22023,162,9,28330
22024,195,7,14750
22025,16,12,32075
22026,289,3,6239
22027,180,5,17395
22028,607,2,5441
22029,908,4,15559
22030,180,7,20193
22031,121,5,11896
22032,345,7,21929
22033,484,5,13343
22034,45,7,30124
22035,137,5,16096
22036,58,6,20192
22037,149,4,5538
22038,336,5,11622
22039,15,3,5688
22040,496,3,9618
22041,334,1,3814
22042,1326,1,2907
22043,62,6,20934
22044,559,3,8762
22045,13,7,27486
22046,759,2,4141
22047,709,4,9124
22048,96,3,11389
22049,775,5,12697
22050,407,2,7182
22051,291,5,15585
22052,514,5,20620
22053,462,4,11777
22054,125,7,21083
22055,227,5,15488
22056,60,5,10633
22057,680,4,13006
22058,337,9,28720
22059,50,4,13514
22060,49,5,11753
22061,191,3,2898
22062,51,5,12794
22063,301,4,7934
22064,211,3,6103
22065,257,2,2570
22066,740,2,6260
22067,227,5,13044
22068,66,10,21091
22069,257,5,8390
22070,242,6,16541
22071,196,4,10658
22072,41,5,9549
22073,402,4,12040
22074,171,6,21362
22075,5,5,11874
22076,1105,2,4716
22077,173,6,18184
22078,11,5,13568
22079,67,7,16765
22080,80,6,17635
22081,291,4,10536
22082,79,12,30861
22083,420,5,10761
22084,2,3,8525
22085,57,3,7678
22086,135,6,17929
22087,121,5,7374
22088,678,4,9402
22089,84,6,23776
22090,161,6,15560
22091,494,5,15206
22092,87,7,21147
22093,50,10,23117
22094,684,1,488
22095,130,3,8873
22096,22,6,15773
22097,69,4,5928
22098,25,5,18428
22099,366,7,20703
22100,20,6,8795
22101,276,4,7702
22102,89,3,2581
22103,192,6,13442
22104,92,7,20945
22105,507,9,23080
22106,149,7,11971
22107,348,3,8939
22108,144,7,19580
22109,277,7,14444
22110,65,5,10206
22111,13,8,21618
22112,24,3,8568
22113,281,5,16480
22114,684,3,10139
22115,27,8,20572
22116,231,6,18579
22117,335,4,7150
22118,7,7,27633
22119,137,4,14069
22120,54,6,17175
22121,48,7,17091
22122,7,4,10866
22123,285,3,11718
22124,182,6,13603
22125,141,4,14263
22126,251,2,3425
22127,24,7,21616
22128,66,8,26789
22129,147,2,4100
22130,126,10,18546
22131,63,11,32987
22132,311,5,9381
22133,103,8,20244
22134,877,4,13408
22135,34,7,14968
22136,3,8,25088
22137,76,7,18630
22138,269,4,11442
22139,52,8,26061
22140,216,8,20589
22141,93,5,15757
22142,137,5,15499
22143,207,4,11857
22144,235,2,2202
22145,413,3,6968
22146,121,7,13532
22147,65,11,30942
22148,452,2,7417
22149,165,3,9687
22150,1043,2,3586
22151,484,4,10010
22152,23,3,9722
22153,206,9,33124
22154,76,6,9226
22155,621,3,11792
22156,103,8,20553
22157,72,7,18559
22158,30,7,13449
22159,46,5,9713
22160,26,5,10916
22161,44,7,23208
22162,318,6,22813
22163,152,4,8159
22164,43,6,14930
22165,261,2,5011
22166,357,2,9147
22167,393,4,10095
22168,39,8,27112
22169,37,6,15287
22170,203,8,16376
22171,122,7,17449
22172,190,3,3678
22173,45,8,27216
22174,262,6,16721
22175,531,3,9538
22176,126,5,8371
22177,154,6,14351
22178,245,4,11591
22179,193,6,21803
22180,95,4,7029
22181,448,4,12759
22182,42,6,14338
22183,528,1,1434
22184,207,5,11430
22185,335,3,8192
22186,722,5,8775
22187,102,4,7863
22188,287,8,20587
22189,289,3,5553
22190,354,6,18815
22191,150,5,10513
22192,305,5,11216
22193,6,5,18060
22194,162,4,8888
22195,429,7,18578
22196,558,5,16470
22197,83,6,16824
22198,170,4,12406
22199,1340,1,823
22200,234,5,20432
22201,540,3,8818
22202,26,5,16024
22203,71,6,21041
22204,180,8,22071
22205,72,5,8485
22206,4,7,11253
22207,342,4,10840
22208,136,6,16740
22209,552,2,5715
22210,34,6,15473
22211,1257,1,4981
22212,186,5,14418
22213,350,3,6102
22214,8,5,16152
22215,12,6,13519
22216,4,8,26010
22217,43,4,11912
22218,176,3,13392
22219,353,5,16510
22220,47,6,19711
22221,128,6,18136
22222,196,4,4796
22223,27,7,15744
22224,396,4,9986
22225,465,4,17714
22226,130,5,10701
22227,421,3,5663
22228,315,4,12739
22229,229,1,507
22230,90,5,14650
22231,523,3,5735
22232,107,7,17725
22233,206,9,12269
22234,135,6,19088
22235,3,8,18966
22236,805,2,8432
22237,80,7,20945
22238,646,2,6780
22239,191,5,12461
22240,175,5,12990
22241,75,8,24734
22242,96,7,18416
22243,1169,1,606
22244,240,8,16619
22245,329,5,18785
22246,76,8,18921
22247,172,3,7046
22248,497,7,14820
22249,3,10,29145
22250,131,4,8187
22251,495,3,9111
22252,335,8,20497
22253,52,4,10080
22254,223,4,8976
22255,234,4,7828
22256,664,5,14241
22257,218,2,5591
22258,311,4,10889
22259,816,2,5021
22260,720,4,10678
22262,518,3,12482
22263,272,5,7409
22264,504,6,14544
22265,112,4,12452
22266,842,2,6185
22267,210,4,4128
22268,168,5,13811
22269,348,10,31760
22270,354,4,8902
22272,231,6,17728
22273,87,6,19457
22274,448,6,18566
22275,505,3,4539
22276,137,6,12490
22277,82,4,14460
22278,28,8,17061
22279,48,5,13291
22280,14,5,15409
22281,135,7,16864
22282,105,4,4944
22283,96,4,10418
22284,56,6,20142
22285,270,2,9047
22286,206,5,19118
22287,627,4,5055
22288,128,6,18042
22289,34,8,25600
22290,111,5,13880
22291,286,5,11268
22292,91,5,15646
22293,873,4,3782
22294,30,10,20083
22295,63,6,18664
22296,274,2,5591
22297,176,6,14767
22298,17,7,16475
22299,561,6,18126
22300,179,4,15333
22301,183,1,4524
22302,247,3,8339
22303,73,8,25398
22304,492,4,5874
22305,53,7,21312
22306,147,2,4294
22307,114,5,17586
22308,85,7,19076
22309,125,8,18211
22310,58,4,10478
22311,439,3,5360
22312,19,5,10791
22313,47,9,26598
22314,166,5,15097
22315,753,3,7727
22316,302,1,5170
22317,309,5,14579
22318,417,5,7765
22319,132,7,23599
22320,606,4,10918
22321,175,7,15148
22322,275,5,14883
22323,13,5,16010
22324,110,10,22958
22325,614,2,4171
22326,118,7,22563
22327,143,8,19518
22328,92,5,18806
22329,94,4,8232
22330,833,2,5870
22331,608,6,17518
22332,132,7,10876
22333,649,7,24391
22334,403,4,6780
22335,95,4,8573
22336,175,6,19546
22337,61,6,9919
22338,35,6,25675
22339,1194,1,4486
22340,28,4,12057
22341,206,5,14846
22342,150,6,15746
22343,74,3,12651
22344,43,4,10482
22345,1075,2,3219
22346,169,5,13572
22347,10,6,17761
22348,45,6,9743
22349,364,4,17070
22350,21,7,12153
22351,902,1,1017
22352,208,3,8132
22353,58,6,18855
22354,75,3,10262
22355,1319,1,2982
22356,291,4,11901
22358,101,7,12947
22359,542,4,15580
22360,152,1,3518
22361,325,3,7575
22362,202,3,6236
22363,8,5,16134
22364,906,5,9982
22365,169,2,4684
22366,36,4,15532
22367,218,7,19866
22368,371,3,10615
22369,106,4,7015
22370,116,7,20328
22371,8,5,9991
22372,173,4,8725
22373,268,7,19111
22374,39,3,7426
22375,106,5,14278
22376,300,2,2735
22377,82,10,29554
22378,99,7,22243
22380,36,8,26288
22381,397,2,9133
22382,92,5,17328
22383,791,2,6657
22384,9,6,12801
22385,189,6,16443
22386,258,5,17201
22387,208,3,10011
22388,277,5,14388
22389,175,8,19867
22390,254,8,23634
22391,7,9,24478
22392,7,5,10040
22393,499,4,15597
22394,181,3,8906
22395,306,8,19298
22396,664,5,8283
22397,125,5,12179
22398,84,6,14714
22399,2,9,26191
22400,137,5,10105
22401,410,4,5173
22402,214,7,17019
22403,61,4,12066
22404,83,7,25421
22405,84,9,26393
22406,384,7,13986
22407,372,4,10217
22408,805,6,20996
22409,175,4,7098
22410,194,6,12330
22411,339,2,4161
22412,746,6,18502
22413,513,6,20455
22414,301,1,2618
22415,119,4,13600
22416,511,4,6041
22417,43,5,19446
22418,662,3,9502
22419,176,3,5097
22420,226,7,15446
22421,131,4,9076
22422,2,5,17090
22423,253,2,3390
22424,67,6,15040
22425,625,3,10616
22426,2,5,14074
22427,57,5,14807
22428,169,8,25903
22429,362,9,25587
22430,81,10,34964
22431,186,6,14880
22432,192,3,10607
22433,407,4,13214
22434,84,4,15067
22435,184,6,11806
22436,144,8,12477
22437,15,2,7351
22438,163,6,10983
22439,1237,2,3637
22440,259,7,22081
22441,249,5,14657
22442,140,6,17034
22443,1190,1,4905
22444,829,6,15030
22445,130,5,9418
22446,140,7,15023
22447,58,3,9393
22448,726,2,7135
22449,549,5,14120
22450,129,6,12188
22451,40,5,9996
22452,165,3,6538
22453,120,7,21156
22454,372,3,7791
22455,1289,1,3938
22456,27,9,29519
22457,266,4,13132
22458,218,8,18642
22459,184,5,17003
22460,468,4,13750
22461,255,2,1418
22462,147,7,16005
22463,106,6,15827
22464,283,7,20345
22465,106,7,22406
22466,533,4,9167
22467,330,7,25670
22468,190,7,20280
22469,88,5,13303
22470,830,3,10274
22471,54,4,9471
22472,311,5,17244
22473,412,2,6213
22474,219,4,13589
22475,56,3,11659
22476,19,8,15280
22477,157,6,11149
22478,117,10,26614
22479,187,5,18684
22480,201,3,8714
22481,94,4,6202
22482,198,4,12040
22483,22,4,5060
22484,47,6,13767
22485,25,9,29289
22486,113,7,17471
22487,183,7,21957
22488,120,3,9815
22489,488,5,12882
22490,893,2,7691
22491,304,5,14605
22492,624,1,910
22493,69,3,11743
22494,235,7,25366
22495,477,2,6269
22496,405,3,6474
22497,328,3,10052
22498,151,6,11984
22499,295,5,16698
22500,227,5,16835
22501,105,9,17441
22502,374,5,10039
22503,254,3,6217
22504,69,4,11818
22505,285,2,5433
22506,146,5,15768
22507,109,7,15684
22508,14,4,11644
22509,318,9,18042
22510,386,3,6317
22511,347,2,8161
22512,412,8,16809
22513,35,5,13166
22514,76,3,5241
22515,219,12,30702
22516,30,6,20432
22517,63,9,16767
22518,326,6,6523
22519,158,7,20108
22520,15,4,8360
22521,289,3,7920
22522,1,7,25877
22523,78,5,9026
22524,61,2,3823
22525,26,5,16342
22526,173,4,14918
22527,148,4,10200
22528,413,6,18984
22529,214,6,13016
22530,166,4,14496
22531,374,4,5515
22532,12,7,23897
22533,163,8,22944
22534,118,7,18442
22535,131,4,10360
22536,400,4,8560
22537,751,3,8386
22538,43,7,18096
22539,448,7,20003
22540,181,5,9499
22541,305,6,16662
22542,161,7,19097
22543,303,2,9531
22544,13,8,22007
22545,205,2,8548
22546,747,3,9740
22547,598,3,7567
22548,354,4,10650
22549,493,3,10317
22550,948,4,10443
22551,92,9,28628
22552,96,10,24782
22553,172,5,16453
22554,600,1,1722
22555,37,7,25591
22556,220,2,2680
22557,67,4,4085
22558,535,3,6834
22559,280,6,16765
22560,144,7,15028
22561,102,5,11316
22562,68,6,15816
22564,263,3,6829
22565,513,4,8413
22566,348,5,14982
22567,97,4,10838
22568,61,9,23284
22569,262,3,7081
22570,174,5,11111
22571,220,7,22374
22572,386,6,16397
22573,217,4,15490
22574,90,10,29955
22575,248,3,13240
22576,253,5,11721
22577,193,7,16904
22578,141,8,21649
22579,93,7,14666
22580,251,7,25830
22581,245,3,9596
22582,343,5,16526
22583,195,7,22111
22584,52,8,18101
22585,7,4,8396
22586,176,5,9901
22587,1231,1,545
22588,200,9,25240
22589,43,6,13370
22591,47,9,23562
22592,13,7,20635
22593,260,4,13233
22594,661,6,15526
22595,304,4,9870
22596,12,6,16412
22597,142,5,19514
22598,61,6,9786
22599,1008,5,14963
22600,657,5,14533
22601,110,6,20713
22602,427,2,3765
22603,198,12,23543
22604,307,2,3112
22605,215,1,1734
22606,14,10,24376
22607,178,6,6938
22608,67,2,6407
22609,331,4,9148
22610,52,5,10179
22611,127,5,14915
22612,238,4,9764
22613,50,8,26338
22614,458,4,14462
22615,10,6,14664
22616,331,2,10465
22617,324,5,14286
22618,70,4,10258
22619,917,2,4625
22620,115,6,22460
22621,405,3,9147
22622,40,7,13536
22623,566,3,4845
22624,238,7,20061
22625,542,4,15990
22626,483,3,8387
22627,857,1,1046
22628,994,2,7117
22629,133,6,13487
22630,563,5,14666
22631,207,3,10612
22632,86,5,15169
22633,398,3,6397
22634,130,3,10951
22635,199,10,28378
22636,496,4,10034
22637,476,5,8682
22638,209,6,16783
22639,703,7,11019
22640,967,1,2250
22641,59,7,17712
22642,1061,1,727
22643,346,5,13198
22644,269,7,19183
22645,380,4,10645
22646,74,5,12561
22647,11,1,1773
22648,72,6,12148
22649,643,5,10816
22650,245,8,18487
22651,145,8,20639
22652,42,5,10338
22653,441,2,3854
22654,1058,2,2910
22655,335,4,14920
22656,911,2,4291
22657,28,4,15280
22658,462,8,27819
22660,100,5,15515
22661,147,4,15754
22662,544,1,3903
22663,86,9,24991
22664,633,3,5168
22665,200,5,15155
22666,28,5,12876
22667,19,10,32675
22668,1326,1,3164
22669,570,1,4251
22670,135,8,26276
22671,28,3,10210
22672,42,7,22861
22673,169,6,16291
22674,560,3,2705
22675,106,6,17492
22676,288,9,22265
22677,48,7,21074
22678,34,6,10304
22679,18,6,19447
22680,74,6,17248
22681,456,7,16500
22682,38,7,19600
22683,45,7,23253
22684,118,12,22893
22685,224,8,26160
22686,62,2,2205
22687,182,3,8465
22688,108,6,15498
22689,294,7,23314
22690,402,6,16007
22691,192,7,17271
22692,114,4,10724
22693,242,6,10435
22694,420,7,21543
22695,66,4,15016
22696,43,7,28549
22697,488,3,4210
22698,192,4,17465
22699,923,2,9751
22700,2,5,12492
22701,21,6,18123
22702,56,8,14429
22703,157,5,13247
22704,741,3,6299
22705,472,7,20316
22706,507,4,12095
22707,196,8,16265
22708,19,6,21531
22709,544,4,9346
22710,18,9,26940
22711,145,6,17866
22712,30,7,18930
22713,154,3,4696
22714,744,1,4681
22715,163,11,35820
22716,55,6,12425
22717,118,5,9715
22718,202,6,15200
22719,73,3,7498
22720,409,7,13977
22721,863,3,12618
22722,157,4,12290
22723,92,8,21853
22724,56,8,26924
22725,417,3,6177
22726,72,5,10831
22727,117,6,16928
22728,144,5,15640
22729,339,6,19760
22730,583,4,11048
22731,266,5,16016
22732,166,8,22435
22733,10,5,15021
22734,170,8,23011
22735,317,9,25062
22736,138,5,14344
22737,50,2,4954
22738,38,4,8743
22739,215,7,22561
22740,88,3,9064
22741,186,5,12537
22742,381,6,15844
22743,677,2,5057
22744,13,5,6202
22745,118,4,16018
22746,206,2,4273
22747,64,7,13642
22748,495,4,7580
22749,5,5,10366
22750,389,5,16125
22751,233,6,10172
22752,68,11,27149
22753,314,6,19870
22754,104,2,8016
22755,12,5,16517
22756,34,5,11814
22757,784,5,16831
22758,84,5,10488
22759,927,1,1141
22760,326,7,23124
22761,73,7,20977
22762,35,7,21551
22763,299,4,9613
22764,185,5,17685
22765,194,7,23272
22766,51,5,15837
22767,813,1,381
22768,105,7,20335
22769,599,5,7303
22770,318,8,22858
22771,357,5,10838
22772,623,1,1228
22773,265,6,13761
22774,7,6,16339
22775,22,9,26374
22776,183,6,10887
22778,368,2,5794
22779,91,6,15939
22780,13,9,22725
22781,193,4,10735
22782,406,5,6675
22783,233,5,14232
22784,3,5,15586
22785,408,9,23514
22786,219,6,21572
22787,257,9,19297
22788,783,3,7779
22789,111,6,18466
22790,207,7,13347
22791,92,5,12543
22792,484,5,16621
22793,128,2,6691
22794,13,5,18654
22795,261,6,16715
22796,372,5,17847
22797,74,5,9593
22798,95,3,6062
22799,307,5,14187
22800,189,6,18978
22801,316,8,24080
22802,18,7,7179
22803,281,3,2967
22804,39,10,31763
22805,291,6,17256
22806,962,4,9806
22807,318,2,2416
22808,507,5,13846
22809,250,6,11431
22810,126,4,11670
22811,1173,2,4424
22812,6,8,22417
22813,83,2,5391
22814,317,2,6367
22815,30,8,26629
22816,63,9,27299
22817,35,6,18492
22818,150,5,17970
22819,313,4,8319
22820,523,4,9080
22821,1035,1,2121
22822,56,3,5597
22823,417,3,7954
22824,8,11,30726
22825,129,5,13668
22826,743,7,11502
22827,370,4,13480
22828,374,3,7946
22829,168,4,16051
22830,192,2,4422
22831,428,3,8696
22832,380,7,14714
22833,189,5,16937
22834,59,4,15342
22835,222,5,8111
22836,197,3,10275
22837,312,4,9061
22838,78,7,17450
22839,48,6,17444
22840,609,6,23040
22841,283,3,4125
22842,156,4,7189
22843,338,8,22352
22844,52,6,16238
22845,151,2,7277
22846,107,3,7207
22847,236,3,5852
22848,19,8,22597
22849,873,2,4019
22850,80,1,3367
22851,316,9,25158
22852,666,3,8750
22853,260,6,15404
22854,77,6,24355
22855,354,2,8922
22856,505,7,18816
22857,874,4,9599
22858,80,3,4862
22859,371,5,8230
22860,126,10,31178
22861,135,5,9084
22862,49,5,11124
22863,48,11,34720
22864,63,2,6279
22865,31,4,16732
22866,153,3,9489
22867,314,4,10675
22868,20,3,3272
22869,134,9,23315
22870,164,4,10681
22871,485,2,7733
22872,382,6,11844
22873,90,5,14015
22874,348,4,13806
22875,88,7,14072
22877,248,7,9217
22878,54,4,13796
22879,4,8,21651
22880,178,7,19815
22881,8,7,21131
22882,7,4,11381
22883,929,3,8260
22884,78,7,18475
22885,350,6,13023
22886,194,6,21286
22887,14,7,20968
22888,405,1,4042
22889,818,3,7052
22890,642,4,4378
22891,341,6,14157
22892,463,3,9844
22893,771,4,13599
22894,202,4,14000
22896,10,8,15152
22897,791,4,14603
22898,483,2,6053
22899,128,7,21340
22900,29,6,9485
22901,371,5,8500
22902,393,4,9431
22903,436,6,16371
22904,91,5,13535
22905,901,1,2653
22906,549,6,14620
22907,105,4,11644
22908,346,8,25300
22909,394,5,14730
22910,59,6,12695
22911,89,3,4632
22912,397,2,3733
22913,229,6,14113
22914,109,3,12440
22915,488,2,5559
22917,83,5,15747
22918,45,3,7907
22919,735,1,1817
22920,300,4,10044
22921,13,5,9689
22922,73,7,14513
22923,468,3,8458
22924,35,3,4383
22925,918,3,5831
22926,1044,1,4594
22927,7,7,18101
22928,281,6,16405
22929,235,2,5271
22930,2,10,27598
22931,29,2,6107
22932,397,3,8246
22933,14,2,4693
22934,66,9,24164
22935,287,7,19889
22936,364,7,14780
22937,245,4,13778
22938,133,2,5387
22939,12,9,23415
22940,15,12,31207
22941,54,8,16252
22942,121,6,16951
22943,471,3,7774
22944,367,4,8204
22945,100,5,14295
22946,3,6,13614
22947,505,3,11496
22948,111,8,19284
22949,273,8,19805
22950,3,5,15454
22951,45,4,8135
22952,163,4,12123
22953,134,8,22148
22954,374,5,12168
22955,397,5,16879
22956,413,5,13916
22957,65,5,18083
22958,168,7,21634
22959,199,1,1153
22960,208,5,15210
22961,409,7,12883
22962,442,8,25025
22963,323,3,2012
22964,115,4,8931
22965,376,5,8602
22966,274,4,9914
22967,328,3,9812
22968,5,7,24884
22969,142,6,9985
22970,416,3,10911
22971,73,3,9607
22972,29,9,22685
22973,110,10,28070
22974,84,4,11226
22975,101,6,15892
22976,73,2,2022
22977,235,8,24932
22978,115,3,6050
22979,192,7,17853
22980,105,5,16088
22981,675,3,6604
22982,263,6,21155
22983,99,4,7257
22984,29,8,22371
22985,45,5,14242
22986,72,3,8052
22987,66,4,11729
22988,274,6,14481
22989,150,6,14986
22990,164,6,18401
22991,452,4,12047
22992,340,6,14373
22993,299,4,12781
22994,273,4,15748
22995,135,8,27269
22996,136,5,17119
22997,96,4,15014
22998,289,5,13712
22999,105,5,13517
23000,246,5,12297
23001,203,8,16740
23002,2,1,1279
23003,125,5,11543
23004,208,4,11319
23005,83,7,17857
23006,290,3,8474
23007,49,7,16584
23008,383,5,9701
23009,207,7,20057
23010,1090,2,1803
23011,339,6,19906
23012,638,5,14246
23013,137,5,10690
23014,141,4,11986
23015,457,2,6252
23016,566,5,12206
23017,552,5,14812
23018,16,7,12261
23019,44,5,13507
23020,18,7,16162
23021,232,6,17633
23022,480,5,13956
23023,82,8,15590
23024,39,5,19246
23025,540,4,6516
23026,300,4,14266
23027,798,7,24290
23028,21,3,12338
23029,549,6,18138
23030,40,8,21145
23031,282,8,23442
23032,259,5,18484
23033,48,4,7376
23034,162,6,22670
23035,278,5,17197
23036,242,6,22406
23037,27,9,26033
23038,257,6,9358
23039,334,7,20327
23040,34,7,19297
23041,356,3,8766
23042,347,5,18929
23043,76,7,17125
23044,180,8,16552
23045,117,9,26001
23046,165,2,6589
23047,384,5,16289
23048,207,12,23905
23049,752,5,14075
23050,138,5,13914
23051,395,9,31266
23052,726,2,4949
23053,306,4,14784
23054,982,1,2938
23055,84,4,10058
23056,297,4,11194
23057,222,6,8435
23058,359,4,11509
23059,108,6,19270
23060,515,3,3007
23061,164,6,13797
23062,240,2,2278
23063,467,5,14894
23064,304,7,15093
23065,176,5,17559
23066,253,2,5611
23067,825,3,11752
23068,66,7,15060
23069,683,2,6240
23070,42,5,9971
23071,80,1,3654
23072,155,5,13095
23073,343,4,13603
23074,28,3,3379
23075,264,5,15306
23076,29,3,12621
23077,280,6,15520
23078,368,5,14548
23079,1019,3,10912
23080,71,4,13848
23081,16,8,27855
23082,220,4,11156
23083,38,5,16197
23084,294,2,5503
23085,150,6,18357
23086,189,7,18825
23087,117,8,18913
23088,432,6,16626
23089,154,4,14387
23090,323,5,19070
23091,402,5,11538
23092,159,4,15048
23093,87,8,22150
23094,77,9,20610
23095,34,5,14039
23096,103,5,10362
23097,171,4,14387
23098,97,3,7536
23099,52,10,31147
23100,41,7,23440
23101,120,9,29090
23102,130,5,11263
23103,63,8,14152
23104,166,4,8694
23105,89,4,7074
23106,222,2,8008
23107,108,8,30142
23108,2,11,24328
23109,488,3,9040
23110,648,5,19992
23111,112,8,22494
23112,168,3,5812
23113,68,7,19190
23114,633,4,8747
23115,649,5,17575
23116,582,5,13863
23117,243,6,10847
23118,323,7,16003
23119,61,5,9556
23120,1296,1,4794
23121,186,3,9783
23122,175,4,15409
23123,112,6,15122
23124,302,5,12557
23125,63,4,11297
23126,606,2,5700
23127,130,8,18237
23128,51,5,15722
23129,132,6,19674
23130,350,2,7771
23131,131,8,22311
23132,187,5,9413
23133,190,4,7086
23134,684,4,13421
23135,27,5,11261
23136,780,3,7058
23137,321,4,10175
23138,219,4,9810
23139,57,1,5281
23140,736,5,14846
23141,148,8,19183
23142,82,5,15847
23143,89,8,22532
23144,274,6,15663
23145,368,3,6479
23146,77,9,30601
23147,171,6,16890
23148,85,4,8544
23149,31,5,15254
23150,116,4,11227
23151,99,8,23154
23152,200,3,9724
23153,196,6,15387
23154,425,6,12485
23155,227,4,14812
23156,184,2,6303
23157,628,2,7607
23158,587,3,8396
23159,725,6,13257
23160,51,9,30760
23161,210,1,1677
23162,230,7,18798
23163,47,5,8343
23164,32,8,20985
23165,219,6,14897
23166,383,6,20717
23167,81,1,4566
23168,6,3,9465
23169,118,4,7605
23170,249,4,9602
23171,176,2,6031
23172,3,4,9313
23173,220,7,23302
23174,255,5,15662
23175,176,5,10142
23176,34,7,24760
23177,46,5,9436
23178,14,3,11619
23179,311,2,3727
23180,66,8,16122
23181,384,5,12570
23182,414,5,13495
23183,736,4,15023
23184,25,4,5155
23185,550,6,16202
23186,50,7,18741
23187,789,4,6327
23188,171,4,7371
23189,343,4,10053
23190,200,3,10307
23191,611,6,17710
23192,20,8,25027
23193,1301,1,5060
23194,269,5,10899
23195,238,7,18321
23196,33,5,14648
23197,187,11,23020
23198,265,9,29602
23199,216,6,14986
23200,347,5,17730
23201,1121,1,4063
23202,862,4,16405
23203,747,6,17745
23204,180,3,9330
23205,109,7,22185
23206,157,2,5849
23207,249,3,12354
23208,282,3,6849
23209,263,9,28532
23210,55,7,16106
23211,274,5,17292
23212,333,3,3663
23213,531,3,13394
23214,134,5,11116
23215,28,2,2031
23216,548,3,5869
23217,405,4,10339
23218,306,4,10322
23219,45,3,6821
23220,134,3,10741
23221,41,7,17183
23222,260,4,10802
23223,815,3,10250
23224,38,4,12662
23225,28,7,21467
23226,207,4,6465
23227,574,4,10570
23228,190,6,14178
23229,191,4,5801
23230,417,5,11707
23231,381,4,13280
23232,27,6,16683
23233,524,3,7317
23234,283,2,5571
23235,46,2,9685
23236,463,4,16831
23237,152,5,8434
23238,281,3,1842
23239,347,2,4550
23240,322,5,10850
23241,58,5,5570
23242,721,4,12182
23243,1267,1,3311
23244,55,2,5284
23245,189,8,21460
23246,152,4,5771
23247,100,2,3116
23248,108,4,14188
23249,4,8,20315
23250,175,7,16744
23251,38,5,14996
23252,367,8,19258
23253,19,5,11917
23254,32,6,18119
23255,81,3,11870
23256,168,5,12763
23257,8,3,7855
23258,663,5,14857
23259,11,5,11460
23260,458,3,8138
23261,647,2,4264
23262,20,8,22024
23263,513,5,11711
23264,180,4,9151
23265,12,7,19364
23266,85,5,11302
23267,483,2,5014
23268,122,4,7220
23269,527,5,12638
23270,28,4,11064
23271,102,9,33999
23272,385,5,9962
23273,472,6,25508
23274,61,11,23818
23275,193,6,14418
23276,59,6,19235
23277,20,4,11330
23278,415,5,13977
23279,173,11,21472
23280,147,5,21682
23281,176,7,19654
23282,134,5,8684
23283,68,8,18289
23284,311,4,9417
23285,36,3,7978
23286,46,3,3500
23287,768,2,1471
23288,144,7,11077
23289,338,7,21109
23290,422,8,22105
23291,10,8,30645
23292,323,8,22190
23293,12,5,11514
23294,186,3,3699
23295,259,5,15037
23296,267,4,9874
23297,103,4,14610
23298,101,7,22652
23299,75,8,22875
23300,8,4,11555
23301,408,5,12544
23302,102,4,13401
23303,718,4,13195
23304,235,7,15124
23305,116,3,10365
23306,264,7,19950
23307,68,3,11007
23308,271,2,3122
23309,250,2,4711
23310,45,7,16134
23311,194,8,17389
23312,216,1,996
23313,80,3,5422
23314,566,3,3788
23315,384,3,4332
23316,304,1,2834
23317,166,4,11786
23318,276,6,18316
23319,256,6,19534
23320,85,2,7616
23321,75,5,12823
23322,2,9,26442
23323,187,4,10760
23324,524,2,3680
23325,177,6,23531
23326,371,5,14122
23327,49,5,18971
23328,296,4,8335
23329,138,6,18214
23330,587,11,30781
23331,143,6,15464
23332,451,6,15574
23333,112,6,19369
23334,175,3,6816
23335,71,4,9072
23336,289,8,20360
23337,44,7,23305
23338,197,6,16923
23339,65,3,3822
23340,11,8,23468
23341,424,4,9062
23342,461,4,13715
23343,247,7,21011
23344,99,7,18934
23345,438,3,10082
23346,132,4,9543
23347,206,6,15632
23348,743,3,7577
23349,255,6,8898
23350,149,7,24012
23351,281,4,8827
23352,511,5,10231
23353,1083,1,4662
23354,136,5,11546
23355,541,4,14611
23356,373,3,8790
23357,95,7,11228
23358,875,3,7248
23359,307,5,4424
23360,834,3,9812
23361,64,4,15896
23362,602,3,3030
23363,98,7,19368
23364,355,8,21593
23365,557,4,12664
23366,54,11,24342
23367,367,3,12856
23368,123,5,14805
23369,693,3,11874
23370,59,6,15319
23371,42,5,19576
23372,47,7,11699
23374,1107,3,11628
23375,9,9,21078
23376,44,4,9575
23377,46,7,27592
23378,542,3,9102
23379,229,4,8318
23381,268,6,9353
23382,143,5,13978
23383,547,3,13302
23384,208,4,10182
23385,508,4,4422
23386,545,4,13040
23387,514,3,9064
23388,516,3,10186
23389,637,3,11622
23390,259,3,9245
23391,768,3,9994
23392,320,8,20853
23393,389,4,17946
23394,360,4,10168
23395,11,5,12501
23396,19,10,37430
23397,126,8,21722
23398,211,5,14075
23399,410,4,13599
23400,81,3,10016
23401,52,4,13119
23402,98,5,10925
23403,617,1,661
23404,1228,1,4041
23405,433,5,16205
23406,535,1,3539
23407,55,9,26898
23408,200,5,13923
23409,413,2,8132
23410,360,4,14228
23411,135,5,8437
23412,8,8,18423
23413,101,5,16250
23414,37,6,19648
23415,275,5,7395
23416,639,4,5665
23417,98,9,17156
23418,172,6,15060
23419,600,3,11372
23420,230,2,5110
23421,95,9,22071
23422,90,10,28875
23423,263,7,15046
23424,33,3,9567
23425,59,4,10377
23426,174,6,15167
23427,638,3,7904
23428,283,3,9522
23429,773,4,18678
23430,451,7,15321
23431,445,5,9900
23432,130,3,9374
23433,1048,2,7196
23434,43,3,6531
23435,1229,1,997
23436,277,5,11004
23437,31,4,13897
23438,59,5,11311
23439,191,7,20789
23440,77,5,11235
23441,476,5,18454
23442,28,8,29931
23443,115,6,15802
23444,238,8,22375
23445,205,7,23641
23446,105,12,27100
23447,29,5,12606
23448,407,3,4507
23449,456,3,6450
23450,101,11,25108
23451,137,4,9371
23452,20,3,8451
23453,290,6,18434
23454,124,5,13048
23455,1026,4,14079
23456,142,3,9083
23457,464,4,10052
23458,1275,2,5996
23459,343,5,11083
23460,22,7,10686
23461,424,6,17523
23462,34,4,8518
23463,385,3,4676
23464,85,4,8869
23465,566,6,16363
23466,239,6,23307
23467,699,3,7316
23468,190,4,9652
23469,210,3,5690
23470,471,3,11080
23471,46,8,22731
23472,1050,3,6561
23473,8,7,12055
23474,270,9,32048
23475,210,8,26562
23476,62,7,14340
23477,222,6,17911
23478,267,3,9528
23479,62,5,16928
23480,368,5,14136
23481,32,7,22965
23482,642,1,2627
23483,53,7,13745
23484,638,2,2647
23485,175,5,12361
23486,63,5,19128
23487,273,4,11721
23488,105,6,19879
23489,110,7,21449
23490,23,8,17505
23491,713,5,7672
23492,89,6,18419
23493,518,4,11164
23494,801,2,7633
23495,164,3,7171
23496,132,6,14497
23497,382,8,16274
23498,260,7,20315
23499,466,6,5500
23500,45,5,15777
23501,362,7,18766
23502,26,8,17327
23503,184,5,11664
23504,34,5,14518
23505,3,9,30221
23506,192,4,8922
23507,273,4,13603
23508,95,3,5428
23509,14,3,9457
23510,188,7,20469
23511,406,6,11840
23512,457,3,9671
23513,180,5,21804
23514,140,4,13324
23515,105,4,11512
23516,186,3,9138
23517,1055,1,4678
23518,158,6,12097
23519,233,6,14235
23520,269,3,5105
23521,233,5,11828
23522,84,7,20755
23523,121,4,15864
23524,729,3,3274
23525,370,3,5537
23526,473,9,29290
23527,328,3,6701
23528,135,7,17041
23529,176,7,20286
23530,206,5,10730
23531,267,4,14140
23532,132,4,10151
23533,210,7,10047
23534,252,4,8354
23535,25,4,10528
23536,729,1,4073
23537,262,4,10601
23538,132,10,27330
23539,180,5,8875
23540,364,4,11858
23541,1024,3,12676
23542,74,7,26345
23543,15,5,15892
23544,16,7,24292
23545,24,9,32233
23546,134,12,36235
23547,306,3,9153
23548,62,5,19661
23549,100,6,14971
23550,15,4,8615
23551,205,6,12857
23552,7,8,25109
23553,91,2,6816
23554,16,7,18407
23556,3,6,14531
23557,37,3,2556
23558,446,3,7636
23559,254,3,3128
23560,193,3,6440
23561,82,6,18272
23562,166,3,5187
23563,914,1,664
23564,558,4,13905
23565,660,4,5371
23566,121,5,14955
23567,632,6,15950
23568,281,7,23044
23569,796,5,11262
23570,1100,4,13994
23571,754,3,7087
23572,241,4,11732
23573,420,2,3786
23574,108,6,21332
23575,773,1,1721
23576,107,2,4469
23577,84,4,11482
23578,37,6,20661
23579,205,6,14862
23580,246,5,12993
23581,1057,2,4511
23582,337,5,17438
23583,94,7,18401
23584,174,3,3661
23585,102,7,27330
23586,204,7,18052
23587,48,4,14908
23588,41,8,32689
23589,150,3,12500
23590,433,4,15034
23591,403,3,10598
23592,146,4,5146
23593,621,4,11203
23594,537,3,9116
23595,64,4,8176
23596,923,3,6454
23597,205,4,9479
23598,376,4,5759
23599,61,8,26708
23600,231,3,7634
23601,197,2,5506
23602,124,4,11698
23603,339,4,10503
23604,165,8,22652
23605,163,5,14514
23606,166,6,18343
23607,328,3,11093
23608,55,9,17969
23609,320,3,10832
23610,40,3,8574
23611,11,4,12967
23612,213,3,8271
23613,20,5,9237
23614,184,5,10813
23615,309,1,3352
23616,271,3,9710
23617,287,4,9977
23618,743,2,6481
23619,39,6,13155
23620,1152,1,3312
23621,495,3,8706
23622,506,4,10456
23623,688,5,16313
23624,153,4,7763
23625,260,4,13046
23626,184,2,1915
23627,10,10,31758
23628,592,5,13064
23629,61,7,21525
23630,179,2,3056
23631,180,4,11235
23632,408,9,21903
23633,395,2,5182
23634,153,5,16406
23635,206,7,20947
23636,235,6,18558
23637,99,8,22065
23638,99,3,8154
23639,583,2,6291
23640,28,4,9195
23641,64,7,15978
23642,147,6,16750
23643,525,4,16175
23644,47,7,15845
23645,452,3,7906
23646,55,5,21168
23647,173,3,9643
23648,262,6,13112
23649,50,5,12677
23650,437,4,4696
23651,77,3,6280
23652,104,4,13912
23653,162,11,29973
23654,363,3,6786
23655,1080,1,5046
23656,38,6,10344
23657,512,2,5446
23658,41,8,22096
23659,343,2,3257
23660,827,2,1432
23661,718,3,11556
23662,166,1,4159
23663,38,11,28017
23664,280,3,11126
23665,460,2,6380
23666,652,1,1303
23667,193,7,17129
23668,157,7,16553
23669,482,4,12577
23670,331,3,10443
23671,673,6,19627
23672,319,6,19822
23673,453,3,10793
23674,36,8,12629
23675,372,6,18212
23676,363,7,19994
23677,139,8,15541
23679,190,5,15820
23680,273,3,7370
23681,39,7,23870
23682,715,4,12459
23683,558,4,7851
23684,78,2,6279
23685,33,7,20339
23686,440,3,5399
23687,284,8,22411
23688,213,7,21010
23689,997,1,1640
23690,267,6,14703
23691,24,3,8273
23692,200,7,14320
23693,522,9,19476
23694,230,8,23886
23695,114,8,17306
23696,228,5,13926
23697,759,5,15286
23698,243,3,7090
23699,227,8,25404
23700,386,9,15529
23701,205,5,18067
23702,90,3,5977
23703,436,4,15488
23704,5,6,12251
23706,171,6,15091
23707,263,8,27203
23708,112,9,30250
23709,128,6,11882
23710,510,3,11198
23711,736,5,13742
23712,15,11,28375
23713,175,6,12667
23714,229,8,11620
23715,76,5,12777
23716,228,10,22779
23717,588,2,3962
23718,715,4,9559
23719,18,8,21859
23720,154,6,16318
23721,27,9,27161
23722,345,2,5468
23723,169,5,11758
23724,37,10,26926
23725,26,7,14373
23726,176,5,9239
23727,295,7,19687
23728,41,5,11315
23729,279,6,19999
23730,121,5,15248
23731,664,4,12644
23732,797,2,6875
23733,119,5,10890
23734,140,7,16085
23735,127,6,10462
23736,373,3,7297
23737,183,6,15440
23738,113,6,19586
23739,45,3,5189
23740,177,7,12996
23741,591,4,8449
23742,717,3,7826
23743,31,4,7238
23744,843,3,9738
23745,46,5,11396
23746,20,10,22840
23747,28,6,9963
23748,189,4,16570
23749,50,5,20820
23750,112,5,15237
23751,552,8,20023
23752,228,7,13751
23753,213,6,20923
23754,297,3,10286
23755,375,2,4026
23756,181,2,4414
23757,43,7,22704
23758,314,7,19997
23759,20,4,11525
23760,47,5,16318
23761,424,3,3780
23762,901,3,5709
23763,359,3,7570
23764,243,4,11209
23765,86,4,6200
23766,299,2,6133
23767,16,4,12568
23768,192,3,7214
23769,230,4,9927
23770,144,4,14648
23771,271,3,12147
23772,68,6,10255
23773,39,9,23463
23774,164,6,14684
23775,365,8,22304
23776,85,3,7525
23777,291,3,5989
23778,454,4,10563
23779,28,8,29150
23780,200,4,13872
23781,144,4,10908
23783,146,4,13398
23784,35,8,23491
23785,145,3,4657
23786,344,5,12434
23787,212,5,14937
23788,113,6,10272
23789,48,6,23125
23790,525,6,18790
23791,18,7,17464
23792,192,4,8779
23793,147,5,7066
23794,134,4,9539
23795,586,6,17508
23796,278,4,9502
23797,133,3,4033
23798,29,5,9764
23799,826,2,6102
23800,341,3,7015
23801,893,2,7321
23802,80,8,26093
23803,908,2,3423
23804,1047,2,3138
23805,739,2,8204
23806,477,6,12029
23807,1023,3,7286
23808,131,5,9011
23809,627,2,5028
23810,135,6,19158
23811,222,8,24979
23812,300,4,14272
23813,641,2,3129
23814,140,6,21941
23815,109,8,21809
23816,630,4,10643
23817,1029,2,4748
23818,32,8,21767
23819,87,6,15889
23820,346,5,12848
23821,41,8,17414
23822,477,6,20079
23823,19,11,33026
23824,76,5,16716
23825,291,2,4982
23826,933,5,17124
23827,104,9,28395
23828,377,4,6616
23829,11,5,14587
23830,48,7,19719
23831,454,2,5104
23832,34,4,13418
23833,243,7,22087
23834,47,7,21466
23835,1066,1,1327
23836,78,8,22579
23837,4,4,10486
23838,100,3,9745
23839,219,5,13062
23840,149,6,20465
23841,217,7,23622
23842,208,6,15177
23843,671,3,6288
23844,48,5,12570
23845,66,6,17420
23846,373,3,11976
23847,371,4,7532
23848,635,3,8445
23849,2,7,23458
23850,264,7,15562
23851,32,9,27669
23852,351,7,21007
23853,43,4,10538
23854,34,8,28718
23855,105,6,19838
23856,323,6,19419
23857,479,4,9970
23858,307,4,9935
23859,82,6,12438
23860,210,3,10144
23861,24,8,19483
23862,545,3,10704
23863,554,4,9200
23864,59,6,17138
23865,247,2,4808
23866,232,3,9012
23867,618,4,4765
23868,477,2,5449
23869,107,4,8950
23870,142,5,13591
23871,285,7,17781
23872,534,3,10137
23873,78,3,9308
23874,624,1,2083
23875,303,5,16477
23876,102,3,6197
23877,186,5,10568
23878,1,3,7279
23879,64,3,9363
23880,210,11,19528
23881,34,5,17419
23882,185,5,12518
23883,371,2,7551
23884,38,7,21648
23885,67,9,19125
23886,442,4,10765
23887,588,2,2703
23888,134,7,21538
23889,7,6,13459
23890,158,4,14824
23891,156,9,30615
23892,484,6,14245
23893,299,7,24184
23894,462,4,10822
23895,664,5,18624
23896,149,7,18373
23897,269,7,15787
23898,706,2,6308
23899,1281,1,1843
23900,8,4,12766
23901,29,7,12572
23902,379,5,15527
23903,246,6,16061
23904,35,4,9179
23905,539,3,5710
23906,233,6,14464
23907,106,6,21879
23908,56,4,12473
23909,343,8,25199
23910,759,3,7371
23911,8,10,26858
23912,114,9,23356
23913,36,6,13554
23914,366,4,15753
23915,477,3,3996
23916,53,8,25494
23917,286,7,18558
23918,314,4,11214
23919,361,2,3066
23920,5,4,15941
23921,90,3,12235
23922,155,6,19327
23923,70,3,9192
23924,154,2,1339
23925,359,6,17408
23926,414,5,15052
23927,290,5,18587
23928,114,2,6732
23929,793,1,3423
23930,107,4,15357
23931,368,9,19435
23932,520,4,10626
23933,159,6,17089
23934,188,7,16834
23935,205,3,6928
23936,589,7,22385
23937,466,8,19751
23938,122,8,24095
23939,148,8,20995
23940,213,5,18520
23941,645,4,13411
23942,75,2,6216
23943,120,4,13027
23944,655,6,16186
23945,474,3,6823
23946,258,7,15081
23947,394,5,17234
23948,18,7,21510
23949,243,4,11173
23950,435,2,4623
23951,83,9,23714
23952,480,6,18946
23953,306,8,14924
23954,44,12,23411
23955,96,6,12714
23956,491,2,8421
23957,288,7,18225
23958,290,6,12006
23959,301,2,4887
23960,43,5,9318
23961,141,5,11658
23962,343,5,10515
23963,179,5,16481
23964,18,4,8557
23965,172,8,20552
23966,520,5,11356
23967,9,3,4149
23968,11,5,10667
23969,136,8,13539
23970,349,6,14199
23971,87,6,18347
23972,144,6,23061
23974,62,3,7531
23975,106,4,7316
23976,95,6,17006
23977,515,5,18523
23978,7,12,30150
23979,154,4,9586
23980,1039,3,6195
23981,85,2,6528
23982,287,6,9961
23983,118,5,16442
23984,881,1,4018
23985,413,2,5741
23986,185,7,18551
23987,57,8,19166
23988,356,4,14025
23989,19,10,28963
23990,599,5,12978
23991,36,6,16045
23992,912,3,8660
23993,138,6,18970
23994,112,4,11692
23995,196,2,5845
23996,494,2,5250
23997,400,4,6771
23998,136,3,10556
23999,4,6,15696
24000,123,10,30157
24001,275,5,14769
24002,251,4,7052
24003,24,10,25849
24004,227,4,11840
24005,188,5,12707
24006,509,4,11251
24007,152,3,9514
24008,68,2,4169
24009,458,4,15377
24010,29,4,16430
24011,116,4,10738
24012,265,4,11273
24013,95,7,22302
24014,279,6,11971
24015,239,6,13329
24016,447,4,9657
24017,77,6,20705
24018,378,4,5950
24019,86,4,12868
24020,151,5,20094
24021,93,6,16468
24022,37,8,16914
24023,103,7,24166
24024,450,2,5435
24025,432,3,7427
24026,186,7,16620
24027,526,2,9112
24028,20,3,8927
24029,250,6,15855
24030,4,7,20130
24031,377,6,14872
24032,422,2,2463
24033,188,5,15103
24034,171,5,9635
24035,216,3,12256
24036,206,3,9600
24037,101,6,18418
24038,14,6,16707
24039,848,3,5048
24040,31,8,22157
24041,479,2,4074
24042,277,5,11199
24043,46,6,20585
24044,96,5,10008
24045,326,4,13300
24046,216,5,12372
24047,660,3,4552
24048,136,7,20910
24049,80,5,15621
24050,290,6,16025
24051,575,6,18103
24052,43,7,18197
24053,116,8,26953
24054,210,6,14270
24055,879,2,6014
24056,26,6,22308
24057,702,5,7979
24058,656,3,8242
24059,26,2,8262
24060,833,2,6355
24061,347,5,17592
24062,94,9,24326
24063,241,5,13178
24064,368,6,20107
24066,359,4,9787
24067,26,6,17191
24068,227,6,14487
24069,120,4,12862
24070,456,5,11777
24071,247,11,31395
24072,944,4,11456
24073,125,7,29408
24074,166,9,28143
24075,260,3,9518
24076,540,5,13734
24077,48,5,17564
24078,79,3,10497
24079,167,8,24980
24080,719,4,6511
24081,47,11,34345
24082,104,6,19919
24083,191,6,17663
24084,75,1,3328
24085,407,3,9592
24086,621,4,8496
24087,35,8,17565
24088,390,7,26003
24089,416,5,12241
24090,270,12,28662
24091,98,7,17033
24092,205,3,7738
24093,232,6,14959
24094,265,6,22828
24095,302,3,8988
24096,222,7,23544
24097,41,6,11128
24098,858,2,3288
24099,336,8,23039
24100,310,3,7020
24101,285,3,9247
24102,212,8,24254
24103,50,4,9971
24104,82,7,15721
24105,270,5,11975
24106,67,6,12762
24107,239,7,20723
24108,93,4,11501
24109,868,2,8951
24110,10,5,12935
24111,41,9,28634
24112,231,4,10830
24113,567,4,10273
24114,174,5,12061
24115,68,9,17574
24116,235,2,5769
24117,9,6,14997
24118,350,5,19697
24119,275,4,11299
24120,201,7,14923
24121,432,5,18744
24122,269,7,22553
24123,128,7,23033
24124,327,5,13536
24125,430,7,23852
24126,149,4,15753
24127,12,2,6044
24128,18,5,9135
24129,102,3,11328
24130,323,7,19093
24131,52,11,20815
24132,47,5,12637
24133,49,4,9983
24134,659,2,5390
24135,29,13,38315
24136,314,5,17202
24137,60,4,9785
24138,361,7,24102
24139,546,2,5585
24140,111,6,14667
24141,97,4,10765
24142,473,4,15760
24143,77,10,28205
24144,182,6,15048
24145,978,3,14181
24146,730,3,12575
24147,31,6,14615
24148,70,8,22551
24149,117,6,12209
24150,64,8,28638
24151,32,8,21404
24152,476,6,13907
24153,66,2,2865
24154,299,8,23429
24155,595,2,3255
24156,30,5,11638
24157,308,6,10092
24158,133,8,25041
24159,62,6,14366
24160,53,3,6378
24161,390,6,17402
24162,156,4,11564
24163,335,4,11485
24164,9,4,10351
24165,110,4,6929
24166,328,6,24026
24167,436,6,7009
24168,185,3,5079
24169,90,7,21751
24170,17,6,15460
24171,572,4,12659
24172,496,6,17839
24173,41,8,22906
24174,44,5,13427
24175,295,3,7619
24176,8,3,6181
24177,9,4,6250
24178,548,1,3112
24179,351,4,9861
24180,125,10,28533
24181,99,2,2704
24182,349,2,6438
24183,1243,2,4725
24184,657,5,9808
24185,239,2,6720
24186,462,7,17313
24187,587,6,20017
24188,98,10,26624
24189,81,6,20887
24190,379,4,8353
24191,107,4,6817
24192,15,3,9729
24193,214,6,9867
24194,61,4,15896
24195,63,5,12853
24196,163,6,16634
24197,470,3,7073
24198,335,4,8530
24199,42,11,23485
24200,107,5,10787
24201,128,13,38048
24202,331,6,16491
24203,740,3,8460
24204,375,3,8714
24205,164,4,11114
24206,187,4,12821
24207,404,4,6478
24208,446,1,3499
24209,96,4,15219
24210,122,5,11790
24211,725,4,12946
24212,389,5,9366
24213,1069,1,2201
24214,242,2,4665
24215,239,3,10736
24216,18,5,12857
24217,87,5,17488
24218,144,7,17974
24219,103,5,13765
24220,206,5,10493
24221,83,9,28395
24222,706,1,4441
24223,326,5,19368
24224,75,4,11379
24225,17,2,4239
24226,1067,2,8665
24227,395,5,19062
24228,457,6,18796
24229,39,6,10171
24230,93,5,14648
24231,268,3,3621
24232,384,5,12565
24233,222,7,14812
24234,215,4,10344
24235,3,7,19273
24236,458,7,25926
24237,29,5,9611
24238,172,4,16707
24239,256,9,32671
24240,411,5,11099
24241,1,7,14779
24242,171,5,13880
24243,94,8,23605
24244,262,2,3761
24245,881,1,714
24246,172,4,9464
24247,67,5,9784
24248,259,4,8053
24249,281,5,13987
24250,130,9,22917
24251,678,2,4593
24252,95,5,14253
24253,280,4,9556
24254,2,4,7212
24255,830,1,1069
24256,361,6,12974
24257,68,7,27872
24258,146,4,10235
24259,140,5,16097
24260,360,12,22782
24261,532,6,12509
24262,409,3,8778
24263,219,5,20358
24264,552,4,14129
24265,205,7,18474
24266,378,7,25019
24267,304,6,16087
24268,133,7,22498
24269,112,6,17649
24270,88,5,15682
24271,493,4,7646
24272,18,6,18359
24273,51,7,18386
24274,85,5,18413
24275,78,9,20303
24276,184,3,7423
24277,259,2,5263
24278,60,3,10381
24279,1026,2,6197
24280,595,5,14316
24281,370,3,6777
24282,324,6,10759
24283,245,3,10530
24284,433,8,16459
24285,205,7,19650
24286,350,3,10298
24287,552,5,13616
24288,123,4,11315
24289,68,6,14117
24290,103,7,19788
24291,43,4,16271
24292,173,7,20697
24293,52,9,19074
24294,151,8,21693
24295,30,4,9226
24296,158,5,14037
24297,311,4,5284
24298,426,2,8150
24299,219,8,28125
24300,35,6,18247
24301,374,6,20130
24302,782,2,5294
24303,217,2,1560
24304,8,6,14462
24305,531,4,12247
24306,366,4,9803
24307,121,2,8322
24308,14,8,17566
24309,107,3,6723
24310,136,3,4477
24311,148,4,8731
24312,1,8,20338
24313,404,5,19718
24314,520,2,8543
24315,262,2,9052
24316,57,12,33162
24317,647,2,6894
24318,318,7,22443
24319,360,4,9157
24320,198,2,3540
24321,56,5,8031
24322,630,4,4641
24323,159,7,20650
24324,27,7,15930
24325,13,3,7508
24326,33,7,21212
24327,70,7,19126
24328,636,4,9238
24329,125,2,4603
24330,249,6,19857
24331,179,7,22413
24332,146,6,16032
24333,265,4,12145
24334,63,1,748
24335,722,3,9976
24336,337,3,8875
24337,322,7,23733
24338,6,6,9957
24339,29,4,12326
24340,192,7,21507
24341,500,2,6712
24342,596,4,8893
24343,317,3,6115
24344,59,3,12023
24345,23,7,13950
24346,18,6,13093
24347,302,5,9525
24348,100,3,4352
24349,344,2,6420
24350,260,3,14261
24351,103,3,9232
24352,216,6,19482
24353,45,4,9498
24354,196,6,17201
24355,280,9,30209
24356,142,2,4299
24357,312,6,15976
24358,336,2,5498
24359,117,7,20757
24360,23,6,20382
24361,22,7,23505
24362,36,5,16222
24363,34,5,10114
24364,212,3,9016
24365,6,5,15011
24366,23,10,28881
24367,304,6,20398
24368,280,8,15204
24369,400,5,8592
24370,51,6,16633
24371,313,2,5117
24372,343,2,6031
24374,57,5,12959
24375,46,6,22131
24376,280,2,5975
24377,282,5,12934
24378,45,5,13330
24379,14,7,18303
24380,255,4,14393
24381,343,5,17720
24382,154,2,6882
24383,112,4,8465
24384,163,11,38120
24385,189,6,17435
24386,649,3,7816
24387,932,2,5811
24388,765,4,14267
24389,36,9,26159
24390,151,4,12548
24391,8,8,21827
24392,452,5,12222
24393,178,5,14373
24394,439,7,18150
24395,419,6,21202
24396,73,4,6721
24397,201,2,829
24398,69,7,28499
24399,307,7,20556
24400,320,7,23515
24401,91,3,5963
24402,33,3,4940
24403,241,5,12077
24404,153,4,10887
24405,218,6,17695
24406,874,2,7426
24407,464,7,15542
24408,50,2,9753
24409,169,5,14233
24410,42,6,21337
24411,533,3,13205
24412,39,4,14869
24414,136,5,8906
24415,457,4,13866
24416,92,4,6739
24417,34,5,10595
24418,215,7,19213
24419,239,5,14541
24420,636,3,6668
24421,243,7,21207
24422,1144,1,4486
24423,36,3,5036
24424,133,8,19019
24425,102,4,15663
24426,243,1,2743
24427,244,6,22055
24428,746,2,6599
24429,115,7,17614
24430,122,2,9810
24431,84,5,9280
24432,643,2,5927
24433,371,5,14322
24434,87,7,25792
24435,87,7,16476
24436,295,7,17648
24437,183,9,22380
24438,273,5,17031
24439,124,7,15783
24440,77,1,5064
24441,157,5,12519
24442,106,4,15899
24443,73,4,10423
24444,124,10,25242
24445,250,3,4285
24446,186,8,23315
24447,428,4,11338
24448,43,7,26768
24449,5,6,17753
24450,96,6,17596
24451,216,10,27072
24452,136,7,27800
24453,324,4,10372
24454,117,4,10496
24455,102,4,12775
24456,205,4,11553
24457,1219,2,6679
24458,33,8,26490
24459,89,4,9894
24460,56,7,18321
24461,263,7,21237
24462,187,8,22383
24463,159,5,16078
24464,339,5,9565
24465,288,1,1291
24466,343,6,9265
24467,709,5,13177
24468,345,4,12038
24469,77,4,10590
24470,219,4,13083
24471,100,6,13798
24472,48,4,8436
24473,216,5,17832
24474,76,3,10916
24475,659,2,2308
24476,151,4,11899
24477,447,5,15792
24478,161,2,6870
24479,10,6,21582
24480,103,5,14702
24481,110,8,18469
24482,243,5,13476
24483,66,7,14304
24484,103,6,19684
24485,213,3,8274
24486,206,6,16510
24487,82,11,34408
24488,388,9,26245
24489,159,9,34469
24490,295,4,11099
24491,14,2,4870
24492,167,5,12818
24493,577,5,9840
24494,63,6,16652
24495,424,4,8909
24496,23,11,32704
24497,260,8,20346
24498,400,3,11026
24499,1002,1,2622
24500,271,5,15952
24501,467,5,11263
24502,836,4,9925
24503,628,1,606
24504,105,5,19625
24505,390,5,19416
24506,364,5,14309
24507,181,5,19275
24508,44,10,22919
24509,188,3,8816
24510,187,6,14995
24511,38,6,11887
24512,51,5,10702
24513,1,8,21965
24514,3,3,11955
24515,723,1,3370
24516,114,5,14997
24517,113,6,15667
24518,475,3,3845
24519,781,1,849
24520,11,6,15387
24521,429,9,20702
24522,531,8,19683
24523,36,8,22151
24524,354,6,17657
24525,399,3,5177
24526,21,6,23835
24527,300,5,15150
24528,429,5,13497
24529,202,1,2340
24530,246,8,22726
24531,324,4,11755
24532,776,2,8610
24533,149,5,13202
24534,239,4,3855
24535,164,5,17370
24536,476,2,5883
24537,856,4,10538
24538,227,8,25206
24539,178,6,17308
24540,239,6,16653
24541,644,4,8192
24542,86,5,8307
24543,28,4,17170
24544,172,6,14715
24545,185,7,19737
24546,246,4,11218
24547,167,2,5330
24548,652,2,1750
24549,183,7,20466
24550,331,7,16206
24552,32,7,15072
24553,133,3,9576
24554,35,6,14589
24555,401,4,10188
24556,138,3,11173
24557,50,3,12221
24558,249,6,19945
24559,182,6,18296
24560,111,4,11092
24561,46,6,11364
24562,119,3,8460
24563,62,3,12482
24564,356,3,6339
24565,28,10,30155
24566,607,5,11260
24567,260,7,23453
24568,3,6,13945
24569,800,3,8392
24570,250,4,9633
24571,451,4,15251
24572,110,3,5030
24573,888,2,4964
24574,207,6,16583
24575,76,7,19584
24576,790,3,9652
24577,252,2,9339
24578,766,4,10750
24579,35,6,14172
24580,121,9,19227
24581,32,6,22126
24582,37,3,4079
24583,261,8,20141
24584,98,5,16046
24585,19,8,17832
24586,9,2,4229
24587,254,7,24752
24588,423,3,11400
24589,231,5,14048
24590,220,7,18353
24591,348,5,11252
24592,340,5,14121
24593,328,4,6651
24594,284,7,14774
24595,11,3,10017
24596,148,4,11724
24597,75,6,14136
24598,506,2,7833
24599,122,7,20033
24600,16,3,7551
24601,108,8,15473
24602,586,5,9666
24603,300,3,9194
24604,1287,1,1623
24605,420,8,22793
24606,58,5,12314
24607,10,3,8306
24608,224,6,16878
24609,387,7,25017
24610,230,5,13615
24611,365,6,9820
24612,271,3,8269
24613,240,8,20339
24614,9,6,20057
24615,389,6,14974
24616,142,4,6193
24617,130,6,16047
24618,322,6,19057
24619,11,6,14915
24620,559,4,9588
24621,94,4,13906
24622,731,3,11024
24623,1,5,11584
24624,104,4,10044
24625,1081,2,2862
24626,175,3,7129
24627,124,7,19341
24628,188,7,19761
24629,493,8,22616
24630,372,4,16584
24631,571,4,14942
24632,146,4,13096
24633,158,7,17565
24634,115,6,19301
24635,64,7,19743
24636,871,1,3602
24637,79,6,19667
24638,48,6,6629
24639,517,3,8881
24640,104,5,9638
24641,87,4,13398
24642,411,2,3924
24643,29,5,10622
24644,44,10,22299
24645,21,4,8972
24646,36,3,8218
24647,8,8,18081
24648,93,6,14940
24649,455,2,4216
24650,93,9,31618
24651,79,4,11900
24652,18,2,4922
24653,133,6,17323
24654,5,7,14704
24655,242,3,6501
24656,117,2,2016
24657,9,7,21811
24658,212,5,13034
24659,309,3,10367
24660,260,7,18020
24661,6,4,12008
24662,334,5,11889
24663,236,6,12992
24664,921,1,1693
24665,10,6,16359
24666,384,6,12359
24667,284,5,15121
24668,473,3,5899
24669,60,5,14846
24670,94,6,17095
24671,11,7,14808
24672,22,7,16404
24673,92,6,19607
24674,3,2,5829
24675,407,3,5274
24676,17,5,9513
24677,144,5,11841
24678,622,3,5799
24679,162,8,12659
24680,241,4,7168
24681,437,4,6935
24682,25,7,19178
24683,141,5,11993
24684,556,5,14062
24685,51,1,4751
24686,94,6,11274
24687,197,5,16047
24688,89,6,13553
24689,274,3,5763
24690,53,5,11408
24691,41,7,26272
24692,396,6,16605
24693,489,5,8191
24694,60,9,22125
24695,17,4,8021
24696,352,8,18141
24697,10,5,18555
24698,60,5,12705
24699,173,4,4876
24700,84,5,14633
24701,408,7,17348
24702,17,8,27656
24703,994,4,6223
24704,134,9,24832
24705,183,8,19035
24706,196,3,5217
24707,359,7,21966
24708,288,4,9930
24709,277,5,17599
24710,923,4,13151
24711,339,4,13693
24712,132,5,18363
24713,254,4,12873
24714,678,3,10430
24715,142,7,18950
24716,74,3,7278
24717,77,2,2806
24718,23,5,18915
24719,838,4,11417
24720,707,2,6861
24721,964,3,6918
24722,670,2,6543
24723,94,6,16112
24724,21,6,16102
24725,91,6,11924
24726,430,5,15475
24727,395,7,19602
24728,15,3,2077
24729,224,4,12366
24730,404,3,12000
24731,129,5,15067
24732,891,3,7447
24733,416,3,10329
24734,122,5,15819
24735,15,4,5539
24736,80,7,23979
24737,760,2,2102
24738,168,3,10237
24739,65,5,18488
24740,93,6,19344
24741,205,4,11092
24742,1148,3,2741
24743,13,7,17631
24744,790,1,3680
24745,238,5,14887
24746,329,5,12657
24747,59,7,23100
24748,910,2,6658
24749,94,7,19809
24750,290,4,7736
24751,172,8,19730
24752,387,3,6699
24753,108,9,25758
24754,6,9,25973
24755,233,4,14344
24756,190,2,7458
24757,164,7,21350
24758,472,4,12854
24759,39,7,20654
24760,11,8,21609
24761,40,5,10753
24762,202,7,15851
24763,174,5,17271
24764,264,4,11331
24765,256,5,17335
24766,14,7,20285
24767,426,4,11400
24768,29,7,14620
24769,270,4,16431
24770,273,3,7982
24771,344,10,25527
24772,148,6,15294
24773,533,4,14614
24774,227,5,17796
24775,559,3,6295
24776,96,6,15153
24777,420,5,13439
24778,314,3,9469
24779,176,5,16443
24780,83,6,15437
24781,150,5,9498
24782,193,9,21486
24783,31,5,16042
24784,381,6,17395
24785,525,3,7140
24786,287,7,19694
24787,104,4,13299
24788,303,6,11846
24789,424,9,27230
24790,43,9,27015
24791,369,11,33049
24792,17,10,36278
24793,198,4,13871
24794,345,5,15983
24795,120,3,6495
24796,127,3,6708
24797,12,8,17925
24798,258,7,20790
24799,139,3,11858
24800,62,10,28918
24801,188,3,9302
24802,187,6,20043
24803,34,3,5524
24804,196,3,13612
24805,140,3,9767
24806,206,8,25113
24807,4,4,12356
24808,105,8,23804
24809,182,5,8497
24810,553,5,11937
24811,87,5,16381
24812,401,9,17624
24813,162,9,20227
24814,249,2,4052
24815,188,8,19390
24816,88,8,24414
24817,421,5,8695
24818,124,5,15939
24819,1204,2,2262
24820,124,4,6882
24821,2,5,14654
24822,76,5,16186
24823,189,6,12344
24824,133,5,15323
24825,112,5,12175
24826,35,9,22290
24827,410,4,14617
24828,67,5,13339
24829,389,5,15155
24830,31,9,26140
24831,44,6,13062
24832,200,3,11989
24833,218,3,8086
24834,21,1,4462
24835,369,4,15918
24836,35,7,19140
24837,406,5,16425
24838,615,3,7166
24839,152,5,14723
24840,65,2,3999
24841,50,8,21571
24842,196,8,19745
24843,38,10,29251
24844,148,3,10497
24845,362,5,14534
24846,804,4,8166
24847,128,8,26487
24848,123,6,18435
24849,26,6,14453
24850,71,5,11991
24851,48,6,15078
24852,329,2,8343
24853,170,7,18263
24854,491,5,22229
24855,134,5,14906
24856,29,9,27203
24857,433,5,6370
24858,140,4,11912
24859,556,6,17179
24860,1049,1,4614
24861,250,2,3734
24862,90,3,13012
24863,96,6,13782
24864,53,8,28237
24865,1015,2,8513
24866,134,5,12626
24867,254,3,9715
24868,424,2,5079
24869,99,5,7203
24870,439,3,10154
24871,476,1,1797
24872,491,6,18759
24873,806,4,13097
24874,310,6,14821
24875,54,4,10304
24876,391,5,11683
24877,168,5,19293
24878,832,3,7977
24879,425,3,8723
24880,418,6,9455
24881,3,3,7850
24882,72,6,12968
24883,324,9,21593
24884,217,4,9750
24885,234,3,13395
24886,126,5,11679
24887,133,6,12448
24888,210,5,13589
24889,354,4,12830
24890,84,8,21151
24891,1194,2,5531
24892,1,6,16661
24893,269,6,20215
24894,72,9,19914
24895,365,8,27385
24896,165,4,8463
24897,112,6,13448
24898,82,6,19696
24899,89,4,14459
24900,79,7,21914
24901,147,12,21475
24902,339,2,3763
24903,7,8,15296
24904,598,3,10204
24905,49,7,17005
24906,603,6,24114
24907,19,5,15140
24908,232,4,8407
24909,136,4,9850
24910,135,4,11807
24911,896,3,12949
24912,166,3,3701
24913,80,11,23503
24914,355,4,9079
24915,101,6,17054
24916,294,3,11136
24917,270,4,10355
24918,206,6,13583
24919,79,7,21786
24920,156,3,7726
24921,41,4,9500
24922,172,6,15078
24923,198,6,10015
24924,60,10,29018
24925,232,3,12571
24926,29,7,19267
24927,106,5,13673
24928,124,6,15777
24929,8,6,12967
24930,482,4,16509
24931,123,4,13950
24932,237,7,21037
24933,227,4,9198
24934,152,5,16109
24935,5,8,31422
24936,343,5,12510
24937,13,7,22028
24938,212,6,19525
24939,286,4,6254
24940,8,11,31331
24941,123,3,10346
24942,99,4,15925
24943,979,3,6657
24944,418,4,8375
24945,851,1,3779
24946,247,7,19989
24947,91,5,15283
24948,64,7,13503
24949,288,5,17018
24950,327,10,30573
24951,344,4,9357
24952,193,3,7175
24953,345,3,10518
24954,606,4,10127
24955,58,10,21717
24956,460,2,5015
24957,34,5,13550
24958,100,4,10484
24959,148,4,11674
24960,190,3,8470
24961,226,3,2550
24962,77,3,5796
24963,24,6,20099
24964,195,6,17035
24965,474,3,5933
24966,120,6,14019
24967,271,4,16191
24968,366,6,15961
24969,53,7,21094
24970,925,2,9732
24971,111,3,10812
24972,133,4,11742
24973,629,5,11035
24974,290,1,4504
24975,32,5,12307
24976,436,2,5309
24977,345,5,16468
24978,186,5,15787
24979,98,4,8107
24980,686,4,11276
24981,308,11,38511
24982,150,6,18995
24983,584,1,4924
24984,11,5,12814
24985,70,7,14806
24986,275,2,4189
24987,61,6,12665
24988,1122,2,3282
24989,638,1,2043
24990,404,4,10108
24991,93,4,7651
24992,154,3,8818
24993,450,6,18253
24994,25,4,15045
24995,387,3,8625
24996,102,8,23611
24997,247,8,22421
24998,178,6,12327
24999,37,4,12714
25000,55,5,9150
25001,102,5,12793
25002,366,3,8392
25003,208,8,18331
25004,158,8,20468
25005,102,6,18127
25006,26,2,7426
25007,27,6,17309
25008,6,6,19586
25009,259,6,12987
25010,444,2,6105
25011,8,2,4740
25012,702,4,8628
25013,192,9,18803
25014,401,4,13624
25015,360,5,16838
25016,224,5,13476
25017,643,3,7633
25018,326,6,15104
25019,140,6,21567
25020,328,4,9990
25021,27,4,12163
25022,26,7,18167
25023,204,2,5371
25024,523,8,23673
25025,3,9,27390
25026,374,3,9983
25027,29,7,18427
25028,21,6,17999
25029,91,4,9077
25030,8,8,20567
25031,597,1,235
25032,118,10,30050
25033,419,5,14683
25034,279,8,15498
25035,69,7,14797
25036,407,3,8385
25037,26,3,12104
25038,213,3,6635
25039,989,2,3663
25040,171,4,13876
25041,238,4,9549
25042,136,3,12132
25043,374,4,11722
25044,87,11,29745
25045,181,3,4833
25046,61,6,12096
25047,21,5,16740
25048,137,6,17325
25049,222,4,8593
25050,232,4,10350
25051,923,4,6520
25052,412,5,16247
25053,36,7,18193
25054,238,6,21538
25055,140,8,20432
25056,85,6,20288
25057,34,9,21411
25058,413,4,11555
25059,60,9,22911
25060,111,6,14021
25061,592,1,1088
25062,78,6,15799
25063,123,5,4497
25064,251,5,12417
25065,19,3,5919
25066,412,3,11878
25067,146,4,13368
25068,110,4,9876
25069,79,6,12859
25070,210,6,16356
25071,208,7,15883
25072,509,3,8252
25073,1,2,6313
25074,40,8,19128
25075,65,5,12055
25076,89,5,13581
25077,605,6,13852
25078,137,3,8209
25079,808,2,8029
25080,588,5,14794
25081,111,6,13844
25082,82,6,16896
25083,43,8,25690
25084,481,2,8414
25085,295,5,9831
25086,228,6,10335
25087,114,8,18439
25088,227,6,15386
25089,737,6,18223
25090,305,2,5651
25091,189,9,19556
25092,361,5,6519
25093,6,5,13789
25094,673,4,5463
25095,114,3,13054
25096,340,1,4265
25097,27,2,4448
25098,216,10,27679
25099,155,3,8137
25100,119,3,7602
25101,214,5,10885
25102,103,5,13676
25103,701,2,4305
25104,273,4,12365
25105,68,5,17596
25106,55,7,14078
25107,707,1,3722
25108,323,6,14037
25109,5,9,20574
25110,209,3,12339
25111,472,7,20385
25112,515,3,5041
25113,55,5,14417
25114,153,5,13926
25115,154,7,20011
25116,31,9,26112
25117,195,5,15331
25118,10,7,21451
25119,375,4,10731
25120,989,1,856
25121,33,8,13711
25122,243,3,6711
25123,113,3,7153
25124,37,5,16529
25125,91,8,17364
25126,116,6,20837
25127,318,4,11710
25128,54,6,16325
25129,394,2,4792
25130,328,5,15952
25131,32,9,27480
25132,108,7,10927
25133,538,1,4097
25134,216,1,1061
25135,23,6,13207
25136,24,6,13382
25137,243,3,7485
25138,239,2,3106
25139,169,3,5658
25140,102,9,21817
25141,467,5,14637
25142,276,7,16258
25143,64,6,12535
25144,73,11,31223
25145,631,3,11289
25146,228,5,9347
25147,81,7,18283
25148,190,3,10261
25149,95,4,11876
25150,57,2,4959
25151,161,4,13349
25152,98,6,26280
25153,153,9,25845
25154,175,9,23897
25155,125,6,17144
25156,759,2,8253
25157,24,7,21381
25158,49,5,13911
25159,244,4,8577
25160,111,4,9636
25161,22,8,31054
25162,511,3,8700
25163,19,4,16649
25164,216,7,18032
25165,113,4,8133
25166,347,3,9162
25167,14,7,21146
25168,83,3,7443
25169,367,4,10055
25170,44,4,11975
25171,299,4,14113
25172,25,4,11086
25173,47,7,20449
25174,290,8,21672
25175,39,6,13747
25176,5,6,13949
25177,5,3,8346
25178,355,4,11320
25179,680,2,8153
25180,448,6,9846
25181,43,3,6279
25182,97,4,9555
25183,338,6,12269
25184,54,6,16650
25185,92,5,9349
25186,99,2,5224
25187,394,7,15120
25188,602,2,8841
25189,311,5,12185
25190,19,7,22634
25191,367,4,9381
25192,127,4,10928
25193,131,3,5780
25194,203,7,22047
25195,91,5,12664
25196,11,3,11066
25197,13,9,19231
25198,232,9,26049
25199,146,5,10253
25200,29,7,20436
25201,486,4,10139
25202,815,2,7724
25203,55,6,17071
25204,708,5,11783
25205,737,2,2252
25206,271,2,820
25207,567,4,9694
25208,114,4,13347
25209,279,4,9249
25210,280,4,9693
25211,80,9,29294
25212,443,4,11503
25213,627,4,13844
25214,227,5,12919
25215,520,3,10665
25216,13,5,10522
25217,201,4,13095
25218,456,4,15158
25219,280,3,3814
25220,38,4,9075
25221,160,4,10017
25222,18,7,17901
25223,9,5,11185
25224,371,4,12903
25225,327,4,7706
25226,18,8,22482
25227,132,2,3912
25228,392,2,6066
25229,37,4,11759
25230,111,4,13203
25231,31,5,12707
25232,14,4,12891
25233,409,3,7023
25234,278,5,13635
25235,212,6,19078
25236,79,8,28934
25237,434,4,11013
25238,466,2,3333
25239,92,3,2898
25240,163,3,11044
25241,202,4,12243
25242,1072,2,8442
25243,293,4,14093
25244,11,8,20781
25245,760,3,6921
25246,152,5,16947
25247,580,6,18104
25248,8,5,18598
25249,70,7,12227
25250,435,3,10717
25251,449,5,10253
25252,130,9,24148
25253,734,2,5744
25254,448,2,4605
25255,522,4,14971
25256,114,5,13171
25257,55,4,12745
25258,167,3,9178
25259,28,6,15275
25260,79,7,19826
25261,338,3,7026
25262,7,7,18313
25263,226,6,10825
25264,103,5,13843
25265,301,6,16095
25266,33,4,12516
25267,281,3,8204
25268,373,5,15084
25269,33,6,21238
25270,710,3,4170
25271,320,5,15420
25272,543,4,7771
25273,451,5,8389
25274,127,10,34640
25275,842,2,6353
25276,145,9,22907
25277,251,6,20730
25278,600,5,9631
25279,232,1,4765
25280,833,1,4880
25281,1,10,30103
25282,853,2,5993
25283,32,6,11415
25284,60,5,16135
25285,744,5,15719
25286,478,6,15698
25287,58,3,5914
25288,508,1,1945
25289,3,6,20331
25290,250,8,29485
25291,441,3,10969
25292,109,7,14463
25293,216,5,12274
25294,157,4,12513
25295,49,9,24805
25296,291,2,675
25297,206,7,20701
25298,364,3,11083
25299,145,4,9770
25300,215,6,12944
25301,718,2,7345
25302,250,3,3535
25303,1019,6,11507
25304,243,3,6050
25305,378,5,12801
25306,111,9,22041
25307,905,2,6352
25308,13,6,17630
25309,166,7,21004
25310,268,5,15667
25311,56,5,8289
25312,362,4,14489
25313,231,3,8302
25314,467,4,12736
25315,217,6,17288
25316,187,3,8354
25317,216,8,12337
25318,422,7,14480
25319,2,7,23130
25320,106,3,8680
25321,142,9,26705
25322,112,3,8714
25323,297,5,9087
25324,24,4,10448
25325,52,9,23428
25326,580,1,3330
25327,350,6,16202
25328,44,12,34629
25329,1,10,33353
25330,208,6,19075
25331,228,2,3897
25332,358,5,14572
25333,1286,1,2858
25334,26,7,20917
25335,100,6,9714
25336,357,4,11152
25337,76,5,8286
25338,374,7,14361
25339,687,3,4522
25340,337,3,3926
25341,95,7,25067
25342,633,6,17814
25343,375,6,14426
25344,27,7,16726
25345,445,5,11036
25346,858,3,5874
25347,239,5,16898
25348,92,6,18271
25349,16,5,11187
25350,157,4,14277
25351,50,6,12731
25352,32,5,16492
25353,181,7,17697
25354,156,9,27643
25355,47,8,21429
25356,52,8,15876
25357,10,3,7040
25358,9,5,11618
25359,343,6,9809
25360,142,8,30074
25361,4,5,10872
25362,701,3,10185
25363,364,6,17416
25364,119,5,20606
25365,280,6,14028
25366,146,8,24246
25367,452,2,5652
25368,190,8,27537
25369,172,4,10598
25370,49,8,18513
25371,343,2,3022
25372,73,3,4640
25373,31,7,17892
25374,67,3,8385
25375,133,7,17657
25376,754,2,6127
25377,57,11,34397
25378,91,4,11954
25379,171,3,11058
25380,129,1,596
25381,262,6,20481
25382,64,5,14532
25383,152,4,17567
25384,501,2,7616
25385,178,3,10231
25386,179,5,13222
25387,44,4,15176
25388,377,7,15357
25389,250,9,30588
25390,404,1,2492
25391,121,3,10875
25392,204,4,12181
25393,95,6,13916
25394,37,4,10371
25395,15,9,15335
25396,699,1,4916
25397,16,4,12911
25398,174,8,17140
25399,291,3,10510
25400,67,5,16547
25401,680,1,1742
25402,226,13,28893
25403,237,3,7790
25404,63,10,20722
25405,36,6,11480
25406,133,5,14236
25407,229,1,579
25408,15,7,18470
25409,54,5,11789
25410,307,4,7712
25411,36,7,26222
25412,252,5,16993
25413,434,5,14864
25414,5,6,11723
25415,77,6,13141
25416,113,4,14172
25417,12,7,19073
25418,494,7,13834
25419,7,4,8365
25420,1158,1,1665
25421,483,5,12461
25422,82,7,17208
25423,203,7,15811
25424,792,2,7811
25425,348,6,17156
25426,151,4,8939
25427,298,6,23088
25429,415,3,8209
25430,28,3,8213
25431,26,8,16692
25432,697,4,13756
25433,480,6,18029
25434,68,7,15048
25435,326,5,14228
25436,66,11,33003
25437,836,3,6119
25438,26,5,9603
25439,166,4,14411
25440,284,3,4227
25441,287,5,10993
25442,388,5,5129
25443,30,4,12512
25444,882,3,10960
25445,274,5,16285
25446,108,6,26461
25447,177,2,7825
25448,1350,1,582
25449,103,7,19028
25450,28,7,18546
25451,130,7,15671
25452,241,5,18070
25453,121,8,15401
25454,8,2,7397
25455,153,9,31429
25456,370,8,15950
25457,220,9,22619
25458,43,5,8727
25459,104,9,15824
25460,76,8,12784
25461,24,5,11926
25462,315,3,4401
25463,140,6,18801
25464,11,8,22203
25465,29,5,12151
25466,316,3,7798
25467,271,5,18410
25468,73,2,1992
25469,1003,2,10006
25470,314,2,7848
25471,380,8,18487
25472,337,4,9827
25473,164,7,14808
25474,246,4,7885
25475,118,8,22649
25476,108,3,10608
25477,134,3,6095
25478,218,5,13637
25479,1019,3,12607
25480,36,5,9198
25481,50,4,10987
25482,116,4,10371
25483,356,6,18205
25484,30,8,19170
25485,25,12,26838
25487,290,7,21678
25488,47,3,10621
25489,288,3,7689
25490,239,3,11062
25491,524,3,6636
25492,713,2,4598
25493,3,6,20105
25494,424,6,12846
25495,86,6,19389
25496,928,5,15822
25497,232,5,11587
25498,16,3,1952
25499,463,4,11993
25500,274,1,1242
25501,158,10,26403
25502,528,7,14309
25503,573,4,12733
25504,169,2,6700
25505,191,6,19588
25506,40,2,2151
25507,3,2,5269
25508,542,5,9582
25509,790,4,8817
25510,223,4,12942
25511,212,4,11003
25512,300,5,13038
25514,117,7,15654
25515,178,7,17586
25516,327,7,15266
25517,75,2,4745
25518,427,8,20725
25519,16,9,16641
25520,60,5,17075
25521,18,5,17460
25522,219,4,7408
25523,649,8,17585
25524,123,5,13876
25525,119,5,18346
25526,127,8,15187
25527,256,3,13059
25528,162,6,17450
25529,989,4,13128
25530,6,3,7241
25531,559,2,7387
25532,230,7,11492
25533,37,6,13872
25534,290,5,14868
25535,299,6,15871
25536,245,5,11023
25537,536,3,5726
25538,349,7,14739
25539,169,4,7681
25540,359,5,11755
25541,9,4,13816
25542,464,4,15378
25543,829,2,3533
25544,124,9,20524
25545,486,5,15943
25546,45,5,15321
25547,314,3,10954
25548,225,4,15523
25549,496,3,10059
25550,29,4,15570
25551,413,3,9348
25552,154,3,11371
25553,533,2,5732
25554,110,6,17259
25555,618,4,16239
25556,46,5,14541
25557,169,3,10948
25558,141,6,19173
25559,99,5,10795
25560,199,5,16918
25561,97,12,35042
25562,201,5,8860
25563,282,4,12244
25564,120,5,13321
25565,11,2,3906
25566,545,5,12853
25567,115,5,11762
25568,151,8,23739
25569,478,5,8466
25570,403,4,7271
25571,196,9,20148
25572,888,2,5633
25573,492,5,12344
25574,9,10,29933
25575,41,5,12990
25576,273,3,8716
25577,54,8,17729
25578,186,6,14872
25579,137,4,9527
25580,188,5,13304
25581,135,6,24053
25582,806,1,5162
25583,154,5,13326
25584,72,4,10264
25585,8,8,17941
25586,34,7,16172
25587,377,5,11239
25588,55,3,8207
25589,98,4,5064
25590,126,8,27133
25591,6,5,17837
25592,188,6,20822
25593,19,3,10222
25594,182,4,11866
25595,824,3,13159
25596,523,4,12187
25597,88,8,20729
25598,490,3,11265
25599,152,7,18465
25600,237,5,16935
25601,19,7,21379
25602,179,2,2990
25603,125,2,3815
25604,230,7,23421
25605,702,3,6727
25606,458,10,30636
25607,297,7,12211
25608,585,5,11782
25609,243,5,12548
25610,55,9,29374
25611,521,7,19748
25612,64,6,21241
25613,586,3,6659
25614,150,2,5924
25615,344,8,17585
25616,240,4,7211
25617,153,2,6829
25618,43,8,19601
25619,161,4,11588
25620,229,8,22366
25621,48,2,6662
25622,423,3,7889
25623,341,5,11341
25624,273,3,10662
25625,63,4,10472
25626,874,2,8991
25627,73,3,8699
25628,662,5,12825
25629,178,8,14609
25630,147,7,25313
25631,120,7,21623
25632,160,4,12261
25633,612,7,17957
25634,418,2,7781
25635,202,6,14070
25636,37,3,12215
25637,7,5,13501
25638,226,5,13795
25639,691,1,835
25640,145,6,23923
25641,130,4,6524
25642,65,8,26907
25643,235,6,15395
25644,331,5,13724
25645,124,9,29928
25646,266,6,17527
25647,56,5,16410
25648,368,6,11785
25649,61,6,16110
25650,161,6,14592
25651,37,5,16399
25652,226,5,9980
25653,246,7,15448
25654,303,4,13913
25655,136,3,3751
25656,417,5,14778
25657,73,6,12804
25658,15,12,33262
25659,9,6,10555
25660,773,1,2957
25661,46,11,25233
25662,46,6,15153
25663,41,6,12724
25664,33,7,19559
25665,234,3,5919
25666,37,6,20935
25667,53,11,36286
25668,157,4,14210
25669,725,4,9112
25670,100,5,16117
25671,225,5,12408
25672,214,3,7266
25673,671,5,7765
25674,574,3,8890
25675,129,7,17865
25676,122,3,7419
25677,154,6,14082
25678,740,6,12276
25679,167,4,12025
25680,59,8,19702
25681,164,2,5458
25682,234,3,5811
25683,46,6,22184
25684,436,9,22639
25685,22,3,12713
25686,1010,2,8548
25687,904,2,6373
25688,403,5,4243
25689,406,4,14314
25690,555,6,7957
25691,296,3,8920
25692,291,4,8360
25693,22,3,11744
25694,238,7,21633
25695,37,6,14552
25696,162,5,10386
25697,101,6,15348
25698,145,6,18698
25699,61,4,14865
25700,145,9,30345
25701,431,2,3386
25702,272,4,8954
25703,27,6,13174
25704,113,6,9470
25705,138,10,28189
25706,25,11,30165
25707,366,3,5718
25708,283,11,24772
25709,49,7,13642
25710,155,4,9514
25711,595,3,5100
25712,32,6,13310
25713,24,6,14356
25714,168,7,23777
25715,59,7,27875
25716,284,3,7505
25717,148,3,6110
25718,328,3,8105
25719,84,2,3545
25720,71,4,12563
25722,52,10,34782
25723,7,8,21761
25724,28,5,22126
25725,207,8,25555
25726,35,6,18587
25727,918,1,3044
25728,426,7,21043
25729,815,4,13962
25730,6,5,11567
25731,4,6,18463
25732,154,4,12912
25733,273,6,11453
25734,121,1,2725
25735,891,2,6043
25736,150,9,26042
25737,810,4,9662
25738,747,4,10617
25739,167,5,12090
25740,195,9,26800
25741,48,6,17355
25742,63,3,10336
25743,24,5,16180
25744,352,4,9694
25745,573,3,8181
25746,25,3,9499
25747,6,4,15551
25748,31,3,7440
25749,445,4,11740
25750,615,6,20075
25751,371,2,4389
25752,438,5,12716
25753,144,6,17707
25754,21,5,16886
25755,246,6,19312
25756,162,1,1073
25757,20,9,23770
25758,332,6,13598
25759,252,4,5211
25760,30,5,13486
25761,33,6,17588
25762,147,6,18994
25763,345,2,4009
25764,42,7,17586
25765,67,8,19778
25766,709,7,18603
25767,274,6,11464
25768,172,6,10255
25769,233,2,8644
25770,161,11,29572
25771,353,5,13450
25772,221,6,15441
25773,428,4,8495
25774,21,6,16363
25775,116,5,19576
25776,643,2,5162
25777,387,8,24795
25778,811,2,6599
25779,9,6,11516
25780,72,8,17598
25781,106,5,10720
25782,28,7,22264
25783,495,4,12268
25784,180,5,16818
25785,319,8,20567
25786,263,5,16895
25787,22,5,14617
25788,403,3,9085
25789,7,4,11083
25790,496,4,13597
25791,44,5,16646
25792,346,3,7885
25793,21,7,23006
25794,101,3,5618
25795,125,8,25198
25796,43,8,14190
25797,201,5,14631
25798,198,8,26771
25799,41,3,4152
25800,295,5,11116
25801,120,7,19294
25802,124,3,8904
25803,20,8,17997
25804,33,4,11866
25805,588,4,7248
25806,1202,1,3853
25807,436,2,9312
25808,234,6,13263
25809,109,7,17124
25810,19,7,16234
25811,724,4,10676
25812,2,10,16624
25813,202,4,15287
25814,161,8,24266
25815,350,3,7120
25816,1291,1,4643
25817,142,2,5905
25818,30,4,11975
25819,659,5,4732
25820,689,3,7007
25821,136,3,8123
25822,101,5,11565
25823,93,2,6419
25824,259,3,3862
25825,118,10,26089
25826,198,4,9147
25827,94,3,8840
25828,281,2,8350
25829,1083,1,4056
25830,137,7,16059
25831,146,8,21888
25832,494,4,5880
25833,234,6,16051
25834,53,5,19443
25835,68,5,11994
25836,631,5,10042
25837,8,3,5861
25838,44,8,12377
25839,92,6,13827
25840,294,5,12872
25841,1239,2,1206
25842,120,5,18124
25843,126,5,11618
25844,135,7,16211
25845,385,3,12429
25846,278,7,26605
25847,92,5,15949
25848,26,4,10521
25849,655,3,12925
25850,284,1,3113
25851,9,6,7840
25852,139,9,22721
25853,78,4,14130
25854,52,8,23680
25855,598,1,3940
25856,292,7,14317
25857,29,8,15457
25858,8,3,5273
25859,95,3,9308
25860,902,2,5444
25861,75,6,22877
25862,19,8,30796
25863,70,5,17297
25864,216,9,21917
25865,196,6,16536
25866,119,7,18463
25867,61,6,14968
25868,11,6,15284
25869,839,4,11306
25870,549,3,7606
25871,400,6,16347
25872,117,6,13239
25873,260,4,11999
25874,617,4,12266
25875,201,8,19945
25876,626,1,1474
25877,87,4,12007
25878,93,4,9951
25879,501,3,10044
25880,38,1,995
25881,348,4,15416
25882,321,4,12634
25883,22,6,13415
25884,960,1,2704
25885,51,6,15696
25886,179,4,8887
25887,11,2,2923
25888,5,6,18547
25889,599,3,5076
25890,54,5,17894
25891,168,9,28079
25892,96,3,11212
25893,396,7,16832
25894,282,6,15807
25895,597,4,6625
25896,365,6,13326
25897,210,4,11160
25898,76,4,13080
25899,60,5,13921
25900,190,7,16909
25901,210,8,24406
25902,293,4,8159
25903,103,2,4219
25904,309,1,1933
25905,65,3,11863
25906,2,7,24350
25907,466,3,11635
25908,110,3,4766
25909,546,6,24183
25910,413,6,15313
25911,1121,1,2392
25912,506,7,17413
25913,125,4,10923
25914,448,2,1664
25915,76,8,23692
25916,363,8,15475
25917,131,4,11466
25918,296,5,13839
25919,459,6,14401
25920,326,3,8210
25921,917,4,8522
25922,38,6,15353
25923,138,6,14922
25924,518,7,20385
25925,243,7,19109
25926,145,6,18241
25927,699,3,7509
25928,55,7,17684
25929,126,4,15303
25930,453,4,7941
25931,350,3,7559
25932,531,2,6719
25933,188,9,33974
25934,36,6,14490
25935,505,7,23899
25936,729,2,9453
25937,222,4,12075
25938,184,7,24792
25939,791,4,12069
25940,284,7,14467
25941,695,4,10495
25942,113,5,15580
25943,326,3,9837
25944,156,10,34428
25945,342,3,4424
25946,181,10,22986
25947,185,5,18443
25948,305,2,5032
25949,781,10,17031
25950,27,7,18900
25951,73,5,11057
25952,218,5,16044
25953,321,6,19649
25954,317,5,19044
25955,8,5,18066
25956,21,6,11516
25957,20,4,13892
25958,67,2,6089
25959,414,4,10662
25960,469,3,4870
25961,546,2,5589
25962,351,2,7958
25963,271,5,12217
25964,445,6,14449
25965,494,6,17101
25966,3,10,31322
25967,51,6,12254
25968,162,5,20791
25969,422,3,12124
25970,293,3,10217
25971,582,2,2404
25972,31,4,7851
25973,281,2,2827
25974,442,6,21147
25975,123,6,16796
25976,36,3,4358
25977,137,7,20584
25978,722,6,16985
25979,1,4,6082
25980,712,4,9192
25981,744,1,1179
25982,43,7,21165
25983,6,4,8687
25984,111,6,15258
25985,549,7,24353
25986,145,6,18009
25987,152,4,6965
25988,288,6,12776
25989,154,3,5509
25990,58,6,11595
25991,146,9,29417
25992,756,3,10362
25993,40,2,5597
25994,186,5,14898
25995,399,4,11478
25996,15,7,21076
25997,547,3,10164
25998,36,4,4787
25999,27,8,20054
26000,565,7,15993
26001,299,6,12659
26002,23,9,24418
26003,6,3,8275
26004,193,4,10068
26005,95,5,13254
26006,403,6,11372
26007,1006,3,11558
26008,104,8,23295
26009,80,3,11045
26010,58,5,14947
26011,389,7,18799
26012,138,4,4224
26013,168,6,22422
26014,150,7,17303
26015,1047,3,9017
26016,8,6,23784
26017,3,3,8301
26018,587,4,13550
26019,432,4,11450
26020,257,5,16723
26021,117,6,16969
26022,331,7,19131
26023,170,3,4312
26024,363,2,7600
26025,140,2,3345
26026,236,5,10077
26027,7,6,26233
26028,9,7,18159
26029,605,3,5791
26031,80,5,17609
26032,56,5,10931
26033,548,4,14929
26034,63,5,10781
26035,608,6,13676
26036,345,5,7818
26037,346,5,11863
26038,15,6,16081
26039,586,7,17329
26040,247,5,7774
26041,472,5,17193
26042,799,3,5307
26043,538,2,6347
26044,548,2,6751
26045,131,6,17035
26046,51,10,27602
26047,163,5,14059
26048,111,4,9544
26049,1253,1,5284
26050,249,5,12544
26051,67,5,5953
26052,4,7,25576
26053,116,10,28177
26054,228,6,11348
26055,299,5,11000
26056,174,6,20350
26057,428,8,22764
26058,563,2,5527
26059,78,8,16031
26060,16,8,26873
26061,84,5,17791
26062,816,3,5909
26063,245,9,26648
26064,44,8,20732
26065,43,4,13440
26066,477,2,2016
26067,130,5,17179
26068,543,3,5869
26070,139,10,27354
26071,952,1,1472
26072,183,5,17416
26073,186,1,2373
26074,210,4,6344
26075,203,8,30091
26076,99,5,12337
26077,663,3,13374
26078,90,7,14534
26079,256,6,15878
26080,132,7,17562
26081,213,5,3386
26082,104,4,12874
26083,312,2,2633
26084,114,4,10539
26085,477,4,9826
26086,524,6,12851
26087,95,1,2224
26088,855,3,9003
26089,163,9,19651
26090,248,7,17858
26091,289,4,9156
26092,23,8,16384
26093,151,3,6056
26094,428,2,3905
26095,174,8,18958
26096,410,2,5050
26097,108,7,19197
26098,180,3,12702
26099,100,3,7419
26100,831,1,3867
26101,118,10,25441
26102,171,4,6091
26103,110,6,9635
26104,483,4,14349
26105,112,7,21817
26106,277,7,19261
26107,70,4,9187
26108,50,4,11792
26109,238,10,32761
26110,665,3,11347
26111,501,6,17352
26112,114,6,14891
26113,1,4,9646
26114,180,4,10613
26115,293,3,6435
26116,333,5,11523
26117,135,8,24640
26118,34,6,15813
26119,530,1,4696
26120,190,11,34458
26121,276,3,10130
26122,24,4,8873
26123,76,8,31190
26124,330,6,18361
26125,724,2,3938
26126,191,6,18731
26127,738,5,9009
26128,371,5,12347
26129,423,4,14136
26130,992,3,7545
26131,158,6,16557
26132,3,8,21322
26133,270,11,24087
26134,225,4,6515
26135,182,3,11405
26136,34,9,21137
26137,234,6,19093
26138,6,8,25803
26139,680,3,5745
26140,736,2,9694
26141,872,4,16209
26142,334,3,11817
26143,473,5,15471
26144,369,5,11767
26145,195,9,17123
26146,125,6,12111
26147,535,4,6385
26148,95,7,22853
26149,54,6,10873
26150,875,2,8394
26151,473,3,3811
26152,67,8,18033
26153,213,5,12899
26154,218,5,8608
26155,6,1,3644
26156,819,5,16594
26157,158,5,11362
26158,507,5,9246
26159,578,4,8518
26160,561,4,9979
26161,531,3,12038
26162,2,11,37371
26163,156,6,18176
26164,399,3,11580
26165,235,5,14970
26166,104,5,19187
26167,35,6,9989
26168,95,4,13145
26169,108,5,12767
26170,350,5,15448
26171,908,3,9984
26172,456,5,10555
26173,34,5,16777
26174,186,4,8871
26175,406,6,20072
26176,156,7,22505
26177,18,3,6971
26178,22,4,13180
26179,125,6,17760
26180,905,7,17149
26181,148,3,9257
26182,41,5,12950
26183,137,7,18112
26184,535,8,16577
26185,146,5,15729
26186,165,8,20534
26187,177,5,12972
26188,402,3,9959
26189,51,4,9402
26190,268,7,18959
26191,402,1,1869
26192,485,7,20075
26193,57,9,27801
26194,259,6,6596
26195,312,8,19244
26196,627,6,12629
26197,347,5,13675
26198,271,6,13949
26199,156,6,13130
26200,612,3,8483
26201,247,9,24839
26202,219,3,6155
26203,366,6,10903
26204,156,10,28004
26205,49,9,24015
26206,172,4,9138
26207,913,5,9743
26208,216,6,8731
26209,263,5,12598
26210,106,5,16356
26211,991,3,8455
26212,40,8,19693
26213,144,4,16078
26214,24,8,26682
26215,244,6,12984
26216,275,3,8943
26217,260,9,25235
26218,289,3,11681
26219,97,4,8700
26220,51,10,25837
26221,110,10,23879
26222,363,4,14212
26223,465,5,14624
26224,260,4,11252
26225,93,9,23616
26226,99,3,5183
26227,890,2,3239
26228,173,5,15486
26229,70,8,25828
26230,397,6,16815
26231,25,5,17943
26232,199,3,11302
26233,387,4,10003
26234,345,7,20913
26235,464,3,4237
26236,152,3,7786
26237,179,4,10198
26238,513,5,10932
26239,197,5,18035
26240,88,10,29923
26241,14,2,4799
26242,128,9,30062
26243,532,4,10526
26244,116,7,23238
26245,2,9,27059
26246,115,8,19711
26247,125,5,13183
26248,388,5,10010
26249,70,4,7187
26250,155,7,18346
26251,685,3,4367
26252,68,9,17881
26253,48,5,11259
26254,25,6,24027
26255,23,2,6024
26256,179,3,7897
26257,284,9,21517
26258,218,5,11323
26259,554,3,9746
26260,106,4,11435
26261,39,3,3370
26262,244,4,5808
26263,133,6,24479
26264,433,3,6699
26265,685,2,5574
26266,14,10,23658
26267,125,4,9226
26268,185,9,23227
26269,121,4,12124
26270,123,6,11724
26271,135,5,5454
26272,280,3,6923
26273,29,12,37404
26274,101,6,18445
26275,173,3,8566
26276,91,7,15041
26277,112,4,11981
26278,218,6,20556
26279,221,5,11171
26280,632,2,3647
26281,284,8,30869
26282,123,3,6165
26283,75,6,12993
26284,249,5,15622
26285,164,3,9098
26286,73,7,15131
26287,376,5,13850
26288,188,3,8820
26289,20,6,15933
26290,48,4,11950
26291,84,6,14062
26292,21,8,15567
26293,137,8,24117
26294,140,6,17779
26295,429,6,18510
26296,17,7,25728
26297,325,6,15781
26298,317,3,11387
26299,236,1,3319
26300,103,4,5776
26301,260,5,13149
26302,594,3,3330
26303,285,4,6786
26304,575,3,9881
26305,707,2,2165
26306,6,4,3934
26307,325,3,10525
26308,63,6,19262
26309,254,3,11824
26310,80,4,4504
26311,637,3,12818
26312,311,2,5805
26313,21,4,15440
26314,61,7,20905
26315,226,5,16517
26316,660,4,10260
26317,275,6,16964
26318,7,5,10845
26319,163,5,15806
26320,176,5,14631
26321,25,6,18557
26322,405,4,11628
26323,30,5,11761
26324,464,5,12676
26325,277,3,8908
26326,244,5,16307
26327,491,3,3702
26328,320,13,37519
26329,256,4,11163
26330,40,11,32902
26331,102,5,16765
26332,292,4,8149
26333,102,9,25053
26334,45,7,18887
26335,111,8,20754
26336,612,8,14102
26337,123,4,7672
26338,177,5,15276
26339,114,4,13567
26340,193,7,21524
26341,468,4,6821
26342,125,6,14827
26343,360,2,2636
26345,192,5,12334
26346,889,4,10385
26347,462,7,21299
26349,574,2,2559
26350,85,4,8088
26351,32,8,21674
26352,388,1,3453
26353,180,4,9877
26354,307,5,13346
26355,93,8,24375
26356,17,4,13910
26357,29,4,12526
26358,12,7,16067
26359,7,6,16947
26360,79,6,15794
26361,284,5,12643
26362,210,4,7279
26363,188,4,8674
26364,262,2,6234
26365,211,11,30451
26366,204,4,14282
26367,886,3,4973
26368,21,7,24467
26369,221,3,9375
26370,40,7,18358
26371,256,5,11489
26372,838,3,12497
26373,839,4,7395
26374,530,3,6163
26375,82,10,27063
26376,10,5,13401
26377,785,1,3180
26378,184,2,728
26379,210,6,16012
26380,24,7,13622
26381,35,3,13995
26382,518,3,8339
26383,400,5,18064
26384,70,6,14852
26385,109,6,16659
26386,429,6,15286
26387,57,3,4847
26388,67,4,6787
26389,212,6,16219
26390,103,5,13410
26391,134,5,20264
26392,197,4,9201
26393,390,2,4515
26394,210,3,10576
26395,298,3,12894
26396,244,5,16071
26397,208,4,9700
26398,348,6,12367
26399,312,8,23774
26400,25,5,16125
26401,104,4,13200
26403,11,10,22724
26404,202,4,13623
26405,480,5,13824
26406,7,10,30562
26407,263,3,8938
26408,199,7,19793
26409,578,2,782
26410,218,6,9825
26411,434,3,7632
26412,88,3,6763
26413,1,6,11262
26414,36,6,22270
26415,203,7,17336
26416,665,2,3897
26417,188,3,4744
26418,76,4,9379
26419,1,4,9372
26420,68,3,4683
26421,57,7,22521
26422,317,4,9968
26423,100,6,26381
26424,389,3,9940
26425,29,9,31939
26426,253,6,10603
26427,293,4,9037
26428,30,7,29074
26429,408,7,18575
26430,572,5,9941
26431,345,3,4337
26432,93,7,13704
26433,294,6,15461
26434,100,6,17404
26435,68,5,18923
26436,157,4,8670
26437,8,3,4644
26438,128,7,13301
26439,280,4,14228
26440,266,3,9322
26441,143,5,19079
26442,366,6,14326
26443,206,3,7049
26444,356,5,11039
26445,469,2,6265
26446,438,4,7841
26447,36,4,17301
26448,88,4,10591
26449,53,5,9105
26450,285,3,9222
26451,303,3,4641
26452,171,3,10298
26453,621,7,18191
26454,46,5,13659
26455,35,4,14347
26456,39,10,24589
26457,256,8,20099
26458,572,5,11760
26459,48,6,16674
26460,131,5,10082
26461,487,2,6231
26462,100,6,17359
26463,67,6,14455
26464,324,4,5950
26465,964,3,7139
26466,1,2,4373
26467,355,2,5465
26468,132,4,13930
26469,180,4,11874
26470,189,4,13384
26471,11,5,19260
26472,951,1,334
26473,721,1,1590
26474,499,4,10808
26475,63,9,24295
26476,45,6,16589
26477,1297,1,3460
26478,124,4,11186
26479,38,9,26774
26480,893,1,3438
26481,143,6,13956
26482,82,4,3753
26483,703,2,2863
26484,160,8,13458
26485,309,4,14130
26486,250,4,10186
26487,158,4,16559
26488,132,3,8575
26489,186,13,32159
26490,583,5,10018
26491,265,5,14238
26492,870,2,5567
26493,1164,3,9262
26494,66,2,4459
26495,202,6,17776
26496,370,2,3262
26497,567,7,12565
26498,241,4,11053
26499,34,2,7072
26500,992,2,5744
26501,331,5,18810
26502,567,4,13928
26503,150,7,25493
26504,27,4,14245
26505,279,4,13365
26506,459,3,9475
26507,56,7,12501
26508,58,3,6660
26509,198,6,8678
26510,430,2,2543
26511,685,3,10550
26512,132,6,12580
26513,25,5,9942
26514,136,5,11872
26515,65,9,24475
26516,685,8,23807
26517,149,7,19969
26518,268,5,8951
26519,35,5,9333
26520,141,3,13860
26521,189,7,16769
26522,122,5,19085
26523,776,1,2532
26524,1,6,20637
26525,47,4,13793
26526,354,4,11541
26527,397,8,26416
26528,315,6,12405
26529,241,6,16099
26530,251,5,12698
26531,110,5,18208
26532,37,7,18235
26533,113,7,26303
26534,157,2,9078
26535,30,10,34783
26536,20,5,10819
26537,133,5,9179
26538,18,5,15031
26539,75,5,15921
26540,720,3,11366
26541,380,9,26898
26542,95,5,11577
26543,76,2,5633
26544,70,6,14611
26545,686,6,22462
26546,105,7,15644
26547,64,3,3261
26548,20,4,12441
26549,477,3,11275
26550,74,6,11684
26552,69,11,34342
26553,168,6,15576
26554,290,3,8708
26555,222,3,12157
26556,636,3,8459
26557,149,5,15148
26558,247,5,13895
26559,433,7,11986
26560,11,10,32415
26561,800,1,4802
26562,52,5,14217
26563,243,6,11439
26564,164,6,21810
26565,76,2,8397
26566,240,5,11839
26567,461,2,9310
26568,94,4,12327
26569,95,4,13654
26570,244,6,21548
26571,106,6,17426
26572,206,4,14440
26573,860,6,20748
26574,387,4,6143
26575,1077,4,15977
26576,99,5,13146
26577,428,7,22009
26578,424,2,7083
26579,13,5,9779
26580,114,9,27160
26581,9,4,10886
26582,52,4,13109
26583,144,5,9119
26584,236,4,14301
26585,223,6,18856
26586,222,4,7965
26587,262,4,12604
26588,457,3,10879
26589,556,5,8608
26590,158,5,13570
26591,374,3,8587
26592,210,5,16718
26593,194,5,14628
26594,62,6,17587
26595,92,8,23208
26596,219,2,3643
26597,328,7,14448
26598,147,5,9478
26599,177,7,23118
26600,63,6,13684
26601,32,7,18883
26602,87,6,14195
26603,353,3,10197
26604,1326,1,2909
26605,310,5,13977
26606,9,7,11956
26607,235,5,13594
26608,153,3,6216
26609,149,4,15804
26610,87,8,23342
26611,93,8,21065
26612,113,8,20468
26613,143,6,14715
26614,831,2,4497
26615,1,6,18825
26616,184,5,6693
26617,510,3,2969
26618,246,2,1621
26619,649,4,16417
26620,607,3,7448
26621,33,8,25612
26622,82,2,3914
26623,6,6,18757
26624,100,5,13517
26625,26,6,15935
26626,487,4,8200
26627,536,7,14990
26628,14,7,19527
26629,149,5,18757
26630,133,8,20254
26631,531,9,28498
26632,117,7,25619
26633,153,8,28682
26634,68,6,16500
26635,95,6,21516
26636,238,4,12173
26637,222,7,12731
26638,204,4,12273
26639,88,5,9182
26640,152,4,11959
26641,351,8,18345
26642,28,1,320
26643,1046,1,490
26644,43,5,11403
26645,181,4,10839
26646,29,7,22522
26647,504,5,11950
26648,98,3,3631
26649,154,3,8582
26650,95,4,7159
26651,106,9,25056
26652,439,4,13891
26653,364,3,3420
26654,72,6,11374
26655,132,5,16922
26656,328,7,12588
26657,9,5,11984
26658,284,7,18915
26659,35,5,12699
26660,97,5,14115
26661,172,8,21458
26662,286,7,12335
26663,404,3,13115
26664,856,1,2101
26665,683,2,6109
26666,82,7,16183
26667,8,7,21935
26668,833,4,10802
26669,115,1,4611
26670,104,8,16069
26671,139,6,19275
26672,306,6,19862
26673,109,9,28036
26674,86,5,13426
26675,93,5,4972
26676,387,5,17399
26677,62,6,17885
26678,603,4,14143
26679,188,9,27399
26680,86,6,19401
26681,32,6,17857
26682,142,6,18771
26683,411,8,17266
26684,468,7,13605
26685,132,6,14444
26686,30,6,22459
26687,388,3,6796
26688,460,6,12168
26689,446,3,9369
26690,10,4,13120
26691,271,5,12328
26692,150,4,7996
26693,323,1,4991
26694,61,8,26473
26695,147,8,19641
26696,430,6,21532
26697,236,7,19834
26698,28,7,13771
26699,53,7,22904
26700,29,3,11262
26701,11,5,15335
26702,191,3,4847
26703,839,2,5929
26704,167,5,11114
26705,200,8,28347
26706,371,4,10595
26707,326,9,28952
26708,142,4,9952
26709,125,5,10157
26710,639,3,6900
26711,318,6,15003
26712,89,4,8190
26714,747,2,7683
26715,321,5,15524
26716,420,6,17899
26717,488,5,18241
26718,86,5,11318
26719,357,3,5252
26720,30,7,16608
26721,114,2,4185
26722,154,6,13693
26723,25,7,28947
26724,14,8,18821
26725,514,2,4600
26726,371,3,6873
26727,197,7,25062
26728,79,5,14511
26729,420,2,7915
26730,408,5,16104
26731,150,6,17437
26732,212,6,18988
26733,308,5,16831
26734,659,4,12583
26735,94,5,15837
26736,726,3,8741
26737,804,3,7062
26738,276,2,3448
26739,236,5,7590
26740,50,6,12470
26741,92,11,23140
26742,225,6,19383
26743,63,11,41711
26744,108,3,8852
26745,139,3,6799
26746,170,4,11093
26747,131,6,14930
26748,108,10,20068
26749,4,8,19574
26750,77,9,27133
26751,390,3,5608
26752,100,1,3633
26753,511,4,11005
26754,197,5,15607
26755,176,3,6700
26756,113,6,20753
26757,885,2,3518
26758,4,3,10479
26759,29,2,6402
26760,97,11,17999
26761,369,5,18017
26762,12,5,17980
26763,772,2,6107
26764,483,5,11372
26765,57,4,12604
26766,682,4,12252
26767,256,2,6999
26768,155,7,16421
26769,34,4,9771
26770,928,1,2957
26771,264,9,28117
26772,142,7,16937
26773,120,8,23562
26774,600,4,8894
26775,159,5,9814
26776,583,3,5504
26777,48,3,5144
26778,131,4,6284
26779,874,2,7087
26780,163,5,13324
26781,878,3,7004
26782,29,5,13851
26783,202,9,21772
26784,122,5,12572
26785,548,6,10795
26786,122,2,5422
26787,386,7,21118
26788,242,5,16684
26789,307,3,7668
26790,8,5,13464
26791,121,4,13619
26792,988,4,13033
26793,198,5,19162
26794,12,6,19601
26795,72,4,14498
26796,246,6,16514
26797,312,3,10331
26798,1159,2,4339
26799,114,5,12438
26800,246,6,22563
26801,57,5,10393
26802,444,4,9335
26803,453,4,7801
26804,12,5,13739
26805,34,4,9508
26806,357,7,22654
26807,72,6,5292
26808,908,1,4971
26809,5,6,10217
26810,262,4,15699
26811,175,7,17577
26812,547,3,5449
26813,134,4,10715
26814,99,8,17877
26815,632,10,26261
26816,81,7,20757
26817,44,5,16569
26818,37,8,30301
26819,65,8,14367
26820,385,1,2221
26821,335,5,14443
26822,382,5,15383
26823,141,4,13232
26824,63,2,3789
26825,806,4,9220
26826,345,5,7860
26827,88,2,6143
26828,37,6,11181
26829,4,9,26313
26830,33,7,12497
26831,528,6,9570
26832,448,6,15532
26833,680,5,17470
26834,196,3,9083
26835,62,2,10430
26836,155,6,21745
26837,259,7,21436
26838,61,3,7456
26839,236,6,10711
26840,226,5,14285
26841,281,6,14524
26842,377,4,9736
26843,100,4,12728
26844,345,4,11739
26845,331,3,9549
26846,152,3,10964
26847,48,9,27912
26848,837,7,24004
26849,96,8,18510
26850,105,2,3821
26851,1087,3,10268
26852,220,7,23594
26853,580,3,5427
26854,63,4,10189
26855,103,3,7547
26856,368,5,18226
26857,68,6,17137
26858,428,7,22535
26859,611,5,15138
26860,97,3,9765
26861,9,10,33795
26862,440,6,16443
26863,176,4,9317
26864,178,3,10296
26865,1123,1,1825
26866,127,9,17571
26867,827,6,14347
26868,43,3,8146
26869,347,3,10017
26870,365,1,4102
26871,470,1,4581
26872,660,1,2366
26873,209,5,17545
26874,476,4,11839
26875,7,7,20002
26876,24,4,6600
26877,545,4,11517
26878,579,8,18530
26879,294,3,5613
26880,190,2,8865
26881,259,5,14742
26882,106,7,23839
26883,285,6,20038
26884,253,5,9639
26885,197,2,6963
26886,103,5,8223
26887,235,4,10453
26888,677,5,6593
26889,61,6,16008
26890,978,2,8758
26891,683,2,6014
26892,289,3,10248
26893,70,5,13234
26894,567,6,18529
26895,210,4,14277
26896,47,8,24462
26897,607,3,6082
26898,779,2,7707
26899,225,8,20540
26900,73,4,12100
26901,39,5,16083
26902,216,2,3823
26903,10,9,29410
26904,220,5,12906
26905,131,5,12959
26906,176,4,8896
26907,46,7,18175
26908,406,3,7036
26909,124,4,11134
26910,674,7,23040
26911,64,6,19006
26912,133,11,38523
26913,320,5,13614
26914,40,5,10106
26915,149,7,19802
26916,77,3,8637
26917,174,6,19635
26918,83,4,12389
26919,143,7,24750
26920,180,5,16013
26921,421,2,5170
26922,146,4,5054
26923,319,5,14985
26924,670,4,12332
26925,57,8,19872
26926,14,3,13553
26927,138,5,14668
26928,113,10,28088
26929,183,7,21161
26930,25,5,12139
26931,299,6,18460
26932,265,2,5115
26933,84,5,15331
26934,619,3,6119
26935,148,7,17861
26936,178,6,15074
26937,583,4,12913
26938,106,5,14564
26939,159,7,16708
26940,492,3,6084
26941,213,6,18615
26942,424,3,6817
26943,528,3,6238
26944,306,4,7464
26945,197,2,2635
26946,239,3,11631
26947,260,3,9465
26948,119,3,9110
26949,88,8,20052
26950,64,5,15932
26951,403,5,16380
26952,67,8,21849
26953,417,5,9585
26954,145,7,18277
26955,430,6,14347
26956,184,3,7580
26957,61,8,27925
26958,828,3,5496
26959,1022,2,6396
26960,713,4,9920
26961,278,6,13719
26962,457,6,26617
26963,288,8,19089
26964,74,7,21597
26965,169,7,22275
26966,5,5,9881
26967,322,4,10158
26968,976,2,2626
26969,235,2,4690
26970,203,4,9506
26971,86,5,9982
26972,27,7,19541
26973,456,4,16891
26974,107,3,8775
26975,312,5,14988
26976,668,1,2541
26977,15,14,48497
26978,134,5,16746
26979,100,4,10651
26980,172,3,7302
26981,167,7,15068
26982,471,6,21275
26983,211,4,12873
26984,300,5,6312
26985,116,7,19256
26986,81,7,18912
26987,71,7,20912
26988,217,6,13665
26989,164,9,28930
26990,172,6,11811
26991,5,5,9117
26992,67,5,13078
26993,38,2,4878
26994,727,3,11346
26995,473,4,5032
26996,22,7,22334
26997,326,6,14665
26998,151,9,25245
26999,110,8,28814
27000,116,6,14833
27001,190,3,7223
27002,35,4,10411
27003,156,4,8161
27004,170,4,12877
27005,97,6,20007
27006,17,6,21785
27007,178,8,23623
27008,68,3,9064
27009,363,7,13545
27010,212,10,21563
27011,31,2,6567
27012,286,5,13850
27013,782,3,12093
27014,29,9,29973
27015,113,7,23741
27016,119,10,26212
27017,1,5,11147
27018,74,4,9231
27019,835,2,1376
27020,186,4,16691
27021,434,3,8083
27022,279,1,853
27023,395,4,8115
27024,105,7,19201
27025,7,10,30449
27026,204,5,11026
27027,415,1,5059
27028,555,4,13390
27029,801,4,14032
27030,34,8,18254
27031,202,4,15216
27032,196,8,23733
27033,68,10,30275
27034,86,7,24848
27035,6,7,14779
27036,221,5,11185
27037,289,2,2984
27038,171,5,8863
27039,562,4,9234
27040,302,8,18171
27041,623,4,10666
27042,550,2,4659
27043,548,2,3691
27044,390,6,20494
27045,438,5,20792
27046,97,7,20183
27047,84,6,15536
27048,320,6,13308
27049,31,3,5965
27050,483,4,12590
27051,315,8,17873
27052,109,9,29676
27053,207,6,20089
27054,730,3,6778
27055,527,1,808
27056,272,4,13867
27057,588,2,5784
27058,12,8,22533
27059,8,8,19148
27060,110,2,3319
27061,954,2,7922
27062,23,6,16117
27063,474,4,12194
27064,658,5,8696
27065,193,9,27225
27066,70,5,11543
27067,255,8,25054
27068,542,3,12357
27069,3,4,11194
27070,154,6,16394
27071,150,7,15670
27072,63,4,8915
27073,79,2,6203
27074,130,1,3159
27075,841,3,8001
27076,486,3,9373
27077,401,4,8692
27078,174,4,12068
27079,37,8,15021
27080,47,3,10845
27081,638,8,11656
27082,723,4,19255
27083,276,6,15911
27084,320,5,12010
27085,179,6,12910
27086,147,4,12292
27087,132,8,27207
27088,66,4,7416
27089,153,8,27313
27090,201,2,7193
27091,104,6,12963
27092,456,4,11390
27093,310,6,17333
27094,171,6,11838
27095,582,3,10257
27096,9,2,8807
27097,323,6,13341
27098,897,3,7730
27099,46,7,18313
27100,511,3,12224
27101,246,4,10566
27102,171,3,8628
27103,30,7,20586
27104,445,5,13128
27105,192,6,18088
27106,291,4,17534
27107,1220,3,9362
27108,529,3,7427
27109,574,6,13678
27110,252,5,10369
27111,38,6,12746
27112,533,6,20569
27113,108,6,12720
27114,252,3,10563
27115,587,1,1524
27116,9,6,19608
27117,85,9,19842
27118,372,6,17560
27119,197,5,7873
27120,9,2,1627
27121,91,12,28263
27122,728,4,14044
27123,164,8,20466
27124,116,5,17530
27125,136,4,9736
27126,112,5,16785
27127,221,6,11819
27128,242,5,9728
27129,179,7,23388
27130,134,5,14189
27131,138,2,2812
27132,556,6,23979
27133,163,3,11745
27134,293,3,6024
27135,15,4,10558
27136,750,6,16109
27137,249,3,7293
27138,329,7,21318
27139,392,7,21250
27140,224,3,6763
27141,584,5,13564
27142,414,5,16731
27143,16,5,10158
27144,16,7,23974
27145,30,9,22463
27146,130,7,19085
27147,213,1,1412
27148,354,8,21084
27149,32,9,25828
27150,591,2,5054
27151,128,10,38174
27152,441,4,10407
27153,197,6,10630
27154,166,2,5637
27155,76,6,9992
27156,82,3,8393
27157,122,8,23202
27158,386,4,8368
27159,156,5,14602
27160,362,1,1148
27161,287,6,16625
27162,40,8,13816
27163,523,4,13751
27164,285,5,11422
27165,474,1,1676
27166,419,7,18067
27167,146,12,27382
27168,155,4,10135
27169,468,3,8766
27170,550,2,5151
27171,67,6,13712
27172,61,5,12270
27173,211,6,17883
27174,198,6,21672
27175,632,3,7029
27176,353,2,7751
27177,463,5,18430
27178,95,4,14631
27179,1229,2,3208
27180,221,3,3270
27181,319,5,11115
27182,307,7,20618
27183,10,5,10736
27184,60,5,8909
27185,177,7,22409
27186,86,4,11620
27187,182,8,22276
27188,29,8,20905
27189,139,5,15657
27190,243,4,8759
27191,16,5,12717
27192,660,3,5340
27193,151,8,26383
27194,309,6,9070
27195,975,4,7616
27196,19,9,27209
27197,416,4,10364
27198,466,4,14403
27199,1041,1,1462
27200,47,11,28389
27201,328,3,7061
27202,991,5,15257
27203,194,4,14457
27204,444,3,9314
27205,156,6,17870
27206,204,9,21906
27207,152,2,2715
27208,34,2,5413
27209,349,2,4969
27210,1,8,14532
27211,501,2,4605
27212,173,5,18514
27213,190,5,15334
27214,38,3,8712
27215,272,5,16103
27216,138,4,11647
27217,20,6,16537
27218,944,1,5251
27219,429,4,8548
27221,71,7,22798
27222,745,5,13287
27223,55,11,33091
27224,431,4,15210
27225,64,9,29234
27226,163,5,9316
27227,62,8,23078
27228,14,8,24871
27229,400,4,12029
27230,45,4,8135
27231,219,2,2333
27232,73,10,25413
27233,419,3,10963
27234,42,3,8809
27235,388,6,15453
27236,676,7,16952
27237,12,5,8038
27238,54,8,16094
27239,441,7,25960
27240,151,9,33169
27241,113,8,15482
27242,82,5,9946
27243,546,2,4659
27244,869,2,6356
27245,57,5,8210
27246,570,1,4823
27247,10,4,11531
27248,327,7,22972
27249,270,3,6060
27250,456,6,22210
27251,230,4,4989
27252,162,7,19757
27253,59,3,13772
27254,420,5,13286
27255,201,4,8305
27256,559,4,16800
27257,41,2,2969
27258,16,10,27794
27259,176,8,22275
27260,241,6,17319
27261,9,8,24650
27262,126,7,15909
27263,37,7,13351
27264,153,4,10497
27265,1130,2,864
27266,256,3,6792
27267,213,6,19655
27268,59,8,25279
27269,334,5,17895
27270,393,5,17281
27271,135,4,8936
27272,337,7,20418
27273,165,4,6448
27274,134,4,3517
27275,114,7,20867
27276,123,3,4609
27277,67,4,8829
27278,235,2,5301
27279,475,4,11837
27280,195,6,11698
27281,115,8,11398
27282,59,5,14354
27283,160,4,13934
27284,117,5,16115
27285,148,6,23073
27286,221,5,14456
27287,367,5,11300
27288,535,4,11982
27289,398,6,16002
27290,107,6,14667
27291,170,4,13255
27292,492,3,9546
27293,61,11,26787
27294,415,3,10325
27295,40,6,18988
27296,222,5,8879
27297,310,5,7852
27298,229,5,14430
27299,98,4,6764
27300,304,2,4920
27301,631,5,19707
27302,108,6,14494
27303,188,6,16653
27304,24,10,31115
27305,121,3,5330
27306,600,3,6743
27307,21,7,16071
27308,128,5,19447
27309,221,5,10014
27310,361,3,8206
27311,41,8,21795
27312,27,5,13705
27313,80,9,21310
27314,134,8,16059
27315,83,4,11526
27316,201,6,13135
27317,90,6,16648
27318,95,3,5068
27319,8,9,27550
27320,287,5,19647
27321,143,6,18468
27322,550,8,25258
27323,605,3,7646
27324,69,6,10919
27325,50,6,18370
27326,571,2,5209
27327,755,4,17330
27328,1107,2,4850
27329,78,3,11121
27330,149,3,7202
27331,447,5,13126
27332,37,7,24336
27333,136,3,5054
27334,100,3,7786
27335,574,3,9968
27336,55,5,10017
27337,256,5,14893
27338,225,6,21254
27339,761,1,4353
27340,26,5,14409
27341,210,5,18424
27342,26,4,9576
27343,16,6,18705
27344,986,2,4822
27345,211,3,6126
27346,249,3,4741
27347,829,1,3472
27348,117,7,15700
27349,218,6,19785
27350,305,5,12431
27351,23,6,20607
27352,585,4,11127
27353,136,6,17253
27354,197,4,11314
27355,33,5,9334
27356,4,2,2505
27357,453,2,2447
27358,22,8,19331
27359,62,9,25912
27360,182,5,12261
27361,521,5,10267
27362,107,9,19966
27363,223,4,8747
27364,560,5,16948
27365,136,6,15135
27366,45,8,22476
27367,310,3,4754
27368,77,11,21463
27369,16,6,20515
27370,116,6,17335
27371,539,5,12495
27372,60,7,16655
27373,166,4,10998
27374,360,5,9474
27375,59,9,29955
27376,36,5,18825
27377,148,5,14407
27378,57,5,15995
27379,1105,2,5856
27380,75,5,15024
27381,335,6,18897
27382,288,6,16144
27383,216,6,13168
27384,269,7,22434
27385,519,5,14407
27386,133,5,10895
27387,2,2,4312
27388,547,5,18701
27389,112,5,11130
27390,216,7,14348
27391,26,5,15009
27392,3,6,17190
27393,456,2,9009
27394,196,7,24141
27395,259,8,11160
27396,149,4,13309
27397,310,9,23140
27398,187,6,13452
27399,19,4,11403
27400,178,3,8215
27401,126,6,15911
27402,35,4,9357
27403,119,3,6171
27404,221,7,21327
27405,423,2,5272
27406,2,6,10184
27407,337,7,24412
27408,452,3,10739
27409,146,3,5607
27410,219,5,15960
27411,47,9,28207
27412,994,3,6142
27413,339,3,7061
27414,88,7,18543
27415,574,1,398
27416,205,2,5484
27417,390,3,12059
27418,34,2,6443
27419,283,10,26888
27420,451,4,8905
27421,110,5,10175
27422,34,4,11949
27423,61,2,6388
27424,230,3,12353
27425,200,5,13751
27426,167,5,15877
27427,10,7,20600
27428,773,5,17886
27429,100,5,14060
27430,168,5,15031
27431,383,5,16297
27432,774,3,3475
27433,379,7,20224
27434,310,3,7254
27435,129,3,7545
27436,32,6,19869
27437,172,6,15435
27438,15,5,14025
27439,334,6,14070
27440,443,3,13357
27441,401,10,27652
27442,120,8,18834
27443,123,2,9438
27444,196,6,16214
27445,212,4,7207
27446,65,2,6219
27447,137,5,17219
27448,4,9,19122
27449,5,6,17942
27450,31,8,23149
27451,814,5,10863
27452,297,4,12428
27453,396,8,25709
27454,392,4,9102
27455,431,2,5597
27456,404,1,4923
27457,331,6,17216
27458,37,7,18047
27459,12,5,12456
27460,35,6,7803
27461,1244,1,2543
27462,328,3,11061
27463,65,2,3172
27464,260,5,9862
27465,893,3,10269
27466,205,5,6961
27467,28,5,16253
27468,64,4,8346
27469,143,4,10122
27470,352,4,8527
27471,67,6,18305
27472,53,2,6802
27473,129,6,18047
27474,637,7,24532
27475,107,6,12864
27476,298,6,21170
27477,235,10,29697
27478,37,8,24093
27479,379,1,1032
27480,337,3,11909
27481,485,6,14881
27482,1096,4,9319
27483,27,4,11377
27484,130,4,9408
27485,656,2,7707
27486,58,4,10700
27487,20,1,1754
27488,65,4,9759
27489,268,6,13083
27490,135,7,17993
27491,55,4,9253
27492,194,5,11557
27493,173,11,29572
27494,1001,2,5454
27495,384,9,22568
27496,134,3,8028
27497,28,4,6688
27498,45,5,9227
27499,92,5,11932
27500,174,5,16786
27501,612,4,5810
27502,977,4,10368
27503,526,8,22953
27504,542,4,14153
27505,1180,3,4607
27506,85,4,12649
27507,878,3,7190
27508,107,7,18325
27509,43,5,9900
27510,670,5,11100
27511,242,9,23712
27512,412,6,15445
27513,82,8,22273
27514,510,4,17091
27515,671,6,20115
27516,136,7,22473
27517,173,4,10647
27518,52,5,16687
27519,473,3,5044
27520,193,6,17175
27521,49,11,25155
27522,621,5,14930
27523,646,5,14110
27524,74,6,14403
27525,653,4,9676
27526,382,5,14803
27527,84,6,16151
27528,399,7,17935
27529,29,3,8594
27530,304,5,16124
27531,647,4,14068
27532,171,4,16975
27533,26,6,17683
27534,386,4,7157
27535,17,5,14548
27536,219,2,6151
27537,27,9,23870
27538,1151,1,2572
27539,197,4,7995
27540,71,7,21129
27541,500,5,15019
27542,459,3,9687
27543,142,6,14978
27544,794,4,13883
27545,42,6,16728
27546,318,6,14965
27547,74,9,19403
27548,440,3,7831
27549,188,4,10732
27550,232,7,15432
27551,17,5,5195
27552,845,5,13090
27553,687,3,7469
27554,240,2,7984
27555,77,3,8164
27556,279,3,6660
27557,598,3,8818
27558,695,3,6142
27559,32,5,11441
27560,131,5,12517
27561,45,4,9956
27562,99,6,17994
27563,91,8,23628
27564,3,4,12582
27565,135,5,13657
27566,35,6,23383
27567,211,6,15567
27568,31,6,15826
27569,185,8,20425
27570,134,5,13712
27571,359,6,15329
27572,269,6,16894
27573,336,5,14658
27574,145,7,21824
27575,320,6,16016
27576,209,3,5678
27577,345,7,18137
27578,450,4,15573
27579,63,3,10912
27580,141,7,14919
27581,64,8,30247
27582,739,4,7941
27583,392,6,13333
27584,77,8,15664
27585,49,7,22273
27586,190,3,5589
27587,99,1,1459
27588,114,3,8121
27589,144,6,19059
27590,237,5,10803
27591,188,5,10380
27592,416,5,9793
27593,233,4,16309
27594,72,7,17037
27595,228,8,22997
27596,344,3,12001
27597,248,4,11100
27598,256,3,6053
27599,217,5,14641
27600,428,8,22003
27601,164,5,14462
27602,864,3,10661
27603,625,4,15820
27604,185,6,18271
27605,94,6,22053
27606,301,2,5901
27608,83,4,14458
27609,131,6,20676
27610,279,5,17123
27611,352,5,15670
27612,249,5,19708
27613,184,6,16804
27614,208,9,20994
27615,299,4,12170
27617,9,8,24171
27618,87,4,14208
27619,54,3,6074
27620,300,5,18726
27621,96,5,9613
27622,81,4,14300
27623,157,3,9682
27624,1200,1,2431
27625,21,3,10256
27626,371,3,8019
27627,45,9,32185
27628,62,5,5846
27629,589,4,12310
27630,13,10,32388
27631,416,6,17161
27632,496,5,7043
27633,144,3,5066
27634,484,6,7250
27635,343,5,10176
27636,6,6,20923
27637,127,6,14277
27638,67,8,33798
27639,217,2,7839
27640,19,9,24633
27641,32,9,29420
27642,1174,3,4994
27643,57,4,11897
27644,108,4,11314
27645,178,6,18779
27646,12,5,12741
27647,233,6,17214
27648,19,4,8161
27649,121,5,11514
27650,935,2,7843
27651,641,5,11505
27652,68,4,9203
27653,11,9,20850
27654,52,4,13232
27655,469,5,18365
27656,196,4,6865
27657,367,5,12709
27658,556,7,26160
27659,148,10,32853
27660,26,7,16606
27661,283,6,16993
27662,494,5,12145
27663,587,1,1015
27664,124,3,4345
27665,95,8,24070
27666,54,5,10949
27667,309,3,7849
27668,420,3,3230
27669,15,6,23661
27670,13,4,13714
27671,230,2,6205
27672,9,6,20465
27673,47,5,12012
27674,52,5,16008
27675,95,8,17832
27676,127,7,20701
27677,286,4,9250
27678,782,1,1469
27679,17,9,20731
27680,28,3,5909
27681,27,13,35643
27682,58,3,5702
27683,80,4,10813
27684,465,3,12041
27685,440,5,13164
27686,33,3,7148
27687,220,5,19352
27688,305,6,12845
27689,294,4,10510
27690,347,2,9344
27691,62,5,13195
27692,54,4,5836
27693,251,3,8432
27694,17,8,23916
27695,31,8,18526
27696,767,3,9230
27697,128,5,13384
27698,617,3,9806
27699,14,10,25546
27700,185,4,11597
27701,20,6,17172
27702,160,5,15297
27703,99,6,23581
27704,64,6,18571
27705,355,6,16768
27706,536,4,12159
27707,420,5,16682
27708,147,8,20485
27709,82,4,7318
27710,100,2,571
27711,278,6,16878
27712,13,8,27573
27713,5,7,17391
27714,170,5,13705
27715,54,6,9351
27717,939,2,7228
27718,170,5,14830
27719,606,6,19582
27720,103,3,9960
27721,75,6,11672
27722,59,4,12623
27723,133,5,10776
27724,3,8,20496
27725,120,9,23754
27726,460,4,9963
27727,9,5,14327
27728,60,4,10096
27729,132,7,26780
27730,680,3,8122
27731,22,7,25253
27732,56,7,18825
27733,455,4,10711
27734,216,5,16981
27735,101,5,15949
27736,152,7,18017
27737,1104,2,6029
27738,189,6,18326
27739,204,7,18460
27740,69,3,7296
27741,164,8,18800
27742,557,5,10332
27743,189,5,16068
27744,113,4,11612
27745,107,5,12166
27746,401,4,15832
27747,114,7,16188
27748,552,4,13119
27749,844,4,11315
27750,38,8,17113
27751,275,6,20150
27752,301,2,6006
27753,189,9,22420
27754,155,9,23123
27755,162,3,9920
27756,164,6,17902
27757,787,4,6211
27758,109,4,5931
27759,243,3,7915
27760,371,3,4406
27761,717,6,14872
27762,632,3,10469
27763,44,5,16939
27764,223,3,5706
27765,327,4,10268
27766,48,3,10823
27767,338,2,7398
27768,64,5,5298
27769,97,4,6779
27770,66,7,24400
27771,88,3,9250
27773,36,5,10840
27774,455,9,20993
27775,52,10,28440
27776,115,11,25913
27777,105,6,15046
27778,79,5,14757
27779,27,5,17467
27780,689,5,12100
27782,172,5,11985
27783,247,5,12939
27784,988,2,8103
27785,74,4,10974
27786,205,3,6854
27787,1123,1,4864
27788,178,5,15880
27789,79,1,2546
27790,280,7,18680
27791,235,7,20829
27792,196,7,20818
27793,361,3,7098
27794,352,4,6619
27795,1208,4,7544
27796,778,3,11842
27797,21,5,18502
27798,264,7,14544
27799,86,4,15487
27800,129,6,19989
27801,79,11,40241
27802,789,2,7467
27803,536,2,5511
27804,91,4,9758
27805,140,5,14483
27806,741,2,6932
27807,169,5,9923
27808,530,3,9005
27809,138,5,17482
27810,52,3,4687
27811,422,4,12272
27812,1198,1,3341
27813,36,5,10690
27814,22,6,12502
27815,112,4,11506
27816,547,3,7404
27817,302,5,16927
27818,400,7,16335
27819,47,5,21030
27820,594,4,5055
27821,35,8,19700
27822,83,6,15514
27823,140,3,6007
27824,252,7,23500
27825,170,3,9508
27826,92,2,6265
27827,770,4,16775
27828,736,2,3494
27829,303,5,5702
27830,108,5,17517
27831,49,10,31506
27832,298,4,9458
27833,948,1,737
27834,160,8,22369
27835,36,6,13216
27836,25,3,6346
27837,112,5,10165
27838,138,7,22467
27839,100,6,19619
27840,474,3,7528
27841,158,9,22459
27842,32,6,11363
27843,13,3,9539
27844,73,7,15031
27845,150,4,9262
27846,28,6,18794
27847,524,2,3429
27848,179,7,22185
27849,357,3,8840
27850,62,6,18285
27851,184,5,13723
27852,542,2,3280
27853,586,6,12919
27854,154,4,10149
27855,125,6,16367
27856,186,7,15508
27857,597,2,4456
27858,45,7,12606
27859,85,4,11448
27860,699,2,4735
27861,172,6,12054
27862,95,6,16684
27863,21,7,14750
27864,409,4,13349
27865,530,5,17511
27866,39,11,33376
27867,200,7,29607
27868,55,8,16481
27869,93,5,14074
27870,1102,1,4801
27871,75,6,20657
27872,414,4,16427
27873,374,6,13874
27874,182,6,15668
27875,58,9,27795
27876,40,10,30916
27877,703,3,6228
27878,65,6,11244
27879,412,6,14555
27880,286,4,13241
27881,98,6,18303
27882,37,5,12540
27883,84,5,12145
27884,288,4,12292
27885,13,5,19140
27886,429,6,18880
27887,217,4,11700
27888,30,6,15271
27889,188,8,23568
27890,112,7,23411
27891,257,8,18696
27892,34,6,17559
27893,356,4,8867
27894,561,5,10376
27895,380,5,18322
27896,391,5,14789
27897,4,6,13876
27898,80,8,17390
27899,28,5,14943
27900,138,5,16308
27901,206,4,14070
27902,575,2,5116
27903,498,5,12534
27904,199,7,13852
27905,259,6,15432
27906,159,2,5147
27907,139,6,6131
27908,549,4,12437
27909,242,8,23364
27910,72,3,9087
27911,3,6,17611
27912,655,2,7731
27913,104,6,17114
27914,184,4,16048
27915,41,7,16737
27916,188,4,9808
27917,162,9,30875
27918,228,5,7045
27919,301,5,19382
27920,385,5,11861
27921,65,7,21913
27922,25,6,9520
27923,652,2,4287
27924,491,3,6504
27925,1102,2,9099
27926,91,8,22933
27927,301,8,25203
27928,792,2,4705
27929,100,5,13238
27930,364,5,17537
27931,360,7,19317
27932,108,4,12168
27933,216,3,5750
27934,127,4,7823
27935,146,5,7879
27936,1248,1,1763
27937,173,7,16545
27938,59,4,10713
27939,461,6,12626
27940,345,8,29239
27941,413,7,18478
27942,65,11,27837
27943,775,3,5757
27944,113,2,9046
27945,35,6,16636
27946,76,5,10779
27947,788,4,10506
27948,742,5,14486
27949,135,4,11847
27950,224,2,4646
27951,87,8,27806
27952,801,2,7669
27953,101,3,6045
27954,155,3,10789
27955,874,3,5494
27956,84,9,25430
27957,615,6,9637
27958,247,6,15923
27959,393,4,16277
27960,147,6,19408
27961,260,5,13069
27962,655,2,8892
27963,513,2,7227
27964,116,5,17058
27965,11,4,6283
27966,55,4,10406
27967,62,7,21175
27968,267,7,15810
27969,30,5,17290
27970,126,9,25998
27971,152,5,11227
27972,88,7,13623
27973,216,4,14768
27974,429,4,10338
27975,206,7,21370
27976,74,9,20144
27977,47,7,14260
27978,140,4,3469
27979,175,5,9174
27980,380,6,13404
27981,313,6,18062
27982,411,8,20398
27983,222,3,5141
27984,244,6,16981
27986,554,4,10496
27987,42,2,2487
27988,308,6,13471
27989,354,4,7893
27990,192,4,12599
27991,345,5,15964
27992,190,8,22073
27993,25,11,29766
27994,93,10,31242
27995,20,6,15488
27996,186,5,13795
27997,226,4,13020
27998,340,7,12775
27999,79,5,15538
28000,42,5,13091
28001,213,4,8620
28002,121,3,10524
28003,332,5,13923
28004,187,8,24102
28005,513,4,9446
28006,472,3,6705
28007,95,6,18590
28008,126,8,23185
28009,138,2,9673
28010,175,6,14644
28011,584,2,8222
28012,72,11,25733
28013,135,11,41696
28014,101,6,21368
28015,39,6,16213
28016,104,3,6499
28017,154,10,28279
28018,327,3,6787
28019,156,3,9005
28020,35,2,6202
28021,298,6,22663
28022,556,5,11699
28024,36,7,19849
28025,195,8,28722
28026,33,8,21728
28027,124,2,5418
28028,237,4,5092
28029,15,6,21223
28030,969,2,6237
28031,94,6,19721
28032,846,3,10953
28033,606,2,5376
28034,76,3,6968
28035,283,4,9182
28036,209,6,16342
28037,68,2,7074
28038,458,2,7603
28039,304,2,2523
28040,118,9,19376
28041,545,5,15078
28042,339,6,18029
28043,547,2,7788
28044,23,7,20258
28045,20,8,25737
28046,224,2,1899
28047,268,7,25865
28048,1195,2,7629
28049,23,11,23543
28050,61,6,19470
28051,267,7,9698
28052,125,3,12163
28053,145,4,11212
28054,86,7,21926
28055,395,6,17364
28056,163,5,12665
28057,180,5,9148
28058,220,1,3615
28059,13,6,9469
28060,106,9,23147
28061,20,8,27997
28062,105,4,7701
28063,533,2,5830
28064,25,6,20802
28065,414,4,11087
28066,935,3,6775
28067,572,4,10219
28068,216,3,12699
28069,115,5,14133
28071,376,3,6871
28072,38,8,18255
28073,23,7,14554
28074,154,7,25020
28075,138,8,23379
28076,407,3,6609
28077,131,7,15218
28078,408,5,11775
28079,244,6,18850
28080,843,3,7742
28081,461,6,21271
28082,86,6,12777
28083,116,9,21624
28084,234,5,10001
28085,1348,1,2975
28086,637,5,13430
28087,175,8,24134
28088,402,5,16148
28089,41,7,19332
28090,705,7,23575
28091,62,7,18835
28092,56,4,5615
28093,925,3,6917
28094,285,7,24120
28095,765,5,19122
28096,5,7,20682
28097,201,3,8714
28098,117,8,21965
28099,4,7,21075
28100,11,4,7329
28101,149,5,13451
28102,168,3,12541
28103,203,3,6714
28104,326,10,28674
28105,84,5,9202
28106,757,3,11287
28107,13,7,16950
28108,234,4,12794
28109,600,3,9691
28110,256,7,18799
28111,13,4,11850
28112,44,9,21950
28113,592,5,16343
28114,512,3,7898
28115,255,6,14162
28116,136,3,5380
28117,1173,2,6126
28118,62,7,14700
28119,312,3,6562
28120,4,2,6149
28121,70,7,25686
28122,103,6,16963
28123,25,5,13654
28124,23,2,5444
28125,190,1,3246
28126,344,9,21238
28127,185,4,10863
28128,31,5,9054
28129,35,3,11029
28130,6,5,15728
28131,130,7,16179
28132,810,2,4966
28133,218,3,11369
28134,431,8,25232
28135,286,3,9099
28136,91,5,13719
28137,216,5,8275
28138,223,6,23376
28139,173,7,22620
28140,257,3,5386
28141,45,2,9003
28142,45,3,8449
28143,59,3,7864
28144,316,14,41347
28145,98,4,14766
28146,260,5,15337
28147,104,5,17988
28148,105,5,14839
28149,69,10,28820
28150,333,3,6952
28151,199,6,11893
28152,603,2,5696
28153,69,5,12806
28154,536,9,24610
28156,66,5,7551
28157,305,4,9671
28158,777,1,1177
28159,86,6,18915
28160,167,7,17294
28161,120,9,19623
28162,253,8,18445
28163,147,5,11079
28164,479,3,11394
28165,145,2,5543
28166,156,7,23964
28167,16,5,16273
28168,317,5,13066
28169,192,5,21520
28170,339,4,9636
28171,535,5,10079
28172,247,6,6557
28173,50,8,17787
28174,359,4,8441
28175,46,6,15712
28176,16,5,6090
28177,249,4,8260
28178,188,5,15392
28179,472,4,13398
28180,215,2,878
28181,322,8,10557
28182,532,4,12018
28183,351,8,21264
28184,519,4,9924
28185,235,7,25406
28186,134,3,3671
28187,235,8,13365
28188,6,6,21451
28189,105,6,19942
28190,498,2,5392
28191,143,9,26027
28192,9,4,8938
28193,519,8,23213
28194,2,5,11468
28195,109,6,18234
28196,552,3,11109
28197,43,6,9970
28198,414,2,3210
28199,258,4,8672
28200,12,6,20863
28201,396,3,5210
28202,160,11,27627
28203,569,4,14910
28204,112,7,19770
28205,251,3,7241
28206,40,6,17238
28207,117,4,8562
28208,847,1,900
28209,335,4,7693
28210,46,7,19320
28211,60,8,22816
28212,71,8,25559
28213,530,1,450
28214,330,7,17842
28215,4,4,7815
28216,53,5,15582
28217,34,6,12700
28218,747,4,11514
28219,132,6,18757
28220,454,3,7897
28221,183,4,10098
28222,631,6,15357
28223,41,3,5179
28224,343,8,31667
28225,68,4,12694
28226,64,6,12511
28227,98,5,9845
28228,120,5,8886
28229,628,2,5633
28230,728,1,3870
28231,137,10,26445
28232,785,3,8107
28233,28,5,11640
28234,179,9,18770
28235,574,1,532
28236,1055,2,2489
28237,327,6,12320
28238,228,4,7059
28239,57,4,12337
28240,186,7,23978
28241,48,4,14046
28242,22,7,15764
28243,200,5,16392
28244,237,5,12970
28245,532,4,11907
28246,316,3,8508
28247,646,3,7363
28248,3,7,9668
28249,153,7,24320
28250,85,6,19323
28251,26,6,13780
28252,626,4,8541
28253,315,5,17281
28254,16,6,12012
28255,128,3,11836
28256,806,5,14691
28257,206,6,17868
28258,201,3,8095
28259,78,6,14610
28260,10,7,20003
28261,453,3,7615
28262,238,4,10039
28263,93,11,31353
28264,582,1,1405
28265,469,5,14872
28266,277,5,11356
28267,141,6,18636
28268,342,7,17658
28269,57,3,8640
28270,375,8,24107
28271,219,4,5615
28272,492,3,11920
28273,164,7,21495
28274,399,5,7819
28275,50,7,15086
28276,41,6,18390
28277,211,6,9234
28278,221,8,21364
28279,208,4,12685
28280,27,4,9674
28281,195,4,12815
28282,3,5,11198
28283,258,6,18691
28284,221,6,16163
28285,194,5,10031
28286,421,5,8940
28287,14,8,34734
28288,184,3,6340
28289,79,5,13420
28290,170,4,15099
28291,40,4,7065
28292,250,4,15638
28293,122,10,20330
28294,269,5,15125
28295,487,4,20078
28296,245,7,25858
28297,677,7,12792
28298,194,6,24693
28299,122,7,19084
28300,38,8,21746
28301,10,7,15191
28302,10,6,19434
28303,98,9,30985
28304,215,7,25571
28305,247,7,18285
28306,453,7,18858
28307,644,2,5713
28308,245,4,10412
28309,64,9,26449
28310,1,8,26498
28311,8,7,19207
28312,41,8,25709
28313,50,9,24180
28314,51,4,12889
28315,12,7,15310
28316,17,5,20938
28317,68,7,19503
28318,1007,1,4055
28319,24,4,8976
28321,7,8,27894
28322,50,8,29125
28323,122,5,14278
28324,206,6,23399
28325,324,4,11431
28326,792,2,4031
28327,906,2,3760
28328,143,5,13898
28329,370,4,16975
28330,60,8,19754
28331,262,3,13678
28332,45,6,12933
28333,160,5,14033
28334,636,4,7482
28335,61,5,16175
28336,367,3,7905
28337,64,7,15724
28338,199,6,11713
28339,277,8,22627
28340,355,3,9423
28341,1351,1,4856
28342,527,3,8496
28343,164,9,17854
28344,248,1,2940
28345,170,6,20819
28346,68,7,14972
28347,450,4,5232
28348,28,8,20865
28349,500,1,4280
28350,25,9,32326
28351,19,5,10958
28352,146,4,12740
28353,49,7,23410
28354,116,7,18567
28355,738,2,5987
28356,51,4,8797
28357,90,3,11307
28358,531,4,9146
28359,51,4,8769
28360,784,3,9185
28361,599,1,1999
28362,21,4,7042
28363,244,3,12588
28364,858,4,7004
28365,46,6,12614
28366,804,3,11136
28367,44,5,14320
28368,41,3,11171
28369,565,3,10479
28370,281,7,19958
28371,314,5,14515
28372,136,7,15597
28373,292,6,15024
28374,129,4,9717
28375,270,5,15498
28376,79,5,11290
28377,424,7,20299
28378,33,5,15172
28379,438,8,14708
28380,959,3,13121
28381,163,7,16396
28382,17,3,7080
28383,29,5,8400
28385,83,6,13206
28386,184,3,5643
28387,22,12,29956
28388,66,10,22711
28389,764,5,11404
28390,67,2,4213
28391,198,6,14517
28392,221,5,13442
28393,458,10,26415
28394,614,5,7398
28395,122,5,13629
28396,281,4,10488
28397,542,2,5266
28398,14,8,23578
28399,2,9,24500
28400,158,2,3932
28401,112,7,15914
28402,351,4,6227
28403,316,6,10516
28404,68,5,11753
28405,149,5,10193
28406,190,4,9180
28407,151,5,6274
28408,55,7,17556
28409,18,5,15492
28410,181,4,7839
28411,68,5,15311
28412,11,6,19495
28413,62,3,7596
28414,261,4,11375
28415,16,5,10418
28416,255,5,14852
28417,187,5,7919
28418,112,7,16848
28419,34,6,17654
28420,176,3,7689
28421,216,5,17781
28422,143,8,25751
28423,140,2,6031
28424,688,4,9518
28425,604,5,12804
28426,164,3,4445
28427,392,2,9848
28428,1097,2,6268
28429,22,9,22429
28430,292,8,23811
28431,380,6,18478
28432,224,9,17936
28433,167,2,4002
28434,24,6,9516
28435,666,4,14036
28436,372,5,14998
28437,36,7,21278
28438,209,4,10348
28439,151,7,16194
28440,592,6,16037
28441,81,9,27247
28442,333,3,10330
28443,180,3,8983
28444,703,6,16231
28445,224,8,25669
28446,1198,1,1337
28447,417,3,13751
28448,532,7,20144
28449,197,8,24897
28450,36,7,19495
28451,139,5,11999
28452,104,3,3739
28453,31,5,17875
28454,11,6,18981
28455,1029,2,6929
28456,85,5,20619
28457,271,2,5747
28458,568,3,7446
28459,263,7,15372
28460,11,2,5517
28461,195,2,5775
28462,1045,2,7264
28463,176,3,11085
28464,521,3,7879
28465,28,3,6023
28466,144,2,1289
28467,153,6,24905
28468,371,5,14549
28469,224,5,16399
28470,59,6,12596
28471,271,2,2961
28472,607,5,11282
28473,235,3,8928
28474,348,7,17320
28475,314,4,14892
28476,190,4,11166
28477,1148,1,1034
28478,557,2,4838
28479,9,2,3591
28480,960,3,8607
28481,505,8,23141
28482,310,5,12603
28483,107,6,16454
28484,188,4,11207
28485,169,5,16376
28486,330,5,14866
28487,303,2,4901
28488,348,5,14707
28489,501,6,11858
28490,454,2,8670
28491,547,3,5068
28492,72,5,13158
28493,200,2,7978
28494,17,5,15660
28495,67,6,15604
28496,186,5,12518
28497,286,6,15403
28498,566,2,5854
28499,7,3,9476
28500,33,3,10795
28501,50,6,17081
28502,214,2,6909
28503,109,7,19640
28504,154,6,13944
28505,674,4,13139
28506,582,4,12720
28507,216,4,9870
28509,10,7,27670
28510,742,5,17672
28511,19,6,13136
28512,348,7,18286
28513,107,4,10478
28514,267,5,16402
28515,79,9,32690
28516,197,5,14632
28517,487,7,15211
28518,81,7,22707
28519,996,1,1147
28520,199,2,4465
28521,4,2,4919
28522,330,3,9588
28523,326,4,9804
28524,521,6,13156
28525,12,3,9404
28526,666,3,9893
28527,274,5,17560
28528,192,5,10949
28529,236,7,15024
28530,735,3,7255
28531,198,7,15790
28532,107,5,12512
28533,620,3,12126
28534,121,5,15931
28535,203,11,35033
28536,136,3,10315
28537,42,2,3949
28538,69,7,18193
28539,141,6,20413
28540,262,4,8005
28541,651,7,11779
28542,356,5,16236
28543,102,4,8563
28544,9,7,23810
28545,29,7,17939
28546,6,6,21808
28547,522,6,22056
28548,39,9,30128
28549,282,10,24286
28550,50,7,17336
28551,841,2,5616
28552,55,5,14596
28553,139,5,14319
28554,72,6,20874
28555,391,3,10150
28556,1351,1,5021
28557,172,7,19976
28558,319,2,8431
28559,429,7,23426
28560,209,3,8402
28561,6,3,6070
28562,204,6,20956
28563,32,6,16766
28564,269,4,11065
28565,431,9,32269
28566,14,7,15744
28567,28,5,12489
28568,8,9,20190
28569,106,3,8021
28570,513,4,13790
28571,285,5,7268
28572,102,11,22671
28573,280,6,17731
28574,4,7,14227
28575,86,3,11956
28576,359,3,4968
28577,73,4,7432
28578,899,1,3329
28579,114,6,22040
28580,62,7,11216
28581,52,7,14308
28582,72,13,38123
28583,324,4,11448
28584,703,1,2118
28585,26,5,12611
28586,54,8,24164
28587,12,5,12823
28588,473,3,9352
28589,312,4,11692
28590,127,7,16085
28591,47,6,18173
28592,763,1,4702
28593,39,4,15529
28594,157,4,9495
28595,499,5,14433
28596,887,2,3326
28597,166,7,17623
28598,564,5,15448
28599,120,5,11532
28600,334,9,30183
28601,15,6,12612
28602,209,6,13223
28603,391,2,6534
28604,47,8,18857
28605,62,5,20247
28606,185,7,12834
28607,270,6,14570
28608,125,5,16056
28609,31,3,9301
28610,173,6,18622
28611,330,6,21234
28612,35,7,22067
28613,178,7,18525
28614,336,5,10904
28615,300,5,13478
28616,241,4,9231
28617,421,5,11346
28618,312,5,14004
28619,218,10,28203
28620,148,6,20365
28621,276,5,12760
28622,162,3,6625
28623,124,4,11711
28624,257,9,24428
28625,228,5,9553
28626,819,4,12057
28627,142,4,13461
28628,58,5,17652
28629,463,2,2441
28630,549,1,700
28631,61,3,12202
28632,63,5,11245
28633,255,6,7680
28634,364,3,11123
28635,69,4,16052
28636,288,3,10129
28637,80,4,9033
28638,35,4,9346
28639,319,4,9320
28640,182,4,6240
28641,182,6,18534
28642,521,4,12887
28643,515,3,6936
28644,487,9,23900
28645,665,2,6998
28646,64,5,13084
28647,20,9,23388
28648,546,2,4597
28649,200,6,17940
28650,20,8,17102
28651,182,6,17597
28652,145,6,17855
28653,192,7,17235
28654,369,5,9593
28655,179,4,10765
28656,43,7,10085
28657,607,3,8104
28658,980,2,7664
28659,243,6,21888
28660,75,5,6459
28661,35,3,9697
28662,183,4,10830
28663,343,4,3122
28664,210,7,27087
28665,72,3,8901
28666,204,8,15116
28667,71,7,14439
28668,24,5,11577
28669,520,3,8257
28670,424,5,13152
28671,1056,3,8284
28672,108,5,14887
28673,21,4,13928
28675,200,8,25422
28676,105,6,12193
28677,19,7,17339
28678,16,7,16737
28679,230,4,6369
28680,66,11,25111
28681,530,4,13216
28682,179,6,17346
28683,65,9,27777
28684,992,1,5031
28686,515,4,10891
28687,76,7,19081
28688,142,7,11766
28689,68,8,21567
28690,118,1,3276
28691,39,6,15959
28692,36,4,12575
28693,144,6,20339
28694,570,5,12405
28695,84,3,7094
28696,313,9,21783
28697,228,2,5576
28698,586,3,8327
28699,230,8,16763
28700,258,4,7876
28701,43,4,11891
28702,295,6,12880
28703,642,3,12032
28704,523,5,12915
28705,73,5,21738
28706,220,3,9508
28708,1063,1,2119
28709,439,4,12891
28710,732,3,10311
28711,212,4,9614
28712,26,7,29138
28713,88,4,13757
28714,304,8,23326
28715,112,3,5823
28716,45,8,21460
28717,20,7,20202
28718,439,3,14810
28719,132,5,17246
28720,453,4,14068
28721,217,5,15109
28722,304,4,8961
28723,61,6,15395
28724,161,4,5504
28725,392,4,12160
28726,199,4,11375
28727,162,2,6987
28728,1,7,20005
28729,130,5,10530
28730,135,3,5264
28731,128,4,6957
28732,319,2,8067
28733,90,7,21234
28734,307,3,10692
28735,470,6,18880
28736,506,5,11073
28737,16,7,7436
28738,34,5,14363
28739,605,6,9330
28740,52,4,12780
28741,33,8,19155
28742,172,5,12233
28743,72,4,5013
28744,251,4,10030
28745,639,3,7491
28746,122,6,19916
28747,301,3,5982
28748,32,5,13576
28749,51,4,14468
28750,297,8,16671
28751,60,8,17151
28752,894,2,3355
28753,128,7,18602
28754,126,6,15964
28755,608,2,4578
28756,239,3,6166
28757,52,6,21028
28758,725,1,3973
28759,98,2,5930
28760,60,5,15478
28761,173,3,7948
28762,977,4,6481
28763,126,6,16550
28764,49,11,39098
28765,191,2,4447
28766,338,2,4744
28767,415,4,8741
28768,92,11,27119
28769,70,9,22240
28770,303,3,10669
28771,392,3,5208
28772,176,4,15284
28773,159,5,20474
28774,104,8,21536
28775,86,4,10893
28776,616,3,8576
28777,722,2,1517
28778,594,5,8718
28779,470,5,18179
28780,901,4,4223
28781,620,3,6526
28782,120,6,20574
28783,604,7,14818
28784,306,3,10029
28785,108,4,9395
28786,528,3,10366
28787,160,5,7477
28788,106,6,14127
28789,14,10,28318
28790,103,6,17115
28791,279,9,15321
28792,435,3,6097
28793,927,2,5882
28794,197,2,9140
28795,206,6,14525
28797,24,6,11098
28798,2,7,21852
28799,34,9,31647
28800,146,5,16943
28801,31,10,29118
28802,156,9,25534
28803,118,7,16279
28804,1049,3,7707
28805,3,6,9557
28806,327,3,7751
28807,1173,1,5250
28808,139,6,25127
28809,239,3,11248
28810,261,5,11863
28811,306,2,637
28812,25,9,21988
28813,665,1,947
28814,94,8,24079
28815,320,2,4826
28816,269,8,17322
28817,1,5,14718
28818,484,4,8754
28819,199,6,10958
28820,91,6,16824
28821,81,7,24647
28822,83,7,17725
28823,238,5,11100
28824,69,6,12600
28825,374,4,9658
28826,38,10,31456
28827,411,3,6861
28829,22,6,16974
28830,137,7,25655
28831,363,5,16216
28832,329,3,11039
28833,38,3,8828
28834,114,3,10218
28835,212,5,9807
28836,38,8,28631
28837,257,4,11098
28838,341,2,4370
28839,270,6,17466
28840,131,5,17967
28841,344,2,4003
28842,482,6,14842
28843,431,4,10510
28844,71,5,8277
28845,407,5,10407
28846,388,7,22985
28847,568,7,26074
28848,80,7,9287
28849,248,7,20875
28850,23,5,20572
28851,66,6,17294
28852,24,15,35178
28853,615,5,18225
28854,364,3,5402
28855,497,7,18971
28856,262,4,9890
28857,249,3,6162
28858,229,7,24166
28859,493,7,18639
28860,595,5,8007
28861,502,3,12806
28862,114,5,11352
28863,523,3,7833
28864,156,5,12408
28865,424,5,12906
28866,98,6,16035
28867,191,7,21504
28868,120,4,10818
28869,585,6,10631
28870,515,6,11237
28871,276,4,12405
28872,15,7,18971
28873,135,5,12844
28874,99,6,22773
28875,290,6,19996
28876,106,4,11958
28877,292,7,24878
28878,131,5,10539
28879,114,7,24829
28880,24,5,17141
28881,75,7,18387
28882,226,6,19638
28883,575,6,19998
28884,60,8,23773
28885,1030,2,7518
28886,188,5,16720
28887,15,5,13777
28888,18,4,10406
28889,349,3,9829
28890,235,1,2865
28891,218,2,1846
28892,466,5,15171
28893,578,3,12072
28894,20,7,20638
28895,159,2,4729
28896,238,5,17338
28897,827,3,11072
28898,65,3,9664
28899,794,2,5381
28900,341,4,6353
28901,131,10,18851
28902,260,5,11802
28903,124,5,11736
28904,223,6,20001
28905,239,9,24639
28906,100,5,17369
28907,759,3,8620
28908,305,3,10897
28909,62,3,7569
28910,4,6,17554
28911,64,7,27920
28912,569,4,12206
28913,45,6,14958
28915,196,2,7539
28916,563,6,23042
28917,430,7,23600
28918,48,3,7722
28919,206,7,17783
28920,365,3,10264
28921,377,4,8926
28922,796,5,16247
28923,70,7,22414
28924,8,7,11102
28925,1029,2,1438
28926,256,4,9599
28927,231,6,14650
28928,287,6,11491
28929,291,5,11141
28930,223,5,11503
28931,959,2,3828
28932,9,4,12815
28933,207,9,23507
28934,455,3,7959
28935,398,4,12896
28936,77,7,26794
28937,13,2,6774
28938,222,3,9517
28939,377,4,11963
28940,10,6,17426
28941,722,2,2343
28942,19,7,23670
28943,509,2,4264
28944,562,4,8954
28945,92,3,8841
28946,418,4,14416
28947,22,4,13742
28948,472,6,11272
28949,510,4,10034
28950,422,5,17634
28951,1220,3,10322
28952,33,9,25054
28953,48,7,10689
28954,621,4,8920
28955,80,5,15568
28956,163,6,14135
28957,117,6,15750
28958,98,6,22035
28959,543,2,3236
28960,155,4,12649
28961,89,5,14473
28962,191,4,10424
28963,294,3,11159
28964,101,5,13977
28965,134,6,10908
28966,60,7,21937
28967,135,3,9975
28968,224,3,6654
28969,857,2,4974
28970,1010,4,17637
28971,17,6,20319
28972,4,6,13826
28973,162,5,12870
28974,217,4,7656
28975,33,7,18940
28976,159,6,18832
28977,217,5,12221
28978,50,3,10883
28979,10,5,13487
28980,600,4,12544
28981,167,3,7068
28982,88,8,18270
28983,269,5,13622
28984,90,11,26684
28985,364,4,12971
28986,374,2,2347
28987,7,6,15928
28988,150,12,28024
28989,146,8,15837
28990,440,6,14486
28991,509,2,6193
28992,33,8,23137
28993,394,5,10624
28994,230,2,2762
28995,200,3,11898
28996,73,4,7638
28997,92,6,18383
28998,76,6,22349
28999,264,4,15980
29000,208,3,6507
29001,20,5,18939
29002,331,4,11547
29003,68,7,18345
29004,50,6,9755
29005,339,4,5103
29006,93,5,15667
29007,17,11,23722
29008,216,5,9797
29009,171,4,9474
29010,813,3,3166
29011,206,7,21586
29012,115,6,23025
29013,40,5,19428
29014,75,5,13861
29015,14,6,10559
29016,56,6,10934
29017,489,1,4880
29018,350,5,14006
29019,311,7,23229
29020,1187,1,602
29021,246,4,7749
29022,181,7,23781
29023,41,10,21399
29024,19,5,12309
29025,91,6,18633
29026,78,8,22567
29027,125,4,7748
29028,73,7,19073
29029,122,7,16613
29030,150,5,12461
29031,185,2,8837
29032,168,7,21433
29033,330,5,12426
29034,23,5,12647
29035,76,7,11474
29036,153,5,12039
29037,67,8,23317
29038,176,6,24135
29039,272,8,21247
29040,6,5,10632
29041,19,10,20984
29042,699,2,8000
29043,460,5,8771
29044,89,5,12417
29045,76,7,16072
29046,150,5,12355
29047,448,6,20016
29048,531,5,16155
29049,59,7,23989
29050,342,4,12277
29051,394,5,14415
29052,274,1,5011
29053,221,6,17958
29054,33,9,15571
29055,778,3,8961
29056,232,8,28332
29057,127,5,16722
29058,250,5,13147
29059,76,7,18611
29060,245,4,9977
29061,493,3,5977
29062,323,5,13089
29063,245,8,29108
29064,276,6,17349
29065,9,5,12546
29066,204,3,11163
29067,167,6,17061
29068,113,3,9529
29069,305,2,5380
29070,147,2,5713
29071,141,4,7892
29072,57,7,25194
29073,1,10,30756
29074,150,5,13047
29075,3,3,4737
29076,424,7,19309
29077,97,4,6750
29078,355,5,20790
29079,196,2,3030
29080,280,9,25482
29081,375,4,12010
29082,23,8,24413
29083,132,4,8192
29084,196,5,11466
29085,75,4,12785
29086,775,2,2950
29087,11,11,26954
29088,32,5,21795
29089,459,7,22233
29090,140,8,24875
29091,257,4,10139
29092,25,7,23806
29093,88,11,27975
29094,115,11,34518
29095,94,3,5382
29096,431,13,37978
29097,88,4,5698
29098,246,11,37770
29099,63,6,19776
29100,176,5,15847
29101,49,5,13519
29102,558,5,13457
29103,993,3,7885
29104,40,6,14070
29105,469,5,15450
29106,281,10,23416
29107,61,5,17700
29108,527,1,797
29109,210,2,797
29110,484,4,5688
29111,24,7,17194
29112,354,3,5057
29113,502,5,14016
29114,108,4,10185
29115,223,7,16113
29116,526,4,11432
29117,15,5,16721
29118,113,4,10846
29119,778,3,8549
29120,207,6,8935
29121,18,6,13983
29122,106,5,9993
29123,425,7,19769
29124,352,5,9805
29125,34,5,18315
29126,536,4,11012
29127,888,2,4787
29128,321,6,14487
29129,111,4,10008
29130,774,3,6607
29131,47,8,15993
29132,117,4,9648
29133,92,9,30207
29134,74,8,24133
29135,53,6,19305
29136,772,7,18179
29137,432,6,18519
29138,311,5,18512
29139,496,3,7654
29140,83,8,27348
29141,20,1,1370
29142,121,6,17349
29143,1094,3,2144
29144,46,5,9334
29145,465,6,19773
29146,1024,3,6268
29147,116,4,9922
29148,41,5,12451
29149,85,5,9746
29150,257,4,14320
29151,113,6,14300
29152,1071,4,8123
29153,582,4,10714
29154,153,6,25408
29155,2,8,23592
29156,1,4,15616
29157,467,5,15694
29158,531,9,21630
29159,111,6,19460
29160,257,4,5295
29161,357,6,14552
29162,322,1,1726
29163,599,2,2701
29164,324,4,11850
29165,96,5,9526
29166,77,7,22748
29167,146,6,17099
29168,78,3,5389
29169,285,5,14296
29170,102,7,19246
29171,49,7,17162
29172,64,9,26828
29173,303,4,11966
29174,166,5,16421
29175,722,4,13905
29176,161,7,22772
29177,493,2,7250
29178,215,7,21387
29179,139,8,27450
29180,331,2,9984
29181,34,4,13970
29182,17,9,23763
29183,109,4,9325
29184,192,8,18291
29185,328,5,13609
29186,463,5,10513
29187,64,6,10535
29188,141,3,2924
29189,79,6,16243
29190,105,8,16181
29191,140,6,15574
29192,19,3,6007
29193,60,4,12843
29194,291,7,22528
29195,170,5,11821
29196,439,6,16828
29197,343,7,19793
29198,566,3,7192
29199,163,4,9183
29200,22,4,15159
29201,1240,1,1081
29202,229,7,26802
29203,145,10,26651
29204,182,5,17811
29205,533,2,5701
29206,12,5,19688
29207,176,2,6439
29208,174,5,9245
29209,147,1,1872
29210,783,5,19234
29211,615,2,4106
29212,529,2,8851
29213,33,6,20177
29214,21,3,9712
29215,116,8,11272
29216,203,6,12115
29217,129,4,10133
29218,31,5,16729
29219,247,3,5125
29220,2,7,21296
29221,359,6,20290
29222,228,3,6426
29223,72,6,15747
29224,778,3,8127
29225,663,2,3059
29226,275,3,8842
29227,321,2,1376
29228,31,7,13191
29229,16,3,2250
29230,263,7,14894
29231,8,6,13028
29232,12,5,12898
29233,244,10,23990
29234,67,5,20084
29235,205,8,20287
29236,12,5,11952
29237,13,3,5179
29238,38,5,13564
29239,382,2,3279
29240,78,3,5361
29241,9,4,11787
29242,91,2,6813
29243,227,4,12390
29244,976,3,4795
29245,174,3,8911
29246,16,8,25911
29247,453,4,14062
29248,29,6,15688
29249,31,2,6902
29250,368,3,8225
29251,609,3,9539
29252,180,1,1700
29253,207,7,22459
29254,131,7,19168
29255,365,7,20048
29256,64,6,18048
29257,704,6,16213
29258,84,12,25937
29259,884,2,7549
29260,582,3,8088
29261,301,2,7291
29262,215,5,13409
29263,317,5,13205
29264,140,7,13699
29265,118,8,14953
29266,577,5,12516
29267,118,7,20363
29268,49,10,32438
29269,111,5,19593
29270,113,8,24795
29271,178,10,32707
29272,302,8,28041
29273,487,3,8141
29274,143,4,8464
29275,375,5,6278
29276,305,3,14239
29277,69,8,21130
29278,32,7,19745
29279,64,9,26660
29280,432,3,8824
29281,430,3,8170
29282,35,5,18938
29283,67,4,14124
29284,249,7,23481
29285,284,8,21986
29286,283,11,37958
29287,234,4,8181
29288,337,4,10835
29289,396,3,10023
29290,197,3,5838
29291,664,2,6911
29292,380,7,15854
29293,22,5,13925
29294,419,6,12518
29295,10,5,11357
29296,254,4,8458
29297,989,2,936
29298,114,10,23868
29299,308,3,7659
29300,314,1,3404
29301,244,5,12987
29302,251,7,11744
29303,90,10,31901
29304,79,2,4190
29305,751,5,16184
29306,91,5,13044
29307,320,6,13934
29308,96,13,38598
29309,96,5,19724
29310,1224,2,5833
29311,285,3,3476
29312,55,1,1692
29313,215,2,6462
29314,328,5,12186
29315,210,6,13982
29316,592,4,10763
29317,421,7,27030
29318,201,5,12239
29319,240,4,16062
29320,529,2,5600
29321,222,6,20460
29322,436,4,7117
29323,56,2,4937
29324,231,8,25146
29325,116,6,14958
29326,1257,2,3794
29327,109,4,9495
29328,11,3,5612
29329,215,5,15574
29330,458,2,7195
29331,852,3,8144
29332,471,4,13944
29333,429,4,7779
29334,84,5,12077
29335,254,3,5784
29336,258,4,13856
29337,355,5,6740
29338,32,9,33532
29339,515,6,13749
29340,59,8,28160
29341,47,4,14084
29342,237,4,12354
29343,302,7,16520
29344,49,4,12968
29345,140,5,19066
29346,184,3,6543
29347,79,8,26749
29348,126,3,10478
29349,48,3,7892
29350,8,4,11935
29351,561,3,7920
29352,474,2,5399
29353,173,5,18164
29354,277,4,5775
29355,45,5,15458
29356,418,5,14303
29357,640,6,15507
29358,194,10,29031
29359,235,5,15171
29360,127,6,13880
29361,29,6,16459
29362,76,8,26146
29363,75,7,17074
29364,641,3,13442
29365,306,3,3836
29366,35,5,11020
29367,197,5,10070
29368,367,4,11606
29369,1294,1,4793
29370,314,1,4711
29371,346,8,13135
29372,40,11,16692
29373,292,5,15234
29374,7,4,12368
29375,399,3,7766
29376,284,5,15245
29377,80,3,7982
29378,109,4,6463
29379,188,3,2868
29380,91,10,26780
29381,136,5,13875
29382,43,9,25344
29383,502,4,11895
29384,178,6,24299
29385,153,4,9129
29386,306,4,8517
29387,361,4,7777
29388,31,12,32638
29389,18,11,29718
29390,251,2,4319
29391,142,6,16502
29392,360,2,6505
29393,36,12,30966
29394,97,6,12544
29395,195,5,14357
29396,192,4,10093
29397,310,3,6100
29398,804,7,18302
29399,183,5,15604
29400,355,4,6101
29401,177,3,6829
29402,934,3,5546
29403,1023,1,4594
29404,22,6,13077
29405,8,3,11691
29406,144,8,16579
29407,50,2,5085
29408,622,7,21847
29409,275,3,7519
29410,136,5,10853
29411,64,8,23593
29412,193,9,28770
29413,5,6,16800
29414,227,8,19793
29415,484,5,13990
29416,79,3,5138
29417,249,5,16015
29418,168,7,16058
29419,269,4,12900
29420,154,1,2321
29421,402,7,20204
29422,863,4,9782
29423,116,6,13939
29424,426,3,5777
29425,575,5,9917
29426,107,6,15115
29427,99,5,15001
29428,989,3,7419
29429,121,5,14202
29430,38,7,14026
29431,455,5,10318
29432,26,7,15880
29433,135,8,22019
29434,509,2,5791
29435,236,4,15543
29436,170,5,13674
29437,39,5,11267
29438,192,7,13782
29439,409,6,14164
29440,13,4,8495
29441,316,2,4138
29442,118,11,21694
29443,540,9,22542
29444,94,3,9140
29445,161,7,16571
29446,33,7,18699
29447,224,3,11498
29448,86,7,22952
29449,816,2,2773
29450,92,4,7524
29451,507,5,12955
29452,336,4,10853
29453,205,7,25596
29454,901,4,9741
29455,420,3,7828
29456,590,5,12842
29457,446,1,4156
29458,1290,1,247
29459,428,2,4967
29460,120,2,4033
29461,24,4,11979
29462,28,6,17291
29463,121,8,22790
29464,330,7,29737
29465,36,5,9781
29466,231,3,9856
29467,472,3,6335
29468,591,4,15999
29469,17,4,15405
29470,276,7,20599
29471,66,10,21388
29472,374,5,10088
29473,161,3,9193
29474,123,8,20186
29475,721,4,9034
29476,202,5,12404
29477,96,6,19574
29478,184,7,20839
29479,28,3,7328
29480,32,5,13031
29481,123,3,8829
29482,140,2,8288
29483,304,5,12214
29484,531,5,13138
29485,71,4,13175
29486,144,6,16860
29487,210,3,5113
29488,61,7,17210
29489,543,5,15738
29490,285,8,24652
29491,328,2,5644
29492,49,2,6785
29493,142,9,23301
29494,157,10,27247
29495,894,1,4277
29496,37,5,13144
29497,157,7,14483
29498,699,3,5651
29499,95,6,17846
29500,422,3,8227
29501,198,6,14215
29502,754,5,12083
29503,95,7,18216
29504,562,1,2997
29505,498,6,17339
29506,304,11,24191
29507,449,4,9212
29508,345,5,13908
29509,50,4,12531
29510,6,2,6993
29511,378,7,21184
29512,32,7,14632
29513,200,4,11492
29514,836,2,5894
29515,361,4,6339
29516,423,3,6048
29517,21,7,19984
29518,50,10,23527
29519,166,4,8307
29520,83,7,16436
29521,208,4,10569
29522,3,5,15696
29523,114,8,27376
29524,237,7,11117
29525,48,7,20366
29526,148,6,9662
29527,334,3,8828
29528,123,5,13153
29529,51,3,5690
29530,417,6,15561
29531,270,5,14537
29532,164,8,25709
29533,195,7,22790
29534,5,6,21185
29535,795,3,3457
29536,264,4,6578
29537,364,2,8288
29538,861,2,3944
29539,26,8,24780
29540,166,4,12932
29541,134,8,28694
29542,852,1,2530
29543,199,4,10469
29544,223,5,19012
29545,246,6,12409
29546,156,2,5021
29547,131,4,12657
29548,47,6,7896
29549,314,4,8229
29550,38,9,22455
29551,305,5,10074
29552,50,5,17565
29553,25,8,19526
29554,71,7,19985
29555,417,2,6598
29556,367,3,9692
29557,244,3,5382
29558,791,5,18400
29559,101,4,7925
29560,495,4,13966
29561,48,6,19328
29562,521,5,14007
29563,862,2,4820
29564,102,1,4707
29565,398,10,27651
29566,283,6,15120
29567,658,2,3952
29568,173,6,12222
29569,57,3,9088
29570,805,4,7436
29571,8,2,2218
29572,529,6,16707
29573,47,4,14360
29574,94,3,3906
29575,575,8,21484
29576,367,7,21338
29577,1,5,8622
29578,1218,1,2266
29579,580,4,10807
29580,221,4,6517
29581,6,6,19442
29582,171,4,15137
29583,697,6,13894
29584,45,7,23483
29585,276,4,8545
29586,97,2,3144
29587,192,8,19532
29588,355,5,11550
29589,10,8,12219
29590,57,7,23275
29591,153,5,15560
29592,456,4,12239
29593,23,5,18151
29594,528,2,7350
29595,161,7,23321
29596,824,3,5761
29597,1154,2,6607
29598,44,5,17875
29599,266,6,19193
29600,629,5,19672
29601,149,2,6418
29602,152,5,13460
29603,20,5,15211
29604,125,10,27662
29605,134,5,13268
29606,1019,3,9763
29607,51,8,23416
29608,70,7,18496
29609,834,6,19877
29611,283,4,12436
29612,341,11,33241
29613,413,6,18327
29614,14,7,15316
29615,18,6,18512
29616,81,3,9047
29617,574,4,10123
29618,166,9,23821
29619,96,7,19388
29620,293,7,18106
29621,95,4,8821
29622,140,6,15957
29623,872,4,5181
29624,138,2,6058
29625,334,2,6257
29626,64,4,12834
29627,607,5,13486
29628,118,5,15137
29629,162,5,11183
29630,279,7,11744
29631,266,4,11181
29632,262,3,3337
29633,496,3,6394
29634,59,6,15083
29635,191,4,10034
29636,16,7,20520
29637,180,1,2889
29638,93,3,6867
29639,98,8,28694
29640,22,7,17499
29641,724,5,15603
29642,102,4,10988
29643,788,1,2682
29644,730,4,10833
29645,164,5,11490
29646,31,4,8454
29647,177,4,14066
29648,127,5,15942
29649,76,8,17006
29650,115,3,9696
29651,353,7,17785
29652,249,6,14119
29653,380,5,17684
29654,78,6,16898
29655,33,6,5921
29656,159,4,10556
29657,201,3,12965
29658,869,5,7142
29659,370,7,16748
29660,241,6,13615
29661,132,6,16817
29662,358,5,13442
29663,371,9,30123
29664,38,11,24906
29665,270,3,10837
29666,18,8,20321
29667,156,6,20660
29668,32,9,21232
29669,45,6,9163
29670,283,3,11862
29671,79,3,7127
29672,165,5,12792
29673,992,2,8761
29674,16,5,6987
29675,114,11,31425
29676,769,5,13664
29677,14,4,7970
29678,86,10,28700
29679,238,6,14817
29680,518,5,18123
29681,193,8,22896
29682,193,9,27441
29683,146,10,40472
29684,585,4,10386
29685,166,9,18261
29686,222,3,7490
29687,269,7,20046
29688,84,5,7061
29689,149,8,23240
29690,254,10,28730
29691,607,4,7484
29692,149,6,3202
29693,280,2,6819
29694,33,5,9917
29695,241,6,18168
29696,292,1,662
29697,686,4,9007
29698,232,4,14649
29699,45,7,19862
29700,207,6,13090
29701,690,2,8920
29702,467,5,12644
29703,196,5,11780
29704,265,4,9362
29705,47,8,18764
29706,482,3,5906
29707,709,3,8560
29708,175,6,19130
29709,656,3,8009
29710,331,7,25369
29711,332,4,15304
29712,282,6,14078
29713,257,5,5136
29714,50,9,27766
29715,143,6,19319
29716,14,8,22540
29717,34,8,23965
29718,290,6,13620
29719,436,7,15462
29720,89,4,10081
29721,22,8,28109
29722,135,8,32338
29723,107,3,5445
29724,299,8,18714
29725,249,5,10465
29726,698,3,13433
29727,64,4,8682
29728,69,4,12138
29729,467,7,17214
29730,37,5,16766
29731,25,7,18622
29732,235,4,14928
29733,38,6,15792
29734,242,7,20427
29735,180,2,8687
29736,11,7,23526
29737,11,5,15908
29738,545,4,10271
29739,787,2,5675
29740,737,2,6548
29741,474,1,499
29742,625,4,11209
29743,569,3,8320
29744,581,2,8431
29745,394,5,9093
29746,1,6,17897
29747,106,6,14984
29748,123,3,6862
29749,404,5,12127
29750,219,5,9335
29751,68,5,15029
29752,136,7,24100
29753,48,5,20645
29754,992,2,7245
29755,199,5,9095
29756,71,4,12016
29757,7,5,9611
29758,203,2,6558
29759,55,6,14818
29760,382,5,14428
29761,162,7,23309
29762,175,5,14382
29763,60,8,22962
29764,535,6,13742
29765,486,6,12440
29766,79,3,4913
29767,543,6,14111
29768,310,5,12937
29769,67,8,23139
29770,100,8,23130
29771,2,8,19833
29772,1115,1,509
29773,6,8,23334
29774,182,5,15707
29775,26,11,17313
29776,3,4,15180
29777,74,7,17306
29778,169,8,20111
29779,99,5,13399
29780,46,6,8939
29781,79,4,6509
29782,940,3,7844
29783,104,2,4810
29784,7,7,17907
29785,83,4,8971
29786,499,5,13512
29787,30,7,19508
29788,1,6,12996
29789,575,1,3783
29790,11,5,5339
29791,13,8,17548
29792,446,4,9097
29793,167,5,13132
29794,54,4,10457
29795,357,4,10965
29796,417,5,17927
29797,135,5,5534
29798,24,6,14769
29799,367,4,15568
29800,693,3,8837
29801,13,6,10979
29802,517,4,9683
29803,3,7,25006
29804,216,6,13111
29805,165,3,11479
29806,198,7,24444
29807,264,5,13374
29808,222,6,20857
29809,208,4,15815
29810,139,6,22756
29811,430,5,12729
29812,79,8,17034
29813,646,2,5735
29814,279,7,22628
29815,47,2,3788
29816,22,6,15010
29817,900,5,13151
29818,265,2,4064
29819,149,4,11461
29820,26,7,14570
29821,8,9,24269
29822,390,3,6730
29823,74,4,11869
29824,156,4,8886
29825,113,6,12588
29826,462,6,15319
29827,157,8,21861
29828,64,7,17374
29829,901,4,10370
29830,642,5,11757
29831,111,2,3342
29833,667,1,3892
29834,183,5,7588
29835,65,4,11998
29836,468,5,12644
29837,299,2,3971
29838,84,6,18670
29839,65,5,15068
29840,182,5,18384
29841,838,5,14473
29842,409,3,10104
29843,53,7,8171
29844,31,6,22026
29845,449,5,10693
29846,365,1,3085
29847,633,4,11421
29848,73,4,7402
29849,188,3,9482
29850,261,6,16163
29851,150,6,15762
29852,211,4,15790
29853,187,4,10267
29854,112,3,7426
29855,3,3,9419
29856,92,5,12868
29857,188,8,27270
29858,515,6,19167
29859,201,4,10194
29860,13,4,9898
29861,602,3,9115
29862,264,6,18057
29863,859,4,7498
29864,37,10,19238
29865,917,2,4788
29866,429,3,9738
29867,349,3,5532
29868,406,5,10259
29869,95,5,17674
29870,676,2,5545
29871,115,8,21025
29872,156,7,23491
29873,736,4,8016
29874,630,3,7405
29875,35,4,10632
29876,77,10,24229
29877,69,5,11383
29878,221,6,18460
29879,1257,1,3287
29880,49,7,22425
29881,449,3,11258
29882,43,4,10338
29883,345,7,13662
29884,82,6,12901
29885,615,5,16713
29886,4,7,16781
29887,217,5,14876
29888,95,9,24983
29889,58,4,15670
29890,254,5,7429
29891,328,7,14098
29892,25,6,12464
29893,198,4,7281
29894,234,6,12247
29895,60,5,16289
29896,709,3,9398
29897,24,9,30258
29898,373,5,15232
29899,332,1,1966
29900,379,7,8056
29901,194,9,26143
29902,410,6,15146
29903,10,6,11283
29904,345,7,15729
29905,918,1,2479
29906,39,8,16182
29907,1193,1,1962
29908,120,3,5543
29909,562,4,9502
29910,8,9,21665
29911,158,5,10773
29912,73,4,8279
29913,522,6,17789
29914,27,3,9411
29915,348,3,8800
29916,678,3,6374
29917,288,6,7491
29918,307,3,8730
29919,9,6,19088
29920,130,6,17815
29921,389,4,3702
29922,1227,1,4928
29923,908,4,4627
29924,539,3,8936
29925,212,7,28294
29926,131,4,11702
29927,54,5,21222
29928,361,6,11921
29929,352,5,17798
29930,3,6,12332
29931,185,7,17669
29932,499,5,16523
29933,282,6,14765
29934,303,6,14269
29935,521,6,22605
29936,583,4,10530
29937,399,4,14800
29938,42,9,23266
29939,324,4,12138
29940,239,1,1440
29941,213,7,20630
29942,63,6,15318
29943,21,4,11944
29944,26,6,13572
29945,273,6,12397
29946,1010,1,1693
29947,23,4,9508
29948,22,8,19205
29949,135,4,16640
29950,223,6,14498
29951,337,5,12262
29952,300,1,676
29953,7,6,16244
29954,200,6,10311
29955,24,6,18435
29956,417,2,7138
29957,341,6,20653
29958,979,3,5295
29959,539,3,7734
29960,601,4,10515
29961,478,4,4521
29962,69,7,9693
29963,28,6,9357
29964,372,4,11948
29965,61,6,14575
29966,75,11,26912
29967,302,3,7427
29968,653,3,9990
29969,20,4,11688
29970,69,6,17422
29971,447,6,16634
29972,39,3,11966
29973,222,7,17247
29974,286,3,5217
29975,13,5,16140
29976,352,7,22540
29977,246,4,12525
29978,247,5,16274
29979,374,6,18649
29980,448,4,7105
29981,44,11,31765
29982,110,9,28936
29983,21,4,10772
29984,288,8,17939
29985,207,9,21796
29986,240,4,8069
29987,84,8,22459
29988,55,5,16177
29989,207,6,15728
29990,175,11,27423
29991,66,10,27974
29992,86,6,18724
29993,93,3,7903
29994,140,9,22158
29995,130,3,6076
29996,273,5,7628
29997,225,3,7668
29998,365,3,8628
29999,805,4,15901
30000,246,2,7198
30001,68,5,18195
30002,162,3,5783
30003,80,6,16892
30004,478,1,768
30005,47,11,33374
30006,332,6,19846
30007,542,3,8307
30008,196,4,12589
30009,162,4,6265
30010,293,3,14706
30011,336,3,7876
30012,67,8,15797
30013,360,4,10238
30014,385,9,19028
30015,563,3,6602
30016,538,5,14501
30017,603,4,11857
30018,97,3,10943
30019,98,6,18080
30020,134,2,5064
30021,306,5,8093
30022,24,6,23103
30023,293,4,6120
30024,405,4,13315
30025,33,5,19176
30026,380,3,8789
30027,6,6,10895
30028,389,1,606
30029,15,5,15260
30030,18,7,18793
30031,82,4,16275
30032,255,5,12912
30033,238,6,16566
30034,816,3,11137
30035,128,5,14600
30036,42,9,28961
30037,106,5,7691
30038,3,9,22153
30039,3,5,16993
30040,29,9,22873
30041,301,4,9816
30042,58,4,8249
30043,217,5,16291
30044,417,2,6412
30045,428,3,6423
30046,582,3,5773
30047,92,3,7383
30048,173,6,14586
30049,132,3,8388
30050,438,2,6007
30051,477,3,4703
30052,377,3,6160
30053,897,2,5789
30054,84,6,19841
30055,230,5,11205
30056,124,5,16108
30057,93,7,15039
30058,3,7,20584
30059,532,5,11870
30060,129,6,14137
30061,447,7,13713
30062,513,3,8005
30063,424,4,7704
30064,114,5,14022
30065,403,4,14751
30066,374,4,14228
30067,238,3,5473
30068,438,5,7836
30069,682,5,16160
30070,98,9,25080
30071,40,2,5343
30072,199,5,14761
30073,12,5,15864
30074,260,8,24844
30075,156,3,7450
30076,400,8,19879
30077,651,3,11205
30078,139,6,13541
30079,43,4,8874
30080,534,4,10817
30081,825,1,1754
30082,508,4,9144
30083,141,5,17303
30084,247,3,4951
30085,1252,2,7875
30086,142,6,5088
30087,137,1,4211
30088,46,10,21427
30089,34,5,11353
30090,434,5,17462
30091,467,7,21565
30092,25,9,29794
30093,22,4,8082
30094,486,6,13288
30095,419,5,14582
30096,197,2,4845
30097,717,3,5428
30098,9,7,17562
30099,139,3,9981
30100,951,1,4087
30101,170,5,11052
30102,52,4,7279
30103,107,5,12755
30104,240,7,18627
30105,252,9,34286
30106,187,4,10202
30107,159,3,5471
30108,698,5,8846
30109,177,3,3124
30110,139,7,14650
30111,64,3,4936
30112,906,5,13607
30113,91,10,24902
30114,638,3,5748
30115,1143,2,3649
30116,26,6,14958
30117,289,4,7758
30118,115,7,24750
30119,11,7,14564
30120,99,4,12506
30121,438,3,10068
30122,28,9,26891
30123,215,4,7247
30124,112,10,24604
30125,693,2,2649
30126,196,4,9298
30127,130,2,874
30128,124,4,10219
30129,1035,1,837
30130,70,8,22336
30131,715,1,4729
30132,366,10,21267
30133,833,2,565
30134,513,2,3559
30135,58,7,20750
30136,235,6,16533
30137,41,6,16295
30138,175,5,14728
30139,174,6,20957
30140,431,3,6988
30141,207,6,16908
30142,295,6,19526
30143,482,4,18224
30144,76,6,22016
30145,448,7,23061
30146,617,3,14103
30147,498,4,17470
30148,252,2,5356
30149,223,7,21180
30150,94,5,11658
30151,187,9,26805
30152,1184,3,7977
30153,454,3,10586
30154,230,3,8724
30155,197,5,15927
30156,113,5,14180
30157,27,4,11038
30158,3,7,16756
30159,262,6,20250
30160,280,6,17819
30161,539,2,5101
30162,146,8,22091
30163,182,5,14846
30164,104,8,26662
30165,81,5,12025
30166,360,6,15211
30167,234,6,15574
30168,129,6,14672
30169,539,3,7493
30170,536,5,16785
30171,187,7,19644
30172,116,5,12422
30173,212,2,3115
30174,848,2,3807
30175,112,5,10487
30176,182,7,14197
30177,44,7,18030
30178,260,2,5271
30179,460,3,6913
30180,61,7,18474
30181,114,1,901
30182,1092,1,3732
30183,237,2,1485
30184,79,2,5890
30185,4,6,14138
30186,196,3,3688
30187,174,5,15543
30188,333,9,20003
30189,259,4,8612
30190,19,6,18199
30191,1213,2,7341
30192,143,5,21428
30193,702,6,13824
30194,113,4,9401
30195,43,6,15471
30196,281,5,18185
30197,479,5,17266
30198,141,6,20730
30199,376,7,26583
30200,573,4,9867
30201,1,5,18987
30202,308,6,16048
30203,20,5,10358
30204,11,8,23702
30205,198,4,8744
30206,90,3,8768
30207,374,4,9549
30208,207,6,15095
30209,735,3,9610
30210,73,5,14934
30211,280,5,13980
30212,310,3,8029
30213,232,6,13587
30214,253,8,24903
30215,656,3,8850
30216,133,5,15176
30217,113,5,12626
30218,642,5,13945
30219,71,4,14085
30220,118,9,20924
30221,24,7,22556
30222,50,2,4873
30223,444,7,17778
30224,302,3,8689
30225,47,5,13244
30226,286,6,19544
30227,176,7,20696
30228,216,4,12433
30229,131,2,4818
30230,163,1,4682
30231,459,6,16465
30232,24,4,12263
30233,150,4,7679
30234,122,6,17211
30235,595,3,6482
30236,40,4,9288
30237,496,4,7454
30239,337,9,26336
30240,33,6,14219
30241,353,4,9348
30242,90,8,24805
30243,108,5,12026
30244,160,6,15823
30245,301,3,11091
30246,22,3,9775
30247,215,3,4026
30248,619,3,4641
30249,308,3,8001
30250,349,4,10894
30251,693,4,10312
30252,103,6,17657
30253,157,5,16699
30254,568,3,8632
30255,973,2,4577
30256,98,2,5412
30257,333,4,6882
30258,472,3,10490
30259,525,3,10183
30260,496,5,11681
30261,460,4,8026
30262,163,7,19671
30263,565,2,3542
30264,143,7,20319
30265,108,5,5066
30266,1093,2,3718
30267,213,4,5164
30268,54,4,10283
30269,365,2,5436
30270,305,7,18075
30271,565,3,8646
30272,318,5,14644
30273,259,8,27787
30274,127,4,14671
30275,411,3,9781
30276,600,4,14541
30277,80,10,30352
30278,156,6,18568
30279,151,6,15754
30280,680,4,12371
30281,193,6,14514
30282,22,3,6696
30283,280,7,19594
30284,197,7,18702
30285,402,3,5719
30286,97,8,22314
30287,356,6,15869
30288,391,3,5988
30289,1114,2,5306
30290,224,8,20494
30291,183,5,12790
30292,422,5,17627
30293,63,4,15439
30294,64,6,19753
30295,142,6,12429
30296,48,5,15763
30297,17,5,16486
30298,117,7,21338
30299,305,8,20599
30300,12,9,17950
30301,29,7,22022
30302,252,5,13729
30303,292,8,20495
30304,138,6,19716
30305,206,3,10685
30306,563,1,5188
30307,171,4,7516
30308,45,8,18575
30309,188,9,25958
30310,210,4,14708
30311,205,4,10211
30312,104,7,16086
30313,138,6,17784
30314,211,5,9744
30315,396,4,15646
30316,20,4,13877
30317,80,6,21622
30318,705,4,14237
30319,212,5,13973
30320,541,5,10564
30321,232,4,13860
30322,201,2,9411
30323,260,5,15398
30324,833,2,5864
30325,220,4,12425
30326,163,7,25273
30327,249,3,6614
30328,65,5,15909
30329,155,8,22958
30330,69,5,13685
30331,420,5,15569
30332,221,5,14316
30333,74,9,22793
30334,121,6,11354
30335,747,3,5888
30336,739,5,18836
30337,49,4,10289
30338,56,10,27519
30339,85,9,25421
30340,54,9,20257
30341,149,9,25985
30342,194,3,9082
30343,7,7,18287
30344,257,9,19654
30345,8,7,20291
30346,36,5,13613
30347,479,6,18884
30348,84,6,18175
30349,130,6,11175
30350,12,4,8395
30351,193,4,9211
30352,422,5,17260
30353,712,2,5745
30355,35,5,8014
30356,454,5,13660
30357,310,7,21498
30358,69,7,22045
30359,145,5,14471
30360,755,2,6662
30361,185,10,26906
30362,342,3,10352
30363,312,3,12754
30364,175,3,6820
30365,115,3,9986
30366,136,6,15575
30367,37,8,15619
30368,346,5,15408
30369,414,5,13026
30370,56,4,7938
30371,92,2,6192
30372,79,8,19824
30373,268,3,5671
30374,1,8,15042
30375,328,5,20792
30376,283,8,16406
30377,129,8,19934
30378,229,4,13799
30379,320,5,11149
30380,229,4,11418
30381,51,9,22474
30382,34,8,20082
30383,304,5,18152
30384,22,6,19066
30385,714,5,17111
30386,263,3,6777
30387,177,5,12792
30388,160,4,10673
30389,66,3,6905
30390,141,2,5905
30391,808,4,8804
30392,194,7,20107
30393,582,6,16090
30394,223,7,15393
30395,315,3,7121
30396,162,7,23063
30397,2,10,36700
30398,149,7,17227
30399,151,3,9266
30400,405,3,10803
30401,257,7,16137
30402,210,5,10361
30403,1054,3,8090
30404,736,1,940
30405,846,2,4687
30406,85,7,19018
30407,124,7,12097
30408,201,3,4076
30409,91,4,8953
30410,187,7,21963
30411,29,3,10896
30412,311,1,3661
30413,20,5,19430
30414,137,6,16532
30415,679,5,14898
30416,168,5,13113
30417,14,4,10116
30418,387,2,6742
30419,81,7,19796
30420,292,6,19634
30421,2,8,17810
30422,10,6,15621
30423,792,3,9019
30424,154,4,12540
30425,82,3,11374
30426,50,8,28677
30427,255,4,11551
30428,513,3,14455
30429,58,7,11261
30430,877,3,7925
30431,84,7,19389
30433,24,5,11425
30434,207,3,7447
30435,180,3,8807
30436,879,2,6274
30437,383,4,16173
30438,128,4,4853
30439,62,5,14165
30440,65,8,21764
30441,213,7,18814
30442,27,6,11760
30443,155,9,21120
30444,344,3,8974
30445,274,2,4903
30446,385,4,6497
30447,325,3,7710
30448,572,4,10553
30449,281,6,16985
30450,59,6,12636
30451,633,3,12207
30452,289,6,16414
30453,212,7,11008
30454,812,4,7169
30455,13,8,22710
30456,215,9,32589
30457,41,8,20529
30458,69,5,12297
30459,221,6,13505
30460,71,6,13914
30461,652,3,8646
30462,381,2,5219
30463,291,6,20736
30464,484,4,12921
30465,14,6,14484
30466,516,8,23087
30467,138,2,4453
30468,53,5,17481
30469,205,4,11589
30470,416,2,6436
30471,118,8,26428
30472,127,7,15511
30473,10,5,13110
30474,11,6,13872
30475,112,9,23750
30476,431,6,20280
30477,297,3,10463
30478,310,3,8870
30480,541,4,14330
30481,580,3,10997
30482,173,5,16308
30483,54,5,6314
30484,123,7,25515
30485,148,5,13933
30486,523,4,13130
30487,37,5,15369
30488,12,4,7310
30489,371,2,6430
30490,620,4,16360
30491,17,4,4925
30492,188,7,14785
30493,652,2,4443
30494,80,7,24007
30495,193,8,32700
30496,334,5,10794
30497,248,3,9769
30498,506,3,9702
30499,339,5,14339
30500,409,4,12762
30501,194,3,9061
30502,74,5,15838
30503,851,3,9610
30504,235,5,10511
30505,32,4,15713
30506,605,8,17272
30507,99,8,27290
30508,298,8,16796
30509,259,3,12238
30510,54,4,17148
30511,669,3,6132
30512,415,7,17266
30513,19,4,5690
30514,465,4,4939
30515,296,6,22490
30516,3,8,20662
30517,29,9,24141
30518,65,7,16127
30519,258,5,12450
30520,180,4,12498
30521,23,5,15572
30522,202,9,17709
30523,619,4,13970
30524,144,5,15988
30525,368,5,8733
30526,48,4,12885
30527,35,8,30541
30528,69,5,12320
30529,382,7,23663
30530,83,6,12233
30531,342,5,7734
30532,48,4,10878
30533,353,6,16635
30534,206,11,34002
30535,188,4,9262
30536,135,4,17695
30537,74,2,3844
30538,13,6,19075
30539,84,8,15183
30540,7,4,7911
30541,32,5,9676
30542,355,6,15289
30543,123,5,19118
30544,358,5,13487
30545,44,7,24332
30546,373,5,10637
30547,661,2,2989
30548,122,5,16762
30549,166,6,21534
30550,72,6,17224
30551,256,6,18344
30552,58,11,28311
30553,53,5,20581
30554,424,4,10676
30555,404,4,6243
30556,342,5,10807
30557,353,5,9371
30558,30,7,19865
30559,59,2,6362
30560,125,5,13028
30561,80,7,17701
30562,352,3,9463
30563,251,5,14202
30564,207,4,8067
30565,376,6,15332
30566,5,4,2836
30567,335,3,8920
30568,13,4,8933
30569,847,2,4545
30570,42,8,29126
30571,29,8,22121
30572,484,5,19759
30573,81,5,11072
30574,91,5,14501
30575,66,3,5179
30576,349,5,10195
30577,794,2,5503
30578,144,2,3043
30579,62,6,18850
30580,83,1,2711
30581,584,5,14432
30582,176,7,23640
30583,465,4,9198
30584,66,7,20158
30585,399,3,9236
30586,165,9,22876
30587,440,4,13199
30588,38,6,15766
30589,466,6,15118
30590,280,5,13303
30591,224,5,15324
30592,520,6,18709
30593,144,8,17661
30594,733,5,11091
30595,98,6,12315
30596,100,5,10988
30597,610,4,9935
30598,215,6,23699
30599,106,3,6396
30600,59,6,13083
30601,982,1,3645
30602,36,5,16116
30603,157,4,11036
30604,235,3,5700
30605,393,5,12982
30606,103,4,10686
30607,11,4,8158
30608,281,4,8185
30609,127,3,8870
30610,615,3,9763
30611,58,8,20975
30612,208,5,18225
30613,341,4,4945
30614,180,5,14940
30615,483,3,7748
30616,791,2,3340
30617,142,7,18084
30618,179,7,22084
30619,8,6,17867
30620,141,4,10129
30621,435,2,1690
30622,34,4,12713
30623,96,8,28998
30624,133,5,13359
30625,24,5,20680
30626,230,6,23589
30627,65,6,18153
30628,375,6,17140
30629,11,4,12201
30630,469,2,4154
30631,181,3,9906
30632,152,8,24332
30633,6,8,26465
30634,75,9,30894
30635,43,2,7558
30636,358,3,5705
30637,27,4,12089
30638,170,7,16109
30639,75,4,7803
30640,298,5,11992
30641,33,9,27020
30642,1119,2,6043
30643,501,4,12197
30644,109,6,15227
30645,742,2,7678
30646,833,2,2692
30647,286,4,9367
30648,189,5,17743
30649,1164,3,6191
30650,474,2,4832
30651,231,5,11636
30652,41,5,12608
30653,541,3,10279
30654,15,5,11337
30655,367,5,17680
30656,546,3,5860
30657,56,5,7581
30658,220,2,4900
30659,730,6,14506
30660,79,7,18160
30661,1044,1,2605
30662,180,5,16946
30663,251,7,19725
30664,206,7,22461
30665,34,5,12284
30666,364,8,17831
30667,38,6,17910
30668,219,6,24885
30669,53,6,13782
30670,151,6,13513
30671,142,9,24572
30672,429,5,10650
30673,117,7,20482
30674,326,4,8140
30675,491,6,16879
30676,143,7,12748
30677,233,8,23844
30678,10,9,29693
30679,675,3,8734
30680,251,1,4583
30681,320,5,15286
30682,347,7,21567
30683,252,5,15035
30684,458,2,7405
30685,90,9,28102
30686,46,8,27216
30687,86,3,4963
30688,715,5,18891
30689,15,3,9456
30690,26,6,22641
30691,140,4,16389
30692,23,4,11732
30693,576,3,6357
30694,152,8,22606
30695,41,7,21202
30696,143,6,17602
30697,209,5,17790
30698,159,5,6570
30699,462,6,16537
30700,270,3,5960
30701,24,6,14743
30702,370,2,6327
30703,62,4,14260
30704,175,9,24060
30705,224,3,11275
30706,85,11,32772
30707,155,4,12341
30708,13,11,32784
30709,259,5,10473
30710,231,6,23808
30711,346,6,15032
30712,83,7,21461
30713,711,7,16179
30714,167,4,12697
30715,841,2,4932
30716,133,3,7657
30717,190,5,14395
30718,131,7,16135
30719,462,5,15936
30720,59,6,17037
30721,63,6,15636
30722,270,2,5181
30723,156,10,31982
30724,686,6,20429
30725,149,8,20556
30726,477,4,13598
30727,689,2,3380
30728,85,4,10874
30729,803,2,5776
30730,69,7,17362
30731,102,2,6468
30732,734,7,13123
30733,32,8,18077
30734,22,8,25156
30735,349,3,5964
30736,81,5,11644
30737,169,7,22890
30738,251,5,16363
30739,265,8,25934
30740,453,7,15745
30741,190,6,15911
30742,399,4,6522
30743,464,3,9960
30744,905,3,7987
30745,151,3,13225
30746,201,4,13860
30747,270,3,8697
30748,106,9,21646
30749,27,7,16086
30750,263,2,3479
30751,23,6,15497
30752,137,2,5308
30753,545,6,8944
30754,244,4,10446
30755,17,3,5783
30756,224,2,6201
30757,45,4,9213
30758,132,2,7492
30759,508,5,21350
30760,373,5,11083
30761,216,12,35438
30762,321,3,8734
30763,247,3,6910
30764,510,3,12702
30765,84,6,14937
30766,80,5,11024
30767,1,6,18248
30768,32,2,3665
30769,121,5,7835
30770,55,4,11397
30771,88,3,7757
30772,231,3,5046
30773,60,6,18015
30774,568,5,18337
30775,215,2,4320
30776,122,6,15521
30777,291,6,18531
30778,589,4,12188
30779,218,3,7792
30780,141,4,6551
30781,35,10,29818
30782,159,2,6397
30783,410,5,13544
30784,106,3,9520
30785,45,7,13180
30786,305,8,21281
30787,385,6,12968
30788,66,6,9494
30789,258,3,8420
30790,326,5,12456
30791,173,3,10350
30792,235,7,23071
30793,32,7,19815
30794,9,3,6187
30795,28,6,17424
30796,73,8,17581
30797,1254,1,1525
30798,327,4,7121
30799,170,7,17190
30800,253,7,18962
30801,480,2,3455
30802,400,2,4346
30803,25,4,10621
30804,286,5,15366
30805,266,3,11268
30806,772,3,9071
30807,18,5,16883
30808,311,7,23467
30809,11,5,15082
30810,95,5,10547
30811,60,6,15445
30812,254,4,11012
30813,15,4,9409
30814,329,2,5590
30815,105,4,13698
30816,752,3,4967
30817,29,8,20315
30818,499,4,12785
30819,395,4,9666
30820,444,5,19745
30821,177,4,16465
30822,327,5,19725
30823,298,3,8280
30824,312,7,19781
30825,390,2,6960
30826,124,2,7743
30827,73,6,21290
30828,700,4,14436
30829,114,6,17340
30830,254,3,9852
30831,15,4,14172
30832,231,1,4265
30833,572,4,6536
30834,562,3,10885
30835,3,4,9256
30836,274,5,12275
30837,55,2,9012
30838,45,14,42852
30839,193,4,10134
30840,383,5,18352
30841,354,4,10857
30842,128,9,27523
30843,558,2,7335
30844,37,4,12195
30845,6,10,24141
30846,502,2,6984
30847,21,3,8665
30848,105,7,17186
30849,200,10,29099
30850,112,5,13962
30851,29,3,9025
30852,104,5,17862
30853,573,4,10332
30854,45,3,4438
30855,105,8,20743
30856,424,4,11740
30857,77,8,24415
30858,587,6,20650
30859,741,2,1791
30860,474,6,19005
30861,222,5,12030
30862,404,2,3408
30863,168,5,15185
30865,227,3,11794
30866,202,6,15346
30867,801,4,13180
30868,424,7,12947
30869,53,6,16680
30870,214,5,13876
30871,12,6,21455
30872,300,7,13029
30873,4,7,17625
30874,231,3,3824
30875,27,6,18050
30876,65,2,3047
30878,48,5,13944
30879,791,5,14740
30880,947,2,3927
30881,56,8,16083
30882,289,5,13380
30883,28,6,13294
30884,420,4,8742
30885,555,5,14739
30886,64,5,12846
30887,22,4,8251
30888,118,4,13726
30889,52,8,22411
30890,269,6,16599
30891,177,7,18521
30892,133,3,10625
30893,26,9,20807
30894,233,8,15708
30895,331,2,4106
30896,240,6,19667
30897,6,6,14234
30898,167,3,5127
30899,573,6,24000
30900,55,9,25261
30901,352,5,17103
30902,1150,1,2667
30903,14,5,16628
30904,163,6,22924
30905,6,9,30179
30906,360,5,21069
30907,97,6,12512
30908,147,5,11091
30909,270,6,15291
30910,174,5,12101
30911,76,6,17865
30912,219,2,8121
30913,141,5,14157
30914,40,5,17996
30915,43,6,13592
30916,117,5,17361
30917,114,6,16312
30918,288,4,14149
30919,350,5,11136
30920,952,8,23893
30921,296,4,11342
30922,255,5,14823
30923,371,5,14464
30924,49,5,10985
30925,123,7,20197
30926,59,9,30840
30927,200,5,15859
30928,498,4,9711
30929,1051,3,9001
30930,272,5,11689
30931,134,12,32256
30932,228,3,10833
30933,145,3,12149
30934,552,2,2116
30935,566,6,17863
30936,275,10,28308
30937,368,5,13879
30938,376,3,7968
30939,243,3,3523
30940,976,5,12770
30942,120,7,21409
30943,348,3,6921
30944,140,8,16237
30945,267,5,15294
30946,373,10,25436
30947,437,4,13280
30948,159,2,9907
30949,153,5,18028
30950,488,4,10060
30951,219,5,12419
30952,466,3,8237
30953,263,6,13109
30954,195,4,12459
30955,313,3,9591
30956,331,5,14670
30957,147,6,13087
30958,46,6,14721
30959,471,3,7971
30960,68,7,15819
30961,262,10,23082
30962,326,4,11293
30963,154,2,1539
30964,344,5,13512
30965,77,9,29353
30966,45,7,23847
30967,63,3,2748
30968,772,3,5736
30969,395,1,3619
30970,92,5,16140
30971,192,8,22337
30972,830,2,4740
30973,245,4,9684
30974,325,6,15224
30975,133,5,14998
30976,78,5,14194
30977,231,8,27704
30978,100,8,25762
30979,145,6,19915
30980,101,4,11672
30981,407,5,10326
30982,128,6,15975
30983,338,5,13433
30984,450,6,15354
30985,127,5,15329
30986,716,1,264
30987,416,10,28980
30988,187,8,19021
30989,4,9,27995
30990,263,5,13820
30991,57,4,7628
30992,296,5,9099
30993,268,6,14292
30994,443,5,17080
30995,39,6,19511
30996,91,10,25019
30997,40,7,23127
30998,839,3,7732
30999,123,9,20731
31000,14,7,18226
31001,246,5,17996
31002,148,8,13749
31003,478,7,15130
31004,135,8,17790
31005,48,9,26295
31006,255,5,13379
31007,492,4,12844
31008,20,3,13121
31009,771,3,5426
31010,63,6,11089
31011,123,4,16179
31012,118,5,10584
31013,25,7,14920
31014,126,10,17040
31015,681,3,11278
31016,1007,2,8518
31017,257,11,36309
31018,1,5,15220
31019,338,6,18036
31020,809,5,8963
31021,568,7,18840
31022,507,3,5262
31023,1000,2,7284
31024,163,5,19497
31025,611,3,9067
31026,241,3,7264
31027,231,5,12605
31028,179,4,7858
31029,56,7,19492
31030,20,4,15237
31031,90,3,7759
31032,176,5,13161
31033,108,6,14557
31034,404,5,10670
31035,172,7,14941
31036,413,3,6556
31037,29,7,20723
31038,472,6,24501
31039,247,8,25016
31040,138,8,18235
31041,105,8,20907
31042,546,3,8461
31043,154,5,13384
31044,290,6,17828
31045,129,7,15914
31046,807,3,9682
31047,383,2,8924
31048,133,4,12665
31049,39,3,6128
31050,105,5,14396
31051,281,8,18469
31052,133,3,10454
31053,546,5,12014
31054,607,3,6172
31055,2,7,12225
31056,135,10,27108
31057,705,1,3096
31058,173,7,19095
31059,348,4,13057
31060,6,4,11580
31061,524,5,12155
31062,87,6,12800
31063,159,6,14664
31064,394,4,15828
31065,69,8,16974
31066,202,2,6797
31067,263,4,5630
31068,66,5,16390
31069,838,4,14652
31070,437,4,10579
31071,144,6,16059
31072,76,4,9280
31073,70,8,17891
31074,689,2,3506
31075,112,7,19692
31076,13,8,22298
31077,519,5,14926
31078,774,5,8857
31079,673,1,4803
31080,235,5,15847
31081,556,3,9787
31082,264,4,12691
31083,187,6,17702
31084,108,2,7192
31085,471,5,12529
31086,193,4,9685
31087,923,4,11191
31088,216,6,16834
31089,37,7,22560
31090,49,3,5879
31091,21,6,12879
31092,215,5,10519
31093,6,7,17704
31094,205,2,6354
31095,190,2,3811
31096,1005,1,4818
31097,421,3,11298
31098,218,5,6469
31099,1167,1,2593
31100,227,5,9261
31101,236,5,14287
31102,754,4,15222
31103,434,1,873
31104,1141,1,2085
31105,694,1,3892
31106,356,5,14859
31107,48,3,10003
31108,1069,1,5245
31109,32,6,14583
31110,453,5,13073
31111,208,7,19444
31112,24,6,10232
31113,613,4,9245
31114,452,2,5823
31115,56,5,14650
31116,251,7,18717
31117,73,2,4776
31118,290,4,12774
31119,1301,1,4164
31120,658,3,5042
31121,10,6,19234
31122,9,4,13415
31123,198,6,13136
31124,18,10,22209
31125,616,5,15525
31126,232,3,7040
31127,62,6,25086
31128,9,8,18778
31129,1,7,13990
31130,7,5,8503
31131,50,6,20068
31133,195,8,24555
31134,318,10,24068
31135,360,4,11318
31136,314,7,16767
31137,456,6,16303
31138,41,7,21063
31139,115,9,31142
31140,227,7,21223
31141,130,9,23500
31142,21,3,5925
31143,190,4,7746
31144,160,4,16983
31145,17,5,10782
31146,137,2,4709
31147,82,6,13451
31148,147,6,16375
31149,24,6,18426
31150,55,5,14247
31151,108,4,15963
31152,377,2,6228
31153,540,5,16308
31154,567,2,4165
31155,13,6,11080
31156,277,8,24744
31157,19,9,22758
31158,271,4,13158
31159,286,3,6045
31160,546,4,10947
31161,729,7,12622
31162,223,5,12261
31163,378,4,17071
31164,61,8,33536
31165,32,5,6939
31166,182,7,19995
31167,21,4,8819
31168,78,10,30384
31169,911,4,8184
31170,90,6,7499
31171,312,3,12904
31172,53,7,23817
31173,433,2,9094
31174,339,9,20507
31175,337,6,18650
31176,100,6,20697
31177,51,4,9922
31178,233,7,17287
31179,165,5,14865
31180,302,2,7739
31181,27,5,14904
31183,581,3,4321
31184,598,2,5768
31185,4,8,15095
31186,268,6,14449
31187,25,4,10753
31188,476,6,17588
31189,26,9,26345
31190,18,10,33408
31191,202,6,14500
31192,461,4,11764
31193,427,4,9290
31194,203,5,12119
31195,78,10,30973
31196,204,8,24744
31197,123,8,18676
31198,405,6,12818
31199,178,4,11933
31200,107,4,10293
31201,112,5,13891
31202,138,4,15355
31203,472,5,14913
31204,20,4,8728
31205,102,3,5304
31206,104,5,14037
31207,155,3,9967
31208,175,10,24480
31209,194,6,19964
31210,109,3,11175
31211,36,7,24153
31212,344,2,5769
31213,693,4,8595
31214,83,5,18444
31215,68,6,15434
31216,152,5,10611
31217,364,2,5707
31218,82,8,19399
31219,77,1,308
31220,141,6,8833
31221,120,5,14243
31222,302,3,7878
31223,586,5,17226
31224,85,7,19471
31225,67,6,13679
31226,32,7,19962
31227,341,3,11208
31228,419,2,5069
31229,210,4,11860
31230,60,6,23867
31231,730,3,5438
31232,622,1,3281
31233,295,6,9089
31234,329,5,18867
31235,771,2,3020
31236,6,11,25155
31237,34,6,15882
31238,155,7,18170
31239,294,4,12089
31240,879,4,6955
31241,935,1,4658
31242,231,5,17104
31243,974,1,3658
31244,250,9,20986
31245,462,5,14822
31246,531,6,16690
31247,242,4,5915
31248,61,6,22237
31249,118,5,16166
31250,153,5,13801
31251,82,4,13091
31252,128,8,21873
31253,134,5,10849
31254,106,6,17514
31255,169,5,15976
31256,158,5,17414
31257,174,3,10609
31258,357,7,16407
31259,80,8,22398
31260,770,2,6382
31261,14,3,12015
31262,212,3,8406
31263,92,4,4456
31264,357,2,3517
31265,75,7,27766
31266,102,3,12770
31267,325,1,2308
31268,553,6,21097
31269,54,7,12934
31270,310,8,25478
31271,101,5,17607
31272,330,4,9081
31273,215,2,3828
31274,109,3,11206
31275,29,4,10744
31276,11,5,18227
31277,265,5,11880
31278,283,4,8402
31279,182,7,12824
31280,47,2,8927
31281,312,5,15001
31282,259,6,13692
31283,376,3,6800
31284,506,5,9461
31285,128,2,3546
31286,16,6,20512
31287,224,12,40703
31288,42,6,14953
31289,122,4,11521
31290,22,5,9558
31291,49,6,19575
31292,21,9,32268
31293,627,4,11042
31294,413,6,15929
31295,147,5,15150
31296,1110,1,783
31297,340,3,9025
31298,150,7,22066
31299,322,8,17843
31300,503,8,21124
31301,153,8,19225
31302,187,3,9263
31303,443,4,10530
31304,2,2,4961
31305,491,6,15985
31306,333,5,14692
31307,311,4,10993
31308,311,3,7590
31309,354,7,16328
31311,56,5,12324
31312,401,4,12465
31313,12,9,15994
31314,322,4,11121
31315,891,1,2508
31316,377,6,24719
31317,490,2,3950
31318,247,5,8308
31319,130,5,17237
31320,941,2,2484
31321,334,7,16934
31322,433,3,3849
31323,176,7,16359
31324,87,6,15914
31325,345,2,7948
31326,132,5,13481
31327,287,6,21029
31328,35,5,15848
31329,453,4,11975
31330,171,5,8422
31331,287,3,8628
31332,24,6,22244
31333,55,7,18895
31334,127,4,10406
31335,42,2,9979
31336,459,2,8340
31337,286,8,17193
31338,62,7,15134
31339,416,6,16175
31340,278,5,14062
31341,117,9,30085
31342,120,6,13531
31343,496,4,11693
31344,200,5,12538
31345,65,8,25638
31346,170,4,3696
31347,86,7,18251
31348,156,8,23491
31349,42,6,14078
31350,69,5,12177
31351,143,5,13599
31352,284,5,8041
31353,267,4,12027
31354,5,9,16153
31355,242,4,15442
31356,491,3,7233
31357,34,3,7293
31358,37,4,11622
31359,716,6,22899
31360,14,4,7482
31361,389,2,8518
31362,124,7,26089
31363,78,7,17821
31364,298,3,9722
31365,299,6,11390
31366,54,7,13292
31367,88,4,7736
31368,10,6,12438
31369,568,3,8391
31370,57,5,12151
31371,585,5,8134
31372,151,5,14920
31373,75,3,10498
31374,241,1,4176
31375,274,4,12603
31376,410,3,9448
31377,226,5,18031
31378,300,3,7056
31379,341,5,15276
31380,288,4,12426
31381,360,5,13657
31382,182,6,22733
31383,133,7,20953
31384,128,5,14188
31385,288,4,13538
31386,23,6,24305
31387,157,5,15640
31388,379,3,10112
31389,168,8,15943
31390,623,4,12308
31391,399,3,8637
31392,50,6,15218
31393,529,5,15773
31394,57,3,7527
31395,470,5,10255
31396,99,6,12647
31397,766,2,6271
31398,35,7,13589
31399,35,5,10281
31400,599,3,6000
31401,255,6,17005
31402,287,3,6988
31403,88,6,18688
31404,79,3,11797
31405,177,7,15967
31406,381,3,13504
31407,41,8,22851
31408,410,3,5861
31409,260,4,15195
31410,77,7,19184
31411,552,2,8996
31412,356,7,19797
31413,126,6,18841
31414,997,1,1953
31415,83,7,16254
31416,258,6,11470
31417,91,10,31255
31418,167,4,12632
31419,230,5,12053
31420,534,3,9988
31421,28,4,15354
31422,115,9,21205
31423,609,3,13466
31424,368,5,14927
31425,106,2,7508
31426,24,7,17625
31427,47,2,6435
31428,92,5,18080
31429,502,4,12659
31430,37,5,10595
31431,173,3,6307
31432,493,3,7966
31433,344,4,13544
31434,500,4,15043
31435,68,6,11712
31436,103,4,12794
31437,295,3,11390
31438,276,4,15653
31439,243,5,19731
31440,204,3,4758
31441,740,2,7236
31442,820,5,11814
31443,230,5,16134
31444,194,8,24757
31445,186,3,8050
31446,15,7,24786
31447,60,12,28583
31448,109,6,16136
31449,582,3,9570
31450,268,7,19584
31451,97,5,20263
31452,26,9,22849
31453,440,5,10845
31454,29,11,21830
31455,418,4,9163
31456,24,5,11069
31457,89,7,12127
31458,901,2,6628
31459,6,12,38847
31460,191,5,8063
31461,146,1,3796
31462,704,2,4463
31463,18,3,6622
31464,46,6,19226
31465,53,5,8846
31466,199,2,5890
31467,327,5,17692
31468,476,4,7770
31469,66,9,26157
31470,34,4,9563
31471,760,2,6684
31472,488,4,8277
31473,484,5,9817
31474,143,4,17388
31475,17,8,18023
31476,216,6,19827
31477,236,4,11981
31478,43,7,14651
31479,72,4,7912
31480,195,7,16279
31481,237,8,18474
31482,25,2,5540
31483,74,4,9565
31484,194,3,3139
31485,276,6,15302
31486,549,4,12982
31487,181,7,23484
31488,51,5,17128
31489,96,8,23906
31490,170,7,25387
31491,110,5,21367
31492,69,6,15896
31493,378,5,16604
31494,658,3,8577
31495,659,3,6167
31496,747,4,9157
31497,750,5,14535
31498,82,2,6633
31499,69,6,14670
31500,460,3,9519
31501,582,6,15105
31502,664,3,6950
31503,44,7,19329
31504,524,4,7829
31505,171,9,18667
31506,385,5,17936
31507,424,4,8184
31508,50,5,9733
31509,76,4,14327
31510,246,5,10439
31511,220,6,19974
31512,48,7,18540
31513,195,5,18124
31514,156,4,7655
31515,292,5,13785
31516,546,5,15730
31517,216,4,8063
31518,145,8,21173
31520,323,4,7566
31521,440,3,7843
31522,356,5,18333
31523,316,2,4672
31524,692,4,7277
31525,288,3,9070
31526,1169,1,1123
31528,100,5,13050
31529,255,4,11837
31530,122,7,22224
31531,34,6,16986
31532,151,4,8416
31533,98,7,18632
31534,17,1,1890
31535,268,3,10336
31536,15,10,21465
31537,241,7,12001
31538,56,4,9044
31539,426,5,13276
31540,750,3,4882
31541,33,6,12552
31542,825,3,3053
31543,164,9,30779
31544,167,10,27551
31545,27,3,9320
31546,26,6,15319
31547,67,4,10758
31548,22,12,34766
31549,140,6,15931
31550,234,2,548
31551,566,5,16548
31552,50,4,6358
31553,104,6,11344
31554,584,3,10445
31555,205,6,12042
31556,345,5,13391
31557,13,7,19230
31558,98,6,19009
31559,43,5,7677
31560,189,7,17311
31561,149,3,8934
31562,505,3,5750
31563,100,3,12546
31564,353,9,24732
31565,284,6,14566
31566,170,5,14633
31567,174,3,6075
31568,640,6,22423
31569,768,3,4430
31570,597,5,15051
31571,61,6,21554
31572,30,4,12771
31573,76,5,17627
31574,197,5,12693
31575,711,1,4662
31576,129,5,11375
31577,102,3,9907
31578,295,8,15312
31579,98,3,1788
31580,141,6,20957
31581,193,3,6591
31582,367,6,21776
31583,54,9,29648
31584,201,5,22842
31585,157,10,34221
31586,417,4,10666
31587,678,5,17172
31588,550,3,9570
31589,228,4,10581
31590,53,5,13032
31591,169,7,18285
31592,200,4,13679
31593,294,3,8509
31594,165,6,12562
31595,102,12,25492
31596,136,6,15603
31597,50,1,3647
31598,240,6,14598
31599,21,1,284
31600,64,4,11749
31601,12,6,17472
31602,75,8,28154
31603,289,7,20456
31604,72,8,23107
31605,297,4,10078
31606,7,4,15366
31607,616,6,14833
31608,160,5,7472
31609,3,6,18854
31610,747,4,11309
31611,768,3,10531
31612,52,2,3405
31613,370,5,11744
31614,170,5,14137
31615,569,4,13598
31616,73,4,14076
31617,54,4,9356
31618,390,5,16622
31619,84,2,4707
31620,284,2,6831
31621,300,3,6312
31622,190,6,13180
31623,502,6,14013
31624,53,5,13249
31625,499,4,6999
31626,841,3,6228
31627,71,7,18286
31628,186,6,13780
31629,820,2,3012
31630,189,7,17818
31631,645,4,12669
31632,401,6,19117
31633,70,3,6824
31634,132,4,4941
31635,136,4,11663
31636,69,5,9879
31637,65,6,12539
31638,134,7,19885
31639,144,7,20547
31640,498,2,5086
31641,16,5,10572
31642,434,4,9521
31643,137,3,5784
31644,92,10,31554
31645,50,7,20171
31646,93,3,9396
31647,397,4,9656
31648,34,6,10878
31649,532,8,21604
31650,78,6,12410
31651,342,5,19989
31652,149,4,10548
31653,168,3,10916
31654,296,6,20648
31655,280,5,10271
31656,592,1,4118
31657,590,3,10576
31658,217,7,19521
31659,369,10,39068
31660,85,2,6968
31661,310,3,12106
31662,249,4,10567
31663,101,9,23490
31664,792,5,9445
31665,396,4,11109
31666,216,2,2842
31667,171,4,11593
31668,258,3,8975
31669,251,4,9302
31670,48,4,10290
31671,73,4,13816
31672,292,2,4590
31673,511,2,5108
31674,336,3,3922
31676,492,5,12453
31677,292,7,22510
31678,45,4,7037
31679,336,4,10687
31680,1128,2,9575
31681,300,6,16246
31682,518,6,13015
31683,183,6,17359
31684,184,4,12273
31685,361,9,19576
31686,1,2,4215
31687,105,6,16007
31688,108,4,8487
31689,727,2,8336
31690,928,1,2642
31691,289,9,20024
31692,633,2,2533
31693,57,1,904
31694,81,6,16504
31695,11,7,20086
31696,181,11,27556
31697,16,10,24025
31698,222,5,17209
31699,1087,1,5003
31700,84,6,13789
31701,105,6,17615
31702,65,4,9745
31703,11,3,13228
31704,764,5,8199
31705,57,4,7857
31706,180,10,23475
31707,271,3,8835
31708,153,6,18346
31709,682,4,10174
31710,248,5,8575
31711,99,5,14069
31712,81,12,40938
31713,70,5,12661
31714,128,5,17974
31715,487,2,5634
31716,70,8,20701
31717,364,1,4135
31718,50,5,13306
31719,50,4,6762
31720,994,1,1388
31721,150,5,11345
31722,445,6,12822
31723,136,6,20925
31724,871,1,1519
31725,242,6,13555
31726,228,6,12810
31727,438,3,5041
31728,54,4,12254
31729,411,5,14189
31730,8,6,17149
31731,126,4,10755
31732,68,5,16245
31733,113,9,27419
31734,521,6,18619
31735,247,3,5713
31736,483,2,10412
31737,1,5,13013
31738,447,5,10888
31739,24,4,6794
31740,550,2,5820
31741,138,8,23233
31742,903,3,7679
31743,305,6,19137
31744,41,9,15464
31745,439,4,9887
31746,182,3,5109
31747,101,4,12705
31748,78,4,7687
31749,152,2,2644
31750,28,6,10923
31751,412,2,7814
31752,132,4,11297
31753,48,1,3962
31754,159,3,8681
31755,103,6,14121
31756,66,3,10404
31757,769,3,6433
31758,754,2,4012
31759,348,2,6832
31760,309,1,1598
31761,159,7,18781
31762,634,5,16870
31763,170,2,8428
31764,774,1,2650
31765,29,11,30023
31766,220,5,9796
31767,547,5,12805
31768,4,6,10052
31769,6,6,10249
31770,248,2,6373
31771,17,7,18410
31772,210,4,9225
31773,63,9,21644
31774,43,4,12476
31775,491,3,5703
31776,40,4,5140
31777,133,2,5807
31778,171,3,7160
31779,816,1,1299
31780,169,6,16893
31781,145,9,27418
31782,101,6,17077
31783,305,6,23495
31784,135,3,10123
31785,123,7,21488
31786,49,4,14114
31787,568,4,9694
31788,271,6,11439
31789,555,2,9957
31790,25,9,24534
31791,236,4,8295
31792,274,4,12706
31793,32,6,17409
31794,641,5,11193
31795,109,2,2462
31796,155,5,16374
31797,316,5,11335
31798,78,4,5042
31799,4,5,10192
31800,46,6,12334
31801,124,6,13400
31802,162,5,11016
31803,258,6,19532
31804,193,10,25511
31805,127,8,24917
31806,40,6,21118
31807,6,5,11013
31808,134,3,6434
31809,726,4,8198
31810,43,6,16086
31811,19,10,33394
31812,109,6,12296
31813,936,3,9437
31814,43,10,26138
31815,279,7,19638
31816,69,6,14990
31817,62,3,8473
31818,506,5,15792
31819,41,3,6645
31820,324,3,5556
31821,74,4,7698
31822,20,4,9122
31823,490,2,8722
31824,796,3,9716
31825,261,5,13884
31826,199,8,30160
31827,43,6,16936
31828,671,3,8164
31829,600,2,2945
31830,362,6,23863
31831,14,6,16889
31832,184,6,10060
31833,108,6,21592
31834,28,3,4886
31835,155,7,18991
31836,339,6,22179
31837,275,7,20494
31838,123,5,16257
31839,576,7,19035
31840,802,2,4431
31841,226,1,538
31842,160,4,13313
31843,320,9,22599
31844,27,4,13221
31845,588,1,4327
31846,260,6,15589
31847,16,8,23026
31848,193,4,12265
31849,264,9,21163
31850,30,7,18799
31851,52,3,4890
31852,18,7,21876
31853,107,7,19525
31854,33,10,28049
31855,77,4,8971
31856,179,8,19757
31857,215,5,17212
31858,88,6,9633
31859,80,5,13599
31860,59,8,18741
31861,167,5,13685
31862,81,2,5522
31863,98,4,11382
31864,479,2,5434
31865,291,6,21859
31866,145,7,20097
31867,1073,2,5022
31868,177,3,6652
31869,215,8,25197
31870,344,7,22079
31871,171,7,12834
31872,8,3,7105
31873,33,5,14345
31874,18,9,36905
31875,415,6,16551
31876,108,10,31436
31877,378,4,12722
31878,11,13,28133
31879,431,1,1720
31880,83,7,20777
31881,155,5,18045
31882,231,2,2799
31883,179,3,6040
31884,392,4,5482
31885,299,5,7842
31886,397,3,9625
31887,399,5,16742
31888,905,6,21658
31889,453,5,16080
31890,203,7,20203
31891,144,4,10249
31892,433,4,12784
31893,319,6,18520
31894,7,4,8945
31895,499,3,4818
31896,151,9,23377
31897,124,4,15739
31898,329,6,13579
31899,115,3,11659
31900,486,3,9235
31901,192,5,12779
31902,360,3,12713
31903,373,7,18108
31904,353,4,14014
31905,482,3,7538
31906,25,7,18660
31907,41,6,12459
31908,33,9,30226
31909,362,4,13133
31910,24,4,13049
31911,231,4,10571
31912,156,3,10263
31913,167,8,26260
31914,333,5,12818
31915,52,3,8971
31916,223,4,12759
31917,189,7,22070
31918,197,8,25114
31919,207,6,11401
31920,77,9,23762
31921,39,7,21209
31922,25,7,21892
31923,274,5,10727
31924,85,5,13296
31925,239,4,13807
31926,106,5,14623
31927,286,5,19390
31928,81,7,12828
31929,44,7,19268
31930,244,5,11899
31931,4,6,13966
31932,19,3,10127
31933,690,2,6291
31934,376,1,3272
31935,195,7,23660
31936,409,2,4277
31937,802,3,5055
31938,134,4,12116
31939,184,3,13114
31940,229,5,19508
31941,173,7,17799
31942,623,2,4585
31943,297,5,9513
31944,1086,2,5079
31945,369,5,13279
31946,66,6,15657
31947,487,2,3844
31948,52,2,9925
31949,824,1,2096
31950,60,6,15822
31951,520,7,18037
31952,601,4,10112
31953,286,6,15135
31954,23,3,7532
31955,147,6,25331
31956,72,5,16227
31957,169,5,14428
31958,181,9,28552
31959,438,3,12237
31960,27,4,15576
31961,318,6,18128
31962,234,4,14599
31963,1073,1,4996
31964,39,7,17867
31965,159,6,14527
31966,40,5,15320
31967,344,7,16629
31968,401,8,21329
31969,338,3,6154
31970,231,2,7515
31971,190,6,15792
31972,157,9,20230
31973,38,4,16567
31974,94,3,7755
31975,442,4,9833
31976,455,4,5829
31977,247,2,2274
31978,116,6,16942
31979,155,3,6300
31980,883,3,7386
31981,32,5,11741
31982,20,4,14009
31983,10,4,6961
31984,157,5,13939
31985,49,8,18860
31986,403,4,10800
31987,340,5,13732
31988,140,6,18642
31989,42,4,9518
31990,243,6,15936
31991,268,6,8423
31992,115,5,17691
31993,486,3,2731
31994,125,5,14908
31995,613,3,6315
31996,1124,1,1706
31997,430,2,5647
31998,161,4,9889
31999,494,7,18435
32000,73,5,21646
32001,78,6,9678
32002,7,5,12414
32003,70,6,10807
32004,35,7,21513
32005,207,5,16290
32006,41,5,13620
32007,294,7,22326
32008,262,5,8582
32009,112,4,10250
32010,448,3,8445
32011,156,2,5182
32012,283,3,11333
32013,850,3,6732
32014,65,9,26485
32015,107,3,9190
32016,572,2,2977
32017,349,7,21503
32018,60,2,5968
32019,207,3,7722
32020,236,6,26187
32021,182,5,13982
32022,49,4,7431
32023,110,6,13540
32024,295,9,25908
32025,252,1,2452
32026,37,6,17644
32027,11,4,11930
32028,72,5,12557
32029,195,6,17776
32030,190,5,17493
32031,40,6,16113
32032,711,3,7414
32033,775,3,4458
32034,120,6,17188
32035,666,5,13737
32036,191,3,9617
32037,30,4,10422
32038,23,9,31607
32039,61,6,23439
32040,892,1,2180
32041,116,5,11193
32042,86,8,18461
32043,249,4,10587
32044,360,3,12286
32045,62,6,21307
32046,69,5,15003
32047,309,3,4054
32048,33,6,14073
32049,396,1,3908
32050,265,5,12119
32051,201,7,20330
32052,328,5,6504
32053,155,3,10996
32054,550,2,10141
32056,280,7,26021
32057,40,6,13282
32058,170,4,12736
32059,324,5,16596
32060,145,5,10197
32061,26,10,33482
32062,767,4,13792
32063,29,4,13270
32064,60,3,8643
32065,1250,2,8659
32066,315,7,20117
32067,516,6,20940
32068,58,6,14864
32069,810,8,22057
32070,349,4,10579
32071,265,4,13924
32072,203,7,17763
32073,211,5,15340
32075,167,6,17284
32076,210,8,17679
32077,387,6,18300
32078,407,4,10280
32079,41,10,19537
32080,205,7,16437
32081,252,4,9858
32082,60,4,7169
32083,36,3,7122
32084,657,2,7552
32085,40,4,10079
32086,210,5,11820
32087,15,4,12524
32088,155,4,12248
32089,15,5,9095
32090,13,6,21373
32091,2,9,21052
32092,545,3,7696
32093,246,7,15787
32094,91,6,18595
32095,301,4,13636
32096,135,6,12543
32097,279,3,10702
32098,6,10,24282
32099,105,6,18546
32100,116,6,17025
32101,319,4,8340
32102,34,5,13849
32103,305,8,19961
32104,43,7,23473
32105,286,4,9983
32106,220,6,14725
32107,396,6,18100
32108,144,4,10068
32109,36,5,14723
32110,9,10,26281
32111,30,6,15139
32112,356,8,31838
32113,13,3,9012
32114,62,3,9922
32115,142,4,10030
32116,743,4,14572
32117,146,5,15367
32118,213,9,20628
32119,94,7,19654
32120,76,8,19918
32121,889,5,12943
32122,222,8,16767
32123,195,4,10984
32124,118,7,21458
32125,59,4,13348
32126,1116,2,4019
32127,72,5,9203
32128,221,3,7384
32129,77,6,16110
32130,177,3,9501
32131,29,7,15226
32132,42,5,17153
32133,372,5,13666
32134,372,4,12884
32135,7,8,20699
32136,803,1,4260
32137,221,3,5557
32138,105,5,18248
32139,86,6,13485
32140,173,2,3697
32141,291,4,6716
32142,88,4,13078
32143,272,7,15074
32144,464,2,8289
32145,163,2,7029
32146,220,5,18138
32147,597,6,17521
32148,300,5,14648
32149,43,3,11607
32150,236,5,12917
32151,306,3,9652
32152,419,3,11693
32153,64,8,19069
32154,72,4,7055
32155,276,8,17981
32156,3,9,25329
32157,849,3,5661
32158,41,6,18442
32159,171,3,9707
32160,146,9,21452
32161,23,7,19915
32162,390,8,31335
32163,111,6,14791
32164,45,6,20658
32165,134,5,14089
32166,380,8,24176
32167,50,6,16651
32168,453,3,8437
32169,240,6,21801
32170,813,5,13392
32171,23,7,18571
32172,141,6,12066
32173,293,4,13796
32174,622,3,3941
32175,65,10,32403
32176,115,8,19505
32177,321,7,15520
32178,90,8,19603
32179,256,5,12345
32180,657,2,5604
32181,13,6,13122
32182,79,9,28418
32183,996,2,5019
32184,150,8,21055
32185,623,3,7890
32186,708,3,3715
32187,93,7,20040
32188,786,4,5355
32189,216,6,16090
32190,306,5,15822
32191,14,11,29612
32192,52,6,15312
32193,30,5,12233
32194,73,3,8956
32195,529,4,11956
32196,1034,3,9306
32197,237,5,16861
32198,311,5,16070
32199,218,4,8048
32200,139,7,22016
32201,363,6,9455
32202,890,2,5661
32203,36,8,25498
32204,133,6,19781
32205,40,8,19119
32206,56,6,10977
32207,119,2,1861
32208,71,7,21632
32209,154,2,5523
32210,211,8,21513
32211,309,7,20680
32212,48,7,21550
32213,87,9,21829
32214,252,2,4268
32215,7,8,19356
32216,80,10,24365
32217,25,11,22962
32218,254,10,36837
32219,45,7,22297
32220,517,8,23694
32221,709,4,12036
32222,663,3,6472
32223,63,7,17511
32224,270,3,6750
32225,121,7,14751
32226,66,9,25071
32227,401,5,13784
32228,157,4,10060
32229,177,6,13757
32230,101,5,14996
32231,217,3,13202
32232,607,2,2832
32233,485,7,15576
32234,322,3,7241
32235,110,4,7540
32236,196,3,4131
32237,186,8,23658
32238,655,2,5361
32239,1005,1,5024
32240,981,4,11987
32241,70,5,13270
32242,47,3,6436
32243,242,3,9413
32244,227,3,10577
32245,169,12,38518
32246,246,2,5825
32247,306,8,22642
32248,17,4,10991
32249,237,5,15100
32250,314,5,14076
32251,2,7,21730
32252,97,7,16865
32253,168,6,11906
32254,70,7,30880
32255,130,3,5633
32256,55,6,14625
32257,12,4,12685
32258,259,3,5830
32259,1181,2,6390
32260,64,6,12571
32261,137,6,17856
32262,451,3,8460
32263,248,2,5089
32264,82,7,19436
32265,32,10,32519
32266,86,5,12686
32267,4,5,18439
32268,142,5,11450
32269,80,5,9712
32270,145,4,10582
32271,61,4,9384
32272,767,1,895
32274,239,6,12932
32275,512,4,9543
32276,672,3,5380
32277,260,4,14622
32278,140,7,21371
32279,366,3,10127
32280,1307,1,1826
32281,340,5,15611
32282,843,1,1625
32283,142,3,9781
32284,291,6,16549
32285,123,4,8566
32286,75,6,15948
32287,45,5,10595
32288,440,2,5460
32289,56,10,29762
32290,140,4,7409
32291,15,5,14171
32292,53,3,3819
32293,155,1,3584
32294,161,2,9789
32295,144,2,5612
32296,71,3,10798
32297,50,6,15064
32298,222,3,4173
32299,318,7,12556
32300,107,3,1677
32301,248,6,10255
32302,84,3,9241
32303,227,6,19599
32304,75,6,16420
32305,140,6,10694
32306,207,5,18939
32307,100,6,18620
32308,74,2,8054
32309,110,6,9935
32310,257,8,26571
32311,112,7,19097
32312,128,2,3417
32313,226,8,19633
32314,496,7,22683
32315,167,4,10444
32316,117,5,16933
32317,36,5,14118
32318,67,5,13973
32319,155,5,17772
32320,122,4,9918
32321,76,2,770
32322,282,3,8445
32323,76,7,24925
32324,172,6,15502
32325,73,12,30120
32326,292,7,18971
32327,496,2,6434
32328,149,8,28200
32329,47,5,10851
32330,151,7,14352
32331,417,10,18667
32332,146,7,23734
32333,46,8,27688
32334,29,7,24045
32335,109,3,8929
32336,166,5,9093
32337,15,5,16350
32338,83,4,10636
32339,552,4,11392
32340,23,6,19789
32341,503,3,8476
32343,379,1,2673
32344,284,4,10654
32345,39,5,10671
32346,17,5,18724
32347,1083,1,1472
32348,380,8,21357
32349,597,7,11611
32350,719,4,11416
32351,9,7,16715
32352,308,6,16700
32353,35,2,2643
32354,140,2,2902
32355,188,5,15673
32356,85,3,7818
32357,302,2,5637
32358,225,3,5148
32359,223,6,11619
32360,39,8,22025
32361,11,9,25605
32362,222,5,15996
32363,371,5,17583
32364,17,11,32386
32365,473,2,6123
32366,447,6,14760
32367,192,3,6555
32368,72,9,22901
32369,617,1,2855
32370,216,5,14423
32371,331,3,9666
32372,21,5,15657
32373,795,3,7179
32374,345,6,20298
32375,51,11,26780
32376,221,1,3207
32377,18,6,18383
32378,131,9,22305
32379,404,2,5249
32380,39,7,26665
32381,157,5,17839
32382,438,3,8480
32383,225,6,23968
32384,183,8,27350
32385,341,5,12756
32386,19,7,13582
32387,9,3,6075
32388,370,7,21441
32389,207,9,20809
32390,184,5,11849
32391,953,3,6879
32392,475,4,13420
32393,7,5,10439
32394,223,7,21185
32395,126,5,9733
32396,613,2,4983
32397,508,2,7932
32398,51,6,19968
32399,321,3,7782
32400,609,2,3516
32401,227,3,4335
32402,70,5,12332
32403,236,3,4447
32404,299,4,11236
32405,564,4,13194
32406,250,9,17546
32407,4,8,20958
32408,41,7,16286
32409,50,5,9824
32410,235,6,15527
32411,129,1,3469
32412,385,7,16813
32413,22,6,15068
32414,59,4,9164
32415,80,5,7740
32416,647,3,8827
32417,304,8,20938
32418,160,5,19486
32419,348,4,9982
32420,39,4,11349
32421,785,2,3523
32422,18,4,7168
32423,226,6,22397
32424,158,2,6162
32425,172,3,3157
32426,420,5,16153
32427,309,4,6985
32428,670,7,25002
32429,127,6,22659
32430,148,4,7176
32431,153,7,23526
32432,199,4,8227
32433,37,2,5699
32434,687,2,6340
32435,199,4,9645
32436,133,7,24087
32437,388,4,9515
32438,69,4,14014
32439,217,6,17829
32440,170,7,18454
32441,325,7,17164
32442,445,4,12131
32443,143,9,24159
32444,105,4,13670
32445,161,3,6381
32446,20,2,5702
32447,72,3,7636
32448,64,7,20682
32449,206,1,2183
32450,189,4,10995
32451,592,1,2659
32452,402,6,16803
32453,124,5,12711
32454,277,6,18263
32455,855,3,5372
32456,283,4,12254
32457,327,7,18879
32458,51,5,14480
32459,398,4,10193
32460,1131,2,3408
32461,99,8,22626
32462,205,8,23140
32463,1192,3,6632
32464,338,3,11756
32465,445,6,15461
32466,6,2,5741
32467,511,6,8410
32468,336,6,18360
32469,308,5,13474
32470,476,8,22635
32471,186,4,12388
32472,248,4,11783
32473,482,2,5661
32474,111,6,25015
32475,379,3,12670
32476,10,5,12839
32477,24,6,17296
32478,92,6,14232
32479,149,4,14632
32480,262,6,12905
32481,320,4,14850
32482,16,5,15885
32483,678,3,4323
32484,24,5,17220
32485,4,2,6060
32486,255,4,12341
32487,888,2,8330
32488,87,8,19361
32489,71,4,10778
32490,134,6,19397
32491,12,8,27913
32492,544,5,8651
32493,39,7,18041
32494,217,6,18971
32495,43,5,12465
32496,381,8,19734
32497,269,7,11627
32498,9,6,10131
32499,379,8,22353
32500,9,5,6771
32501,37,6,21442
32502,179,8,18620
32503,437,4,7937
32504,3,11,34349
32505,18,7,12643
32506,175,2,3520
32507,88,3,6891
32508,1112,1,1240
32509,62,8,23579
32510,222,5,14980
32511,97,5,15321
32512,216,4,15335
32513,63,5,12082
32514,574,6,21241
32515,21,7,21729
32516,373,4,12212
32517,280,6,18444
32518,409,2,1875
32519,214,4,9030
32520,313,2,6484
32521,175,3,5663
32522,69,2,6114
32523,243,9,17387
32524,4,6,13262
32525,770,5,10516
32526,763,2,6537
32527,207,6,14892
32528,250,3,6959
32529,149,4,9132
32530,61,8,21947
32531,122,5,11938
32532,120,8,24185
32533,728,4,9483
32534,260,1,2916
32535,325,5,18272
32536,134,9,23744
32537,194,5,22075
32538,22,7,14491
32539,419,3,7546
32540,132,5,9575
32541,52,3,6825
32542,442,3,5177
32543,104,9,30698
32544,935,1,1564
32545,126,11,34001
32546,45,1,3304
32547,70,6,11100
32548,148,8,23039
32549,949,1,686
32550,180,8,24514
32551,7,8,24091
32552,353,4,13156
32553,561,2,886
32554,617,4,8463
32555,197,7,16731
32556,256,4,13781
32557,95,3,3246
32558,369,4,10654
32559,122,8,22911
32560,1,4,10641
32561,114,6,10430
32562,170,5,15683
32563,215,8,15033
32564,616,4,9343
32565,772,2,4820
32566,200,7,16657
32567,4,4,12955
32568,208,4,11049
32569,234,8,22650
32570,385,3,11207
32571,189,8,23840
32572,296,7,16047
32573,348,4,8323
32574,10,7,25822
32575,83,5,13002
32576,30,6,17275
32577,543,4,7226
32578,204,5,17503
32579,909,2,1077
32580,80,5,13868
32581,341,7,14308
32582,60,1,3478
32583,46,11,35858
32584,110,9,21105
32585,293,4,5843
32586,127,3,13262
32587,167,8,17951
32588,152,3,10185
32589,422,5,14833
32590,544,2,6627
32591,104,8,15547
32592,545,2,4820
32593,101,2,6996
32594,156,6,22090
32595,397,7,17551
32596,133,6,18519
32597,160,7,21171
32598,275,5,11819
32599,394,6,14923
32600,425,5,10295
32601,11,7,16080
32602,156,4,11698
32603,201,5,10462
32604,29,7,20054
32605,34,7,16974
32606,186,5,13988
32607,116,3,10389
32608,245,7,22311
32609,93,5,11571
32610,82,2,6952
32611,43,5,12925
32612,241,10,32908
32613,2,5,15088
32614,62,4,8786
32615,197,8,24839
32616,1104,1,2459
32617,674,1,3347
32618,143,5,13517
32619,707,3,6816
32620,101,13,37292
32621,258,3,4531
32622,79,7,15647
32623,79,5,15561
32624,11,7,24000
32625,244,7,21824
32626,482,4,15277
32627,300,7,21330
32628,1,13,44431
32629,863,3,5972
32630,185,8,26906
32631,445,4,16286
32632,123,2,6305
32633,194,6,18709
32634,63,6,20919
32635,187,3,6318
32636,113,4,12974
32637,276,5,13771
32638,430,2,4728
32639,138,9,23309
32640,407,5,12281
32641,94,6,8883
32642,336,3,11276
32643,14,3,4317
32644,446,4,14674
32645,275,10,23484
32646,38,5,11142
32647,135,5,13868
32648,10,8,20385
32649,240,5,17921
32650,27,5,9720
32651,213,5,11807
32652,26,4,10708
32653,150,6,10610
32654,58,2,4736
32655,54,5,10698
32656,478,2,5225
32657,11,4,16049
32658,309,3,8961
32659,22,11,36069
32660,4,3,12259
32661,259,7,14523
32662,444,3,12288
32663,102,7,21561
32664,91,8,20502
32665,59,4,6946
32666,272,2,8258
32667,185,4,15846
32668,252,5,17957
32669,111,6,9979
32670,45,10,25617
32671,971,2,6053
32672,99,8,25290
32673,335,9,24322
32674,171,8,27828
32675,123,3,9610
32676,347,3,5430
32677,1174,2,1801
32678,166,5,16551
32679,3,6,17721
32680,6,4,8492
32681,1125,2,6854
32682,106,5,14287
32683,27,10,26922
32684,45,7,16000
32685,159,2,5942
32686,146,8,17338
32687,117,5,17711
32688,207,3,2541
32689,73,10,32645
32690,28,7,19172
32691,278,4,10614
32692,128,5,12311
32693,19,4,6598
32694,37,6,23551
32695,12,7,21568
32696,59,4,12592
32697,266,4,11008
32698,47,6,20330
32699,204,6,17077
32700,54,4,9730
32701,92,2,6416
32702,107,1,2908
32703,309,8,19865
32704,26,6,13237
32705,98,8,21757
32706,51,7,16065
32707,226,5,11302
32708,499,4,14587
32709,86,8,22706
32710,125,7,16258
32711,143,3,10238
32712,38,8,16674
32713,74,9,24966
32714,79,2,5095
32715,520,7,17986
32716,258,9,31379
32717,490,4,10932
32718,14,8,23061
32719,10,5,14381
32720,107,6,12661
32721,76,5,10508
32722,723,3,9751
32723,72,8,20657
32724,184,4,14153
32725,190,5,8836
32726,75,6,17976
32727,145,2,5526
32728,205,5,16863
32729,241,5,7688
32730,68,2,7055
32731,378,5,12179
32732,279,6,17274
32733,326,5,11330
32734,40,6,15866
32735,4,4,9233
32736,39,6,14459
32737,258,5,13619
32738,451,3,4149
32739,98,5,6124
32740,354,4,8005
32741,175,5,14684
32742,426,5,9968
32743,297,5,9162
32744,507,5,8635
32745,127,2,4184
32746,398,1,1090
32747,553,5,17532
32748,152,9,31260
32749,883,5,9408
32750,242,4,5976
32751,443,7,17550
32752,288,3,4712
32753,954,3,10257
32754,96,7,17339
32755,15,6,14700
32756,158,8,29445
32757,158,5,11095
32758,511,5,12230
32759,108,4,8540
32760,324,8,17163
32761,48,5,10581
32762,100,4,13939
32763,117,11,26384
32764,214,7,19359
32765,307,6,14788
32766,142,10,27621
32767,163,6,14662
32768,232,4,13036
32769,8,6,21742
32770,410,6,19164
32771,339,6,17458
32772,5,3,4789
32773,475,5,14897
32774,280,2,5648
32775,314,5,19889
32776,71,5,6687
32777,117,1,3593
32778,229,2,4825
32779,172,6,25091
32780,15,5,15201
32781,58,5,12288
32782,227,6,14095
32783,726,4,11059
32784,285,4,9766
32786,99,9,35015
32787,151,3,9721
32788,172,4,8117
32789,56,8,11331
32790,367,2,7121
32791,164,6,17964
32792,146,3,8427
32793,179,7,23319
32794,264,6,16915
32795,83,6,17506
32796,364,6,13936
32797,52,7,16596
32798,39,5,17400
32799,1,6,15182
32800,394,3,10773
32801,63,3,10351
32802,829,3,7286
32803,196,7,22645
32804,139,4,13336
32805,559,3,13582
32806,106,2,3467
32807,572,1,1621
32808,486,4,11033
32809,29,7,19152
32810,94,3,10398
32811,172,9,17707
32812,57,3,7258
32813,97,2,6785
32814,149,5,9117
32815,896,4,11083
32816,33,3,4558
32817,239,4,6497
32818,450,3,7715
32819,1205,1,1347
32820,23,5,13679
32821,189,6,15882
32822,84,5,12965
32823,606,2,4746
32824,1332,1,4549
32825,81,3,10493
32826,269,2,4527
32827,340,7,14190
32828,902,3,6662
32829,212,6,19288
32830,87,5,13452
32831,47,8,26473
32832,107,4,9754
32833,130,6,15010
32834,253,5,12734
32835,71,2,7869
32836,78,2,5466
32837,494,4,12523
32838,222,6,17963
32839,106,2,2180
32840,2,4,12182
32841,83,9,20185
32842,47,4,8806
32843,366,3,8913
32844,415,3,8445
32845,47,8,26573
32846,596,5,16981
32847,369,5,14718
32848,469,6,20340
32849,27,3,11045
32850,355,5,17506
32851,29,6,17529
32852,408,3,7926
32853,845,2,5146
32854,351,3,10744
32855,6,2,6020
32856,30,2,2809
32857,470,7,12282
32858,545,4,11642
32859,331,5,9789
32860,599,4,13727
32861,179,4,9457
32862,1052,2,5983
32863,510,2,5901
32864,5,5,13768
32865,340,6,19756
32866,93,12,28445
32867,22,6,19507
32868,265,2,10120
32869,283,5,14822
32870,84,6,13662
32871,127,6,17640
32872,9,2,7868
32873,131,4,9594
32874,13,11,26388
32875,199,7,19731
32876,338,7,14966
32877,104,5,14785
32878,44,9,30748
32879,199,5,17748
32880,443,1,2104
32881,75,4,11319
32882,40,5,13662
32883,602,2,3662
32884,75,8,28984
32885,20,6,12035
32886,114,5,9951
32887,397,4,13261
32888,220,7,18340
32889,42,4,12174
32890,630,5,6965
32891,15,5,15758
32892,239,5,9243
32893,200,5,13811
32894,1008,2,1639
32895,72,6,15570
32896,336,7,13397
32897,624,5,7087
32898,68,8,22535
32899,513,4,14441
32900,101,4,9854
32901,96,6,14661
32902,125,5,9709
32903,15,5,15441
32904,37,8,26625
32905,252,3,7907
32906,19,9,21856
32907,97,6,15858
32908,5,7,24488
32909,652,2,4764
32910,21,10,26586
32911,103,6,14038
32912,1208,1,1067
32913,146,4,11629
32914,49,7,25622
32915,133,5,15070
32916,1028,3,9928
32917,320,6,17813
32918,6,6,14670
32919,126,5,11191
32920,56,5,12846
32921,84,7,20108
32922,598,3,7725
32923,192,8,18951
32924,148,8,24369
32925,424,3,10225
32926,160,5,8631
32927,354,5,11441
32928,96,4,10879
32929,614,6,13627
32930,84,7,12980
32931,406,6,19791
32932,56,10,31703
32933,210,4,5004
32934,50,2,8470
32935,1078,2,5881
32936,91,11,18869
32937,649,2,2278
32938,110,4,17522
32939,3,6,24019
32940,951,4,10944
32941,158,3,9626
32942,368,6,15434
32943,740,2,8473
32944,126,4,13952
32945,1123,1,3792
32946,202,5,11717
32947,322,4,4096
32948,1,7,16153
32949,263,2,8284
32950,9,5,10679
32951,82,7,20922
32952,79,7,19892
32953,624,3,10395
32954,137,4,10973
32955,127,7,22733
32956,16,4,9149
32957,100,5,8650
32958,1353,1,4983
32959,237,7,23004
32960,4,5,9338
32961,474,2,4711
32962,631,3,8553
32963,129,8,24460
32964,202,2,4054
32965,64,2,9894
32966,410,4,8405
32967,478,3,8083
32968,594,4,11177
32969,21,5,14258
32970,198,7,15869
32971,247,5,15209
32972,109,5,19072
32973,43,8,22754
32974,60,4,12208
32975,331,7,26705
32976,243,5,13655
32977,136,4,17017
32978,111,6,16539
32979,62,5,15595
32980,304,6,10869
32981,417,5,11454
32982,200,7,21519
32983,43,3,9042
32984,22,6,17878
32985,988,3,8181
32986,35,6,16212
32987,341,2,2807
32988,51,7,15050
32989,284,7,18379
32990,555,2,2722
32991,25,6,10754
32992,280,7,22247
32993,176,5,14870
32994,53,3,3932
32995,58,8,21254
32996,688,2,8256
32997,388,5,15859
32998,15,6,8366
32999,517,4,9733
33000,75,6,18749
33001,309,7,20276
33002,307,1,3653
33003,505,7,19441
33004,19,13,34119
33005,96,2,9851
33006,217,6,12616
33007,982,2,6397
33008,157,10,23711
33009,332,7,18156
33010,375,5,12366
33011,103,5,14035
33012,190,8,30963
33013,338,8,18051
33014,628,4,9853
33015,305,5,12950
33016,247,3,3966
33017,15,7,25214
33018,692,4,12073
33019,165,2,5669
33020,192,4,11751
33021,510,5,11646
33022,338,7,17626
33023,306,8,22315
33024,215,3,4657
33025,334,5,12741
33026,385,5,14338
33027,14,3,4916
33028,352,6,17555
33029,82,7,15952
33030,138,4,13011
33031,231,7,20513
33032,197,7,24059
33033,53,9,24290
33034,230,4,8478
33035,470,5,17061
33036,166,6,14521
33037,1265,1,1178
33038,296,5,19982
33039,460,2,6093
33040,49,7,11614
33041,382,4,9155
33042,80,5,9551
33043,406,7,13384
33044,544,1,951
33045,745,6,12953
33046,221,6,8543
33047,692,4,12495
33048,22,7,19452
33049,407,4,17514
33050,26,4,6952
33051,160,5,12527
33052,19,7,20890
33053,7,8,22968
33054,857,2,4768
33055,115,4,16409
33056,12,8,28635
33057,561,5,14474
33058,125,5,8568
33059,25,4,10936
33060,189,4,13748
33061,210,4,11272
33062,173,4,9203
33063,89,8,15398
33064,262,6,17391
33065,61,5,14339
33066,43,5,14098
33067,49,7,17734
33068,515,3,9735
33069,59,7,20057
33070,128,3,8067
33071,928,6,18389
33072,175,3,8637
33073,47,7,17054
33074,429,7,20719
33075,154,6,17933
33076,85,9,21186
33077,379,3,12183
33078,589,4,11286
33079,221,6,10743
33080,58,3,13689
33081,396,5,14240
33082,275,6,14050
33083,356,2,3301
33084,309,6,13378
33085,115,4,7044
33086,45,4,10871
33087,138,6,16295
33088,159,6,13675
33089,1084,1,1626
33090,28,6,11967
33091,558,3,7918
33092,141,5,9975
33093,7,1,4048
33094,789,2,3333
33095,67,4,12440
33096,71,8,20282
33097,32,4,11353
33098,302,5,12741
33099,16,6,11372
33100,175,3,9985
33101,133,5,15371
33102,274,8,18804
33103,273,5,18425
33104,86,7,18665
33105,38,4,13974
33106,295,4,11360
33107,314,5,7481
33108,204,5,18852
33109,493,3,10033
33110,54,7,22601
33111,481,3,6404
33112,52,5,9428
33113,58,10,27319
33114,189,7,15032
33115,280,4,11780
33116,85,8,18429
33117,235,9,25327
33118,584,4,4335
33119,2,6,13084
33120,768,5,11435
33121,115,4,14764
33122,458,3,9543
33123,49,4,11716
33124,134,4,11839
33125,27,8,18422
33126,190,7,21064
33127,337,2,3928
33128,196,3,3962
33129,59,4,8897
33130,1089,2,6251
33131,306,6,16066
33132,1205,1,3481
33133,154,4,10686
33134,3,2,2136
33135,283,4,14346
33136,351,1,618
33137,235,8,27437
33138,160,3,4802
33139,297,3,6852
33140,1215,2,3661
33141,82,8,31183
33142,67,4,17231
33143,104,5,15724
33144,204,6,12601
33145,140,5,12629
33146,579,3,7465
33147,138,9,24201
33148,133,5,12967
33149,656,3,10569
33150,95,6,21771
33151,16,5,13373
33152,45,8,19827
33153,111,5,9945
33154,304,4,14355
33155,186,6,9634
33156,438,1,2045
33157,102,5,15565
33158,64,6,16799
33159,512,4,14152
33160,277,6,18393
33161,221,7,18053
33162,247,3,6916
33163,139,6,15515
33164,128,6,20214
33165,4,7,18144
33166,9,6,10531
33167,44,7,17252
33168,5,3,7510
33169,56,6,12228
33170,143,4,9829
33171,178,4,12438
33172,13,5,12923
33173,415,7,20510
33174,985,3,11664
33175,667,6,21815
33176,108,12,32136
33177,26,4,13733
33178,101,5,12102
33179,26,5,14581
33180,237,7,24799
33181,80,7,18649
33182,537,5,11882
33183,306,7,18106
33184,676,2,7547
33185,168,6,10367
33186,62,5,10050
33187,199,4,13219
33188,183,4,16237
33189,26,9,18638
33190,112,3,6562
33191,24,6,17065
33192,171,6,11357
33193,6,7,16142
33194,603,5,12318
33195,309,3,7941
33196,434,6,21426
33197,80,6,21448
33198,157,2,2651
33199,356,4,13482
33200,202,4,7806
33201,669,6,23459
33202,42,9,22961
33203,248,6,15659
33204,100,2,9722
33205,325,3,8114
33206,156,5,14150
33207,26,8,20458
33208,531,9,25489
33209,242,6,20193
33210,316,4,8924
33211,47,8,26139
33212,113,3,9397
33213,1304,1,4083
33214,12,4,9654
33215,164,4,11506
33216,1,8,17624
33217,294,5,17005
33218,726,3,7322
33219,271,6,17771
33220,106,7,22142
33221,187,8,23499
33222,102,8,21035
33223,676,3,7401
33224,183,5,15090
33225,264,4,8514
33226,533,3,6577
33227,227,5,16577
33228,22,10,27630
33229,160,11,27442
33230,370,4,7102
33231,386,7,21336
33232,95,6,15130
33233,461,4,12515
33234,79,6,13025
33235,376,4,14224
33236,11,8,21125
33237,305,7,20072
33238,474,1,162
33240,23,4,10291
33241,1023,5,12377
33242,71,7,19462
33243,14,3,14418
33244,7,5,14954
33245,277,4,11121
33246,15,2,7516
33247,20,7,17318
33248,232,7,15309
33249,225,4,8572
33250,44,4,11424
33251,211,5,15399
33252,927,1,3609
33253,376,3,8156
33254,230,5,11199
33255,212,8,23136
33256,92,9,26474
33257,184,3,11132
33258,273,7,19987
33259,131,6,18245
33260,221,3,7572
33261,162,6,15910
33262,94,5,12124
33263,255,5,14496
33264,396,5,14458
33265,124,6,14894
33266,73,4,5600
33267,135,6,15532
33268,488,4,10255
33269,3,6,21544
33270,155,5,17865
33271,870,2,6517
33272,318,2,1253
33273,96,5,11700
33274,97,7,21601
33275,7,2,7589
33276,11,9,37390
33277,503,1,1108
33278,4,7,21452
33279,130,8,15310
33280,81,5,14249
33281,26,12,33346
33282,53,4,6782
33283,75,9,33915
33285,91,5,15352
33286,879,2,7180
33287,284,4,10594
33288,743,4,8992
33289,197,3,12256
33290,100,5,12699
33291,1060,4,13142
33292,700,3,7063
33293,132,5,8878
33294,403,5,16608
33295,172,4,7613
33296,381,4,15008
33297,509,4,14019
33299,593,1,2270
33300,727,4,14626
33301,77,4,8707
33302,594,6,5908
33303,220,5,15224
33304,123,4,14771
33305,381,3,5754
33306,440,6,18124
33307,84,7,22801
33308,36,1,2187
33309,21,11,24934
33310,68,9,26846
33311,810,2,5907
33313,191,5,8453
33314,79,4,10034
33315,125,5,6590
33316,216,9,26224
33317,65,5,11528
33318,313,6,14289
33319,245,5,8465
33320,46,10,20949
33321,316,7,20013
33322,98,6,17903
33323,37,8,23559
33324,225,2,8384
33325,58,6,11787
33326,963,1,598
33327,222,1,2139
33328,85,3,5247
33329,299,2,5584
33330,10,8,27615
33331,174,3,6673
33332,347,3,9219
33333,114,2,2167
33334,213,4,9824
33335,340,3,11684
33336,199,2,7740
33337,195,6,11961
33338,21,5,11735
33339,134,1,3433
33340,11,8,22830
33341,36,6,13757
33342,209,5,14355
33343,68,8,20303
33344,281,6,14411
33345,1,7,17570
33346,694,1,3362
33347,210,6,23761
33348,9,8,21647
33349,54,5,17240
33350,623,3,7056
33351,273,4,7106
33352,370,6,22293
33353,253,2,4981
33354,166,5,16124
33355,129,10,32333
33356,346,3,7412
33357,118,5,6695
33358,538,5,10427
33359,78,10,29324
33360,101,4,9192
33361,54,6,15686
33362,14,7,21780
33363,402,6,9726
33364,68,5,13845
33365,442,6,24647
33366,325,4,14482
33367,531,2,3820
33368,130,5,19619
33369,176,6,18126
33370,581,4,12976
33371,547,4,9503
33372,445,2,3757
33373,196,9,22139
33374,269,2,3860
33375,362,6,23075
33376,37,3,9081
33377,315,6,10090
33378,369,2,6020
33379,60,4,12461
33380,1211,4,12136
33381,25,4,8653
33382,72,6,17728
33383,1,3,8397
33384,5,5,17895
33385,84,3,9153
33386,412,6,13643
33387,215,2,5750
33388,437,6,17263
33389,6,4,15431
33390,665,1,5089
33391,71,3,6374
33392,32,6,18837
33393,38,4,8869
33394,792,5,11105
33395,97,8,23829
33396,34,10,30499
33397,413,4,10867
33398,54,7,17675
33399,658,4,15236
33400,431,3,10341
33401,581,6,14240
33402,164,6,16739
33403,990,4,14649
33404,766,4,12584
33405,42,10,25127
33406,57,9,16933
33407,461,2,1878
33408,150,9,28110
33409,239,3,6380
33410,146,4,7827
33411,265,2,4200
33412,131,6,18375
33413,499,3,8518
33414,221,4,13038
33415,308,4,8756
33416,24,4,11386
33417,118,8,26547
33418,165,6,19884
33419,54,2,4498
33420,159,4,7529
33421,473,8,20972
33422,106,1,1527
33423,30,5,17700
33424,151,11,40152
33425,766,5,12619
33426,20,2,1839
33427,1248,1,2212
33428,90,4,16106
33429,14,3,7860
33430,276,6,22109
33431,155,4,6920
33432,29,4,12734
33433,261,6,18870
33434,380,6,12782
33435,187,4,9288
33436,4,10,30622
33437,337,1,3551
33438,422,6,17104
33439,11,6,7759
33440,167,3,1759
33441,307,5,16837
33442,743,2,7433
33443,158,4,6644
33444,322,8,24594
33445,35,7,19643
33446,6,6,14250
33447,40,7,13980
33448,165,7,19709
33449,12,8,18876
33450,19,8,30930
33451,176,3,8037
33452,142,3,7893
33453,80,6,15359
33454,13,3,10104
33455,184,9,22348
33456,323,4,7887
33457,85,5,15485
33458,205,4,9576
33459,269,7,23552
33460,62,4,10104
33461,132,8,15328
33462,30,7,15437
33463,33,7,20207
33464,593,2,7751
33465,686,7,21178
33466,243,6,23451
33467,19,3,8594
33468,92,7,24213
33469,431,4,3302
33470,72,6,12889
33471,246,3,4922
33472,100,7,17774
33473,325,5,19351
33474,462,4,11116
33475,5,4,12642
33476,1068,1,3626
33477,69,7,16207
33478,306,3,6384
33479,110,7,14903
33480,222,4,9918
33481,192,2,3992
33482,22,8,25674
33483,211,4,7248
33484,1,7,18221
33485,250,6,21762
33486,299,3,8880
33487,206,8,21648
33488,51,7,24080
33489,22,11,30924
33490,232,3,8325
33492,15,7,23790
33493,536,5,13431
33494,398,8,17626
33495,107,6,12702
33496,589,3,7315
33497,587,1,801
33498,210,7,16974
33499,348,5,11364
33500,256,3,5056
33501,107,5,6070
33502,688,4,6997
33503,29,3,8530
33504,224,5,14691
33505,70,6,17019
33506,444,3,7042
33507,6,4,7140
33508,70,5,12101
33509,918,1,2228
33510,232,2,2715
33511,168,5,8300
33512,222,8,23996
33513,162,9,20255
33514,244,7,21278
33515,251,4,10152
33516,213,6,13047
33517,160,8,19287
33518,319,7,16896
33519,588,2,6792
33520,692,3,7995
33521,92,9,25397
33522,268,7,13590
33523,758,1,658
33524,205,6,23049
33525,72,6,21617
33526,102,4,10679
33527,380,4,12810
33528,141,3,3790
33529,564,5,5982
33530,411,5,10664
33531,167,5,10801
33532,211,5,16614
33533,1292,1,3516
33534,586,4,10940
33535,190,4,5559
33536,97,8,19226
33537,71,5,8456
33538,49,5,12043
33539,465,4,8513
33540,231,6,16840
33541,563,4,10381
33542,252,5,21839
33543,110,9,29865
33544,27,3,11978
33545,82,3,9962
33546,857,3,6700
33547,274,4,6449
33548,78,4,13551
33549,20,5,14747
33550,131,3,7454
33551,138,2,8400
33552,238,3,6454
33553,369,4,14460
33554,110,6,15615
33555,123,7,18260
33556,728,3,8530
33557,221,4,12282
33558,43,6,15608
33559,48,5,15864
33560,320,5,9620
33561,262,7,17974
33562,73,3,8980
33563,89,5,16424
33564,420,3,2954
33565,130,2,5745
33566,250,7,21523
33567,631,3,5828
33568,205,13,31149
33569,328,4,8769
33570,297,3,8213
33571,508,4,11493
33572,396,3,7722
33573,553,5,12884
33574,103,6,17575
33575,1045,1,3968
33576,358,3,9445
33577,325,5,5901
33578,151,2,7542
33579,36,2,5043
33580,480,7,17369
33581,54,6,18990
33582,1,6,15449
33583,372,4,9420
33584,191,7,17394
33585,319,2,4715
33586,253,3,6439
33587,288,6,21046
33588,193,3,8409
33589,173,8,13033
33590,272,6,11832
33591,162,5,11096
33592,373,5,14823
33593,252,3,4428
33594,84,4,10216
33595,58,3,8692
33596,80,8,21555
33597,535,7,22597
33598,527,5,11328
33599,46,7,18934
33600,194,6,18881
33601,115,6,18190
33602,194,5,14589
33603,369,5,11773
33604,200,1,1793
33605,145,4,18675
33606,508,4,7388
33607,21,6,11241
33608,1009,2,3044
33609,182,5,12416
33610,569,4,13337
33611,44,4,11040
33612,290,5,13980
33613,162,5,12583
33614,848,5,10606
33615,34,11,31907
33616,404,2,6127
33617,489,5,12218
33618,71,7,21267
33619,146,3,12027
33620,208,5,13671
33621,451,5,12384
33622,127,3,6631
33623,280,4,11239
33624,166,6,14936
33625,278,9,19717
33626,73,6,10444
33627,855,2,9025
33628,187,3,8834
33629,109,6,12492
33630,158,7,18040
33631,111,4,7175
33632,43,5,17438
33633,221,4,12212
33634,10,5,14975
33635,146,5,11577
33636,34,5,7820
33637,332,7,17354
33638,279,4,11184
33639,229,5,17773
33640,123,4,11795
33641,601,2,1998
33642,66,4,8968
33643,79,5,17007
33644,96,5,13238
33645,15,7,12862
33646,592,6,17449
33647,45,8,20570
33648,467,2,5583
33649,129,6,15080
33650,64,5,13346
33651,54,2,9199
33652,13,5,13100
33653,17,5,16629
33655,217,3,6177
33656,1076,1,3639
33657,232,8,14108
33658,33,6,17006
33659,359,8,24088
33660,112,8,19475
33661,560,5,14411
33662,14,8,25925
33663,900,2,4597
33664,263,4,11782
33665,63,5,11725
33666,630,3,5067
33667,536,6,12282
33668,354,6,16428
33669,501,3,8684
33670,139,3,6626
33671,30,5,12511
33672,175,11,31966
33673,775,1,4984
33674,391,3,5079
33675,110,5,23339
33676,470,3,8335
33677,336,5,9516
33678,44,6,15092
33679,150,3,3552
33680,36,6,19836
33681,447,2,5040
33682,12,7,23422
33683,32,9,24110
33684,135,6,17067
33685,398,7,20110
33686,172,2,5559
33687,660,3,3121
33688,576,7,13209
33689,527,2,8416
33690,27,5,10341
33691,370,5,13731
33692,139,2,1006
33693,219,9,21241
33694,78,11,38683
33695,339,8,20095
33696,39,5,12779
33697,209,6,16799
33698,2,4,12328
33699,365,3,3011
33700,71,4,10018
33701,144,2,3977
33702,6,6,15797
33703,574,4,9472
33704,197,2,6025
33705,47,6,11043
33706,120,5,14116
33707,43,6,19259
33708,191,8,26972
33709,73,9,26771
33710,1050,2,2288
33711,68,5,15871
33712,271,9,28920
33713,97,4,10883
33714,1032,1,2964
33715,368,2,7336
33716,96,5,17704
33717,35,6,17569
33718,55,6,13925
33719,119,5,15014
33720,467,5,11949
33721,287,3,5499
33722,19,3,8649
33723,257,4,6983
33724,368,5,15578
33725,199,9,16785
33726,234,2,4204
33727,93,8,23286
33728,143,5,12371
33729,218,5,5877
33730,59,6,12426
33731,230,5,16545
33732,303,8,23934
33733,586,5,15639
33734,860,3,11749
33735,135,2,6288
33736,146,4,5496
33737,405,6,21883
33738,702,2,1438
33739,207,11,25881
33740,208,6,12788
33741,139,4,10618
33742,491,6,16545
33743,72,8,20485
33744,41,8,22084
33745,231,4,13110
33746,592,5,12627
33747,179,4,9101
33748,190,5,15854
33749,147,2,8758
33750,466,5,16450
33751,251,4,15318
33752,669,3,6947
33753,281,3,7418
33754,160,8,24917
33755,95,9,23260
33756,497,1,4935
33757,167,4,15465
33758,403,6,16465
33759,435,7,14960
33760,209,5,10736
33761,68,9,23521
33762,41,3,11120
33763,941,3,13221
33764,726,5,11838
33765,53,4,11541
33766,381,7,19033
33767,221,2,6774
33768,77,7,18675
33769,177,2,6525
33770,450,4,15108
33771,30,8,17651
33772,168,5,14141
33773,39,3,7138
33774,198,4,10716
33775,130,4,8009
33776,142,6,15763
33777,109,9,32783
33778,528,5,13486
33779,116,4,14389
33780,251,4,11901
33781,205,5,14290
33782,116,9,21270
33783,39,5,17951
33784,72,3,7022
33785,252,6,14148
33787,25,7,19890
33788,151,8,17239
33789,7,4,7705
33790,650,2,5735
33791,103,5,9428
33792,61,4,13047
33793,429,4,11617
33794,578,2,5201
33795,533,2,1568
33796,861,4,7474
33797,156,4,9694
33798,391,6,20192
33799,83,7,23143
33800,102,8,25962
33801,782,3,6801
33802,1323,1,831
33803,739,3,8952
33804,298,3,12896
33805,192,4,12925
33806,588,4,11195
33807,3,10,29022
33808,316,4,9841
33809,120,6,19938
33810,38,8,25203
33811,210,5,17660
33812,232,8,19745
33813,11,9,28862
33814,19,6,13298
33815,174,3,5684
33816,599,2,3751
33817,71,6,19881
33818,51,5,18662
33819,90,7,22306
33820,581,3,6512
33821,400,3,13819
33822,253,9,27861
33823,31,5,16203
33824,362,8,28014
33825,585,3,8833
33826,453,4,14985
33827,5,4,11058
33828,207,4,9507
33829,148,6,12789
33830,495,3,1105
33831,353,3,5806
33832,134,10,27707
33833,7,5,12597
33834,204,9,24743
33835,45,6,24676
33836,230,7,19388
33837,240,5,10352
33838,231,7,16611
33839,104,6,18664
33840,57,6,19893
33841,642,2,4767
33842,423,5,13781
33843,76,4,11079
33844,17,4,6610
33845,168,10,21390
33846,39,5,13594
33847,919,2,7407
33848,215,3,7491
33849,244,4,10890
33850,53,5,17724
33851,163,7,19280
33852,437,3,4147
33853,324,5,10073
33854,343,1,2129
33855,993,3,8824
33856,434,6,10991
33857,691,3,3089
33858,114,6,18842
33859,206,4,9417
33860,179,5,12141
33861,77,6,15763
33862,101,8,15908
33863,84,6,11451
33864,42,7,18080
33865,102,12,26381
33866,227,6,16052
33867,181,3,6225
33868,81,7,18726
33869,82,7,22451
33870,99,4,9330
33871,113,6,15792
33872,251,7,19095
33873,79,4,6250
33874,136,10,36346
33875,702,3,8406
33876,132,6,21091
33877,192,6,13206
33878,14,3,12119
33879,138,5,14577
33880,11,7,19819
33881,73,4,11285
33882,44,8,14900
33883,314,6,16852
33884,152,8,27109
33885,84,4,12975
33886,273,4,18099
33887,487,5,13541
33888,391,5,10917
33889,390,3,8907
33890,542,3,7046
33891,398,5,15265
33892,1048,4,11388
33893,1072,1,662
33894,112,5,12978
33895,339,6,12661
33896,364,3,12138
33897,95,4,12189
33898,81,12,40328
33899,90,5,9405
33900,729,2,5635
33901,37,3,7162
33902,296,6,16921
33903,156,4,11057
33904,1104,2,3245
33905,621,3,11032
33906,49,11,36034
33907,1269,1,951
33908,944,4,12305
33909,112,5,19983
33910,130,10,25928
33911,68,6,18413
33912,14,8,14692
33913,529,4,13253
33914,644,2,5917
33915,237,3,10262
33916,35,7,21344
33917,1207,3,9328
33918,205,6,20549
33920,83,5,19193
33921,12,3,9248
33922,622,6,17813
33923,37,5,8947
33924,14,12,36550
33925,77,5,13770
33926,309,6,20262
33927,224,9,15039
33928,654,3,7292
33929,24,4,7290
33930,246,7,16447
33931,566,6,18236
33932,183,4,13657
33933,321,4,14721
33934,568,2,4817
33935,349,6,12467
33936,98,4,9894
33937,338,3,8395
33938,521,3,8985
33939,174,6,18263
33940,35,6,16556
33941,355,3,6736
33942,297,5,15413
33943,103,5,20718
33944,89,6,15145
33945,50,5,13452
33946,72,9,29584
33947,45,7,17356
33948,39,3,9773
33949,61,8,16079
33950,531,3,8110
33951,182,4,5370
33952,174,5,7262
33953,195,8,15997
33954,368,9,27700
33955,103,7,12304
33956,449,3,8211
33957,120,4,2835
33958,147,5,14079
33959,35,4,8297
33960,103,5,16743
33961,224,7,24646
33962,618,2,3450
33963,34,5,15185
33964,6,7,12838
33965,55,3,10381
33966,120,6,18738
33967,67,8,30454
33968,218,3,10058
33969,233,3,7739
33970,452,3,11130
33971,432,5,12233
33972,59,6,18948
33973,21,6,13721
33974,342,4,13136
33975,411,5,15324
33976,1119,2,3199
33977,18,4,14692
33978,295,4,12733
33979,447,5,15992
33980,165,5,11543
33981,793,4,11273
33982,174,4,9284
33983,174,4,9618
33984,162,5,15545
33985,46,5,8046
33986,308,7,10327
33987,587,2,1361
33988,317,5,12416
33989,204,10,33477
33990,140,8,14009
33991,138,10,19775
33992,256,2,5841
33993,985,2,7536
33994,126,3,10896
33995,10,6,16718
33996,46,4,9316
33997,93,5,11702
33998,160,6,10921
33999,114,4,9743
34000,366,5,13867
34001,612,2,8439
34002,831,2,8069
34003,64,7,15968
34004,513,4,15287
34005,701,5,10892
34006,321,3,14341
34007,49,3,7457
34008,960,2,3172
34009,426,5,9478
34010,182,3,4722
34011,209,4,11039
34012,75,4,8792
34013,186,4,10345
34014,198,4,5410
34015,434,5,17059
34016,109,7,19068
34017,496,1,3838
34018,587,2,7055
34019,636,4,7968
34020,6,5,14147
34021,123,2,4811
34022,253,8,17010
34023,23,4,11209
34024,955,4,9897
34025,292,5,18428
34026,541,5,15545
34027,381,3,7524
34028,191,5,19219
34029,84,5,7104
34030,319,5,5493
34031,705,4,13614
34032,505,7,14460
34033,53,6,12449
34034,386,3,7929
34035,736,2,6250
34036,5,6,14551
34037,615,6,22214
34038,290,4,15442
34039,19,5,12214
34040,393,6,18511
34041,236,6,17940
34042,118,6,18498
34043,338,8,26931
34044,34,5,12205
34045,103,5,18193
34046,97,5,13408
34047,670,2,7235
34048,152,5,13812
34049,113,4,7691
34050,204,2,6729
34051,236,1,4307
34052,108,5,13774
34053,740,2,7149
34054,17,9,17070
34055,434,5,13489
34056,295,5,13673
34057,178,4,11575
34058,640,3,11206
34059,154,5,10694
34060,778,4,14393
34061,123,7,22502
34062,132,3,9181
34063,205,2,2462
34064,293,4,4723
34066,266,3,8162
34067,99,7,14530
34068,127,4,8738
34069,300,5,19055
34070,116,8,20448
34071,53,6,15115
34072,173,6,19753
34073,84,3,4984
34074,536,5,14802
34075,103,2,5017
34076,79,4,8804
34077,511,3,10530
34078,101,8,18250
34079,701,2,8784
34080,184,5,16688
34081,272,5,16707
34082,7,5,17510
34083,338,4,13358
34084,174,5,17600
34085,292,5,11992
34086,186,4,13908
34087,77,1,707
34088,315,5,13981
34089,498,2,3484
34090,210,4,14341
34091,534,5,13553
34092,51,5,17953
34093,576,6,12680
34094,465,3,10164
34095,1106,5,14643
34096,241,7,23076
34097,11,7,26073
34098,228,5,11438
34099,60,2,1334
34100,59,7,19172
34101,34,4,12640
34102,434,6,14594
34103,1166,1,3965
34104,4,7,22639
34105,826,3,8518
34106,402,5,12129
34107,52,5,20461
34108,218,4,12435
34109,25,8,25571
34110,287,5,14953
34111,130,3,7635
34112,144,6,20569
34113,439,6,20194
34114,268,3,8241
34115,237,6,19022
34116,128,4,9078
34117,6,7,20999
34118,361,7,21686
34119,492,4,13534
34120,1268,2,4372
34121,183,4,12810
34122,329,7,16035
34123,210,5,17308
34124,662,3,5725
34125,130,5,11666
34126,347,5,8229
34127,120,3,10537
34128,71,5,13534
34129,892,1,1664
34130,216,5,10164
34131,158,7,15052
34132,11,3,10145
34133,45,8,19713
34134,453,4,13151
34135,212,9,32997
34136,672,2,9306
34137,281,5,14830
34138,332,5,10011
34139,694,4,10997
34140,80,3,8035
34141,130,6,17679
34142,96,4,11875
34143,443,2,7111
34144,523,4,10184
34145,178,5,13774
34146,166,4,14779
34147,467,1,561
34148,111,3,6347
34149,97,4,12788
34150,2,6,21440
34151,333,4,8917
34152,372,4,10360
34153,476,5,12737
34154,114,4,8954
34155,266,7,24752
34156,946,2,8938
34157,104,10,23531
34158,318,2,3636
34159,111,8,23227
34160,145,6,17256
34161,34,6,9678
34162,31,9,18878
34163,77,2,3667
34164,54,4,10188
34165,57,5,9257
34166,58,6,19142
34167,394,4,15881
34168,803,3,5848
34169,3,2,7853
34170,169,7,20850
34171,984,2,1798
34172,11,4,8276
34173,167,5,15598
34174,38,4,10000
34175,505,6,15926
34176,155,7,7643
34177,25,3,10419
34178,159,5,10790
34179,151,2,9650
34180,672,5,13834
34181,116,10,19021
34182,237,4,15313
34183,71,6,22633
34184,101,6,15138
34185,115,7,18220
34186,113,3,5973
34187,55,6,17992
34188,293,6,17894
34189,1115,1,859
34190,191,3,4459
34191,171,4,12500
34192,74,5,17120
34193,173,8,23089
34194,5,6,19299
34195,252,6,18846
34196,202,10,23011
34197,8,8,14323
34198,256,8,20564
34199,365,5,15571
34200,204,3,10647
34201,837,4,9903
34202,315,4,15236
34203,90,3,10487
34204,198,5,10102
34205,132,3,7770
34206,13,5,14136
34207,375,2,3355
34208,845,2,3516
34209,203,6,14158
34210,108,6,16551
34211,229,4,15964
34212,347,9,16983
34213,132,8,25096
34214,103,3,7768
34215,505,2,8200
34216,15,8,23485
34217,805,3,8406
34218,758,3,8509
34219,273,5,15889
34220,41,7,10763
34221,614,2,6315
34222,575,2,8830
34223,137,7,15419
34224,74,7,24141
34225,328,4,13534
34226,163,7,19570
34227,64,6,15594
34228,290,5,6996
34229,407,4,12303
34230,220,8,24724
34231,364,3,11287
34232,126,4,13782
34233,116,6,9331
34234,298,5,19650
34235,53,4,15375
34236,133,5,12292
34237,265,6,13821
34238,16,7,20150
34239,535,6,6586
34240,67,6,11829
34241,645,2,4476
34242,163,7,18057
34243,345,4,9347
34244,42,7,27391
34245,274,5,10454
34246,57,3,9303
34247,541,9,17159
34248,20,4,13950
34249,11,7,17673
34250,223,3,2629
34251,31,5,13093
34252,43,7,18934
34253,454,3,10650
34254,67,4,12271
34255,47,3,7273
34256,64,5,13961
34257,30,8,28686
34258,1152,1,879
34259,110,6,15992
34260,376,5,11902
34261,38,6,15886
34262,122,4,11933
34263,155,1,516
34264,151,7,27913
34265,85,4,9086
34266,3,7,16750
34267,29,3,6565
34268,206,6,11961
34269,34,2,2559
34270,862,2,5738
34271,312,6,19913
34272,285,5,20967
34273,160,11,28765
34274,40,8,17751
34275,1040,2,3463
34276,14,4,11007
34277,70,2,4434
34278,208,4,10911
34279,611,2,6701
34280,380,2,5844
34281,15,4,11264
34282,42,8,25879
34283,32,5,13573
34284,215,4,6542
34285,39,4,9422
34286,292,5,14234
34287,487,6,21585
34288,354,8,21745
34289,53,6,17740
34290,62,3,6584
34291,39,6,17830
34292,200,3,6766
34293,154,5,11826
34294,46,5,13694
34295,258,7,18673
34296,139,7,26156
34297,323,9,26721
34298,402,7,19726
34299,65,5,13228
34300,66,7,22485
34301,212,7,12252
34302,232,2,2505
34303,32,6,14417
34304,163,5,12514
34305,1126,1,3078
34306,145,5,11313
34307,363,3,10812
34308,172,4,10794
34309,280,3,6116
34310,105,9,27018
34311,231,4,9053
34312,27,10,31986
34313,23,5,17558
34314,306,5,16570
34315,78,7,22258
34316,158,5,8398
34317,24,4,14211
34318,211,6,13394
34319,352,1,990
34320,40,5,18093
34321,245,3,7052
34322,25,6,22948
34323,607,4,14165
34324,97,6,13284
34325,293,10,28451
34326,1045,3,6475
34327,153,7,17440
34328,407,4,8449
34329,96,5,14359
34330,47,8,15646
34331,691,2,3596
34332,69,4,9702
34333,95,3,6001
34334,179,2,6042
34335,448,4,10613
34336,619,4,10771
34337,224,4,7375
34338,616,4,11934
34339,346,3,9825
34340,334,4,15744
34341,57,8,20530
34342,429,3,6514
34343,67,2,4006
34344,539,3,9734
34345,387,3,10654
34346,3,6,16958
34347,144,5,16380
34348,426,4,8847
34349,352,6,15137
34350,79,7,24494
34351,252,8,21556
34352,175,5,14276
34353,165,7,10810
34354,476,3,10816
34355,367,10,22837
34356,202,2,5320
34357,244,5,9981
34358,78,3,14820
34359,138,3,12009
34360,65,9,27335
34361,189,6,21166
34362,108,5,11768
34363,153,9,26006
34364,360,5,14162
34365,770,1,1317
34366,717,2,4417
34367,161,2,4890
34368,22,7,25123
34369,19,5,12968
34370,34,4,10705
34371,612,2,5496
34372,33,12,33842
34373,440,6,17558
34374,277,7,18542
34375,28,4,13277
34376,202,4,9622
34377,590,4,12101
34378,337,5,11575
34379,258,3,6820
34381,40,4,11977
34382,59,6,15569
34383,135,4,6874
34384,65,6,16813
34385,125,7,21214
34386,245,3,9029
34387,619,2,7221
34388,131,3,9587
34389,38,3,9860
34390,165,6,7007
34391,321,6,16458
34392,759,4,7525
34393,114,6,17053
34394,316,4,12204
34395,175,5,11131
34396,30,3,9376
34397,199,5,7435
34398,312,7,16933
34399,64,4,15879
34400,132,7,26120
34401,744,4,10500
34402,1299,2,2646
34403,226,6,16896
34404,359,3,9059
34405,200,8,18371
34406,838,5,13828
34407,938,5,14876
34408,139,3,6645
34409,768,3,9898
34410,135,1,3743
34411,494,5,16730
34412,150,5,15367
34413,28,7,22317
34414,536,4,8447
34415,1041,4,17431
34416,168,4,14158
34417,329,4,12526
34418,165,7,14328
34419,192,6,14431
34420,94,4,10063
34421,49,6,11826
34422,302,4,9375
34423,569,3,7558
34424,36,4,11086
34425,221,10,32975
34426,362,4,13525
34427,99,8,19693
34428,810,3,9579
34429,140,9,24644
34430,83,4,17627
34431,3,3,9798
34432,207,4,9434
34433,84,6,10826
34434,891,4,10353
34435,323,6,14917
34436,205,4,12976
34437,113,9,25219
34438,210,7,24285
34439,119,3,11693
34440,556,5,11461
34441,310,4,7159
34442,2,1,2408
34443,52,4,7545
34444,164,5,13024
34445,957,2,4567
34446,105,3,8379
34447,286,2,3437
34448,140,5,15706
34449,676,2,5527
34450,32,6,8906
34451,54,3,6994
34452,695,4,11028
34453,54,13,20432
34454,55,5,17945
34455,138,7,15592
34456,257,9,21737
34457,208,8,15234
34458,208,9,26741
34459,28,4,8316
34460,172,7,24111
34461,90,2,839
34462,158,7,22283
34463,597,2,6382
34464,87,5,13910
34465,312,3,6359
34466,32,5,11345
34467,91,7,21110
34468,1,2,4598
34469,277,5,16965
34470,426,3,11057
34471,367,4,6797
34472,73,5,13378
34473,111,6,16541
34474,138,4,7900
34475,613,3,8928
34476,135,7,18621
34477,139,7,19672
34478,59,6,12590
34479,120,5,12647
34480,440,5,16425
34481,41,9,27314
34482,64,1,4911
34483,326,5,19695
34484,57,6,15755
34486,255,5,10415
34487,50,4,17658
34488,154,7,24450
34489,93,5,10028
34490,72,11,39265
34491,191,6,8598
34492,68,8,18902
34493,93,5,9705
34494,105,3,2684
34495,283,2,3182
34496,102,4,8336
34497,118,4,10518
34498,58,6,18685
34499,201,6,15782
34500,144,9,26756
34501,161,3,11480
34502,52,9,26291
34503,76,6,16805
34504,281,5,16600
34506,227,4,12864
34507,455,7,15163
34508,50,6,15302
34509,182,5,17269
34510,37,3,3223
34511,233,4,16152
34512,116,8,21786
34513,697,2,6174
34514,195,5,15836
34515,295,3,10483
34516,288,8,21038
34517,522,2,6679
34518,823,3,9466
34519,24,3,8737
34520,209,4,12138
34521,1,11,29560
34522,106,5,13805
34523,95,5,21429
34524,1124,1,939
34525,186,6,14413
34526,624,2,1423
34527,48,10,26394
34528,5,8,23378
34529,65,7,14283
34530,88,7,23201
34531,118,7,15153
34532,280,7,22733
34533,592,1,4199
34534,224,5,11336
34535,17,2,5609
34536,563,4,4955
34537,297,5,8461
34538,212,8,22892
34539,406,4,15307
34540,235,3,6118
34541,260,5,10161
34542,963,4,7028
34543,9,5,18666
34544,23,8,17797
34545,322,5,14903
34546,134,9,29772
34547,106,6,23205
34548,22,7,21442
34549,146,7,19045
34550,28,6,19013
34551,55,13,32640
34552,93,4,8136
34553,441,5,7615
34554,86,6,15168
34555,14,10,19900
34556,642,5,18210
34557,13,4,9712
34558,538,4,10071
34559,207,3,3099
34560,913,3,9537
34561,35,7,23835
34562,411,5,10936
34563,15,5,10969
34564,237,4,7517
34565,454,7,13793
34566,78,7,21265
34567,35,5,14911
34568,815,2,3353
34569,75,7,19855
34570,504,6,20158
34571,818,3,4040
34572,239,3,6780
34573,116,6,17010
34574,979,3,9967
34575,269,5,10862
34576,369,5,14567
34577,235,7,16524
34578,851,2,3517
34579,28,7,18704
34580,521,8,28951
34581,119,5,12191
34582,68,6,13046
34583,47,6,16244
34584,95,5,15474
34585,31,3,6135
34586,123,3,8394
34587,250,3,2280
34588,6,6,15535
34589,5,6,18700
34590,187,4,13169
34591,6,8,21936
34592,47,5,12321
34593,126,2,3200
34594,151,2,6366
34595,31,2,1761
34596,252,6,16710
34597,220,5,16382
34598,221,5,12408
34599,429,5,9710
34600,160,4,10161
34601,1017,2,3465
34602,131,7,12450
34603,34,7,23219
34604,99,5,13507
34605,328,1,3315
34606,757,2,7178
34607,68,4,5994
34608,189,5,15981
34609,321,2,5305
34610,181,4,11691
34611,148,7,19894
34612,35,6,8340
34613,222,5,15339
34614,303,10,24011
34615,105,4,7279
34616,317,8,25057
34617,38,8,17620
34618,38,9,20944
34619,188,3,13901
34620,482,2,5559
34621,290,8,27214
34622,604,2,7322
34623,455,7,18430
34624,640,3,8105
34625,663,2,6337
34626,50,2,6932
34627,351,6,21794
34628,119,6,13845
34629,45,4,18461
34630,479,3,5901
34631,54,11,34625
34632,282,9,21081
34633,416,3,6545
34634,412,2,7812
34635,237,4,8874
34636,286,6,19505
34637,114,5,15319
34638,117,4,12794
34639,61,6,18139
34640,86,4,12560
34641,397,5,14017
34642,486,5,12485
34643,561,4,11809
34644,94,8,8036
34645,39,9,23625
34646,119,3,10313
34647,56,9,12742
34648,378,3,14480
34649,512,3,9613
34650,228,2,5390
34651,151,7,13426
34652,55,13,31006
34653,176,6,24511
34654,137,8,20427
34655,352,4,11884
34656,791,2,8804
34657,8,12,37822
34658,185,6,21916
34659,628,2,5770
34660,4,6,19180
34661,159,7,25387
34662,309,5,10484
34663,350,6,10703
34664,111,5,12501
34665,122,7,18419
34666,487,3,8882
34667,90,8,21983
34668,473,4,15167
34669,386,4,5422
34670,408,4,15023
34671,476,3,4044
34672,7,7,26494
34673,144,11,30361
34674,293,4,8784
34675,24,3,6504
34676,63,6,20531
34677,243,6,15062
34678,43,7,21156
34679,434,7,14653
34680,361,6,15628
34681,186,2,5434
34682,261,5,11883
34683,119,5,19210
34684,426,4,14408
34685,175,6,15157
34686,4,7,19419
34687,487,4,10318
34688,87,3,5234
34689,168,6,11161
34690,24,11,24758
34691,92,9,24352
34692,7,8,23150
34693,279,2,5870
34694,40,7,19170
34695,93,5,17923
34696,256,4,10811
34697,184,6,17498
34698,534,2,7021
34699,192,7,21147
34700,90,3,5860
34701,626,3,10357
34702,145,7,20031
34703,545,5,20966
34704,223,5,15275
34705,89,4,8018
34706,407,4,9935
34707,921,2,7162
34708,552,3,3939
34709,104,6,19275
34710,1119,1,2094
34711,27,6,19497
34712,433,4,11928
34713,62,4,9579
34714,162,5,16948
34715,12,6,8100
34716,363,4,10993
34717,108,4,11207
34718,233,5,20263
34719,175,6,18354
34720,535,11,36175
34721,145,8,17633
34722,79,8,19548
34723,11,3,8275
34724,173,8,25903
34725,88,5,12485
34726,199,2,7958
34727,202,3,10831
34728,35,7,21894
34729,158,6,18717
34730,244,5,13121
34731,224,6,20700
34732,328,6,18318
34733,400,10,32757
34734,136,8,28173
34735,369,6,14826
34736,91,3,10089
34737,277,6,7351
34738,536,5,13690
34739,101,6,15806
34740,143,3,7916
34741,730,2,4441
34742,8,7,17605
34743,66,5,18490
34744,175,6,18645
34745,133,5,15804
34746,134,6,18685
34747,159,7,15235
34748,585,2,4673
34749,570,6,14027
34750,48,5,13803
34751,181,4,9667
34752,341,2,8987
34753,15,4,8424
34754,68,5,14748
34755,599,5,17635
34756,77,6,13268
34757,160,7,18833
34758,90,4,17657
34759,270,8,17437
34760,397,3,12493
34761,60,10,30276
34762,28,7,21933
34763,59,6,25831
34764,875,1,2434
34765,280,6,15141
34766,104,3,9438
34767,201,5,13558
34768,60,4,9853
34769,126,7,17214
34770,480,4,13124
34771,323,5,11200
34772,289,8,25300
34773,346,3,5703
34774,218,5,15593
34775,96,6,18145
34776,176,4,11396
34777,56,5,12648
34778,524,4,12051
34779,336,2,2809
34780,599,2,9421
34781,267,11,25488
34782,666,4,12485
34783,253,2,6877
34784,209,1,4343
34785,297,4,15530
34786,146,6,10836
34787,60,6,16541
34788,710,4,8120
34789,17,9,24384
34790,60,9,19916
34791,8,10,24321
34792,88,4,8396
34793,214,6,12406
34794,94,4,11107
34795,277,3,10203
34796,158,2,5139
34797,17,5,12445
34798,576,2,4719
34799,139,7,17991
34800,343,5,10496
34801,105,4,12422
34802,509,4,13714
34803,93,2,5543
34804,195,5,15253
34805,584,2,6695
34806,704,2,2394
34807,129,8,18622
34808,267,6,14306
34809,13,10,30665
34810,241,4,9881
34811,120,4,13191
34812,327,9,20347
34813,2,6,8389
34814,103,4,11738
34815,86,5,17323
34816,324,5,18079
34817,16,3,7063
34818,147,7,17338
34819,226,5,11476
34820,154,4,14811
34821,416,2,7948
34822,316,3,9036
34823,398,4,9453
34824,13,10,25074
34825,86,3,9235
34826,21,4,10332
34827,1323,1,3799
34828,559,5,16526
34829,60,3,8344
34830,301,6,24359
34831,106,6,20724
34832,75,6,10639
34833,202,4,12304
34834,520,9,25854
34835,136,7,15493
34836,155,6,19570
34837,49,9,22391
34838,205,4,13514
34839,129,6,18698
34840,22,6,12146
34841,132,5,18430
34842,137,3,10019
34843,65,9,21767
34844,39,7,18971
34845,379,3,11202
34846,108,3,5326
34847,280,7,18217
34848,580,5,14717
34849,482,2,8155
34850,731,1,2664
34851,298,2,4747
34852,532,7,16497
34853,39,10,29900
34854,293,3,11145
34855,309,4,10115
34856,178,4,9236
34857,155,2,6910
34858,1230,2,7892
34859,768,1,3519
34860,237,4,14388
34861,202,2,4124
34862,345,6,13108
34863,244,5,16358
34864,532,3,12562
34865,157,6,20445
34866,193,3,9863
34867,215,7,11433
34868,106,6,15163
34869,14,10,34554
34870,91,3,12710
34871,1245,1,2080
34872,914,4,12027
34873,207,7,22744
34874,206,2,7221
34875,33,7,20380
34876,169,5,10221
34877,226,6,16788
34878,21,7,24433
34879,461,2,5519
34880,95,4,11633
34881,89,7,16497
34882,243,6,20600
34883,51,8,17332
34884,1030,1,1045
34885,15,8,21117
34886,1182,1,4915
34887,357,3,4011
34888,59,7,16299
34889,718,1,2452
34890,513,6,16060
34891,1247,1,317
34892,886,1,2199
34893,217,7,18104
34894,637,4,11467
34895,214,6,15497
34896,61,4,5588
34897,23,2,698
34898,126,5,11873
34899,25,5,8187
34900,306,5,11996
34901,432,6,22729
34902,550,2,4063
34903,590,4,11481
34904,338,8,22381
34905,59,6,16117
34906,537,3,8200
34907,503,6,15476
34908,47,5,16499
34909,269,5,13356
34910,299,6,16278
34911,164,2,1822
34912,168,3,9884
34913,110,6,15834
34914,336,4,12178
34915,331,3,11368
34916,535,3,12527
34917,351,6,19602
34918,638,1,1291
34919,17,8,25709
34920,70,7,17267
34921,481,2,4378
34922,15,4,14482
34923,211,3,11329
34924,22,4,10889
34925,53,9,30844
34926,129,6,15222
34927,372,3,6164
34928,86,8,15267
34929,4,4,10946
34930,662,7,15173
34931,290,12,28634
34932,73,6,21118
34933,12,8,19364
34934,121,4,14024
34935,239,9,14021
34936,205,5,14517
34937,327,7,16628
34938,244,5,17064
34939,21,3,5920
34940,220,4,8220
34941,138,5,11902
34942,212,2,6042
34943,334,3,5603
34944,138,5,18657
34945,281,2,6267
34946,79,5,13867
34947,152,4,10236
34948,145,4,15527
34949,470,3,10433
34950,120,6,26024
34951,305,5,8535
34952,223,4,13650
34953,48,3,4511
34954,157,7,11964
34955,255,3,5944
34956,92,6,15337
34957,117,2,5532
34958,1191,1,4306
34959,122,4,11598
34960,243,8,20740
34961,45,10,26186
34962,145,8,23293
34963,941,2,2594
34964,309,5,11442
34965,275,4,15635
34966,64,7,23390
34967,43,6,18407
34968,730,4,16643
34969,421,5,10974
34970,139,4,9187
34971,8,7,23290
34972,688,6,20170
34973,30,6,14624
34974,290,4,11532
34975,478,3,6518
34976,154,7,18817
34977,172,5,13146
34978,597,5,11061
34979,64,7,18635
34980,492,3,12203
34981,920,5,14343
34982,37,6,15498
34983,912,1,4849
34984,97,7,23853
34985,466,2,8962
34986,266,3,10924
34987,371,8,21652
34988,512,3,9437
34989,94,6,15072
34990,179,5,9636
34991,116,6,18247
34992,152,7,15154
34993,120,5,9954
34994,463,5,12615
34995,133,7,18461
34996,115,5,13091
34997,549,3,5999
34998,46,6,11024
34999,160,8,24844
35000,26,2,3632
35001,40,6,8065
35002,136,4,7956
35003,633,5,14413
35004,59,7,11891
35005,6,6,13349
35006,183,7,21451
35007,1,5,12209
35008,276,2,2908
35009,69,6,19754
35010,518,5,16111
35011,182,5,16132
35012,229,8,24011
35013,334,2,1055
35014,75,6,10146
35015,336,3,4493
35016,494,5,9888
35017,32,9,23592
35018,868,1,2667
35019,348,5,13108
35020,205,1,2203
35021,209,5,15756
35022,15,6,14467
35023,304,2,6286
35024,319,5,11331
35025,177,7,15236
35026,160,6,17193
35027,7,5,14372
35028,121,7,19673
35029,101,6,24005
35030,581,3,7095
35031,173,8,15669
35032,97,7,19562
35033,557,3,6202
35034,813,3,10496
35035,366,6,18749
35036,479,1,2106
35037,350,11,41218
35038,371,3,7027
35039,594,5,12915
35040,738,3,9534
35041,44,5,9395
35042,268,3,6419
35043,83,7,19776
35044,346,5,15096
35045,226,8,21615
35046,236,3,9383
35047,1260,1,4913
35048,159,3,5893
35049,147,6,15131
35050,89,8,17430
35051,197,2,2961
35052,340,3,8494
35053,194,3,8857
35054,258,5,18329
35055,75,6,18974
35056,417,8,20764
35057,800,2,3859
35058,264,8,30450
35059,253,5,15631
35060,150,5,11701
35061,11,5,12074
35062,152,3,10510
35063,352,6,20388
35064,340,4,9501
35065,688,4,10923
35066,285,7,15905
35067,573,3,9966
35068,226,6,14002
35069,134,6,10489
35070,124,4,9373
35071,55,7,12461
35072,502,7,16513
35073,1040,3,4928
35074,98,5,11355
35075,182,6,15284
35076,69,8,26571
35077,602,5,14789
35078,32,6,14597
35079,609,5,14237
35080,295,4,11200
35081,68,6,22362
35082,180,5,16013
35083,141,1,996
35084,439,5,11438
35085,1331,1,5276
35086,125,2,7359
35087,104,8,24377
35088,177,6,14917
35089,7,10,30127
35090,32,9,26658
35091,586,2,5234
35092,13,5,11184
35093,253,8,22337
35094,392,5,16125
35095,42,8,21336
35096,586,3,11525
35097,572,1,3460
35098,19,9,29606
35099,123,7,25542
35100,183,6,19909
35101,43,4,13562
35102,675,3,6057
35103,109,4,16109
35104,276,5,8890
35105,430,5,15320
35106,344,1,4796
35107,714,4,10611
35108,375,5,16088
35109,79,7,16360
35110,1,5,11928
35111,140,3,8633
35112,34,8,18342
35113,338,6,8807
35114,88,6,16859
35115,693,3,10603
35116,57,7,12503
35118,166,7,17392
35119,75,4,16164
35120,105,4,13260
35121,116,6,17686
35122,60,4,5780
35123,142,8,18271
35124,158,4,13594
35125,386,2,5529
35126,283,4,8574
35127,214,3,6277
35128,147,4,9050
35129,116,5,14473
35130,491,7,21227
35131,42,5,12872
35132,930,6,17689
35133,64,10,22371
35134,707,2,5609
35135,7,5,10016
35136,777,2,7307
35137,755,7,13846
35138,99,7,13795
35139,181,8,22030
35140,702,3,6694
35141,54,8,20070
35142,36,8,20262
35143,28,7,16842
35144,840,1,3751
35145,875,2,4686
35146,273,7,17961
35147,129,5,15218
35148,179,7,17295
35149,456,6,15023
35150,130,3,5269
35151,171,7,12336
35152,247,4,10245
35153,77,3,2345
35154,11,7,22633
35156,328,6,16702
35157,333,9,26259
35158,311,2,2783
35159,50,8,20888
35160,140,10,30368
35161,55,4,14449
35162,289,4,11215
35163,49,6,15922
35164,17,9,27039
35165,273,4,6762
35166,100,8,14844
35167,14,4,13304
35168,23,7,10969
35169,305,4,12759
35170,107,9,22879
35171,740,2,4705
35172,354,6,15466
35173,9,8,22331
35174,29,3,9878
35175,712,1,3613
35176,13,5,16419
35177,78,3,10186
35178,33,5,13336
35179,15,6,17080
35180,851,2,6963
35181,147,4,13803
35182,192,4,6545
35183,129,7,14824
35184,8,4,11982
35185,13,8,17866
35186,244,11,30646
35187,117,4,16320
35188,26,9,19501
35189,272,11,27982
35190,42,6,15921
35191,127,5,12251
35192,146,8,20529
35193,47,2,5679
35194,234,8,26066
35195,106,6,18673
35196,98,4,13635
35197,115,6,19161
35198,56,6,20147
35199,177,6,13875
35200,15,4,16307
35201,87,8,18785
35202,158,9,26019
35203,4,5,16421
35204,66,3,8058
35205,52,2,3029
35206,172,2,4890
35207,128,6,12642
35208,272,4,16396
35209,139,5,14690
35210,244,5,13762
35211,711,2,8667
35212,54,3,13122
35213,111,5,16663
35214,22,12,30294
35215,59,8,19901
35216,29,5,8508
35217,32,9,15484
35218,280,2,3183
35219,253,6,19347
35220,44,2,7255
35221,355,2,5992
35222,783,2,6533
35223,498,7,21980
35224,281,4,6907
35225,246,4,14533
35226,33,5,14867
35227,80,4,9238
35228,277,3,6260
35229,152,3,7889
35230,1248,2,2348
35231,166,7,14456
35232,8,6,13491
35233,691,4,6922
35234,313,7,20144
35235,290,8,17128
35236,89,3,7491
35237,551,2,3893
35238,312,6,14856
35239,740,4,16310
35240,210,9,31772
35241,534,5,12682
35242,193,8,23504
35243,128,4,10440
35244,169,5,14023
35245,240,5,13349
35246,66,7,25245
35247,413,3,9182
35248,7,2,6249
35249,89,4,6977
35250,70,7,17710
35251,198,6,10430
35252,163,4,8802
35253,148,6,11797
35254,17,6,16264
35255,930,2,3438
35256,292,11,39268
35257,42,6,20431
35258,235,3,10027
35259,30,5,11527
35260,314,5,17917
35261,112,8,20315
35262,63,3,9286
35263,104,5,14583
35264,544,1,2114
35265,40,4,14442
35266,956,2,5566
35267,124,6,14266
35268,9,9,33176
35269,335,4,5894
35270,562,5,14576
35271,865,4,10445
35272,1300,1,956
35273,32,5,17533
35274,511,5,10540
35275,364,3,6321
35276,38,4,13874
35277,16,7,13555
35278,236,5,19524
35279,261,4,13630
35280,314,6,21201
35281,526,8,19086
35282,287,8,20139
35283,291,5,14488
35284,89,3,7535
35285,535,5,13267
35286,319,9,26506
35287,406,4,12167
35288,321,4,9971
35289,168,6,15084
35290,204,4,11210
35291,311,9,30067
35292,63,6,15940
35293,699,3,6022
35294,461,2,9007
35295,241,5,13562
35296,584,6,12705
35297,205,3,6618
35298,58,8,34165
35299,106,6,16874
35300,276,6,11737
35301,372,1,4913
35302,333,4,15642
35303,117,7,16048
35304,229,4,15490
35305,286,6,16175
35306,126,7,20179
35307,599,5,16285
35308,130,8,25498
35309,294,4,15543
35310,227,10,32436
35311,72,7,20614
35312,259,8,16767
35313,351,4,16022
35314,350,3,4307
35315,132,3,7122
35316,684,3,8175
35317,44,8,19114
35318,71,5,13065
35319,24,4,8091
35320,1160,3,8315
35321,69,9,25935
35322,216,6,23421
35323,431,5,17552
35324,312,7,21874
35325,311,2,4298
35326,270,5,17776
35327,5,5,8630
35328,629,5,18645
35329,299,4,11435
35330,66,5,11456
35331,75,7,20860
35332,720,4,11575
35333,79,2,3543
35334,191,8,15567
35335,13,7,13498
35336,421,6,20746
35337,170,8,15714
35338,1,5,11488
35339,162,2,3184
35340,115,9,21605
35341,142,10,25088
35342,488,5,13368
35343,41,8,19256
35344,576,4,9665
35345,263,7,25902
35346,722,5,13637
35347,8,4,8676
35348,16,9,20261
35349,31,6,20314
35350,125,4,10377
35351,17,3,5866
35352,17,6,16696
35353,8,6,14415
35354,401,3,7376
35355,7,10,25277
35356,256,7,26434
35357,141,10,28447
35358,1038,2,3631
35359,295,5,21904
35360,167,3,6860
35361,46,10,32711
35363,88,7,20233
35364,214,7,18058
35365,109,11,31505
35366,271,5,13384
35367,155,6,24219
35368,533,4,12840
35369,139,4,14712
35370,315,2,5105
35371,218,7,21685
35372,253,3,7243
35373,81,8,18613
35374,174,9,22668
35375,819,2,7458
35376,3,8,8028
35377,372,5,14511
35378,275,5,10412
35379,1088,1,4624
35380,148,4,10649
35381,114,5,13775
35382,139,12,33451
35383,371,5,17114
35384,54,6,17672
35385,30,3,9371
35386,14,9,16584
35387,258,4,15008
35388,477,1,1604
35389,296,5,14938
35390,177,7,18305
35391,197,2,8839
35392,641,2,3285
35393,270,4,10911
35394,475,5,10952
35395,276,3,11723
35396,384,2,2026
35397,280,3,6853
35398,116,6,21016
35399,88,3,13344
35400,38,7,20269
35401,88,5,10228
35402,34,10,23162
35403,281,6,11888
35404,289,1,3440
35405,904,2,7285
35406,784,1,4084
35407,274,6,14538
35408,94,6,17592
35409,409,6,23563
35410,272,8,26351
35411,147,4,11456
35412,313,5,9391
35413,726,3,9700
35414,58,5,8638
35415,24,6,20012
35416,125,3,10418
35417,112,5,9698
35418,288,6,18100
35419,280,4,5563
35420,874,2,3899
35421,1046,2,6989
35422,728,1,1734
35423,511,4,11781
35424,52,15,40287
35425,347,3,9568
35426,628,5,13469
35427,240,4,7830
35428,8,5,19225
35429,300,6,15563
35430,149,4,10753
35431,189,6,19635
35432,479,4,14211
35433,114,4,6026
35434,326,5,13935
35435,131,7,16852
35436,737,3,14444
35437,209,3,13554
35438,742,2,4646
35439,92,7,11400
35440,300,5,20059
35441,4,6,14598
35442,43,2,3290
35443,948,1,3485
35444,141,8,16932
35445,441,5,13425
35446,206,5,12864
35447,193,7,21239
35448,67,3,9736
35449,29,6,14724
35450,123,6,15235
35451,74,9,31805
35452,752,4,8439
35453,122,4,12897
35454,50,5,11747
35455,296,5,18501
35456,270,4,10274
35457,64,9,25267
35458,1112,1,2239
35459,162,10,25349
35460,161,7,23730
35461,32,5,13113
35462,243,3,6723
35463,687,5,12404
35464,316,5,16039
35465,328,6,14027
35466,136,4,10722
35467,173,7,15724
35468,647,2,2854
35469,41,7,26102
35470,672,4,11170
35471,934,3,9901
35472,360,4,11968
35473,47,7,16850
35474,243,5,16136
35475,753,2,5365
35476,129,3,7322
35477,613,3,10031
35478,4,7,16857
35479,2,2,4076
35481,41,3,6392
35482,113,5,13529
35483,418,6,18824
35484,162,6,14735
35485,256,3,7641
35486,401,2,707
35487,137,4,9663
35488,354,2,5176
35489,345,3,5597
35490,432,6,11044
35491,241,3,9971
35492,32,4,10322
35493,146,6,15611
35494,163,4,14523
35495,167,7,11162
35496,458,4,10997
35497,775,5,11468
35498,82,4,4881
35499,221,3,6048
35500,420,3,8109
35501,229,4,11814
35502,150,7,17540
35503,594,5,15750
35504,89,7,19481
35505,395,4,15707
35506,946,2,6215
35507,86,6,18265
35508,22,8,24522
35509,66,6,16112
35510,158,7,25641
35511,707,3,6374
35512,67,7,19565
35513,308,4,7659
35514,167,4,13642
35515,293,3,8369
35516,16,4,6883
35517,243,3,7515
35518,14,7,20847
35519,36,5,15782
35520,440,5,15939
35521,60,4,8358
35522,441,3,6815
35523,66,4,13596
35524,494,5,17095
35525,119,7,17806
35526,303,7,26367
35527,419,3,11631
35528,105,6,24054
35529,27,4,12566
35530,253,4,7160
35531,127,9,17630
35532,167,7,25974
35533,243,2,4059
35534,38,6,16688
35535,141,4,12261
35536,509,10,29434
35537,209,4,6639
35538,72,3,11256
35539,265,4,9496
35540,142,11,37567
35541,2,7,18342
35542,36,7,21452
35543,308,5,9974
35544,42,5,10918
35545,20,7,21090
35546,158,5,10602
35547,149,5,18341
35548,386,5,13226
35549,312,4,11940
35550,525,5,15917
35551,277,4,12141
35552,176,6,19294
35553,57,7,18736
35554,104,4,7931
35555,145,3,5076
35556,380,5,12901
35557,32,6,23151
35558,161,5,7994
35559,329,6,9357
35560,82,8,22451
35561,18,7,21937
35563,179,5,13529
35564,5,6,19923
35565,36,6,15983
35566,259,6,15305
35567,105,10,29828
35568,398,5,13609
35569,71,2,4122
35570,18,7,15984
35571,171,8,25982
35572,42,10,22350
35573,49,2,2609
35574,427,2,5582
35575,14,10,25476
35576,367,1,2576
35577,562,5,13101
35578,435,5,13937
35579,315,9,28208
35580,152,5,16098
35581,597,4,6789
35582,384,5,14618
35583,51,7,20943
35584,54,5,15255
35586,35,7,20980
35587,28,6,18006
35588,180,5,14212
35589,26,7,22126
35590,796,4,5558
35591,74,4,8542
35592,137,3,3081
35593,493,6,23243
35594,237,4,13866
35595,78,6,13092
35596,59,2,3462
35597,17,7,19002
35598,12,10,22514
35599,112,4,12235
35600,53,5,7118
35601,222,4,10548
35602,174,5,8953
35603,240,7,19661
35604,6,7,15106
35605,77,8,26895
35606,228,6,18263
35607,11,7,16002
35608,31,3,6776
35609,221,8,16746
35610,1100,2,2514
35611,509,4,8035
35612,106,4,12506
35613,45,7,16388
35615,574,6,14664
35616,613,2,7274
35617,206,6,12451
35618,190,6,18758
35619,86,3,8557
35620,229,7,24130
35621,61,7,13910
35622,19,4,13291
35623,128,3,9280
35624,652,4,9089
35625,53,9,17200
35626,58,9,33209
35627,164,6,20055
35629,669,5,10156
35630,383,5,17835
35631,103,4,8278
35632,71,3,5927
35633,236,5,9362
35634,284,5,8744
35635,197,4,14228
35636,170,3,6049
35637,28,8,31241
35638,443,7,18117
35639,642,1,2905
35640,231,3,3026
35641,299,2,6790
35642,21,4,12603
35643,16,9,20323
35644,405,4,8135
35645,201,4,12962
35646,142,4,5919
35647,365,5,7397
35648,198,4,7628
35649,299,3,10291
35650,120,4,10255
35651,67,3,8149
35652,111,6,21914
35653,144,2,8172
35654,402,1,4109
35655,3,7,12321
35656,39,7,19813
35657,741,4,8076
35658,31,7,19140
35659,193,2,3637
35660,214,6,20865
35661,416,5,15089
35662,571,3,11303
35663,88,6,22528
35664,1210,3,9497
35665,261,4,15398
35666,178,5,11352
35667,110,5,14814
35668,213,4,8501
35669,53,8,23131
35670,219,7,20787
35671,403,7,20778
35672,408,7,23749
35673,155,3,10552
35674,222,7,20923
35675,381,4,13301
35676,450,4,12312
35677,486,2,8448
35678,195,1,3190
35679,51,12,31849
35680,123,5,19733
35681,34,11,35912
35682,299,4,9806
35683,317,4,13272
35684,865,2,7987
35685,115,4,11217
35686,3,4,11938
35687,377,4,15421
35688,47,7,20040
35689,68,5,12595
35690,51,4,14030
35691,987,5,10786
35692,25,9,26539
35693,12,4,14002
35694,491,5,10227
35695,584,3,7870
35696,46,7,23410
35697,734,4,8151
35698,59,6,13392
35699,4,6,18323
35700,444,2,6411
35701,185,1,2406
35702,343,3,6300
35703,203,5,18057
35704,10,6,23099
35705,263,8,24780
35706,376,5,13698
35707,70,7,22268
35708,499,3,5712
35709,1,5,18161
35710,42,4,9414
35711,187,6,12398
35712,133,9,24762
35713,20,7,13589
35714,58,7,19223
35715,213,8,22141
35716,65,5,11221
35717,43,7,18962
35718,121,5,20781
35719,203,9,26641
35720,350,3,8942
35721,717,3,6511
35722,253,4,6098
35723,321,5,6645
35724,221,4,9075
35725,431,6,21736
35726,171,4,10002
35727,227,4,10745
35728,375,7,17930
35729,226,6,17637
35730,388,3,7344
35731,549,5,16092
35732,461,2,6679
35733,53,5,10893
35734,76,8,27587
35735,171,5,16248
35736,32,8,22327
35737,628,5,12103
35738,164,7,20105
35739,544,2,5759
35740,983,1,1953
35741,692,3,9342
35742,160,4,6824
35743,145,6,16783
35744,390,3,6311
35745,1063,2,4767
35746,16,4,10335
35747,393,4,13960
35748,104,9,23827
35749,377,5,11863
35750,211,4,14653
35751,267,6,12855
35752,653,2,9085
35753,64,9,25124
35754,294,3,11079
35755,278,2,5737
35756,559,4,6218
35757,68,4,12752
35758,306,4,10905
35759,117,9,20523
35760,675,3,9369
35761,44,9,19449
35762,217,3,5608
35763,459,3,12202
35764,55,8,22152
35765,679,6,12026
35766,1064,1,3292
35767,302,5,15287
35768,826,4,9900
35769,135,4,8805
35770,4,8,24417
35771,99,3,9233
35772,207,5,16973
35773,130,6,20972
35774,566,2,948
35775,148,5,14804
35776,749,6,15283
35778,3,4,10796
35779,1082,1,4582
35780,81,4,12777
35781,864,1,528
35782,435,2,5151
35783,205,4,10069
35784,199,4,17417
35785,80,9,28607
35786,205,8,14507
35787,709,5,15374
35788,202,6,17337
35789,465,5,8613
35790,295,4,11350
35791,57,3,6132
35792,362,2,7667
35793,57,4,8118
35794,661,4,9726
35795,583,6,13855
35796,20,7,13677
35797,164,1,1395
35798,40,4,10333
35799,312,5,7447
35800,427,4,7870
35801,335,3,9967
35802,886,4,9692
35803,53,4,10334
35804,79,9,29974
35805,130,5,7949
35806,409,5,10472
35807,648,5,8261
35808,108,6,15849
35809,523,9,23453
35810,24,4,14661
35811,15,7,30376
35812,32,4,10640
35813,41,2,5717
35814,281,8,31063
35815,257,4,10862
35816,102,6,19502
35817,320,8,24612
35818,620,4,8145
35819,171,6,17671
35820,434,1,3567
35821,57,6,9804
35822,99,4,10600
35823,561,2,5925
35824,478,3,9324
35825,496,5,4644
35826,31,6,13052
35827,75,4,10855
35828,310,8,22441
35829,179,9,19809
35830,336,5,14779
35831,102,5,17418
35832,329,7,15375
35833,218,7,17185
35834,374,5,16138
35835,226,5,14249
35836,211,9,33308
35837,314,2,7601
35838,149,6,18803
35839,1258,2,3263
35840,4,3,5587
35841,351,4,10460
35842,210,7,14268
35843,748,5,11158
35844,5,7,14273
35845,144,8,15414
35846,75,3,7242
35847,123,5,12914
35848,190,7,23033
35849,477,6,14849
35850,41,6,19696
35851,191,5,20329
35852,257,8,19836
35853,115,5,10103
35854,149,4,9560
35855,199,4,5117
35856,901,3,7778
35857,140,5,10262
35858,298,2,4301
35859,78,8,17757
35860,85,7,26767
35861,68,7,23505
35862,671,3,12941
35863,385,4,14703
35864,795,3,12467
35865,80,4,12917
35866,59,6,26880
35867,153,6,10105
35868,116,3,8444
35869,226,5,16291
35870,66,4,16099
35871,33,9,26907
35872,219,3,13412
35873,199,7,18223
35874,262,5,12813
35875,346,4,5419
35876,295,3,10817
35877,827,4,7308
35878,166,6,19179
35879,78,3,6376
35880,922,1,4777
35881,62,5,10350
35882,116,2,3457
35883,719,2,8719
35884,542,4,7453
35885,237,6,15488
35886,208,6,17298
35887,61,2,4710
35888,181,3,11727
35889,59,3,9439
35890,53,6,13675
35891,197,3,4698
35892,222,6,15053
35894,137,2,5942
35895,126,6,18023
35896,165,4,14037
35897,254,3,11858
35898,63,7,21849
35899,10,2,4177
35900,313,6,17830
35901,784,3,9989
35902,114,8,17625
35903,582,2,5508
35904,180,5,9166
35905,9,11,30111
35906,159,6,13289
35907,262,6,10631
35908,217,5,11686
35909,15,4,9566
35910,614,3,9940
35911,78,4,8085
35912,627,2,5494
35913,1136,2,2507
35914,284,7,15085
35915,542,5,18678
35916,14,5,12858
35917,88,6,18179
35918,100,10,34519
35919,705,1,3213
35920,44,3,8959
35921,1271,1,584
35922,14,10,30454
35923,336,4,9246
35924,110,3,8197
35925,241,4,8655
35926,347,6,21089
35927,16,1,3228
35928,113,6,12100
35929,140,7,19636
35930,308,4,15433
35931,24,3,6746
35932,697,4,15959
35933,20,7,25042
35934,556,5,12233
35935,162,3,9134
35936,707,3,5143
35937,603,4,12000
35938,403,4,11853
35939,42,5,12671
35940,401,3,10050
35941,52,4,7882
35942,49,4,13440
35943,155,9,24783
35944,6,7,21783
35945,528,2,8504
35946,460,5,22905
35947,61,7,19228
35948,1034,1,5052
35949,774,3,6886
35950,132,4,7413
35951,114,5,16059
35952,8,4,8443
35954,9,6,15448
35955,35,8,20339
35956,714,3,9049
35957,207,5,10436
35958,794,6,12760
35959,229,3,6324
35960,314,7,16878
35961,96,4,12506
35962,274,5,11888
35963,6,11,33604
35964,48,5,10614
35965,337,1,1335
35966,345,3,6161
35967,1235,1,4154
35968,48,6,15100
35969,199,5,13637
35970,370,4,7563
35971,96,5,8565
35972,102,7,21341
35973,309,4,8873
35974,208,6,14608
35975,242,7,13132
35976,305,4,12288
35977,194,6,20004
35978,405,3,6487
35979,307,3,8470
35981,240,7,26238
35982,192,7,15667
35983,528,4,5970
35984,171,5,12906
35985,243,5,7974
35986,147,8,20721
35987,1240,1,5133
35988,289,6,15289
35989,405,7,15410
35990,265,6,18196
35991,232,2,7119
35992,76,11,36539
35993,410,4,11733
35994,106,6,17645
35995,340,4,8480
35996,30,5,14216
35997,472,4,13423
35998,858,5,8506
35999,184,2,3442
36000,222,2,2991
36001,270,4,14862
36002,124,10,31039
36003,173,6,16628
36004,77,7,14823
36005,53,3,4809
36006,269,5,8227
36007,162,6,9895
36008,113,8,12346
36009,195,4,17206
36010,459,4,14491
36011,202,10,22385
36012,87,8,29827
36013,660,2,8005
36014,36,5,16750
36015,149,4,7986
36016,462,2,3800
36017,190,7,26397
36018,79,7,27878
36019,15,4,9373
36020,257,5,15157
36021,41,7,20430
36022,324,4,14551
36023,450,6,11256
36024,470,3,5381
36025,41,3,9009
36026,314,5,14074
36027,686,1,1240
36028,100,7,21382
36029,220,3,11718
36030,135,6,13464
36031,135,7,18620
36032,91,8,22147
36033,8,3,10861
36034,448,3,11854
36035,628,3,10513
36036,19,3,12289
36037,549,2,9318
36038,120,2,7105
36039,300,8,22095
36040,253,8,23215
36041,777,1,3732
36042,307,6,13291
36043,217,5,17023
36044,306,3,10395
36045,461,5,10516
36046,3,9,22938
36047,155,7,16499
36048,372,4,10273
36049,28,6,16427
36050,896,4,9117
36051,88,6,21434
36052,271,8,14446
36053,653,3,5764
36054,886,2,4131
36055,508,6,10130
36056,45,1,2396
36057,137,9,26769
36058,263,1,3364
36059,122,6,18285
36060,210,3,7157
36061,65,10,30931
36062,39,7,15671
36063,30,4,10721
36064,518,2,3803
36065,43,6,13411
36066,21,9,21000
36067,142,4,8498
36068,110,8,21689
36069,428,5,10193
36070,165,4,8999
36071,405,4,10647
36072,478,3,7374
36073,797,6,12496
36074,292,4,11474
36075,1252,1,1893
36076,47,3,6838
36077,730,3,10989
36078,453,2,4475
36079,32,7,22290
36080,188,5,9043
36081,179,7,14099
36082,27,5,11835
36083,725,3,12538
36084,415,4,13944
36085,1136,3,7326
36086,50,4,12682
36087,94,5,18088
36088,234,5,16182
36089,268,2,5095
36090,347,3,9619
36091,901,1,3979
36092,477,5,19171
36093,264,3,7886
36094,498,5,17855
36095,253,5,16813
36096,217,4,10131
36097,89,6,19305
36098,501,4,17478
36099,553,4,5934
36100,23,8,23840
36101,357,8,19332
36102,189,6,16501
36103,263,3,4688
36104,37,4,7420
36105,894,3,6723
36106,191,8,18837
36107,6,7,10251
36108,42,8,19859
36109,460,4,13041
36110,82,7,21414
36111,358,8,21454
36112,41,5,11839
36113,82,2,8959
36114,333,6,21858
36115,662,3,9781
36116,158,7,19965
36117,838,4,13977
36118,177,5,18578
36119,243,3,6469
36120,343,2,4308
36121,123,6,21446
36122,45,2,9613
36123,81,7,23978
36124,99,8,22254
36125,167,4,14554
36126,80,6,20165
36127,1,5,15151
36128,173,5,11859
36129,135,5,18587
36130,353,3,4577
36131,20,10,24499
36132,210,9,25728
36133,245,8,26241
36134,134,6,16805
36135,646,3,10571
36136,113,9,26147
36137,401,3,5784
36138,810,2,4037
36139,107,4,13119
36140,47,5,16086
36141,117,6,19267
36142,181,8,21031
36143,140,5,17860
36144,170,4,12198
36145,57,5,9753
36146,141,7,19078
36147,196,7,19621
36148,75,5,15249
36149,789,1,1861
36150,96,3,6068
36151,570,7,15718
36152,62,5,18869
36153,345,3,5357
36154,97,6,15051
36155,286,3,10118
36156,58,5,14560
36157,41,4,8500
36158,123,7,24459
36159,159,5,17054
36160,96,6,11904
36161,278,4,10823
36162,18,4,9866
36163,390,5,10095
36164,414,9,30161
36165,328,3,9740
36166,188,4,12800
36167,342,6,14330
36168,320,6,20486
36169,10,4,9557
36170,848,3,9263
36171,1061,1,2166
36172,270,11,27305
36173,178,6,19858
36174,110,11,24872
36175,40,5,9295
36176,448,3,12229
36177,272,4,10018
36178,186,4,11449
36179,793,2,5113
36180,23,8,22421
36181,84,3,5120
36182,846,5,13204
36183,446,4,7944
36184,329,2,7428
36185,181,4,17351
36186,38,6,18787
36187,153,2,5511
36188,43,5,8878
36189,11,5,7087
36190,155,3,11565
36191,29,5,11181
36192,111,6,17356
36193,518,7,24045
36194,66,7,21383
36195,336,11,32163
36196,45,10,31932
36197,107,6,13336
36198,415,6,18237
36199,443,4,9707
36200,270,6,14571
36201,273,5,12245
36202,310,10,28048
36203,291,5,11060
36204,41,5,18601
36205,196,3,6736
36206,44,4,12917
36207,97,4,12024
36208,139,9,23106
36209,39,8,21315
36210,153,9,20079
36211,35,5,13315
36212,184,9,26845
36213,261,9,21353
36214,84,6,13441
36215,76,6,11113
36216,1007,1,2786
36217,26,6,17277
36218,460,6,19856
36219,374,4,12308
36220,129,4,9087
36221,110,7,10030
36222,505,2,1976
36223,25,6,17029
36224,883,4,10594
36225,149,8,22161
36226,6,4,11747
36227,21,5,10779
36228,56,9,26042
36230,7,5,14176
36231,286,7,18312
36232,77,4,11764
36233,73,6,13146
36234,107,7,14989
36235,336,4,11237
36236,215,7,14609
36237,1140,3,12160
36238,82,3,6286
36239,1334,1,4224
36240,541,3,11027
36241,491,2,5120
36242,48,4,14647
36243,672,5,16467
36244,61,5,11425
36245,129,5,15412
36246,154,7,19661
36247,65,4,9597
36248,668,5,9782
36249,165,1,1702
36250,440,4,12234
36251,235,10,24032
36252,156,6,14008
36253,230,5,11271
36254,24,4,13379
36255,36,6,20293
36256,368,3,5024
36257,103,3,10799
36258,509,3,9782
36259,362,4,10396
36260,212,5,9309
36261,730,2,5471
36262,2,6,18279
36263,515,4,9127
36264,84,10,28718
36265,78,5,11892
36266,350,6,17341
36267,322,2,4954
36268,1,8,22615
36269,153,5,9034
36270,136,3,6090
36271,436,6,22386
36272,36,6,15693
36273,615,2,963
36274,142,6,16052
36275,556,3,5350
36276,219,6,16552
36277,711,3,10273
36278,52,4,11419
36279,38,8,25315
36280,179,1,1121
36281,91,9,23865
36282,402,5,20430
36283,232,6,17226
36284,186,6,18392
36285,293,6,15326
36286,129,8,27043
36287,535,4,10737
36288,517,4,8637
36289,107,6,15727
36290,656,7,14812
36291,178,4,10802
36292,255,4,7382
36293,251,6,15678
36294,100,3,8627
36295,28,6,11239
36296,475,3,8678
36297,23,6,10456
36298,55,7,17282
36299,207,5,12086
36300,285,6,16343
36301,235,6,12865
36302,240,5,13143
36303,19,5,15405
36304,509,6,22475
36305,496,5,8737
36306,385,4,6442
36307,364,1,1503
36308,84,6,17963
36309,272,5,10810
36310,56,8,19562
36311,227,4,10771
36312,244,5,11384
36313,195,5,13519
36314,22,8,20605
36315,1,4,12162
36316,437,4,14025
36317,148,5,19555
36318,47,6,16241
36319,67,11,28800
36320,103,8,15263
36321,21,10,21110
36322,72,5,17337
36323,675,3,10009
36324,86,3,11172
36325,54,9,30749
36326,123,4,11779
36327,18,10,24127
36328,223,4,11653
36329,263,7,22642
36330,181,1,2909
36331,237,3,6731
36332,568,4,8632
36333,12,6,16368
36334,66,4,9052
36335,356,8,22280
36336,474,4,8863
36337,30,8,21642
36338,37,8,18733
36339,499,3,12709
36340,244,6,15154
36341,7,5,16658
36342,137,4,15068
36343,579,4,10837
36345,221,2,578
36346,321,4,9787
36347,54,12,37986
36348,43,6,6168
36349,415,2,5087
36350,223,9,24509
36351,65,4,8646
36352,98,7,24383
36353,1,6,18602
36354,89,7,18397
36355,81,7,22182
36356,130,5,12931
36357,231,5,16818
36358,261,4,9850
36359,523,2,8881
36360,4,6,18067
36361,92,6,16453
36362,285,5,13227
36363,1,9,20604
36364,195,7,16861
36365,259,6,15453
36366,439,4,14372
36367,172,7,18489
36368,198,6,9536
36369,325,5,12482
36370,149,6,23861
36371,437,5,16468
36372,125,6,20277
36373,185,10,32790
36374,95,5,18897
36375,560,3,10070
36376,543,7,16518
36377,702,2,3908
36378,204,10,27437
36379,473,4,13622
36380,5,7,17570
36381,350,7,23665
36382,54,9,26314
36383,446,3,10256
36384,393,3,8936
36385,424,7,24833
36386,400,6,11772
36387,997,1,4522
36388,404,6,15539
36389,226,3,8858
36390,112,4,12963
36391,549,6,19935
36392,32,10,20743
36393,243,6,15116
36394,742,1,1231
36395,110,9,21230
36396,109,7,22189
36397,482,3,12752
36398,86,8,19087
36399,472,3,10524
36400,399,4,10113
36401,431,3,4821
36402,101,7,11596
36403,419,4,13690
36404,223,4,13223
36405,17,8,20105
36406,411,2,3823
36408,23,8,29221
36409,226,4,8869
36410,237,4,12196
36411,127,7,22500
36412,204,6,19435
36413,217,2,5218
36414,485,4,9158
36415,989,2,8200
36416,33,8,24038
36417,531,4,16352
36418,486,5,17175
36419,7,7,13181
36420,316,6,14430
36421,220,6,14078
36423,164,3,7052
36424,107,5,4646
36425,34,4,9986
36426,407,6,11610
36427,29,6,13285
36428,295,2,6267
36429,193,6,16264
36430,74,5,6730
36431,452,5,9587
36432,70,6,10297
36433,27,9,23933
36434,353,3,3586
36435,372,4,6495
36436,24,5,12792
36437,21,17,55339
36438,38,10,26374
36439,1002,4,7770
36440,505,7,12066
36441,383,3,14328
36442,112,8,14930
36443,159,8,16607
36444,422,3,8909
36445,147,3,8280
36446,227,5,11269
36447,190,8,21621
36448,19,5,15173
36449,495,3,5797
36450,229,3,8552
36451,168,8,18200
36452,257,4,5996
36453,158,9,32689
36454,364,4,14573
36455,51,3,10100
36456,47,8,26468
36457,55,5,7711
36458,103,5,9773
36459,480,4,15045
36460,88,5,12899
36461,57,4,10835
36462,775,3,9394
36464,450,6,12671
36465,208,9,22877
36466,178,5,12021
36467,213,5,14191
36468,283,4,14896
36469,108,5,10945
36470,259,3,10289
36471,266,4,8301
36472,148,6,12304
36473,95,5,16479
36474,44,6,17587
36475,149,5,12548
36476,119,7,17264
36477,393,3,10396
36478,12,3,7275
36479,845,1,4401
36480,75,5,13007
36481,154,6,19075
36482,1063,4,10618
36483,31,4,9674
36484,88,9,23075
36485,269,3,8099
36486,240,8,13311
36487,642,2,3332
36488,6,3,12397
36489,208,4,12208
36490,15,7,16744
36491,185,5,10051
36492,53,6,15218
36493,22,9,24920
36494,427,6,16750
36495,16,6,19334
36496,27,5,19779
36497,374,6,12660
36498,202,5,6515
36499,168,9,23987
36500,36,7,24682
36501,373,7,23028
36502,342,4,8392
36503,77,11,37053
36504,301,5,15201
36505,510,5,12592
36506,580,5,11189
36507,45,9,24080
36508,54,4,10787
36509,340,10,25375
36510,56,4,12944
36511,144,3,6203
36512,70,8,26171
36513,195,2,2339
36514,91,4,10050
36515,168,5,13603
36516,209,6,13877
36517,489,1,2015
36518,210,3,6848
36519,870,1,570
36520,66,3,6111
36521,19,5,12469
36522,89,8,26427
36523,41,3,8185
36524,290,3,9443
36525,685,3,6933
36526,25,5,13689
36527,10,8,15839
36528,407,3,8383
36529,348,4,14017
36530,94,2,8960
36531,60,8,18611
36532,388,5,15739
36533,169,8,31255
36534,905,3,10891
36535,598,3,10404
36536,138,4,15252
36537,52,4,10813
36538,91,5,14643
36539,21,5,16123
36540,150,1,385
36541,206,7,19185
36542,229,6,18893
36543,117,8,19602
36544,186,2,7205
36545,190,5,15539
36546,101,5,10753
36547,427,5,12522
36548,21,7,16530
36549,216,3,7044
36550,288,8,24767
36551,47,6,20262
36552,101,5,12168
36553,948,1,4356
36555,716,2,5614
36556,114,7,20656
36557,281,3,10046
36558,83,7,14439
36559,239,6,12128
36560,215,10,28261
36561,128,7,20302
36562,825,2,2110
36563,361,8,21611
36564,183,3,7735
36565,622,6,16751
36566,98,3,9816
36567,9,7,18875
36568,33,7,17808
36569,368,3,10662
36570,110,6,15848
36571,73,7,18324
36572,386,3,11748
36573,60,6,13590
36574,48,7,20401
36575,32,4,9282
36576,133,7,19379
36577,122,1,1581
36578,143,6,18985
36579,117,7,15751
36580,218,11,28342
36581,134,8,17204
36582,334,7,24403
36583,136,4,5913
36584,100,5,12824
36585,410,8,26866
36586,326,5,11982
36587,156,5,13754
36588,598,10,24939
36589,987,3,10492
36590,276,8,25671
36591,1123,1,1430
36592,6,5,15222
36593,68,8,25792
36594,316,6,17898
36595,55,6,12982
36596,246,3,11438
36597,196,6,17847
36598,37,11,30525
36599,999,2,5901
36600,379,5,10217
36601,259,2,6095
36602,431,8,17950
36603,75,8,27133
36604,153,3,6593
36605,696,1,3161
36606,156,5,19540
36607,247,1,3819
36608,121,6,17228
36609,72,10,31794
36610,16,6,16490
36611,14,6,15522
36612,437,4,7940
36613,51,4,9318
36614,28,10,32577
36615,141,5,13751
36616,272,4,15178
36617,217,4,12251
36618,715,3,13076
36619,3,9,28479
36620,224,2,4661
36621,368,6,17919
36622,177,7,14116
36623,50,8,24420
36624,507,6,19059
36625,882,3,9543
36626,205,3,7459
36627,603,2,5917
36628,64,3,3829
36629,235,5,12610
36630,592,5,11775
36631,675,6,20319
36632,138,2,4014
36633,315,3,8947
36634,380,2,2030
36635,19,4,10916
36636,3,5,12588
36637,41,3,9228
36638,98,5,14975
36639,215,4,9916
36641,1064,1,4802
36642,181,5,12224
36643,230,7,14411
36644,8,7,21888
36645,112,6,17197
36646,521,3,5291
36647,692,4,14527
36648,190,10,30335
36649,35,4,12877
36650,639,3,8811
36651,143,6,23059
36652,7,9,18488
36653,76,9,24938
36654,37,5,15126
36655,101,4,9127
36656,15,4,5466
36657,181,4,6517
36658,68,7,18483
36659,519,3,7656
36660,158,5,16413
36661,14,6,18530
36662,32,6,21857
36663,130,8,13788
36664,59,9,21018
36665,183,5,16347
36666,117,5,13536
36667,60,9,27440
36668,30,5,13301
36669,437,3,10098
36670,138,9,26378
36671,36,4,13725
36672,63,7,11305
36673,193,9,20975
36674,71,5,14620
36675,109,7,23506
36676,62,7,17616
36677,223,8,19748
36678,182,5,16833
36679,304,2,5922
36680,105,5,18791
36681,561,3,9255
36682,232,4,10347
36683,6,7,19867
36684,355,3,12163
36685,529,8,25743
36686,734,5,17139
36687,62,7,16623
36688,258,9,23647
36689,228,2,8089
36690,251,1,892
36691,6,8,29870
36692,751,5,16080
36693,413,4,3862
36694,140,4,12411
36695,53,6,18506
36696,560,3,5856
36697,810,2,5151
36698,34,9,22577
36699,72,6,16403
36700,98,4,14555
36701,939,1,4981
36702,142,6,13197
36703,390,2,7466
36704,190,6,17642
36705,192,5,10441
36706,144,13,41976
36707,27,4,5609
36708,483,7,16140
36709,41,8,24741
36710,130,3,12097
36711,96,8,24826
36712,121,4,14176
36713,187,4,13630
36714,295,7,18812
36715,258,4,9036
36716,112,3,6329
36717,254,5,12834
36718,259,3,6053
36719,23,7,22746
36720,232,4,14310
36721,982,2,5480
36722,253,4,11688
36723,849,2,3064
36724,207,8,29443
36725,73,2,3981
36726,572,7,13184
36727,183,7,21710
36728,85,2,7618
36729,553,6,20037
36730,37,5,14135
36731,782,4,15682
36732,39,7,19698
36733,9,8,18412
36734,102,2,5879
36735,263,5,6333
36736,255,6,10508
36737,52,4,13864
36738,319,4,14195
36739,270,5,13112
36740,290,5,11723
36741,196,6,17107
36742,136,5,9690
36743,341,6,18330
36744,701,2,2901
36745,697,3,8914
36746,74,5,14258
36747,6,6,11367
36748,259,3,5560
36749,550,6,16045
36750,628,2,6586
36751,152,7,25143
36752,90,3,11604
36753,272,5,11665
36754,801,1,4693
36755,57,6,24767
36756,362,7,18885
36757,289,3,12159
36758,53,7,17542
36759,78,4,8704
36760,182,3,11613
36761,212,1,708
36762,204,9,25173
36763,224,7,23800
36764,27,6,19320
36765,628,4,10260
36766,989,1,4788
36767,342,7,18069
36768,796,2,6826
36769,404,3,4351
36770,39,6,20441
36771,94,8,22170
36772,24,4,12528
36773,114,5,17203
36774,569,5,13808
36775,126,5,13474
36776,706,1,3753
36777,210,7,24303
36778,138,4,12026
36779,65,8,15717
36780,348,4,14661
36781,16,5,16137
36782,199,3,10779
36783,8,7,19923
36784,22,7,14733
36785,348,3,6110
36786,401,3,5674
36787,89,7,25408
36788,73,9,17591
36789,277,2,5057
36790,500,6,14768
36791,23,7,20714
36792,595,6,16979
36793,61,5,8095
36794,252,4,11879
36795,261,7,12993
36796,111,6,22367
36797,84,11,31651
36798,15,5,21295
36799,105,3,9914
36800,296,3,4133
36801,218,7,16325
36802,233,3,9373
36803,533,6,17422
36804,21,8,20075
36805,500,3,7394
36806,175,4,11265
36807,285,5,15008
36808,154,4,7068
36809,37,8,24603
36810,835,3,9225
36811,355,4,11234
36812,715,5,16556
36813,116,4,12769
36814,273,5,11987
36815,649,5,10250
36816,56,3,11337
36817,199,6,19462
36818,76,6,13073
36819,180,3,7695
36820,146,5,12120
36821,665,2,7935
36822,314,6,19567
36823,173,5,15908
36824,94,3,10861
36825,5,11,41477
36826,309,3,5106
36827,329,8,31321
36828,153,9,24791
36829,975,1,256
36830,56,8,22537
36831,812,2,7705
36832,119,6,16674
36833,284,6,11531
36834,116,10,31207
36835,356,7,12338
36836,100,5,15003
36837,204,5,14362
36838,57,5,8039
36839,286,8,27285
36840,285,7,18532
36841,444,8,13714
36842,16,5,12779
36844,341,7,24543
36845,272,4,12457
36846,253,2,4243
36847,86,11,32138
36848,161,6,18006
36849,185,10,28665
36850,708,3,8219
36851,239,5,14695
36852,517,2,5182
36853,64,5,21364
36854,245,3,7193
36855,113,2,8661
36856,76,4,13442
36857,206,7,16840
36858,264,3,5237
36859,193,4,8693
36860,184,4,14430
36861,12,5,15570
36862,36,5,10480
36863,298,2,6121
36864,654,2,2698
36865,30,3,13278
36866,119,3,7091
36867,415,1,2210
36868,204,8,12387
36869,211,5,10489
36870,183,8,15848
36871,313,5,13925
36872,106,8,18797
36873,404,6,15130
36874,51,7,21244
36875,40,7,21882
36876,387,3,7015
36877,503,3,11589
36878,23,7,18702
36879,664,1,639
36880,227,3,8068
36881,29,6,17429
36882,74,9,29461
36883,52,9,24981
36884,808,3,7371
36885,982,1,4151
36886,205,6,14621
36887,40,6,8679
36888,116,4,5875
36889,419,5,9689
36890,184,10,30681
36891,92,3,10618
36892,499,5,10279
36893,90,4,9846
36894,95,5,14752
36895,798,1,2537
36896,74,8,19919
36897,338,6,14710
36898,59,8,21604
36899,63,4,10028
36900,83,5,9525
36901,249,4,9123
36902,1296,1,670
36903,102,8,27126
36904,251,1,1788
36905,319,6,15224
36906,230,4,8427
36907,88,8,12086
36908,97,2,1597
36909,49,6,20490
36910,538,2,9424
36911,189,4,15790
36912,70,5,11977
36913,305,9,19959
36914,221,4,10869
36915,413,3,11116
36916,67,6,15070
36917,349,3,6565
36918,501,6,13437
36919,190,7,18169
36920,289,1,4688
36921,386,3,12803
36922,149,4,13289
36923,127,4,15277
36924,849,1,4303
36925,57,3,8595
36926,98,9,35757
36927,384,7,14566
36928,195,5,16397
36929,957,1,2638
36930,96,5,17995
36931,339,5,14844
36932,25,9,31631
36933,142,7,15414
36934,37,5,12319
36935,73,5,17553
36936,32,3,3863
36937,526,5,17397
36938,1078,2,4342
36939,306,5,12846
36940,532,5,14488
36941,167,3,5595
36942,49,6,19777
36943,302,4,10410
36944,159,5,12326
36945,241,8,20622
36946,18,8,20287
36947,242,6,15075
36948,103,6,13500
36949,13,13,38569
36950,93,7,13453
36951,460,5,10303
36952,325,10,28761
36953,1156,2,6585
36954,334,5,17615
36955,5,7,18190
36956,349,4,13379
36957,82,6,15572
36958,11,7,14944
36959,353,3,8671
36960,106,6,24845
36961,476,4,7872
36962,434,6,10566
36963,651,4,9408
36964,259,4,15155
36965,303,11,35844
36966,106,3,9402
36967,48,7,18205
36968,277,6,19521
36969,261,2,7338
36970,726,2,6478
36971,260,2,6655
36972,385,5,19722
36973,386,4,12774
36974,109,6,13648
36975,7,7,21730
36976,585,2,6509
36977,202,4,11363
36978,205,6,11738
36979,271,6,21566
36980,51,4,8883
36981,352,4,6768
36982,122,7,20302
36983,208,6,19364
36984,286,4,13933
36985,110,4,10882
36986,250,6,11122
36987,186,5,15042
36988,710,2,8643
36989,206,5,11188
36990,271,4,12992
36991,922,3,10405
36992,276,6,17268
36993,513,4,11898
36994,191,7,22530
36995,553,4,13395
36996,190,5,15102
36997,85,4,12981
36998,62,4,12498
36999,43,6,7758
37000,246,8,20777
37001,393,5,13419
37002,105,5,12776
37003,373,2,3401
37004,22,3,4580
37005,212,3,8937
37006,951,6,14524
37007,423,4,9950
37008,178,11,31174
37009,287,8,18191
37010,169,7,16214
37011,472,3,9576
37012,72,3,11867
37013,118,8,19021
37014,41,1,1502
37015,363,7,18068
37016,97,4,11529
37017,455,4,7447
37018,20,5,11652
37019,87,4,10709
37020,766,4,15784
37021,189,4,9256
37022,609,5,17455
37023,287,5,13261
37024,368,6,16871
37025,169,7,16352
37026,276,4,12010
37027,289,3,9132
37028,38,4,8108
37029,282,3,9562
37030,15,3,6229
37031,360,4,14568
37032,377,5,10258
37033,30,8,19985
37034,120,8,23333
37035,171,8,24069
37036,80,3,6410
37037,203,2,5832
37038,353,3,5895
37039,147,5,12275
37040,604,5,13454
37041,474,5,13856
37042,139,6,16053
37043,502,3,7721
37044,103,6,15588
37045,334,6,16586
37046,12,7,26277
37047,365,8,24118
37048,336,4,9159
37050,152,5,12483
37051,694,5,16834
37052,704,4,10713
37053,180,4,11771
37054,923,3,4623
37055,256,3,11228
37056,79,9,24175
37057,187,6,13542
37058,152,5,15471
37059,769,3,6657
37060,261,7,25168
37061,206,7,15882
37062,136,9,25734
37063,435,5,13601
37064,526,6,13782
37065,260,6,22742
37066,360,4,11213
37067,55,7,22130
37068,197,8,24917
37069,121,7,24467
37070,29,8,17260
37072,35,7,23922
37073,554,2,2418
37074,349,6,24104
37075,903,2,6312
37076,59,5,15441
37077,96,6,16199
37078,373,4,10194
37079,183,6,18603
37080,148,4,13127
37081,78,7,26020
37082,54,9,16884
37083,223,5,21744
37084,5,6,14615
37085,181,8,16951
37086,64,7,11334
37087,1046,4,11239
37088,439,5,10933
37089,160,10,34866
37090,16,7,21458
37091,535,3,8623
37092,244,6,16238
37093,193,6,20957
37094,56,5,18934
37095,404,5,10782
37096,213,5,13965
37097,44,7,22607
37098,277,7,16365
37099,167,4,12458
37100,277,5,15857
37101,508,3,12818
37102,62,7,19908
37103,40,5,17603
37104,222,3,9833
37105,191,4,9694
37106,254,5,12601
37107,486,4,15298
37108,278,4,12048
37109,399,7,17884
37110,116,10,29197
37111,758,4,15552
37112,100,4,11776
37113,52,5,14409
37114,33,5,16819
37115,188,4,13380
37116,145,3,7834
37117,54,12,31413
37118,478,5,7781
37119,467,3,13203
37120,628,1,918
37121,508,5,7945
37122,2,6,14330
37123,85,7,18796
37124,408,2,3199
37125,564,2,1144
37126,68,8,19352
37127,111,4,13057
37128,93,7,12096
37129,37,5,14300
37130,164,3,10809
37131,431,3,10381
37132,186,3,4452
37133,419,1,1413
37134,16,5,17007
37135,530,2,6715
37136,300,7,20221
37137,262,6,12653
37138,65,4,10179
37139,71,5,12718
37140,495,3,9645
37141,283,2,7754
37142,223,5,14814
37143,71,9,22521
37144,747,2,6815
37145,4,4,9984
37146,292,4,14186
37147,196,3,5731
37148,90,4,12020
37149,22,6,20341
37150,33,4,10815
37151,27,5,8849
37152,129,6,18043
37153,41,4,6629
37154,381,4,16229
37155,154,4,10985
37156,94,6,14824
37157,306,4,9917
37158,81,5,11254
37159,321,2,5529
37160,602,3,9410
37161,366,2,5184
37162,128,3,8038
37163,218,3,10236
37164,586,4,13343
37165,534,2,6210
37166,413,6,19091
37167,703,3,3899
37168,576,5,15451
37169,257,6,17299
37170,13,9,18757
37171,37,4,9634
37172,27,4,10613
37173,202,4,12166
37174,50,7,17456
37175,124,7,20956
37176,642,4,7255
37177,57,4,15301
37178,222,4,9501
37179,976,5,14702
37180,31,5,13698
37181,13,8,18301
37182,64,5,14632
37183,265,5,9581
37184,542,3,8861
37185,148,6,19969
37186,196,6,13084
37187,86,2,7197
37188,594,2,9135
37189,183,9,25542
37190,10,3,6461
37191,64,10,18020
37192,175,7,20393
37193,48,5,15611
37194,378,8,16308
37195,381,2,2153
37196,116,9,23792
37197,7,4,11992
37198,83,4,13172
37199,27,4,14195
37200,246,8,21859
37201,10,5,15759
37202,61,6,22105
37203,425,8,20124
37204,363,4,7333
37205,332,4,13384
37206,174,6,14004
37207,349,2,6687
37208,3,3,10691
37209,1191,2,1774
37210,797,1,2919
37211,87,8,21220
37212,134,8,24923
37213,264,6,15381
37214,756,1,3423
37215,664,1,4650
37216,9,5,14768
37217,18,7,20693
37218,215,6,15640
37219,38,4,11929
37220,28,5,7322
37221,449,3,1353
37222,268,3,5193
37223,155,6,13069
37224,56,4,13590
37225,77,5,13093
37226,140,9,22317
37227,784,1,4918
37228,530,6,19615
37229,250,3,9706
37230,339,3,8397
37231,160,6,10561
37232,65,5,15125
37233,68,3,9320
37234,817,3,11151
37235,571,7,18181
37236,13,9,20943
37237,629,1,3560
37239,209,7,17336
37240,32,3,6023
37241,5,10,28285
37242,407,2,6583
37243,71,4,8958
37244,329,5,12699
37245,133,4,8730
37246,333,4,14829
37247,26,4,14698
37248,432,3,9317
37249,137,6,19819
37250,149,8,19366
37251,7,7,13575
37252,479,5,15733
37253,8,8,20991
37254,515,5,16110
37255,58,3,9619
37256,258,3,7580
37257,117,9,29107
37258,23,6,13166
37259,527,4,15387
37260,284,4,5221
37261,595,5,8262
37262,788,3,9751
37263,221,8,30837
37264,252,3,5683
37265,336,4,7089
37266,374,7,22795
37267,192,5,14849
37268,12,5,13580
37269,409,4,7989
37270,160,5,19291
37271,71,10,30861
37272,17,9,18395
37273,204,8,21782
37274,197,4,15312
37275,193,5,12664
37276,26,5,7857
37277,92,7,12732
37278,33,7,17890
37279,278,5,17877
37280,32,4,6917
37281,356,2,3616
37282,54,4,11940
37283,5,2,1497
37284,119,6,17476
37285,364,2,3953
37286,369,6,21021
37287,91,6,21094
37288,343,4,13182
37289,270,8,22511
37290,604,5,16717
37291,64,8,22806
37292,584,6,17466
37293,457,5,12395
37294,34,2,2812
37295,56,2,7104
37296,73,6,17954
37297,485,3,6524
37298,346,2,5438
37299,59,4,11239
37300,191,3,6882
37301,295,2,1219
37302,251,3,12562
37303,20,6,18011
37304,387,6,17999
37305,1320,1,1117
37306,453,2,7530
37307,77,7,23311
37308,302,6,21569
37309,351,4,8231
37310,90,10,31418
37311,155,6,19513
37312,237,3,9674
37313,101,7,14290
37314,143,6,16735
37315,584,7,20206
37316,442,3,12357
37317,88,4,9905
37318,419,6,11157
37319,254,5,18452
37320,356,1,1049
37321,70,4,14032
37322,304,4,14628
37323,813,1,1684
37324,146,7,21416
37325,628,3,11232
37326,1002,3,7931
37327,267,9,30770
37328,481,2,7398
37329,313,2,3593
37330,202,2,5360
37331,108,3,6816
37332,132,8,18674
37333,324,6,19011
37334,139,6,23470
37335,166,2,6773
37336,69,8,22569
37337,624,7,17883
37338,230,6,17090
37339,79,4,9411
37340,108,5,11772
37341,115,8,24015
37342,39,10,36121
37343,552,3,6881
37344,38,6,13915
37345,538,2,6125
37346,155,7,24738
37347,14,6,14214
37348,400,4,14158
37349,147,9,22681
37350,29,9,23490
37351,491,3,6116
37352,225,7,20207
37353,320,7,14474
37354,193,5,18463
37355,41,6,25124
37356,68,7,22361
37357,183,4,10498
37358,32,8,25269
37359,51,12,32525
37360,138,3,7796
37361,9,7,16794
37362,238,5,15873
37363,314,4,8729
37364,73,5,12705
37365,315,5,13185
37366,40,6,17096
37367,407,5,8667
37368,301,5,14141
37369,527,6,10776
37370,200,2,2847
37371,951,1,167
37372,36,4,10028
37373,116,5,19692
37374,335,5,13411
37375,48,5,12999
37376,724,5,15429
37377,757,2,4301
37378,167,5,16108
37379,97,3,2666
37380,18,7,23234
37381,292,4,13698
37382,791,1,4086
37383,80,3,9002
37384,98,8,17870
37385,624,3,7621
37386,644,7,8205
37387,66,6,20547
37388,504,4,5138
37389,57,8,26124
37390,2,5,11936
37391,405,8,25375
37392,74,6,14042
37393,19,7,24838
37394,659,5,15429
37395,79,3,10813
37396,296,4,11033
37397,46,9,25834
37398,244,10,24889
37399,164,5,11686
37400,56,8,27262
37401,27,6,25124
37402,95,6,18970
37403,79,11,25388
37404,112,8,27554
37405,113,2,4665
37406,67,2,3548
37407,476,4,10375
37408,425,6,20841
37409,1,4,11024
37410,217,9,22274
37411,72,5,15014
37412,459,3,10413
37413,43,5,14391
37414,718,3,8456
37415,3,4,6760
37416,77,7,18547
37417,66,8,25387
37418,14,7,16114
37419,333,3,8244
37420,416,3,4841
37421,122,7,22603
37422,1047,4,9445
37423,319,5,12167
37424,223,7,16389
37425,134,7,17228
37426,279,1,4518
37427,229,7,24265
37428,75,10,27610
37430,114,5,15321
37431,1013,2,4984
37432,83,3,11589
37433,201,5,18564
37434,315,6,7550
37435,86,5,11010
37436,458,9,25772
37437,334,4,13339
37438,185,5,12801
37439,175,7,26371
37440,453,2,7494
37441,384,3,8982
37442,349,4,11011
37443,65,8,25122
37444,80,7,16948
37445,47,6,17138
37446,84,6,17362
37447,198,4,14464
37448,982,3,6505
37449,24,8,24585
37450,87,6,11630
37451,1309,1,799
37452,60,2,6351
37453,203,3,9830
37454,163,6,14025
37455,166,6,16362
37456,105,7,13884
37457,25,6,11472
37458,14,3,5475
37459,900,3,7595
37460,79,5,17970
37461,165,7,18762
37462,936,4,14383
37463,371,5,19437
37464,557,7,24144
37465,16,4,15502
37466,834,2,2191
37467,207,2,9602
37468,868,1,2959
37469,513,4,14736
37470,320,3,9924
37471,47,5,12964
37472,120,6,15993
37473,182,6,21722
37474,190,6,11893
37475,54,4,7398
37476,418,3,5069
37477,234,3,9998
37479,71,7,22016
37480,77,8,23172
37481,95,3,8426
37482,43,5,18156
37483,31,6,21136
37484,120,5,11687
37485,665,1,3109
37486,209,5,13047
37487,823,3,7035
37488,199,6,17058
37489,36,4,9554
37490,207,5,9180
37491,160,6,16677
37492,23,2,4583
37493,176,4,7745
37494,425,6,14211
37495,280,6,12446
37496,121,6,16738
37497,154,5,6659
37498,199,7,16479
37499,432,2,5094
37500,10,6,15390
37501,180,6,15411
37502,72,5,13487
37503,57,4,13067
37504,557,5,13036
37505,222,6,20620
37506,104,6,15866
37507,599,4,11992
37508,81,7,24483
37509,27,9,20002
37510,660,7,10538
37511,64,5,16222
37512,156,2,5148
37513,338,4,11612
37514,61,2,2994
37515,408,3,3325
37516,194,7,22553
37517,102,5,14536
37518,169,5,10893
37519,272,6,17406
37520,281,3,10468
37521,415,3,14995
37522,485,4,7713
37523,208,5,16437
37524,115,12,28761
37525,146,3,9930
37526,112,7,16463
37527,40,7,11647
37528,330,2,9507
37529,178,9,32592
37530,54,3,12664
37531,53,6,18057
37532,5,9,22726
37533,79,3,11130
37534,11,6,16875
37535,291,5,12872
37536,85,4,11251
37537,319,6,15053
37538,25,4,13554
37539,60,7,11078
37540,693,1,3295
37541,138,5,20608
37542,350,7,22167
37543,431,3,8550
37544,68,5,14954
37545,60,3,9388
37546,122,4,13466
37547,45,8,13545
37548,678,3,5610
37549,453,4,10314
37550,175,5,9965
37551,135,1,2274
37552,281,6,15018
37553,229,6,10948
37554,310,5,9669
37555,262,8,23816
37556,8,9,29179
37557,98,3,4988
37558,301,5,12005
37559,70,7,20251
37560,219,9,18484
37561,80,7,15922
37562,127,6,13835
37563,145,5,7202
37564,313,6,14733
37565,379,2,5199
37566,24,5,9193
37567,86,7,20326
37568,10,7,17993
37569,188,5,16618
37570,111,5,13991
37571,158,4,7805
37572,612,6,12677
37573,122,8,34491
37574,200,7,20483
37575,376,5,11892
37576,513,7,14794
37577,186,3,7448
37578,54,3,10383
37579,232,6,16922
37580,953,4,6884
37581,158,5,11249
37582,82,6,12434
37583,441,5,9497
37584,81,9,24075
37585,231,7,12780
37586,81,6,16497
37587,341,7,19936
37588,67,7,15982
37589,796,4,8075
37590,272,6,14360
37591,35,5,15942
37592,52,2,7294
37593,101,9,28126
37594,276,1,1124
37595,100,4,12295
37596,5,10,28846
37597,95,7,17591
37598,484,5,15042
37599,207,2,6965
37600,187,4,15150
37601,134,3,4910
37602,14,3,9096
37603,88,10,30306
37604,192,2,8763
37605,769,4,7987
37606,250,4,10104
37607,245,5,14923
37608,209,2,7641
37609,126,5,13993
37610,185,4,13240
37611,135,4,10990
37612,91,6,14101
37613,816,1,3625
37614,307,6,14068
37615,942,3,9077
37616,317,6,16917
37617,186,6,11098
37618,215,4,16699
37619,747,3,10653
37620,166,13,40480
37621,801,2,4135
37622,145,5,13958
37623,144,3,10846
37624,317,4,11424
37625,483,3,9251
37626,146,1,4273
37627,708,3,8913
37628,445,4,10069
37629,149,6,17876
37630,24,5,19395
37631,142,5,8135
37632,254,2,2761
37633,182,6,19893
37634,107,4,9096
37635,401,5,9913
37636,267,4,14071
37637,733,5,15917
37638,151,3,6656
37639,96,5,8964
37640,205,4,7806
37641,202,6,12966
37642,181,4,14933
37643,104,4,13103
37644,188,6,17387
37645,301,4,11308
37646,202,7,20348
37647,612,8,20351
37648,701,4,7256
37649,149,9,27398
37650,81,3,5079
37651,213,6,17607
37652,340,6,8393
37653,282,6,16906
37654,66,4,6807
37655,157,7,15249
37656,85,3,4556
37657,298,1,4937
37658,172,3,11448
37659,209,5,14739
37660,40,7,21882
37661,167,4,11940
37662,10,4,7233
37663,13,4,9547
37664,77,2,5429
37665,159,3,10077
37667,657,5,11449
37668,200,6,9435
37669,196,8,15897
37670,88,6,16326
37671,80,5,15550
37672,168,8,20882
37673,72,5,12791
37674,137,4,10970
37675,479,8,20731
37676,17,13,44920
37677,3,10,29074
37678,334,5,13586
37679,123,6,17472
37680,90,4,15515
37681,17,4,11374
37682,23,4,11794
37683,126,3,8076
37684,251,9,18284
37685,197,4,10185
37686,851,3,7846
37687,26,6,6411
37688,168,5,10741
37689,57,6,11071
37690,12,3,9172
37691,876,4,14964
37692,300,3,10230
37693,87,8,16076
37694,219,10,27171
37695,626,1,4673
37696,421,4,12875
37697,61,9,31116
37698,218,7,19347
37699,432,2,7721
37700,473,4,11191
37701,1283,2,5792
37702,1115,4,14691
37703,490,4,8359
37704,1042,4,7097
37705,164,7,21200
37706,66,5,12291
37707,94,3,4363
37708,3,7,16196
37709,483,2,5841
37710,265,8,18150
37711,372,5,16766
37712,73,9,23750
37713,191,4,11406
37714,290,4,12435
37715,419,5,12236
37716,522,2,5956
37717,129,4,9572
37718,112,7,26047
37719,57,7,19626
37720,455,3,13039
37721,9,8,14481
37722,1134,2,3030
37723,18,8,26007
37724,21,3,6769
37725,875,3,9744
37726,401,6,15657
37727,384,3,10334
37728,141,7,19572
37729,65,11,30477
37730,549,5,9064
37731,378,3,13762
37732,327,5,13914
37733,139,5,13649
37734,6,6,19377
37735,241,4,10832
37736,229,6,17547
37737,111,7,19998
37738,405,4,13910
37739,269,7,28712
37740,156,6,16034
37741,153,8,20444
37742,223,4,13424
37743,301,4,16148
37744,240,1,2783
37745,11,9,26854
37746,8,9,22968
37747,1,7,22607
37748,190,5,20018
37749,371,3,13206
37750,273,3,13230
37751,122,4,14674
37752,74,7,22930
37753,1084,1,1320
37754,12,1,3164
37755,138,7,22007
37756,105,3,6650
37757,509,3,9595
37758,7,4,13673
37759,262,3,7237
37760,99,5,18600
37761,28,3,8677
37762,195,6,21274
37763,906,2,3318
37764,893,4,9706
37765,127,4,9521
37766,431,2,4064
37767,18,8,26687
37768,878,3,11481
37769,32,4,7769
37770,26,7,16243
37771,192,7,19947
37772,200,4,13243
37773,558,5,3770
37774,216,12,35386
37775,813,2,4268
37776,515,3,6185
37777,291,4,10165
37778,2,9,22997
37779,2,5,17973
37780,246,7,27045
37781,128,3,13023
37782,139,9,25812
37783,81,5,12777
37784,192,10,23404
37785,116,7,27148
37786,35,6,19597
37787,17,8,12209
37788,1054,1,4814
37789,237,6,15970
37790,113,7,15832
37791,1087,1,261
37792,347,5,9790
37793,23,4,13293
37794,80,2,8970
37795,174,6,25070
37796,275,8,21945
37797,47,3,12472
37798,143,12,37481
37799,206,5,9787
37800,3,4,14734
37801,138,6,16928
37802,178,9,25427
37803,209,4,19394
37804,8,8,24085
37805,20,9,25182
37806,98,7,13109
37807,146,10,33918
37808,386,8,17920
37809,25,6,12503
37810,141,4,12586
37811,346,8,28802
37812,561,4,7218
37813,164,6,20558
37814,111,3,6222
37815,740,2,2812
37816,36,5,15910
37817,46,4,8481
37818,435,5,12553
37819,366,2,8363
37820,260,5,12472
37821,664,4,13234
37822,81,7,20867
37823,117,2,810
37824,214,5,16558
37825,344,1,2795
37826,800,3,4962
37827,75,5,9853
37828,137,7,20684
37829,398,3,6490
37830,69,10,21921
37831,229,4,6206
37832,771,3,9873
37833,262,6,11955
37834,71,4,13599
37835,20,6,11033
37836,89,6,21784
37837,386,5,13989
37838,250,3,7699
37839,128,9,31293
37840,64,4,7978
37841,331,4,11151
37842,1128,1,906
37843,70,3,8483
37845,65,3,6133
37846,10,6,19251
37847,30,2,4486
37848,294,4,14808
37849,639,4,9146
37850,1,7,20595
37851,99,5,13351
37852,980,2,7454
37853,39,5,12896
37854,54,5,11437
37855,238,7,11670
37856,321,3,9964
37857,184,6,16782
37858,25,9,30613
37859,170,6,12825
37860,299,11,30214
37861,419,4,13501
37862,246,6,14055
37863,333,5,10899
37864,88,9,23667
37865,113,7,19778
37866,595,4,14778
37867,52,5,14040
37868,262,5,10485
37869,411,3,6414
37870,772,1,1891
37871,460,3,7358
37872,359,5,12338
37873,462,3,9117
37874,120,6,15587
37875,7,6,16751
37876,98,5,12700
37877,187,2,5234
37878,292,2,4472
37879,105,5,14520
37880,621,3,10382
37881,106,5,10436
37882,41,2,4487
37883,161,5,15819
37884,394,3,5677
37885,775,2,3502
37886,176,4,8938
37887,15,5,11815
37888,600,3,6850
37889,180,4,8547
37890,362,4,7178
37891,30,5,16580
37892,206,7,15763
37893,158,4,14793
37894,643,3,12208
37895,263,3,11939
37896,265,5,12400
37897,69,6,15396
37898,822,3,8289
37899,13,8,24591
37900,122,3,4477
37901,166,6,20848
37902,448,4,10352
37903,223,7,26455
37904,705,8,23693
37905,365,2,6397
37906,830,4,14778
37907,157,10,30563
37908,81,4,9422
37909,54,4,8716
37910,86,3,5319
37911,9,8,30952
37912,80,6,19407
37913,201,4,6498
37914,8,8,18294
37915,240,4,11705
37916,543,3,8422
37917,152,6,10764
37918,329,2,7351
37919,13,6,8828
37920,119,10,22542
37921,500,6,10659
37922,89,7,24348
37923,481,6,13914
37924,297,3,4272
37925,17,5,6776
37926,25,4,12727
37927,38,6,18761
37928,326,5,14825
37929,153,4,10814
37930,190,7,22216
37931,179,6,19011
37932,281,3,9619
37933,371,7,14281
37934,112,5,18141
37935,55,4,9432
37936,238,9,20076
37937,325,4,8569
37938,84,8,17564
37939,35,2,6869
37940,10,4,7760
37941,78,5,13462
37942,16,9,24142
37943,139,5,11626
37944,358,5,9685
37945,138,6,8282
37946,88,4,10931
37947,80,4,13977
37948,83,4,8069
37949,132,5,15032
37950,82,8,26229
37951,63,3,5367
37952,1106,3,8240
37953,66,7,19774
37954,144,4,11233
37955,491,3,5999
37956,760,4,8359
37957,5,7,22313
37958,73,4,6033
37959,372,8,23775
37960,278,4,12367
37961,790,1,604
37962,70,6,11217
37963,115,7,17682
37964,398,3,8820
37965,57,4,11068
37966,47,7,21752
37967,26,7,16866
37968,32,5,12104
37969,867,5,16458
37970,1244,1,2182
37971,125,8,30042
37972,293,4,7447
37973,807,2,6881
37974,123,3,13486
37975,208,5,10243
37976,779,2,4143
37977,103,6,15681
37978,47,5,15324
37979,118,7,9497
37980,19,8,19163
37981,29,4,8578
37982,155,3,4580
37983,131,5,19222
37984,438,6,15361
37985,422,7,19246
37986,730,1,4930
37987,426,4,11900
37988,98,4,11256
37989,304,5,19665
37990,211,8,24661
37991,41,9,23485
37992,838,4,7970
37993,232,5,12810
37994,147,6,10490
37995,56,8,15214
37996,437,3,5063
37997,304,6,13117
37998,817,6,15165
37999,309,2,5212
38000,374,3,10390
38001,310,4,14659
38002,78,9,21397
38003,137,7,24652
38004,44,4,11554
38005,162,9,22700
38006,198,4,12269
38007,97,4,8756
38008,152,6,21044
38009,184,4,13165
38010,21,7,16789
38011,35,6,20140
38012,15,5,13375
38013,291,3,2934
38014,27,4,14621
38015,14,7,27833
38016,353,2,5236
38017,9,6,15253
38018,34,6,14030
38019,82,3,4914
38020,688,5,13199
38021,77,6,20047
38022,41,5,13621
38023,226,5,13442
38024,4,5,14294
38025,414,3,12090
38026,233,4,11550
38027,84,3,8946
38028,85,8,25960
38029,150,5,10246
38030,162,5,15237
38031,35,8,22662
38032,12,8,29086
38033,62,6,14164
38034,384,6,14036
38035,811,3,5632
38036,149,6,17500
38037,371,3,7719
38038,425,4,6841
38039,102,6,12533
38040,606,5,17334
38041,162,6,13767
38042,36,7,12789
38043,111,3,6785
38044,24,5,17226
38045,18,5,11256
38046,757,2,2304
38047,250,6,20363
38048,201,4,11626
38049,788,3,7146
38050,222,8,20356
38051,61,6,19098
38052,406,6,19259
38053,600,2,9270
38054,53,7,19764
38055,414,6,9339
38056,79,8,24252
38057,539,9,29925
38058,279,7,16914
38059,38,4,11899
38060,495,4,7821
38061,111,7,23341
38062,212,4,13219
38063,30,8,20470
38064,144,1,2521
38065,209,2,8345
38066,52,4,7176
38067,48,3,9295
38068,27,6,18149
38069,225,6,16128
38070,304,2,9133
38071,334,4,17162
38072,312,3,8288
38073,59,8,20934
38074,188,5,16958
38075,298,6,23011
38076,476,4,6597
38077,79,8,33471
38078,111,3,3389
38079,101,3,5129
38080,626,5,13095
38081,83,7,14030
38082,279,4,12940
38083,3,5,12932
38084,165,2,6150
38085,763,1,4857
38086,534,3,9253
38087,287,5,9039
38088,150,6,17830
38089,146,5,14081
38090,32,7,15790
38091,112,8,11667
38092,60,8,20187
38093,400,4,11936
38094,574,4,6297
38095,86,1,5157
38096,70,4,14068
38097,173,6,7630
38098,46,5,9285
38099,41,3,5615
38100,201,7,13106
38101,642,2,1878
38102,129,8,31786
38103,258,4,11571
38104,157,3,10701
38105,12,6,13904
38106,111,5,16755
38107,123,6,19320
38108,259,8,23671
38109,324,4,10526
38110,336,5,13344
38111,638,3,4797
38112,153,4,8838
38113,4,7,20251
38114,195,4,10178
38115,352,7,17028
38116,82,6,13306
38117,591,6,21917
38118,179,3,5567
38119,37,11,27605
38120,620,6,9951
38121,872,1,413
38122,375,5,8621
38123,334,10,27963
38124,97,9,22986
38125,161,8,21219
38126,33,8,17613
38127,249,2,3554
38128,47,5,10852
38129,182,2,4935
38130,165,8,24300
38131,284,2,6371
38132,73,7,18971
38133,121,5,11020
38134,285,8,29038
38135,64,3,8499
38136,360,5,15537
38137,72,10,24940
38138,107,5,16843
38139,115,8,20502
38140,35,10,27339
38141,257,9,22992
38142,49,8,14135
38143,22,7,15694
38144,3,8,15420
38145,391,1,4169
38146,597,5,15259
38147,211,5,10929
38148,177,6,14316
38149,497,5,12080
38150,620,7,19787
38151,57,2,9873
38152,29,4,13591
38153,360,2,5639
38154,73,6,12494
38155,11,11,38405
38156,137,3,14180
38157,84,7,17336
38158,160,4,6705
38159,154,6,12864
38160,338,10,26702
38161,342,5,13649
38162,141,3,8272
38163,231,4,8810
38164,170,7,21718
38165,113,5,10497
38166,74,7,18255
38167,807,3,7583
38168,839,2,3796
38169,246,8,27631
38170,319,1,830
38171,490,3,8408
38172,23,4,10964
38173,65,9,24000
38174,392,4,12295
38175,77,6,14848
38176,97,5,13491
38177,738,1,4267
38178,306,5,16278
38179,162,6,15461
38180,521,2,6361
38181,346,7,19165
38182,441,2,7095
38183,195,8,25306
38184,683,5,3976
38185,26,4,14468
38186,41,6,15262
38187,106,6,18955
38188,1020,1,798
38189,266,5,14800
38190,109,5,11301
38191,91,4,8697
38192,213,6,21546
38193,99,3,8821
38194,882,2,4095
38195,156,9,22743
38196,911,2,4502
38197,80,5,6278
38198,163,6,18038
38199,456,5,13115
38200,52,4,7109
38201,123,6,17097
38202,56,4,5527
38203,269,4,8844
38204,579,4,7642
38205,236,4,8824
38206,28,8,22911
38207,201,4,18081
38208,522,2,8072
38209,565,6,15656
38210,278,4,10318
38211,133,7,23283
38212,218,6,19431
38213,124,5,15345
38214,41,1,1949
38215,287,5,16708
38216,101,2,4129
38217,439,4,8090
38218,186,5,12080
38219,191,3,8483
38220,472,2,6031
38221,253,6,17521
38222,107,4,7855
38223,133,1,2073
38224,23,6,19071
38225,199,6,20479
38226,655,6,16404
38227,17,9,24161
38228,99,5,14080
38229,352,4,17383
38230,592,6,18078
38232,180,5,16595
38233,193,6,12830
38234,376,7,11945
38236,233,5,11260
38237,673,1,3030
38238,125,4,10632
38239,245,6,17846
38240,225,5,13644
38241,510,2,9152
38242,509,4,11218
38243,50,8,30556
38244,436,3,4362
38245,157,4,13089
38246,173,4,8628
38247,935,2,7267
38248,232,7,20585
38249,123,3,9989
38250,595,2,8402
38251,4,5,12008
38252,247,9,30858
38253,26,3,7869
38254,133,8,24078
38255,330,6,11926
38256,511,5,11249
38257,195,4,12624
38258,293,6,19399
38259,192,5,15200
38260,32,5,14011
38261,43,3,8331
38262,44,5,10790
38263,604,5,17656
38264,16,2,9153
38265,156,4,10893
38266,530,6,20563
38267,93,5,17184
38268,32,8,32105
38269,123,10,27357
38270,151,5,15424
38271,29,2,1881
38272,268,4,12824
38273,95,7,23326
38274,13,6,19772
38275,192,9,18512
38276,423,4,17221
38277,106,3,9939
38278,140,4,11399
38279,22,6,19293
38280,28,6,12958
38281,166,5,21754
38282,113,6,19241
38284,246,6,11938
38285,403,7,18253
38286,418,5,11930
38287,193,6,22818
38288,423,2,6175
38289,34,1,2318
38290,99,9,25544
38291,696,3,5109
38292,35,10,25302
38293,114,6,16512
38294,202,5,13063
38295,242,3,1913
38296,220,4,7085
38297,449,5,12264
38298,452,3,11915
38299,92,3,8934
38300,374,4,9907
38301,101,4,15882
38302,144,4,13437
38303,16,9,22330
38304,40,9,31886
38305,124,5,14998
38306,501,8,24437
38307,870,3,7705
38308,729,3,7165
38309,399,5,12499
38310,411,5,17847
38311,145,3,2595
38312,216,5,12128
38313,31,8,13991
38314,53,3,9610
38315,146,5,13054
38316,31,7,22593
38317,47,8,24264
38318,424,3,6102
38319,420,5,13327
38320,366,3,10139
38321,291,7,20394
38322,108,6,18657
38323,199,7,19662
38324,67,4,9255
38325,562,3,9568
38326,348,5,16511
38327,20,3,6015
38328,404,3,3149
38329,206,11,39101
38330,218,2,5653
38331,128,3,5136
38332,149,2,1355
38333,44,8,21954
38335,440,5,14256
38336,739,2,6406
38337,76,5,13613
38338,207,7,15767
38339,154,6,17562
38340,346,7,20723
38341,80,5,13369
38342,202,7,10761
38343,52,8,18109
38344,217,2,1132
38345,643,2,4823
38346,242,5,12533
38347,65,10,24216
38348,92,6,18841
38349,111,8,31576
38350,263,4,11229
38351,174,4,6204
38352,167,5,16646
38353,55,7,23228
38354,5,5,14708
38355,91,3,7856
38356,74,2,8636
38357,610,4,14935
38358,530,4,15010
38359,319,3,12713
38360,133,6,17459
38361,283,4,9594
38362,77,7,22244
38363,639,2,6083
38364,551,5,8818
38365,135,6,13631
38366,174,8,20454
38367,398,2,2834
38368,15,4,13274
38369,395,8,28236
38370,33,3,7084
38371,20,10,27139
38372,397,3,9587
38373,277,10,34580
38374,101,8,25187
38375,338,6,15871
38376,21,8,17832
38378,146,4,6750
38379,661,2,6339
38380,24,5,15298
38381,414,3,8200
38382,115,8,15987
38383,28,7,17333
38384,48,4,13920
38385,134,5,16178
38386,257,3,8878
38387,289,6,18894
38388,470,4,15469
38389,61,3,9612
38390,195,4,9383
38391,132,5,16038
38392,23,7,15239
38393,103,5,10655
38394,21,7,21319
38395,57,5,13080
38396,805,3,5209
38397,773,4,11933
38398,727,6,19666
38399,791,3,13136
38400,82,2,3455
38401,85,4,10027
38402,73,7,23577
38403,542,6,10445
38405,307,7,10515
38406,767,1,1162
38407,33,10,26946
38408,98,6,15590
38409,726,3,8025
38410,30,6,16594
38411,70,6,17039
38412,95,8,17495
38413,220,4,11335
38414,300,6,18106
38415,1096,1,1459
38416,42,9,18435
38417,129,5,11918
38418,293,4,9645
38419,81,5,15239
38420,136,3,8872
38421,65,3,9797
38422,362,9,22229
38423,284,5,12220
38424,77,6,14779
38425,395,4,10015
38426,186,6,18755
38427,373,4,11842
38428,401,3,9680
38429,494,3,13416
38430,136,6,18575
38431,1162,2,5317
38432,117,4,10464
38433,745,3,9549
38434,243,4,14087
38435,315,4,12171
38436,166,5,9655
38437,231,6,16580
38438,263,5,13585
38439,23,5,11831
38440,180,9,27816
38441,405,2,8599
38442,34,6,17393
38443,656,8,20444
38444,347,5,12666
38445,237,6,12692
38446,135,9,27954
38447,308,5,17259
38448,116,9,19777
38449,70,3,4404
38450,106,6,12546
38451,278,2,4875
38452,94,5,12300
38453,383,4,8437
38454,26,7,12849
38455,133,8,16145
38456,251,5,12044
38457,245,6,14126
38458,396,2,5192
38459,43,10,23869
38460,12,6,11648
38461,32,7,14651
38462,436,3,7353
38463,80,5,9426
38464,811,3,2387
38465,316,3,6830
38466,6,8,25209
38467,199,6,13799
38468,262,4,11917
38469,33,5,18363
38470,54,6,15695
38471,357,4,8742
38472,72,3,10049
38473,661,5,13765
38474,197,2,5107
38475,30,8,14252
38476,858,1,841
38477,144,6,17346
38478,17,3,4585
38479,623,4,8355
38480,113,11,32950
38481,15,9,26139
38482,112,6,8389
38483,149,9,26270
38484,22,11,34588
38485,169,3,8727
38486,190,8,24375
38487,628,6,18301
38488,98,8,15755
38489,369,3,6608
38490,8,7,25288
38491,214,5,15043
38492,157,4,13258
38493,267,5,9957
38494,23,7,16696
38495,234,7,17254
38496,73,7,27544
38497,138,4,3004
38498,170,3,2966
38499,495,4,9879
38500,117,5,12381
38501,80,4,7580
38502,22,6,20188
38503,35,3,5338
38504,32,7,22044
38505,289,7,27123
38506,487,6,16450
38507,48,5,15398
38508,326,7,25328
38509,41,5,14686
38510,480,4,9197
38511,230,4,9270
38512,71,6,19319
38513,145,3,6365
38514,438,3,9462
38515,35,4,16228
38516,14,6,16532
38517,116,8,17983
38518,590,3,11478
38519,66,8,24275
38520,154,7,21827
38521,123,3,7384
38522,112,8,17346
38523,548,2,8309
38524,350,5,10830
38525,238,3,5851
38526,93,5,20829
38527,199,5,9131
38528,80,3,12501
38529,139,4,18040
38530,700,3,5281
38531,56,8,23751
38532,245,7,18197
38533,28,8,25397
38534,65,10,27302
38535,150,4,10627
38536,713,2,4031
38537,2,4,15646
38538,452,5,14900
38539,234,9,17802
38540,54,7,20340
38541,163,7,17583
38542,425,9,22400
38543,595,4,11650
38544,145,6,10137
38545,124,3,6082
38546,67,7,21083
38547,494,5,10193
38548,265,6,15444
38549,775,2,2670
38550,95,6,18076
38551,532,2,6517
38552,34,5,14631
38553,13,7,20050
38554,94,4,12969
38555,324,8,20192
38556,218,4,13663
38557,89,7,14395
38558,273,6,21736
38559,201,5,13590
38560,331,5,11060
38561,218,6,12847
38562,252,9,26379
38563,3,6,12035
38564,1039,1,2356
38565,403,3,6561
38566,6,9,20989
38567,785,3,2350
38568,610,5,16058
38569,227,6,14909
38570,88,1,2580
38571,296,8,18496
38572,306,7,15471
38573,413,6,16061
38574,35,3,11639
38575,266,2,8701
38576,708,2,4983
38577,17,7,16511
38578,518,2,3004
38579,525,7,12792
38580,136,2,5985
38581,400,3,6869
38582,150,9,26699
38583,70,6,20044
38584,188,7,20802
38585,263,4,12900
38586,482,2,7941
38587,192,5,10813
38588,971,2,7116
38589,116,2,7027
38590,193,5,8346
38591,364,6,13680
38592,470,4,9233
38593,7,7,17929
38594,1210,2,5774
38595,81,5,14287
38596,110,10,30160
38597,174,7,16439
38598,149,3,9161
38599,126,6,17776
38600,11,8,26402
38601,41,2,7462
38602,224,4,14151
38603,201,4,17759
38604,85,6,16441
38605,800,4,15389
38606,46,6,10924
38607,248,4,15238
38608,85,8,14007
38609,386,3,7559
38610,11,6,16057
38611,77,5,11186
38612,141,7,20191
38614,246,7,19674
38615,7,5,12793
38616,224,2,6368
38617,104,6,11692
38618,271,10,31926
38619,395,9,26016
38620,862,3,4216
38621,369,2,5180
38622,69,6,10434
38623,379,5,10665
38624,62,4,6597
38625,210,10,27702
38626,57,8,25510
38627,89,6,18120
38628,30,1,4301
38629,92,9,26235
38630,5,5,15658
38631,22,5,12893
38632,68,6,18267
38633,151,9,24400
38634,3,12,34753
38635,341,4,7944
38636,226,2,8344
38637,137,4,13581
38638,89,7,18005
38639,529,4,10344
38640,119,5,10074
38641,230,6,15684
38642,5,9,34299
38643,294,1,4619
38644,220,6,11795
38645,176,9,22783
38646,166,2,6804
38647,140,8,23869
38648,157,6,13563
38649,285,4,8784
38650,31,7,21700
38651,96,5,14746
38652,129,7,21569
38653,308,7,17390
38654,140,5,20509
38655,203,2,8042
38656,707,3,6936
38657,161,10,18309
38658,148,3,6223
38659,473,6,13857
38660,559,7,11275
38661,158,7,20013
38662,335,4,10919
38663,79,4,11131
38664,449,3,7449
38665,159,4,4222
38666,1221,3,10282
38667,41,5,8060
38668,177,5,14560
38669,817,4,6718
38670,309,3,4995
38671,27,6,17376
38672,209,4,7931
38673,81,7,16469
38674,490,9,29343
38675,47,4,8342
38676,4,5,18191
38677,104,7,22997
38678,783,3,6142
38679,113,5,16940
38680,301,6,13196
38681,608,2,3682
38682,100,5,12976
38683,105,5,7047
38684,100,4,11713
38685,294,10,23676
38686,1008,2,3687
38687,679,3,6723
38688,92,5,10605
38689,98,7,18081
38690,46,8,21721
38691,386,2,3506
38692,115,4,9817
38693,114,7,25213
38694,107,6,14395
38695,122,4,12170
38696,70,8,29609
38697,38,5,12189
38698,162,6,13044
38699,691,1,3414
38700,426,5,13543
38701,71,4,7123
38702,4,5,12002
38703,72,6,14030
38704,139,6,20879
38705,21,8,19965
38706,790,3,6646
38707,177,3,6782
38708,225,3,6265
38709,96,5,16101
38710,117,6,19736
38711,78,3,9954
38712,62,3,13966
38713,147,5,11570
38714,752,5,11912
38715,74,5,13727
38716,269,7,21089
38717,36,9,20753
38718,497,1,4592
38719,232,7,20224
38720,176,7,21144
38721,138,2,4877
38722,186,6,14166
38723,226,2,4276
38724,207,10,24159
38725,180,3,9419
38726,683,2,8263
38727,79,5,16377
38728,41,8,27530
38729,238,10,15886
38730,507,9,28248
38731,28,8,13560
38732,37,7,18034
38733,758,3,6356
38734,696,3,8211
38735,68,7,22990
38736,170,4,6216
38737,52,6,10246
38738,398,5,16041
38739,124,4,13871
38740,723,4,4127
38741,293,6,13301
38742,41,4,13436
38743,267,5,10476
38744,509,2,8691
38745,92,10,21707
38746,880,1,1330
38747,350,4,14679
38748,230,6,22649
38749,124,5,9130
38750,112,3,7173
38751,455,2,1637
38752,24,6,16713
38753,284,4,10055
38754,45,5,9856
38755,28,5,14772
38756,329,6,21236
38757,163,4,8321
38758,445,5,14988
38759,32,9,21153
38760,168,3,7598
38761,203,5,9444
38762,77,4,8792
38763,641,3,4951
38764,366,6,12555
38765,44,7,18814
38766,135,8,17806
38767,40,6,16044
38768,98,6,13268
38769,240,7,15216
38770,11,5,13452
38771,30,8,19978
38772,634,2,1131
38773,64,3,8270
38774,400,5,11027
38775,233,5,15054
38776,503,2,4578
38777,70,4,7027
38779,254,2,5974
38780,54,9,31529
38781,557,5,13602
38782,209,4,11568
38783,139,9,24205
38784,47,4,8953
38785,522,3,4472
38786,236,4,9636
38787,323,4,7618
38788,434,6,12747
38789,352,4,16933
38790,465,6,17786
38791,84,9,29388
38792,125,10,25047
38793,46,5,13353
38794,9,8,19199
38795,1024,4,7161
38796,243,3,11429
38798,77,4,13068
38799,1170,2,3700
38800,197,5,16217
38801,33,2,5227
38802,23,4,9745
38803,176,7,14028
38804,68,3,13933
38805,11,7,25073
38806,182,7,13313
38807,515,3,8770
38808,256,1,4724
38809,311,6,17009
38810,2,6,14954
38811,307,5,13492
38812,162,5,15086
38813,1231,2,3572
38814,45,5,15768
38815,537,4,7804
38816,126,4,5707
38817,124,5,18587
38818,89,7,18985
38819,18,6,16985
38820,103,7,17126
38821,27,7,20656
38822,191,2,3832
38823,24,4,12518
38824,428,5,15282
38825,8,4,11349
38826,47,6,19699
38827,548,4,10946
38828,74,7,15169
38829,110,4,7172
38830,64,9,19029
38831,914,4,11986
38832,333,4,17886
38833,364,3,6938
38834,152,8,16173
38835,300,5,9309
38836,500,3,6454
38837,51,3,12298
38838,74,7,21377
38839,497,3,8133
38840,1,5,11138
38841,291,4,18842
38842,63,8,13587
38843,185,4,5568
38845,500,6,21677
38847,111,5,15617
38848,446,4,9853
38849,237,8,22666
38850,79,5,16608
38851,867,2,8606
38852,206,5,12966
38853,63,7,24455
38854,611,5,14035
38855,51,8,20375
38856,110,4,14132
38857,372,2,2235
38858,180,7,14695
38859,476,6,10513
38860,483,8,25719
38861,709,2,6378
38862,19,7,14906
38863,119,1,2192
38864,54,11,34499
38865,655,5,13697
38866,16,10,25779
38867,147,7,18707
38868,536,2,3849
38869,185,4,16162
38870,246,4,12901
38871,62,5,12331
38872,175,5,17707
38873,23,6,20359
38874,100,6,13037
38875,180,4,11270
38876,77,9,19924
38877,130,8,24433
38878,12,2,7040
38879,124,6,15427
38880,367,7,14048
38881,46,6,18797
38882,25,8,21768
38883,183,3,9580
38884,132,9,31175
38885,324,6,15975
38886,86,4,10179
38887,121,6,15120
38888,364,3,8999
38889,161,8,23140
38890,489,6,15962
38891,195,3,5882
38892,176,8,24576
38893,165,4,10998
38894,2,5,16887
38895,244,4,11031
38896,117,6,19008
38897,23,7,13591
38898,40,2,5952
38899,365,3,8249
38900,569,5,16832
38901,5,6,11316
38902,184,8,21372
38903,141,6,20173
38904,160,2,4265
38905,454,2,7418
38906,406,4,12464
38907,68,5,19052
38908,213,5,17676
38909,541,3,6016
38910,132,6,18072
38911,168,6,17551
38912,2,7,13671
38913,611,3,5450
38914,7,13,40879
38915,752,1,527
38916,15,4,4878
38917,201,4,19156
38918,469,6,18171
38919,142,4,6725
38920,241,3,10052
38921,61,2,1036
38922,273,4,8352
38923,280,6,23593
38924,106,4,13554
38925,61,13,30770
38926,182,4,15021
38927,32,4,10939
38928,213,5,12432
38929,86,6,10853
38930,368,8,15723
38931,471,5,12153
38932,19,7,16377
38933,23,3,8354
38934,319,3,5175
38935,6,7,19326
38936,271,3,11890
38937,35,4,9024
38938,146,7,19207
38939,39,7,16771
38940,282,1,3093
38941,86,5,11946
38942,656,5,15045
38943,260,6,14591
38944,549,4,10399
38945,172,7,16894
38946,364,5,18013
38947,666,6,17439
38948,53,4,2161
38949,67,4,10849
38950,797,4,12097
38951,364,5,10271
38952,233,7,20068
38953,224,6,19085
38954,327,5,13933
38955,8,4,14612
38956,143,4,8822
38957,569,5,16997
38958,19,3,9994
38959,813,2,6026
38960,201,5,14240
38962,133,3,6255
38963,100,11,27966
38964,727,3,8665
38965,283,5,11362
38966,68,5,8379
38967,139,6,21376
38968,58,7,15954
38969,112,7,16596
38970,344,4,13803
38971,123,5,12614
38972,78,6,12428
38973,57,8,22515
38974,272,5,10963
38975,14,11,28638
38976,188,3,10876
38977,833,5,13793
38978,35,7,14179
38979,68,7,23651
38980,111,2,4864
38981,458,2,5335
38982,499,4,11022
38983,19,6,12122
38984,175,4,9332
38985,99,6,20747
38986,87,3,9127
38987,370,5,11539
38988,525,5,18366
38989,73,7,17961
38990,209,4,10456
38991,170,3,9010
38992,433,9,28517
38993,30,8,19703
38994,275,5,19930
38995,46,5,16533
38996,57,7,19367
38997,179,5,8260
38998,222,4,13850
38999,145,5,18443
39000,167,5,20440
39001,27,5,14856
39002,23,6,18394
39003,32,10,26903
39004,49,4,11103
39005,150,4,13420
39006,211,6,23005
39007,789,2,2570
39008,135,5,16105
39009,96,9,23576
39010,15,5,12176
39011,831,3,5523
39012,19,5,11467
39013,7,5,13887
39014,121,9,16771
39015,150,7,19669
39016,1056,2,3943
39017,20,6,21419
39018,122,5,14968
39019,426,8,26255
39020,496,1,2990
39021,78,5,17329
39022,323,2,3112
39023,123,5,15034
39024,42,8,14545
39025,134,9,25189
39026,70,8,22891
39027,320,2,6901
39028,1258,1,1879
39029,1045,2,5604
39030,28,8,23625
39031,16,5,12244
39032,425,6,13343
39033,211,3,4709
39034,383,5,15917
39035,157,3,10551
39036,78,5,12676
39037,767,4,5193
39038,99,9,25440
39039,11,7,20604
39040,102,5,14367
39041,13,8,29370
39042,1129,1,4945
39043,192,5,17292
39044,25,5,19398
39045,39,6,12415
39046,215,5,14739
39047,69,7,24021
39048,450,4,13770
39049,342,3,7019
39050,6,4,16591
39051,849,3,7508
39052,298,3,8372
39053,261,6,12469
39055,186,7,20281
39056,62,6,21137
39057,65,4,8967
39058,25,7,19108
39059,476,8,24076
39060,56,2,2386
39061,201,6,15105
39062,19,5,11789
39063,815,1,2140
39064,289,3,11220
39065,80,8,22469
39066,469,2,5265
39067,58,6,14547
39068,447,7,23107
39069,225,4,5086
39070,369,5,18439
39071,17,6,20878
39072,236,3,8928
39073,230,5,14817
39074,677,2,3834
39075,182,4,6060
39076,468,4,11286
39077,45,4,8953
39078,10,7,26417
39079,343,3,12431
39080,71,6,16793
39081,470,4,11541
39082,139,8,15509
39083,985,2,5608
39084,45,6,16800
39085,185,3,5188
39086,112,3,3782
39087,53,6,14185
39088,693,4,13030
39089,187,5,11774
39090,502,6,18943
39091,104,3,7459
39092,609,3,5875
39093,108,6,17878
39094,48,5,13380
39095,130,6,16891
39096,143,6,16804
39097,829,1,5242
39098,170,11,32467
39099,758,3,6727
39100,401,3,7642
39101,31,7,13085
39102,151,3,10728
39103,190,7,15695
39104,311,4,9445
39105,266,5,6619
39106,56,6,13194
39107,47,8,24676
39108,99,5,13615
39109,466,4,11119
39110,31,3,6814
39111,64,4,11720
39112,63,6,20222
39113,242,6,9510
39114,222,5,13956
39115,124,7,13885
39116,11,2,5398
39117,95,9,23402
39118,675,2,8098
39119,21,6,15596
39120,4,4,8068
39121,87,7,19054
39122,103,5,17318
39123,225,4,13513
39124,5,2,7160
39125,278,5,10407
39126,44,5,19777
39127,62,9,20583
39128,86,10,29180
39129,188,3,6634
39130,26,4,7256
39131,251,4,15121
39132,117,5,15017
39133,12,6,15386
39134,329,2,5050
39135,307,4,9708
39136,24,5,13032
39137,55,4,11124
39138,157,6,16770
39139,801,2,5308
39140,499,4,13077
39142,184,5,9572
39143,42,5,9460
39144,703,3,8775
39145,401,4,7308
39146,2,7,14772
39147,202,5,15699
39148,6,5,13243
39149,159,3,12550
39150,68,9,21674
39151,66,8,23581
39152,124,8,24261
39153,437,8,22026
39154,242,5,10863
39155,11,3,7966
39156,29,7,20948
39157,341,5,13160
39158,56,7,14056
39159,849,3,8093
39160,164,7,15750
39161,387,4,11116
39162,86,9,32575
39163,332,4,14265
39164,236,5,18061
39165,369,6,19121
39166,153,4,7655
39167,443,2,6235
39168,318,7,17018
39169,89,3,8975
39170,350,4,11196
39171,65,5,17345
39172,169,4,11349
39173,900,2,4176
39174,70,5,15605
39175,51,2,8697
39176,10,7,16164
39177,105,4,8008
39178,274,4,8531
39179,120,6,15178
39180,345,10,27734
39181,39,5,11341
39182,254,6,12650
39183,752,4,8928
39184,844,3,11974
39185,147,4,15261
39186,36,5,11744
39187,36,11,19549
39188,104,5,14631
39189,330,2,5016
39190,649,2,5470
39191,325,4,10599
39192,93,4,9724
39193,227,6,22901
39194,66,3,8961
39195,302,5,18464
39196,13,8,20450
39197,179,5,19105
39198,239,7,15358
39199,182,5,10657
39200,304,3,8370
39201,487,5,15260
39202,353,4,5646
39203,210,5,15268
39204,100,6,24707
39205,210,3,11994
39206,201,6,18640
39207,1144,3,3663
39208,73,4,11766
39209,68,6,14940
39210,223,4,11127
39211,931,3,5949
39212,361,4,11173
39213,177,5,11422
39214,181,4,5525
39215,70,4,9250
39216,83,6,17394
39217,167,4,7023
39218,1,8,18592
39219,271,9,22854
39220,287,7,19254
39221,78,6,18139
39222,280,4,13395
39223,694,3,12580
39224,147,9,31225
39225,227,5,14090
39226,101,6,11812
39227,261,5,12661
39228,244,4,9746
39229,93,4,11850
39230,398,2,4125
39231,240,4,8994
39232,746,3,5549
39233,344,3,7039
39234,369,4,9335
39235,100,6,22845
39236,110,3,3895
39237,152,7,23309
39238,45,8,26762
39239,30,4,5223
39240,374,8,20460
39241,200,8,24710
39242,43,6,12116
39243,15,5,11629
39245,122,4,11555
39246,4,3,9109
39247,197,4,9883
39248,158,7,16012
39249,7,7,16739
39250,1042,3,6577
39251,202,8,20054
39252,228,8,20637
39253,286,5,12725
39254,412,5,14988
39255,44,7,23174
39256,416,4,12294
39257,267,3,3606
39258,130,1,1681
39259,352,2,4096
39260,152,3,8901
39261,673,3,8401
39262,18,5,5548
39263,222,9,24482
39264,256,5,13638
39265,266,3,9334
39266,134,5,11438
39267,552,4,8173
39268,238,5,13160
39269,42,4,5222
39270,106,5,15443
39271,743,3,7204
39272,2,5,14060
39273,814,3,3481
39274,21,9,13537
39275,56,3,12435
39276,34,5,12722
39277,50,11,20978
39278,300,4,10615
39279,95,8,23707
39280,164,6,12283
39281,237,2,9497
39282,159,2,1786
39283,527,2,9818
39284,31,8,31621
39285,29,7,17331
39286,43,6,12421
39287,544,7,14847
39288,210,9,22176
39289,453,3,10401
39290,456,6,13483
39291,710,2,6204
39292,77,9,25628
39293,2,6,14965
39294,105,3,10760
39295,142,3,10854
39296,441,2,7000
39297,272,3,10736
39298,367,7,19390
39299,51,8,16115
39300,83,3,8823
39301,166,7,19672
39302,264,5,12764
39303,452,5,9901
39304,232,7,16600
39305,205,5,15037
39306,657,5,12965
39307,59,5,12236
39308,288,6,10755
39309,313,3,9086
39310,1,4,13914
39311,408,4,9869
39312,20,7,23783
39313,21,3,6815
39314,830,3,13158
39315,111,6,5617
39316,78,4,10989
39317,250,3,8591
39318,297,4,11037
39319,257,4,16034
39320,302,8,15066
39321,148,5,19838
39322,7,8,24744
39323,489,3,4937
39324,59,6,20654
39325,441,3,9011
39326,239,6,14754
39327,121,6,15971
39328,570,7,24458
39329,208,5,13064
39330,275,4,12918
39331,246,4,9096
39332,230,6,15982
39333,307,5,11337
39334,10,4,12996
39335,10,8,20013
39336,8,5,11912
39337,320,3,13386
39338,185,8,15858
39339,119,4,12253
39340,67,5,9292
39341,331,3,13235
39342,769,4,6038
39343,390,5,12685
39344,211,5,17106
39345,636,3,9184
39346,28,8,23077
39347,194,7,17739
39348,56,5,12181
39349,655,3,6334
39350,777,5,11698
39351,71,2,4572
39352,3,4,10943
39353,48,9,23788
39354,84,8,22623
39355,62,5,12397
39356,451,3,8017
39357,668,4,6823
39358,408,3,7629
39359,27,8,23301
39360,218,5,10434
39361,627,5,19913
39362,436,5,20185
39363,637,6,14685
39364,15,7,11743
39365,348,6,14060
39366,499,2,6378
39367,225,5,14622
39368,97,6,17803
39369,85,4,13055
39370,188,6,18636
39371,73,9,20837
39372,202,7,15091
39373,73,8,20274
39374,875,4,10584
39376,458,3,4643
39377,116,4,9307
39378,511,3,6284
39379,205,5,9807
39380,345,5,11907
39381,382,5,15442
39382,382,3,8172
39383,456,6,20485
39384,48,5,13129
39385,145,4,9870
39386,236,6,11326
39387,283,6,20982
39388,203,3,5779
39389,576,4,10999
39390,165,4,10208
39391,66,9,21968
39392,29,2,4636
39393,48,5,17319
39394,64,7,15934
39395,779,1,1284
39396,502,4,14133
39397,135,6,17588
39398,79,4,14934
39399,67,5,10179
39400,133,5,18963
39401,620,5,12819
39402,162,6,18697
39403,129,7,18234
39404,145,1,204
39405,154,4,11690
39406,162,4,14642
39407,175,6,17365
39408,219,8,20567
39409,595,1,4166
39410,27,7,19088
39411,354,6,18058
39412,85,5,11335
39413,101,7,12563
39414,187,5,15296
39415,90,6,11178
39416,193,4,9486
39417,3,5,13849
39418,5,4,11625
39419,247,6,20624
39420,96,5,12326
39421,236,4,9984
39422,233,4,16707
39423,515,4,9301
39424,227,4,13247
39425,11,5,13411
39426,177,8,23037
39427,140,3,6657
39428,64,5,14416
39429,158,6,16429
39430,74,5,11595
39431,693,4,7280
39432,505,4,15014
39433,210,6,21337
39434,312,4,15624
39435,34,6,16758
39436,90,9,26159
39437,54,5,19617
39438,442,5,13729
39439,41,6,22502
39440,397,8,21121
39441,107,6,20964
39442,58,4,13286
39443,367,2,4020
39444,57,6,14007
39445,612,1,4291
39446,255,4,5886
39447,151,7,17226
39448,213,8,20210
39449,170,8,30786
39450,597,2,2950
39451,33,7,19591
39452,208,2,5797
39453,148,6,12225
39454,146,7,21185
39455,51,7,16562
39456,37,9,24924
39457,95,4,9969
39458,47,7,23926
39459,400,2,4462
39460,430,3,10492
39461,34,4,9047
39462,734,2,6326
39463,110,7,21017
39464,196,3,10794
39465,81,6,13865
39466,23,7,22045
39467,546,5,13487
39468,54,5,8805
39469,506,2,5347
39470,395,7,17807
39471,21,8,22940
39472,9,5,11906
39473,436,5,15879
39474,173,5,12579
39475,753,3,4817
39476,330,3,13740
39477,654,4,10455
39478,419,7,12423
39479,392,3,8375
39480,15,6,15863
39481,191,5,13125
39482,39,5,10981
39483,46,3,6480
39484,65,9,16835
39485,259,2,2714
39486,115,5,15753
39487,369,4,9186
39488,24,9,28594
39489,143,10,32515
39490,283,4,9198
39491,589,3,2350
39492,56,6,17571
39493,97,7,16415
39494,65,7,21970
39495,410,2,6031
39496,479,6,15661
39497,254,5,8845
39498,50,6,17019
39499,71,9,23031
39500,473,6,16171
39501,302,5,11620
39502,20,8,15978
39503,122,5,12774
39504,95,9,23003
39505,182,3,7765
39506,176,10,28925
39507,185,8,17108
39508,338,1,527
39509,174,6,16976
39510,70,7,25294
39511,257,2,3839
39512,59,3,7977
39513,228,6,18205
39514,290,2,9381
39515,66,10,22747
39517,205,8,20826
39518,10,4,16633
39519,106,9,26680
39520,271,3,8175
39521,319,5,7872
39522,390,6,17422
39523,259,5,8980
39524,91,8,13483
39525,568,4,11176
39526,765,1,945
39527,302,3,8533
39528,326,3,4061
39529,8,4,8406
39530,118,9,24205
39531,399,4,10284
39532,230,6,13532
39533,21,8,21857
39534,654,5,9274
39535,709,3,7446
39536,220,3,8404
39537,170,4,16813
39539,233,3,8835
39540,865,2,4555
39541,173,3,12983
39542,616,2,5629
39543,8,9,19198
39544,74,10,32108
39545,176,6,15975
39546,40,5,12981
39547,428,4,8296
39548,133,9,23632
39549,402,6,15559
39550,2,3,8349
39551,42,5,14321
39552,229,5,12238
39553,381,4,11627
39554,46,6,20539
39555,5,7,17619
39556,53,7,21424
39557,434,5,10810
39558,287,4,12330
39559,699,3,7654
39560,120,3,7434
39561,48,4,5164
39562,599,4,11067
39563,394,3,8542
39564,27,2,6765
39565,25,7,23700
39566,31,4,8383
39567,453,4,9093
39568,363,1,3319
39569,573,6,12162
39570,119,3,7591
39571,99,4,9765
39572,123,5,16847
39573,481,5,9756
39574,276,5,12223
39575,89,6,20605
39576,140,6,14425
39577,775,2,5332
39578,898,2,9363
39579,132,4,12746
39580,61,5,3360
39581,219,10,25729
39582,76,5,11912
39583,241,9,25737
39584,333,5,9973
39585,396,5,16878
39586,72,8,12625
39587,335,3,10254
39588,364,7,19643
39589,325,7,23322
39591,77,3,6778
39592,14,8,21763
39593,778,1,2061
39594,110,5,10938
39595,27,9,16232
39596,298,5,18653
39597,109,5,15557
39598,1038,3,8252
39599,285,3,4663
39600,203,6,23783
39601,217,7,23986
39602,87,4,9702
39603,389,4,14274
39604,391,4,6810
39605,259,6,15552
39606,279,8,18438
39607,994,4,11373
39608,18,5,15630
39609,48,2,7276
39610,632,1,1770
39611,292,4,13491
39612,443,4,8465
39613,68,10,24415
39614,469,3,7850
39615,722,4,9980
39616,1,8,20174
39617,850,6,22763
39618,138,5,13621
39619,149,3,6944
39620,317,5,17669
39621,63,4,13538
39622,113,8,21073
39623,197,6,16582
39624,216,5,16082
39625,21,4,9932
39626,172,5,18599
39627,875,1,1454
39628,889,4,10069
39629,17,3,6150
39630,69,5,14235
39631,360,5,14227
39632,537,3,8332
39633,55,5,17610
39634,75,6,22137
39635,243,4,8388
39636,881,1,1803
39637,533,4,12333
39638,495,3,5216
39639,51,3,8689
39640,251,7,13135
39641,97,6,15352
39642,111,3,6955
39643,55,4,7676
39644,538,3,8418
39645,197,3,13046
39646,2,6,12338
39647,258,8,21048
39648,49,10,22972
39649,167,12,29657
39650,340,9,25341
39651,136,6,14868
39652,192,6,21147
39653,113,4,12969
39654,1115,3,6023
39655,371,4,11321
39656,69,6,12900
39657,245,5,12674
39658,67,4,11625
39659,148,2,8794
39660,103,2,8499
39661,292,3,4136
39662,187,2,1139
39663,54,4,7886
39664,118,6,12069
39665,54,3,11295
39666,221,3,6277
39667,58,6,13959
39668,581,4,12637
39669,405,3,7626
39670,9,8,17315
39671,220,5,17299
39672,208,6,15868
39673,97,9,26277
39674,187,5,16337
39675,5,6,13572
39676,636,1,2359
39677,128,8,32129
39678,18,10,27619
39679,23,7,18254
39680,95,9,20327
39681,324,7,20007
39682,193,8,19952
39683,647,4,6122
39684,387,6,15933
39685,297,7,13390
39686,20,4,9655
39687,27,5,12074
39688,768,1,3487
39689,64,3,6077
39690,23,5,18227
39691,199,5,14331
39692,92,5,16085
39693,286,3,10358
39694,515,5,15212
39695,230,4,6307
39696,506,4,5329
39697,46,4,14857
39698,2,10,25639
39699,111,9,24961
39700,488,7,25360
39701,16,9,25460
39702,143,7,18021
39703,270,5,20209
39704,26,7,18976
39705,662,2,1367
39706,149,4,8801
39707,146,3,6739
39708,335,3,9851
39709,341,5,9084
39710,455,7,14363
39711,118,6,17655
39712,433,6,12502
39713,36,5,19701
39714,77,9,22977
39715,282,6,12783
39716,42,6,17311
39717,264,5,2755
39718,117,6,12629
39719,3,7,18828
39720,464,3,8112
39721,633,4,11614
39722,41,9,22009
39723,598,2,5970
39724,358,5,16410
39725,291,4,9287
39726,36,4,10419
39727,24,6,8586
39728,751,4,9636
39729,279,7,27379
39730,395,3,6334
39731,43,5,8393
39732,123,3,12344
39733,785,4,10613
39734,43,4,8965
39735,303,7,20286
39736,263,9,20565
39737,30,6,13726
39738,184,4,12532
39739,17,7,17379
39740,463,5,15336
39741,177,4,14959
39742,105,9,25769
39743,57,4,15741
39744,163,4,13877
39745,177,4,7931
39746,3,4,9657
39747,13,5,14599
39748,879,4,14112
39749,166,7,16930
39750,365,1,5037
39751,150,4,8867
39752,135,5,14343
39753,212,3,11639
39754,690,2,6478
39755,131,5,18153
39756,146,4,11622
39757,16,4,5713
39758,173,9,24682
39759,265,7,24760
39760,174,6,14333
39761,468,5,11004
39762,92,4,5650
39763,94,9,24002
39764,227,3,10612
39765,392,5,14624
39766,62,2,6034
39767,202,5,7504
39768,117,10,21748
39769,60,5,11444
39770,688,3,7492
39771,500,5,5569
39772,126,3,9958
39773,172,7,16231
39774,23,3,3512
39775,535,5,13086
39776,283,7,13303
39777,178,2,5705
39778,35,9,21344
39779,51,4,8892
39780,209,4,7251
39781,96,8,19812
39782,127,5,12588
39783,571,2,6147
39784,52,7,20525
39785,133,3,5924
39786,126,6,19125
39787,250,5,15348
39788,32,4,11377
39789,165,4,14426
39790,326,3,7894
39791,747,4,13611
39792,11,6,16623
39793,103,6,13606
39794,134,5,10703
39795,258,4,11958
39796,705,6,21191
39797,3,7,15343
39798,253,7,21484
39799,104,6,13621
39800,180,8,14216
39801,131,3,6615
39802,107,3,5437
39803,1135,3,6279
39804,183,5,12734
39805,10,6,15725
39806,76,3,6303
39807,103,5,19702
39808,210,1,4996
39809,449,2,5728
39810,511,3,5634
39811,455,3,4475
39812,17,7,15599
39813,28,5,9788
39814,998,2,5798
39815,24,5,10625
39816,572,4,14226
39817,195,17,51718
39818,98,4,13422
39819,203,3,8469
39820,129,9,21320
39821,440,5,13253
39822,229,8,23261
39823,19,8,28419
39824,86,11,22064
39825,279,7,21365
39826,27,4,12641
39827,429,4,11738
39828,85,3,7994
39829,64,6,20971
39830,879,2,9054
39831,118,6,20150
39832,74,4,6803
39833,117,3,7889
39834,63,4,12171
39835,673,5,15673
39836,155,7,23572
39837,206,5,10924
39838,26,6,17992
39839,51,2,2452
39840,227,6,14497
39841,75,8,23471
39842,69,6,23336
39843,578,3,4433
39844,18,5,12067
39845,1,6,22216
39846,467,3,13268
39847,585,7,11066
39848,50,7,16652
39849,294,8,14984
39850,21,4,9255
39851,956,3,12614
39852,683,2,5698
39853,35,6,23213
39854,464,4,8889
39855,116,6,13748
39856,792,2,6923
39857,155,7,19119
39858,82,5,14378
39859,81,7,15631
39860,14,2,1854
39861,341,4,10711
39862,248,3,7734
39863,240,5,15420
39864,9,6,16679
39865,63,10,23444
39866,512,4,8955
39867,63,5,12386
39868,82,4,13821
39869,11,2,4307
39870,311,4,10922
39871,54,7,16562
39872,796,4,9846
39873,221,6,19487
39874,8,9,21676
39875,99,6,10284
39876,620,7,15493
39877,406,5,12637
39878,4,6,13161
39879,5,8,24981
39880,15,4,11470
39881,307,5,15632
39882,39,7,18660
39883,198,2,2794
39884,398,2,5415
39885,947,4,8614
39886,295,4,11507
39887,885,3,9830
39888,124,10,28751
39889,23,6,17088
39890,387,6,17418
39891,101,8,22528
39892,227,6,16293
39893,367,4,18292
39894,779,1,2519
39895,95,5,16942
39896,507,6,16980
39897,109,2,3915
39898,237,5,12029
39899,515,6,17858
39900,18,4,11012
39901,480,2,2780
39902,672,4,13173
39903,452,1,932
39904,797,1,1199
39905,218,3,7377
39906,47,7,24753
39907,24,5,16846
39908,527,4,9416
39909,357,4,13780
39910,254,5,2541
39911,570,4,11454
39912,59,4,10590
39913,97,5,15277
39914,19,9,28548
39915,174,3,8785
39916,55,9,14170
39917,181,6,21465
39918,91,6,17534
39919,770,2,5394
39920,50,8,16423
39921,232,8,17108
39922,501,2,3412
39923,218,5,10078
39924,884,2,7986
39925,339,5,8614
39926,170,8,21909
39927,9,5,13652
39928,59,4,9545
39929,69,6,16426
39930,413,8,26779
39931,1069,1,1495
39932,406,4,7047
39933,116,5,10378
39934,146,3,7483
39935,187,7,21583
39936,139,5,13537
39937,35,5,17221
39938,52,4,7507
39939,194,9,22500
39940,94,6,12004
39941,146,3,8317
39942,276,10,32921
39943,376,3,6321
39944,362,9,23182
39945,55,6,21875
39946,171,6,18397
39947,247,8,20282
39948,213,5,12165
39949,602,2,5830
39950,316,5,12160
39951,544,3,8681
39952,625,1,4176
39953,377,3,9410
39954,188,6,24963
39955,55,5,12290
39956,422,2,2721
39957,36,3,5637
39958,168,4,8713
39959,97,6,15963
39960,128,3,5307
39961,3,5,14575
39962,172,3,11798
39963,70,7,23465
39964,34,8,26424
39965,397,3,12608
39966,69,2,5196
39967,2,6,11187
39969,116,5,14927
39970,370,2,6170
39971,221,4,8767
39972,593,7,19872
39973,180,4,15262
39974,561,2,6027
39975,63,5,8149
39976,954,1,487
39977,150,7,15106
39978,28,3,11202
39979,10,10,30359
39980,66,2,3896
39981,82,3,11310
39982,198,3,6869
39983,244,10,26943
39984,148,3,4930
39985,109,6,18359
39986,211,3,14794
39987,81,4,10233
39988,29,5,14738
39989,296,3,6747
39990,437,4,10815
39991,238,5,14007
39992,145,3,9866
39993,403,5,12264
39994,98,9,29856
39995,392,7,23383
39996,378,1,4699
39997,536,4,5466
39998,301,5,10226
39999,37,3,2406
40000,111,6,17280
40001,150,1,2844
40002,48,5,8180
40003,547,2,8902
40004,103,8,20289
40005,505,4,8360
40006,659,4,10677
40007,4,4,13169
40008,498,2,10414
40009,202,7,21780
40010,85,4,13378
40011,37,10,23641
40012,318,2,5770
40013,927,3,11861
40014,32,3,6958
40015,69,6,18932
40016,102,5,14083
40017,309,2,4829
40018,275,4,12772
40020,231,4,10421
40021,386,2,7044
40022,70,6,17374
40023,311,4,12170
40024,85,8,18396
40025,17,5,10647
40026,497,2,8949
40027,287,1,1865
40028,44,5,5979
40029,26,6,16334
40030,106,5,9891
40031,281,3,9952
40032,11,5,11097
40033,30,7,13462
40034,85,9,26501
40035,352,6,15698
40036,104,5,13248
40037,10,4,9859
40038,342,2,5621
40039,56,5,16411
40040,76,6,11683
40041,154,3,5856
40042,78,7,19073
40043,1337,1,776
40044,109,6,13940
40045,198,7,14811
40046,71,5,11737
40047,40,7,24256
40048,683,3,8356
40049,203,7,14171
40050,289,6,16999
40051,623,8,17999
40052,132,4,10723
40053,70,8,24772
40054,152,9,23707
40055,142,6,17921
40056,237,3,6178
40057,496,2,4541
40058,45,10,32996
40059,121,5,14182
40060,266,5,13435
40061,155,11,37172
40062,206,5,11746
40064,716,3,6696
40065,205,6,14074
40066,326,3,7816
40067,34,7,20566
40068,129,5,14199
40069,95,7,12146
40070,342,6,13563
40071,219,1,2308
40072,397,6,10486
40073,215,5,14179
40074,596,3,11233
40075,336,9,28923
40076,879,3,4434
40077,56,7,25093
40078,35,5,15421
40079,139,5,11269
40080,18,8,20944
40081,397,3,7078
40082,433,3,7609
40083,171,6,15123
40084,124,6,20588
40085,368,2,2043
40086,298,4,12225
40087,128,5,13311
40088,285,5,16961
40089,52,3,9996
40090,64,6,16223
40091,14,5,13487
40092,208,6,20526
40093,490,4,11292
40094,383,7,22197
40095,65,8,23535
40096,444,2,4683
40097,229,5,10570
40098,233,6,23098
40099,128,8,26562
40100,957,3,6503
40101,426,7,16761
40102,968,1,2608
40103,778,4,7629
40104,73,8,27506
40105,189,5,9889
40106,618,3,11896
40107,83,2,6931
40108,223,5,12037
40109,85,5,13221
40110,342,1,1844
40111,282,2,6281
40112,24,3,3103
40113,578,3,7067
40114,1,5,11384
40115,93,4,12235
40118,206,5,17251
40119,428,3,5031
40120,182,3,8827
40121,970,3,10468
40122,109,4,8669
40123,123,5,10678
40124,20,6,17405
40125,541,3,4123
40126,360,3,9656
40127,116,6,16760
40128,511,4,15319
40129,176,9,26807
40130,399,4,12703
40131,785,1,4095
40132,116,6,17818
40133,26,8,25402
40134,1191,1,4232
40135,82,5,18816
40136,508,4,11064
40137,183,5,12809
40138,299,5,8481
40139,482,3,5796
40140,127,1,2740
40141,328,8,19107
40142,146,6,20470
40143,610,6,12748
40144,622,3,6920
40145,521,6,14346
40146,239,8,28515
40147,39,5,10479
40148,154,9,22189
40149,83,8,21327
40150,424,8,22835
40151,139,3,13076
40152,408,4,8079
40153,61,5,9784
40154,626,4,10596
40155,186,4,4893
40156,97,6,17118
40157,837,4,15758
40158,30,10,23138
40159,184,3,5311
40160,19,5,17686
40161,377,4,11913
40162,132,5,21137
40163,556,4,7808
40164,232,5,13288
40165,201,4,9429
40166,34,3,9460
40167,48,5,17190
40168,51,4,10603
40169,206,3,6928
40170,723,2,9883
40171,457,4,11940
40172,363,4,17306
40173,21,8,26125
40174,219,1,4637
40175,368,4,9575
40176,285,2,3371
40177,115,4,13613
40178,30,3,8327
40179,187,1,3986
40180,130,7,17309
40181,182,3,9794
40182,364,5,13831
40183,37,9,25551
40184,271,2,7023
40185,618,5,13534
40186,12,10,32794
40187,112,4,6921
40188,319,3,7328
40189,847,2,2630
40190,87,9,24588
40191,65,6,21236
40192,1068,2,8118
40193,268,5,14990
40194,14,4,12055
40195,440,8,16647
40196,218,6,19224
40197,156,2,6781
40198,178,5,16387
40199,11,5,12063
40200,27,9,24439
40201,138,11,24174
40202,45,6,15393
40203,395,5,15175
40204,559,6,7263
40205,326,6,8621
40206,201,3,9437
40207,401,3,10682
40208,270,4,8930
40209,209,5,15112
40210,431,4,11090
40211,271,8,24957
40212,145,1,3625
40213,1,8,24188
40214,259,6,16056
40215,287,4,9545
40216,102,5,11917
40217,694,3,10085
40218,248,5,17789
40219,41,8,17928
40220,83,3,5707
40221,32,7,17750
40222,56,7,17756
40223,147,2,5080
40224,327,4,8855
40225,627,2,5497
40226,361,6,16517
40227,64,6,17068
40228,221,4,12951
40229,30,6,17021
40230,318,5,9356
40231,638,2,2646
40232,1211,1,5115
40233,80,7,20728
40234,342,7,18130
40235,53,9,30933
40236,124,4,11102
40237,59,9,19549
40238,506,4,10479
40239,103,6,16797
40240,170,6,17141
40241,22,8,24439
40242,1167,1,579
40243,272,5,9667
40244,87,4,9665
40245,235,4,13034
40246,404,3,10371
40247,77,3,7512
40248,191,5,14709
40249,135,5,10703
40250,119,4,9258
40251,89,7,21702
40252,369,6,19996
40253,230,9,29289
40254,725,2,6111
40255,200,5,10677
40256,438,2,6963
40257,3,5,14269
40258,146,5,12710
40259,437,3,5416
40260,599,6,9883
40261,1038,3,8184
40262,501,2,8393
40263,174,8,27584
40264,769,4,9587
40265,180,3,7351
40266,180,6,15759
40267,24,8,24999
40268,453,6,20023
40269,565,3,11482
40270,138,7,16565
40271,108,4,13606
40272,54,6,19028
40273,31,2,9009
40274,780,5,9853
40275,52,5,9294
40276,146,4,14187
40277,57,3,12340
40278,20,6,12650
40279,187,6,17164
40280,387,2,8162
40281,45,6,20858
40282,415,3,8341
40283,10,4,15032
40284,396,4,9582
40286,494,4,14303
40287,48,3,12804
40288,65,5,14340
40289,446,6,21038
40290,330,7,19893
40291,25,3,9175
40292,414,5,5322
40293,161,5,18088
40294,159,6,17314
40295,700,3,2844
40296,100,6,9261
40297,933,3,9259
40298,170,6,16137
40299,119,4,15746
40300,83,8,28844
40301,361,9,22833
40302,365,6,23805
40303,50,9,23508
40304,199,4,7621
40305,34,4,10599
40306,133,3,8385
40307,41,7,15629
40308,76,1,3823
40309,477,8,21848
40310,216,7,28178
40311,36,6,18784
40312,201,5,19216
40313,49,7,18135
40314,819,3,11621
40315,358,5,14661
40316,169,4,10346
40317,5,5,12848
40318,48,6,13334
40319,670,2,4388
40320,285,7,14162
40321,53,5,9822
40322,275,3,5472
40323,71,6,11761
40324,25,5,15914
40325,201,2,8162
40326,588,3,4009
40327,162,7,18756
40328,647,3,9454
40329,250,6,18170
40330,20,2,5300
40331,83,8,21011
40332,145,3,3184
40333,522,6,14555
40334,168,3,12905
40335,313,3,3092
40336,750,2,2491
40337,1032,2,3532
40338,82,5,15768
40339,238,3,11318
40340,66,11,38107
40341,539,4,12069
40342,160,4,7280
40343,573,4,13656
40344,22,10,19398
40345,306,8,21543
40346,167,5,16852
40347,157,8,25532
40348,362,4,13015
40349,439,4,13291
40350,159,5,15262
40351,256,5,18462
40352,58,7,19776
40353,281,2,5174
40354,424,7,22324
40355,169,4,12129
40356,1013,3,8776
40357,127,5,15341
40358,819,2,5312
40359,66,10,24255
40360,146,8,20393
40361,351,4,9748
40362,258,6,22217
40363,278,8,32976
40364,168,4,10053
40365,1092,1,4450
40366,129,4,10155
40367,181,8,23256
40368,1026,2,9412
40369,389,5,9156
40370,936,1,1530
40371,16,5,15195
40372,225,5,15909
40373,198,7,21372
40374,402,8,16571
40375,149,5,16304
40376,459,2,3060
40377,651,3,8260
40378,127,2,2409
40379,28,6,16706
40380,219,6,12074
40381,113,3,10281
40383,493,3,11738
40384,161,3,8450
40385,104,10,30468
40386,161,7,20690
40387,22,5,19290
40388,589,7,24012
40389,275,4,16112
40390,361,3,8345
40391,242,6,19264
40392,788,6,16089
40393,1049,3,7421
40394,376,6,16156
40395,130,6,16287
40396,27,5,13027
40397,535,2,3576
40398,357,2,1809
40399,230,10,33043
40400,217,5,19669
40401,666,7,13131
40402,166,5,14967
40403,233,1,3389
40404,28,5,13769
40405,3,7,18068
40406,367,4,7223
40407,64,6,18965
40408,185,9,20316
40409,20,7,25357
40410,97,4,12410
40411,25,5,16648
40412,284,6,16858
40413,954,2,8331
40414,172,4,5761
40415,13,7,18124
40416,248,5,16541
40417,196,6,20904
40418,190,3,8208
40419,672,3,9686
40420,31,2,3781
40421,31,7,21711
40422,39,5,17993
40423,1017,2,7842
40424,1165,2,7528
40425,493,6,16219
40426,391,3,11072
40427,53,5,15716
40428,51,2,5453
40429,427,3,4977
40430,92,6,17333
40431,74,5,15102
40432,225,4,12401
40433,13,10,27814
40434,205,4,11718
40435,233,2,3944
40436,2,4,11682
40437,11,8,23314
40438,104,5,13217
40439,55,4,10341
40440,7,4,8099
40441,26,3,6380
40442,671,1,330
40443,523,4,11438
40444,72,7,21838
40445,25,4,13267
40446,106,5,11360
40447,95,6,12767
40448,839,3,7746
40449,216,7,18191
40450,455,6,21394
40451,26,4,7167
40452,16,12,31539
40453,216,7,20473
40454,12,5,11144
40455,409,1,503
40456,1000,2,8882
40457,8,6,20634
40458,5,5,8618
40459,5,5,9362
40460,382,5,11606
40461,14,7,22925
40462,207,4,8274
40463,702,2,5341
40464,69,9,17905
40465,103,8,20040
40466,10,7,14967
40467,50,4,5430
40468,192,3,6984
40469,248,6,13223
40470,156,5,9761
40471,344,3,12878
40472,162,3,8605
40473,358,2,1784
40474,1,4,14529
40475,716,6,18055
40476,1303,1,4682
40477,713,2,6906
40478,165,5,19415
40479,528,4,9973
40480,78,3,9514
40481,580,4,16298
40482,58,5,11554
40483,4,4,15133
40484,174,8,20266
40485,88,8,16472
40486,233,5,21760
40487,244,4,9512
40488,1208,2,3198
40489,12,5,16460
40490,234,5,16484
40491,344,3,9986
40492,230,2,2897
40493,783,5,11212
40494,67,7,14860
40495,188,8,17443
40496,383,7,16260
40497,150,7,18966
40498,25,4,11876
40499,11,4,7802
40500,177,6,20013
40501,317,5,18411
40502,235,7,18599
40503,229,10,33018
40504,447,11,37019
40505,20,8,16705
40506,126,7,26963
40507,59,4,12866
40508,110,5,12988
40509,328,5,13223
40510,283,2,1559
40511,398,6,15381
40512,898,5,18538
40513,453,6,19437
40514,174,3,6699
40515,101,4,7160
40516,46,6,17498
40517,228,5,10301
40518,437,6,22326
40519,71,8,23849
40520,26,6,18207
40521,191,5,12875
40522,76,5,15321
40523,555,3,10705
40524,215,4,9503
40525,161,7,14334
40526,226,8,20814
40527,585,2,7549
40528,141,2,3515
40529,613,4,9846
40530,3,8,14309
40531,179,14,37630
40532,176,5,15420
40533,61,7,25280
40534,428,1,5011
40535,93,4,11543
40536,212,6,17853
40537,200,7,23559
40538,84,3,9310
40539,6,3,7943
40540,321,10,27655
40541,259,9,28623
40542,133,4,8807
40543,27,5,9938
40544,34,5,14267
40545,520,4,11427
40546,66,5,13361
40547,686,3,3244
40548,531,3,10707
40549,159,8,15352
40550,278,7,16940
40551,307,7,23915
40552,600,6,17681
40553,48,4,8935
40554,356,3,7073
40555,715,5,8633
40556,217,6,12302
40557,139,2,6608
40558,161,4,15598
40559,100,3,7905
40560,267,6,11418
40561,68,5,14460
40562,283,6,11526
40563,17,8,31185
40564,31,5,7570
40565,66,6,14786
40566,167,10,32023
40567,201,5,10617
40568,7,5,18261
40569,144,9,24531
40570,237,7,15496
40571,91,3,9495
40572,890,4,7185
40573,25,8,22429
40574,475,2,1627
40575,89,7,24973
40576,141,4,10610
40577,164,5,15582
40578,66,10,27811
40579,778,1,3209
40580,193,8,20012
40581,166,2,2596
40582,218,4,11218
40583,88,4,9980
40584,336,4,7908
40585,133,9,14245
40586,34,3,6800
40587,85,7,17479
40588,213,4,15978
40589,360,2,1192
40590,266,2,4085
40591,25,8,29458
40592,112,6,13949
40593,370,2,6340
40594,254,5,13164
40595,83,3,3475
40596,115,8,26258
40597,447,3,6475
40598,522,3,4057
40599,11,3,10304
40600,227,7,22499
40601,19,6,19911
40602,36,11,29914
40603,124,5,14123
40604,352,3,11266
40605,662,4,12432
40606,36,3,6657
40607,263,4,6702
40608,124,7,24161
40609,36,6,15593
40610,103,6,21706
40611,144,7,21275
40612,43,6,11256
40613,46,11,23615
40614,238,3,7206
40615,102,2,5961
40616,680,2,5905
40617,31,9,28808
40618,14,5,17346
40619,602,4,13073
40620,8,5,10024
40621,37,3,11030
40622,286,4,10344
40623,80,4,7538
40624,208,6,14891
40625,5,2,6587
40626,70,12,33360
40627,9,8,26729
40628,223,6,18957
40629,770,3,8695
40630,800,1,1996
40631,1,13,30176
40632,349,5,12065
40633,260,4,11275
40634,168,6,15398
40635,108,2,3656
40636,533,7,17057
40637,138,6,17377
40638,87,7,16900
40639,42,4,8049
40640,132,5,13608
40641,73,3,5004
40642,85,6,21560
40643,844,2,2856
40644,847,2,3982
40645,599,5,16276
40646,202,5,8173
40647,145,3,9369
40648,83,9,23019
40649,118,6,11376
40650,31,7,19217
40651,135,10,29195
40652,834,5,9935
40653,60,3,2192
40654,12,5,10630
40655,547,3,5165
40656,231,6,13810
40657,424,4,14624
40658,300,2,4471
40659,94,5,18189
40660,8,5,10024
40661,128,8,25855
40662,35,5,13181
40663,211,2,5120
40664,59,6,16902
40665,104,4,14772
40666,206,3,9631
40667,333,9,26962
40668,238,3,7270
40669,366,4,14501
40670,188,4,12614
40671,273,2,4608
40672,280,5,15120
40673,359,3,13207
40674,273,7,14550
40675,87,6,10217
40676,499,2,8649
40677,644,4,11582
40678,92,4,12708
40679,69,8,24626
40680,67,5,17178
40681,116,8,24872
40682,110,5,14714
40683,134,6,12245
40684,151,4,8562
40685,223,3,3679
40686,77,3,7037
40687,348,5,18245
40688,180,4,8553
40689,663,5,18014
40690,150,5,8715
40691,86,5,10280
40692,43,6,17633
40693,22,3,5818
40694,773,4,8894
40695,873,3,8237
40696,119,4,11125
40697,160,4,6238
40698,398,10,22853
40699,3,5,19072
40700,286,4,10004
40701,464,4,10690
40702,85,5,15184
40703,76,5,14287
40704,178,7,16411
40705,509,3,6964
40706,247,5,12002
40707,482,4,13488
40708,245,2,6441
40709,25,4,11248
40710,307,8,24523
40711,163,6,23514
40712,120,6,14988
40713,32,4,9193
40714,82,10,29410
40715,511,3,6192
40716,13,7,13804
40717,355,4,7664
40718,111,4,13046
40719,156,8,27757
40720,29,5,8690
40721,1184,5,18906
40722,258,6,14884
40723,219,5,14844
40724,321,3,10519
40725,576,3,7114
40726,328,4,11992
40727,34,8,20811
40728,108,4,13050
40729,383,2,5164
40730,341,5,18643
40732,385,8,24150
40733,130,1,1865
40734,137,3,7379
40735,60,10,31903
40736,1243,1,1129
40737,140,6,15668
40738,76,7,25135
40739,605,1,2935
40740,66,6,17475
40741,348,2,2752
40742,236,4,10111
40743,40,6,19067
40744,517,2,6804
40745,4,9,16154
40746,157,6,16107
40747,5,4,5072
40748,120,6,17240
40749,98,3,13726
40750,559,2,1168
40751,163,3,8050
40752,47,9,31870
40753,1024,2,3449
40754,43,4,12690
40755,127,3,9944
40756,632,4,16099
40757,293,8,26447
40758,41,7,17775
40759,402,3,11135
40760,372,5,7631
40761,136,5,13847
40762,33,5,9146
40763,104,6,21442
40764,33,9,21496
40765,100,8,21257
40766,39,4,10021
40767,1014,2,6149
40768,103,6,21039
40769,269,4,16838
40770,710,5,15959
40771,83,5,17930
40772,54,3,7219
40773,408,4,7495
40774,284,5,8297
40775,176,7,22552
40776,319,6,23078
40777,157,8,19625
40778,433,6,22409
40779,388,1,377
40780,151,5,17215
40781,746,3,4299
40782,1020,2,3875
40783,122,9,24204
40784,497,5,16860
40785,173,6,19232
40786,54,8,25891
40787,396,2,5178
40788,362,3,6756
40789,642,6,12564
40790,81,9,26580
40791,1196,1,415
40792,315,6,13771
40793,772,4,6650
40794,654,5,9833
40795,139,6,17111
40796,82,5,12350
40797,78,10,31991
40798,86,7,17407
40799,178,6,13730
40800,61,5,12124
40801,208,6,18363
40802,267,5,14254
40803,2,5,14100
40804,145,8,20150
40805,147,5,11080
40806,66,7,15770
40807,15,12,31715
40808,161,5,12522
40809,171,4,8500
40810,41,8,20527
40811,934,3,7149
40812,174,6,14638
40813,401,4,10033
40814,198,8,20330
40815,303,8,23794
40816,519,4,14741
40817,596,5,8870
40818,208,5,8827
40819,213,9,31628
40820,151,4,9253
40821,357,2,5103
40822,611,5,9965
40823,594,3,9000
40824,524,5,15412
40825,92,4,13433
40826,482,2,5321
40827,21,10,30925
40828,345,5,9374
40829,103,5,13875
40830,16,13,37465
40831,385,4,10195
40832,657,2,6377
40833,184,6,18954
40834,1193,3,8686
40835,240,2,6144
40836,366,4,13890
40837,450,2,3786
40838,158,5,9432
40839,109,5,17708
40840,184,5,12729
40841,64,4,14366
40842,225,6,18713
40843,226,5,15601
40844,212,6,16687
40845,131,5,12525
40846,52,5,13565
40847,701,5,10199
40848,170,7,21835
40849,56,6,17943
40850,124,5,14822
40851,220,5,19890
40852,5,5,17049
40853,33,7,18478
40854,1016,3,10140
40855,1044,2,10078
40856,216,4,7338
40857,537,3,6047
40858,412,3,8647
40859,356,3,11292
40860,205,6,16162
40861,87,4,12943
40862,58,8,14807
40863,313,9,22868
40864,305,8,13748
40865,589,4,14758
40866,225,3,9898
40867,49,10,36362
40868,404,5,11699
40869,83,9,19668
40870,3,5,10957
40871,380,4,12878
40872,17,5,13306
40873,682,2,6704
40874,619,2,2343
40875,329,3,10773
40876,34,7,16281
40877,182,4,17280
40878,38,2,8103
40879,281,4,11147
40880,69,7,16794
40881,318,5,12321
40882,26,2,5632
40883,494,3,7864
40884,76,8,11359
40885,337,6,9590
40886,197,5,17786
40887,691,3,5514
40888,275,3,12783
40889,19,7,15539
40890,42,5,20609
40891,96,10,24863
40892,152,3,12142
40893,340,4,10750
40894,153,4,5969
40895,209,4,10370
40896,196,7,26686
40897,350,5,9723
40898,34,5,15106
40899,987,2,6592
40900,93,5,14507
40901,1109,3,11156
40902,36,3,6518
40903,458,4,17004
40904,552,3,11010
40905,509,6,15244
40906,111,7,22848
40907,324,5,11707
40908,350,4,5975
40909,405,7,18494
40910,132,8,15894
40911,271,7,16078
40912,17,7,19908
40913,595,6,15890
40914,156,6,15953
40915,128,9,23553
40916,55,5,17617
40917,411,4,7863
40918,156,9,18749
40919,144,9,25633
40920,455,4,10763
40921,79,4,11694
40922,139,5,7882
40923,468,5,13709
40924,178,11,23158
40925,773,2,4554
40926,435,3,11716
40927,246,5,10929
40928,114,7,17919
40929,145,9,23410
40930,178,4,12281
40931,16,7,23752
40932,118,3,8907
40933,154,5,13742
40934,515,2,4947
40935,382,6,16492
40936,172,3,6891
40937,59,8,19113
40938,278,3,10697
40939,431,5,13216
40940,175,5,13699
40941,288,8,20053
40942,110,9,28535
40943,485,4,10548
40944,297,2,9604
40945,118,7,22705
40946,131,3,5882
40947,504,4,9477
40948,18,7,23355
40949,105,4,10887
40950,143,2,5077
40951,88,2,5058
40952,72,8,16488
40953,484,3,5858
40954,765,3,12357
40955,616,3,7873
40956,36,4,8361
40957,98,4,5638
40958,502,4,11029
40960,36,10,27732
40961,282,9,20850
40962,355,3,8810
40963,74,3,11576
40964,281,4,5413
40965,117,4,8178
40966,173,9,30485
40967,27,7,21128
40968,146,6,17177
40969,398,2,4463
40970,326,5,15890
40971,324,4,7574
40972,66,5,12207
40973,562,3,2831
40974,415,5,6256
40975,292,6,16388
40976,273,7,18401
40977,140,2,6778
40978,75,4,13009
40979,449,6,11265
40980,720,3,5751
40981,73,4,7596
40982,6,4,9471
40983,382,1,831
40984,39,5,15126
40985,348,13,28063
40986,292,4,15157
40987,537,3,7689
40988,59,5,12871
40989,169,6,14172
40990,69,4,12273
40991,98,4,8672
40992,44,4,11873
40993,163,5,15084
40994,820,4,12315
40995,278,6,20210
40996,1159,1,3997
40997,321,2,6640
40998,127,3,5558
40999,24,5,14251
41000,3,5,12215
41001,80,7,16327
41002,13,8,20363
41003,103,8,19482
41004,851,5,13174
41005,86,7,19640
41006,467,2,5217
41007,22,5,5942
41008,42,5,18162
41009,172,7,20996
41010,30,4,5636
41011,98,4,10952
41012,39,7,15424
41013,328,6,15359
41014,272,6,17394
41015,461,3,9166
41016,24,6,19449
41017,41,1,2665
41018,311,6,21923
41019,9,6,15880
41020,283,3,8891
41021,380,6,15034
41022,78,10,18456
41023,465,3,8999
41024,9,6,19411
41025,104,3,11215
41026,87,5,12366
41027,451,4,7171
41028,401,2,7318
41029,168,4,12682
41030,30,4,12167
41031,287,5,17360
41032,141,10,33380
41033,474,2,3982
41034,98,10,24238
41035,19,7,15652
41036,393,2,6515
41037,30,6,23775
41038,36,7,17203
41039,87,2,3567
41040,7,3,7595
41041,31,2,4769
41042,326,9,24382
41043,631,4,6361
41044,324,6,12261
41045,415,4,15889
41046,64,7,24638
41047,44,7,22934
41048,80,5,13082
41049,251,5,10730
41050,685,4,13775
41051,72,6,13145
41052,238,7,13485
41053,11,6,20214
41054,683,2,6468
41055,480,2,6332
41056,527,4,6495
41057,251,7,15735
41058,212,8,14900
41059,471,4,15149
41060,136,4,12613
41061,395,4,16425
41062,29,5,9421
41063,150,10,30847
41064,657,2,7372
41065,5,7,21083
41066,253,7,25496
41067,118,6,12783
41068,866,3,3168
41069,489,2,5873
41070,3,5,16103
41071,213,4,4253
41072,689,4,12923
41073,96,8,32329
41074,383,4,3884
41075,679,4,11997
41076,475,2,3151
41077,241,4,8023
41078,37,4,12288
41079,51,8,22968
41080,515,5,20139
41081,155,6,13013
41082,208,7,19620
41083,95,5,13891
41084,22,10,22620
41085,30,5,16756
41086,239,8,22837
41087,766,1,1431
41088,6,9,19863
41089,9,5,10375
41090,81,6,12024
41091,110,5,14649
41092,44,7,17079
41093,12,4,9480
41094,82,3,5019
41095,151,8,24332
41096,724,3,4961
41097,137,9,22502
41098,404,8,30034
41099,26,4,10771
41100,1215,3,10222
41101,76,4,6797
41102,703,2,547
41103,96,6,20271
41104,59,5,14038
41105,570,2,4707
41106,534,3,12570
41107,333,6,10802
41108,287,9,22240
41109,110,6,17189
41110,47,4,9664
41111,313,4,12298
41112,110,7,19246
41113,151,6,9391
41114,191,5,13769
41115,190,5,10919
41116,88,3,12212
41117,187,2,3145
41118,21,9,22119
41119,109,10,23370
41120,483,7,17184
41121,116,9,21721
41122,308,6,18197
41123,608,3,8560
41124,508,2,4034
41125,89,10,32065
41126,51,4,5623
41127,380,6,17926
41128,157,2,3867
41129,286,4,10229
41130,759,3,7780
41131,492,1,2531
41132,419,7,23823
41133,13,7,17506
41134,535,6,14062
41135,618,2,7237
41136,232,5,11853
41137,44,4,8581
41138,3,9,22668
41139,108,5,9317
41140,43,6,15961
41141,343,6,15521
41142,151,4,8498
41143,114,4,8618
41144,174,5,14415
41145,647,1,1261
41146,521,4,15977
41147,417,3,9858
41148,20,8,20856
41149,275,5,15847
41150,371,4,6137
41151,456,4,13551
41152,392,9,24838
41153,81,7,19518
41154,281,9,22440
41155,22,3,10066
41156,257,7,21411
41157,42,3,6259
41158,16,4,6455
41159,355,4,12847
41160,182,6,18434
41161,370,6,14843
41162,12,3,5629
41163,317,5,16012
41164,493,3,5250
41165,24,8,25755
41166,197,1,2160
41167,467,4,7672
41168,442,3,6128
41169,125,5,15406
41170,538,4,10298
41171,67,4,15534
41172,36,7,12871
41173,291,7,19659
41174,160,6,17203
41175,107,8,21705
41176,141,5,9646
41177,45,4,6531
41178,292,6,10343
41179,155,3,9302
41180,110,8,19735
41181,73,7,16696
41182,604,1,3206
41183,552,4,11092
41184,182,1,3701
41185,90,6,17776
41186,194,3,5447
41187,36,7,18979
41188,292,7,13875
41189,87,6,15841
41190,25,8,21603
41191,143,5,9721
41192,292,4,15021
41193,15,5,12629
41194,16,9,21304
41195,34,4,9155
41196,47,5,17163
41197,33,4,15160
41198,115,7,21992
41199,855,1,350
41200,663,6,19942
41201,67,7,26323
41202,12,7,15343
41203,848,1,3640
41204,68,4,11413
41205,766,2,3842
41206,170,2,7396
41207,696,3,9774
41208,81,9,25445
41209,14,8,18874
41210,48,7,13825
41211,50,5,10860
41212,63,7,19571
41213,130,4,11677
41214,168,2,3873
41215,206,8,16804
41216,175,7,17577
41217,250,1,4358
41218,71,3,7326
41219,452,4,10968
41220,207,9,29335
41221,154,5,12895
41222,8,10,27160
41223,89,10,28016
41224,146,6,14374
41225,172,6,15285
41226,111,6,21984
41227,461,3,3545
41228,82,3,10571
41229,291,2,4970
41230,108,4,7044
41231,76,6,19051
41232,57,9,21072
41233,28,7,25786
41234,15,5,10376
41235,432,7,26045
41236,174,7,10603
41237,174,6,18322
41238,26,5,11979
41239,1,9,24306
41240,319,7,16977
41241,294,6,17910
41242,231,3,12949
41243,450,4,7124
41244,207,7,22189
41245,320,3,6110
41246,136,8,24111
41247,16,6,17137
41248,6,7,19183
41249,627,1,719
41250,315,4,7863
41251,24,8,23766
41252,99,4,12127
41253,131,4,13928
41254,255,4,11358
41255,111,5,12293
41256,578,4,11632
41257,579,2,4800
41258,610,4,13107
41259,264,3,6135
41260,15,7,20073
41261,81,5,19397
41262,369,7,22027
41263,387,7,17363
41264,284,7,13994
41265,377,3,9831
41266,146,6,15586
41267,555,4,11478
41268,24,5,16237
41269,1205,3,11009
41270,66,11,26368
41271,713,5,17165
41272,473,5,13869
41273,286,4,10074
41274,264,4,7910
41275,6,3,5921
41276,217,3,4546
41277,271,7,20596
41278,27,4,4952
41279,848,2,7119
41280,286,7,20586
41281,1028,2,5375
41282,145,4,14671
41283,325,5,13167
41284,212,7,20673
41285,301,8,26800
41286,247,2,5664
41287,162,10,31019
41288,7,1,4195
41289,62,6,19091
41290,5,11,29830
41291,85,1,4521
41292,597,4,14180
41293,168,6,17861
41294,19,4,15240
41295,452,4,9752
41296,109,7,15953
41297,319,5,9912
41298,422,6,17805
41299,181,6,7957
41300,42,7,20923
41301,467,5,12476
41302,446,6,14031
41303,598,3,10176
41304,12,9,26655
41305,17,8,24614
41306,22,4,13331
41307,272,2,7381
41308,57,5,17359
41309,60,7,14312
41310,275,6,16939
41311,136,5,13067
41313,39,4,14297
41314,1183,1,1346
41315,116,2,8284
41316,54,4,13121
41317,220,8,26292
41318,55,3,3112
41319,511,6,20705
41320,318,5,9786
41321,265,4,18485
41322,205,4,7849
41323,1004,2,1330
41324,592,2,5904
41325,865,3,8550
41326,949,2,6939
41327,408,8,14711
41328,349,4,7711
41329,381,1,3399
41331,68,4,6243
41332,68,7,13012
41333,597,4,10497
41334,125,3,3783
41335,90,6,6843
41336,359,3,6739
41337,251,6,20534
41338,8,7,14520
41339,239,3,8807
41340,262,3,8054
41341,451,4,10739
41343,180,7,21856
41344,239,6,20785
41345,31,10,31032
41346,45,3,7213
41347,82,5,16473
41348,139,4,13575
41349,31,4,6778
41350,711,5,12390
41351,305,6,12258
41352,908,3,3992
41353,634,6,16731
41354,1,6,15198
41355,308,4,11552
41356,859,1,513
41357,19,8,21891
41358,62,5,10901
41359,167,7,20294
41360,129,2,2128
41361,208,10,20955
41362,119,8,22014
41363,276,4,14293
41364,109,9,34383
41365,195,8,20927
41366,423,3,6124
41367,115,5,14091
41368,470,4,13235
41369,151,4,11201
41371,566,3,14402
41372,861,1,682
41373,58,8,20299
41374,509,2,3818
41375,191,3,5548
41376,552,2,1706
41377,942,3,9638
41378,210,3,4145
41379,140,9,32163
41380,40,8,13569
41381,66,5,10262
41382,68,3,5671
41383,222,4,11539
41384,72,8,16467
41385,29,7,17789
41386,1012,4,13412
41387,64,6,16949
41388,164,6,18400
41389,102,4,11609
41390,303,4,9087
41391,489,4,10479
41392,211,4,12559
41393,526,2,2201
41394,59,6,13193
41395,993,2,6510
41396,194,8,21411
41397,444,3,5699
41398,37,5,16527
41399,540,2,2355
41400,115,7,18620
41401,368,3,10268
41402,55,8,23204
41403,143,2,6068
41404,579,1,532
41405,129,3,12126
41406,190,2,6676
41407,112,5,8742
41408,59,9,25386
41409,116,6,17050
41410,147,9,20700
41411,203,7,12617
41412,249,6,19577
41413,33,6,20327
41414,467,4,10539
41415,266,5,9204
41416,52,6,21236
41417,20,7,23478
41418,589,2,3036
41419,762,5,14640
41420,244,3,11291
41421,14,3,10555
41422,138,5,15584
41423,113,9,24648
41424,301,6,17390
41425,101,5,9137
41426,215,4,7330
41427,136,3,4880
41428,633,2,5678
41429,113,7,16767
41430,69,3,5108
41431,54,9,28942
41432,91,3,8582
41433,226,11,26190
41434,143,6,10963
41435,266,7,18182
41436,164,8,26360
41437,23,7,19490
41438,336,8,24010
41439,122,7,16133
41440,102,8,23968
41441,545,3,9787
41442,181,5,12213
41443,11,7,25072
41444,194,5,11376
41445,426,4,11176
41446,221,3,12093
41447,54,3,4919
41448,295,2,6895
41449,139,5,14606
41450,84,8,17590
41451,232,5,18470
41452,213,4,5049
41453,55,8,26697
41454,108,3,6011
41455,173,4,14997
41456,61,8,25070
41457,360,3,10195
41458,66,9,28707
41459,648,4,9202
41460,847,7,14569
41461,15,6,13071
41462,59,8,21083
41463,257,5,16991
41464,191,5,12165
41465,26,4,8367
41466,87,3,7415
41467,89,8,21874
41468,275,6,13176
41469,51,5,16648
41470,40,5,11463
41471,139,5,14267
41472,206,7,19124
41473,254,8,17538
41474,35,8,19288
41475,352,4,14440
41476,259,5,14519
41477,260,4,12861
41478,186,6,18401
41479,702,3,8606
41480,174,5,11841
41481,257,7,24656
41482,147,4,9488
41483,405,4,8900
41484,345,4,11379
41485,234,5,14009
41486,5,6,14320
41487,673,3,6719
41488,67,3,8356
41489,930,1,1023
41490,63,9,19648
41491,609,10,21568
41492,160,4,7574
41493,490,2,10312
41494,315,3,4487
41495,249,4,12392
41496,789,4,8984
41497,79,7,14628
41498,283,7,20137
41499,392,2,5586
41500,877,4,14081
41501,197,1,2456
41502,119,4,14071
41503,157,4,16581
41504,86,10,26056
41505,42,3,6267
41506,266,3,6009
41507,67,2,1482
41508,180,4,11132
41509,684,2,2746
41510,77,9,22484
41511,183,8,23582
41512,241,4,9517
41513,268,6,19041
41514,185,5,18341
41515,175,8,26270
41516,13,9,27171
41517,24,8,19986
41518,169,5,14352
41519,307,5,13314
41520,265,5,14638
41521,324,3,8795
41522,334,4,2846
41523,9,10,28486
41524,293,4,17527
41525,38,4,9040
41526,45,8,18462
41527,734,3,10477
41528,534,5,19006
41529,795,3,6433
41530,583,3,10226
41531,24,5,11192
41532,77,2,7468
41533,907,1,1501
41534,535,3,9922
41535,207,1,3028
41536,274,5,9779
41537,107,5,18841
41538,234,2,3295
41539,358,4,16349
41540,267,5,16093
41541,677,3,3002
41542,158,8,19373
41543,453,8,16835
41544,188,8,26776
41545,79,6,13609
41546,215,6,21331
41547,9,4,12394
41548,515,2,6995
41549,836,3,5921
41550,171,5,20794
41551,116,5,11797
41552,638,3,5023
41553,143,5,9647
41554,137,6,15505
41555,87,10,27580
41556,21,8,18234
41557,11,6,14756
41558,228,6,15268
41559,279,8,15866
41560,63,5,13320
41561,39,7,23136
41562,177,4,13962
41563,20,4,8738
41564,200,2,4800
41565,22,11,30294
41566,138,3,9282
41567,141,2,5491
41568,89,8,29251
41569,414,6,23226
41570,971,4,10840
41571,123,8,27577
41572,1088,3,8102
41573,42,4,5937
41574,69,7,21338
41575,72,5,10756
41576,306,3,6916
41577,202,1,1963
41578,111,6,17120
41579,6,7,21189
41580,102,3,9590
41581,284,6,18624
41582,430,6,11477
41583,467,6,13373
41584,279,5,13776
41585,15,5,12032
41586,39,5,15494
41587,844,2,6011
41588,227,3,6305
41589,555,5,14269
41590,178,6,10969
41591,66,8,18145
41592,124,1,4859
41593,300,3,10247
41594,158,6,19113
41595,203,6,21652
41596,323,9,18248
41597,176,2,3380
41598,117,4,10646
41599,201,6,17190
41600,371,7,17305
41601,259,7,21428
41602,1324,1,1084
41603,189,5,14406
41604,2,8,24015
41605,598,3,6268
41606,396,6,12703
41607,577,4,11824
41608,384,2,6229
41610,130,4,10669
41611,497,6,14390
41612,391,3,6467
41613,393,5,11912
41614,151,6,22247
41615,110,4,10078
41616,7,6,17023
41617,160,6,18468
41618,44,5,16209
41619,386,5,15471
41620,66,5,12577
41621,78,5,16072
41622,45,3,7993
41623,337,2,7727
41624,453,2,6357
41625,377,4,7566
41626,157,3,5293
41627,506,5,13806
41628,122,3,5144
41629,430,4,11502
41630,374,3,7406
41631,99,5,10852
41632,62,8,22915
41633,375,4,13260
41634,89,6,20703
41636,7,5,17021
41637,51,6,11614
41638,424,7,22834
41639,173,6,17719
41640,139,4,12083
41641,311,2,9706
41642,519,2,4287
41643,320,6,18701
41644,187,9,30551
41645,756,3,7389
41646,40,10,21959
41647,489,6,22325
41648,86,4,10478
41649,519,5,10775
41650,283,2,3291
41651,815,3,5980
41652,7,5,15961
41653,873,1,631
41654,288,8,26717
41655,207,2,8411
41656,12,4,11151
41657,10,9,22226
41658,702,4,4437
41659,334,5,14472
41660,237,2,4463
41661,140,3,7477
41662,625,2,8081
41663,114,7,16171
41664,389,8,18599
41665,30,3,7512
41666,448,1,3401
41667,181,6,12584
41668,657,2,6516
41669,65,6,16036
41670,476,3,10517
41671,414,6,13222
41672,106,6,18504
41673,15,8,14079
41674,45,4,13105
41675,130,5,11078
41676,309,8,23215
41677,229,6,20420
41678,98,3,7677
41679,332,10,31156
41680,950,2,2871
41681,37,5,14018
41682,19,3,7260
41683,29,5,13462
41684,9,6,13727
41685,15,8,25629
41686,571,2,2877
41687,16,4,12628
41688,205,4,11111
41689,118,4,13508
41690,393,2,2227
41691,861,4,8919
41692,242,5,12485
41693,162,5,14911
41694,548,6,16774
41695,66,10,25535
41696,167,9,26313
41697,103,6,20218
41698,185,5,18553
41699,200,6,15616
41700,257,5,19966
41701,297,5,11991
41702,197,2,7582
41703,156,11,25397
41704,56,2,6045
41705,482,4,14226
41706,381,3,8517
41707,564,5,12194
41708,194,5,11969
41709,765,8,23705
41710,147,2,4858
41711,88,4,13730
41712,409,3,5528
41713,63,8,19779
41714,165,5,10318
41715,37,5,9607
41716,52,7,20785
41717,103,3,7536
41718,110,2,7866
41719,38,4,11078
41720,85,5,16650
41721,710,4,17786
41722,194,6,24800
41723,98,2,7381
41724,116,5,15133
41725,22,5,15783
41726,493,5,13498
41727,219,4,5568
41728,1,7,19298
41729,407,3,6524
41730,157,6,20985
41731,8,3,6647
41732,63,9,32928
41733,259,5,6322
41734,255,1,2992
41735,156,7,17246
41736,320,2,4693
41737,139,4,12675
41738,24,5,12373
41739,366,2,8133
41740,131,5,12066
41741,108,4,12349
41742,164,3,9854
41743,40,5,12462
41744,212,1,1189
41745,94,4,11026
41746,74,6,20619
41747,98,5,15924
41748,160,10,25944
41749,5,8,17738
41750,61,4,5938
41751,196,3,9838
41752,384,3,5745
41753,601,1,2471
41754,269,6,13502
41755,281,4,5576
41756,45,5,8268
41757,433,6,13330
41759,314,6,16314
41760,143,7,17082
41761,270,5,10477
41762,144,4,14733
41763,386,5,11304
41764,100,5,12025
41765,538,4,10102
41766,518,4,8980
41767,199,5,21422
41768,98,3,6378
41769,331,5,17107
41770,535,5,15030
41771,66,5,9364
41772,352,5,14760
41773,114,5,12250
41774,903,1,4732
41775,294,5,11250
41776,657,2,4454
41777,79,8,23290
41778,7,8,20917
41779,67,7,15856
41780,4,7,15833
41781,268,3,7854
41782,221,7,17435
41783,94,6,15687
41784,327,5,7163
41785,659,6,12158
41786,133,4,15419
41787,81,5,21971
41788,508,4,9440
41789,41,6,21470
41790,716,1,3337
41791,550,1,3084
41792,312,6,9542
41793,512,5,14603
41794,603,3,3823
41795,206,2,6089
41796,4,8,16558
41797,40,3,7053
41798,366,2,6770
41799,283,3,2248
41800,38,8,18267
41801,490,3,10563
41802,214,4,8505
41803,43,6,17828
41804,183,10,24219
41805,722,2,8580
41806,68,6,15187
41807,167,5,20428
41808,918,6,17607
41809,466,6,8339
41810,122,9,19954
41811,822,3,9107
41812,11,7,24571
41813,499,3,6363
41814,77,3,11365
41815,827,2,4750
41816,66,7,16277
41817,506,4,7733
41818,79,6,13271
41819,249,4,12535
41821,258,10,25474
41822,36,3,8906
41823,294,7,15335
41824,162,6,24030
41825,68,6,16693
41826,108,4,13325
41827,267,5,13606
41828,609,3,11300
41829,38,5,11351
41830,120,7,13846
41831,113,4,13295
41832,897,1,2320
41833,397,6,14129
41834,31,3,9240
41835,27,8,26640
41836,493,4,8765
41837,151,7,17946
41838,159,5,9791
41839,986,2,1322
41840,311,3,5403
41841,348,4,7893
41842,1122,2,6181
41843,215,4,14681
41844,60,7,18336
41845,596,5,16687
41846,183,4,10243
41847,117,4,10627
41848,671,1,2394
41849,33,3,6428
41850,250,8,15150
41851,161,8,23168
41852,65,5,17908
41853,292,4,10068
41854,202,3,6289
41855,143,9,24325
41856,148,7,19080
41857,60,5,17785
41858,99,3,13504
41859,952,3,2645
41860,433,4,14426
41861,299,4,11731
41862,708,3,8723
41863,84,11,39878
41864,61,5,9529
41865,63,2,8462
41866,281,5,19495
41867,131,3,6829
41868,125,3,7893
41869,254,6,17077
41870,720,2,1744
41871,209,8,22425
41872,288,8,23880
41873,322,5,11132
41874,113,6,12681
41875,368,5,12424
41876,218,3,6109
41877,72,4,11879
41878,50,7,17658
41879,131,6,10565
41880,450,6,14407
41881,104,5,11484
41882,161,8,27329
41883,230,2,5584
41884,284,7,16248
41885,173,3,11995
41886,1,6,18776
41887,190,1,253
41888,260,4,10481
41889,201,3,6907
41891,41,8,24431
41892,77,3,1693
41893,117,6,15885
41894,585,3,10122
41895,74,3,6518
41896,115,2,5237
41897,44,6,12816
41898,311,8,15351
41899,357,4,11135
41900,88,7,18583
41901,12,3,6889
41902,411,4,11213
41903,177,4,8188
41904,316,3,5408
41905,139,4,9907
41906,745,1,1643
41907,84,4,8554
41908,32,5,13733
41909,59,6,18736
41910,561,4,12387
41911,4,13,34907
41912,415,6,17696
41913,32,6,18150
41914,223,6,15040
41915,56,6,13130
41916,110,5,14453
41917,115,2,2168
41918,73,10,22641
41919,671,5,17038
41920,763,3,9517
41921,220,5,11218
41922,164,7,17386
41923,49,5,14859
41924,535,4,9950
41925,681,1,2472
41926,14,6,14982
41927,238,6,16724
41928,517,5,17596
41929,49,6,22513
41930,461,4,3865
41931,83,7,16670
41932,52,8,11623
41933,464,4,9220
41934,306,7,22357
41935,191,4,9524
41936,197,3,6236
41937,297,5,14574
41938,457,6,14721
41939,557,6,13918
41940,219,3,7369
41941,597,5,12336
41942,343,4,15331
41943,552,3,10624
41944,4,8,17017
41945,144,4,12631
41946,248,6,22237
41947,49,6,18330
41948,293,3,6555
41949,69,5,13953
41950,52,2,9254
41951,50,10,24381
41952,1242,1,2519
41953,606,4,8357
41954,230,3,9864
41955,389,4,7007
41956,555,2,7414
41957,334,4,15160
41958,272,8,23006
41959,106,3,11036
41960,5,5,13685
41961,51,9,19908
41962,166,4,14056
41963,277,4,11147
41964,144,10,27640
41965,118,5,13991
41966,275,2,5193
41967,707,5,14092
41968,156,2,5528
41969,20,7,16436
41970,381,6,12628
41971,322,6,14045
41972,343,4,6073
41973,77,3,7031
41974,89,6,10990
41975,1019,3,12444
41976,172,11,23066
41977,196,5,12846
41978,201,6,18981
41979,343,6,19821
41980,1122,2,5232
41981,45,7,15431
41982,31,6,18049
41983,132,6,17504
41984,842,3,8042
41985,374,2,6640
41986,158,7,22153
41987,134,4,9988
41988,450,2,3333
41989,201,6,5609
41990,620,3,10954
41991,607,3,7203
41992,313,4,11828
41993,101,10,23616
41994,172,5,12839
41995,24,3,8148
41996,38,7,19106
41997,2,4,16049
41998,266,3,10220
41999,379,3,7309
42000,617,9,24011
42001,427,6,14373
42002,126,1,2409
42003,450,3,9079
42004,53,6,12840
42005,357,3,6263
42006,180,5,11662
42007,243,5,18827
42008,17,7,13416
42009,282,2,5960
42010,31,4,9853
42011,81,4,18214
42012,395,6,17482
42013,90,3,11157
42014,151,6,15944
42015,85,6,12357
42016,96,7,14821
42017,216,5,15501
42018,29,4,10049
42019,386,5,12088
42020,172,3,4805
42021,553,5,14431
42022,802,1,2980
42023,424,5,9722
42024,531,5,14224
42025,126,5,11488
42026,280,8,18652
42027,79,3,8551
42028,25,7,21566
42029,458,8,23819
42030,957,2,6317
42031,951,3,7792
42032,192,6,14582
42033,241,4,7110
42034,649,2,6965
42035,177,10,39916
42036,232,6,19316
42037,337,3,8583
42038,1242,2,4117
42039,480,6,19631
42040,289,4,7326
42041,266,3,7333
42042,106,6,17187
42043,208,4,15764
42044,155,7,23191
42045,29,4,13790
42046,274,7,25901
42047,866,1,4818
42048,152,4,10774
42049,278,1,1311
42050,73,3,9470
42051,200,7,20388
42052,102,4,15842
42053,379,7,25713
42054,99,4,12637
42055,82,6,16799
42056,172,6,20995
42057,82,8,21176
42058,31,6,12523
42059,123,6,16873
42060,333,5,10944
42061,15,6,17551
42062,55,7,23682
42063,1099,1,1206
42064,162,8,21672
42065,2,7,18118
42066,11,10,30060
42067,20,3,12749
42068,103,5,11169
42069,666,2,1859
42070,49,8,26028
42071,238,4,7279
42072,311,2,7429
42073,85,4,7842
42074,421,8,10327
42075,222,9,21860
42076,291,5,10198
42077,689,3,3118
42078,419,3,5452
42079,34,5,16072
42080,276,5,8043
42081,69,8,23445
42082,319,8,22323
42083,459,4,9320
42084,79,8,20406
42085,232,5,13688
42086,83,3,7137
42087,584,3,6594
42088,729,5,16726
42090,93,6,16527
42091,150,2,5340
42092,968,4,13997
42093,168,5,15811
42094,42,3,6968
42095,189,9,19559
42096,92,8,22015
42097,96,8,25071
42098,590,3,9866
42099,55,4,11159
42100,115,4,8078
42101,95,7,21083
42102,111,7,20173
42103,421,5,9895
42104,632,4,5084
42105,738,3,6637
42106,14,7,21609
42107,21,5,10178
42108,669,4,14234
42109,7,7,17878
42110,26,6,13801
42111,629,4,13162
42112,21,2,6998
42113,93,4,12031
42114,53,7,16054
42115,442,2,6456
42116,252,6,17525
42117,38,5,13927
42118,219,6,16019
42119,52,6,16818
42120,6,7,24442
42121,392,2,8261
42122,110,6,14530
42123,833,8,19038
42124,123,2,1568
42125,39,3,6734
42126,103,3,8024
42127,78,8,19547
42128,342,6,21343
42129,620,3,7115
42130,507,3,14638
42131,16,6,18080
42132,73,9,25517
42133,218,4,14653
42134,7,6,7767
42135,117,5,11129
42136,323,4,14367
42137,58,6,15847
42138,296,1,2828
42139,522,4,12641
42140,308,5,13550
42141,327,5,11950
42142,128,5,8768
42143,228,3,9260
42144,581,3,8135
42145,658,6,14404
42146,34,4,10469
42147,184,4,9656
42148,126,8,29757
42149,9,6,18910
42150,219,3,11648
42151,20,9,24915
42152,343,6,17351
42153,49,5,12540
42154,681,4,10326
42155,107,5,15999
42156,74,7,19151
42157,57,13,39011
42158,146,2,2098
42159,309,3,6685
42160,188,7,21593
42161,269,13,35469
42162,188,7,17678
42163,373,6,15588
42164,805,1,1496
42165,1169,2,5375
42166,59,9,24227
42167,154,9,21068
42168,74,5,14075
42169,122,5,14639
42170,49,3,9855
42171,66,5,19791
42172,42,6,20471
42173,181,7,18581
42174,806,3,12569
42175,182,6,17919
42176,66,7,23731
42177,205,8,21786
42178,467,4,10021
42179,181,13,36654
42180,40,4,8837
42181,97,4,11748
42182,372,7,18263
42183,278,4,15372
42184,146,6,12802
42185,90,9,20520
42186,185,8,25314
42187,89,6,14538
42188,331,4,11156
42189,31,6,18558
42190,3,8,18742
42191,49,9,19648
42192,66,7,17480
42193,394,4,10190
42194,22,5,8003
42195,91,6,18457
42196,70,11,35129
42197,608,1,720
42198,304,8,19143
42199,110,5,24179
42200,99,6,22850
42201,11,7,19157
42202,271,3,7035
42203,375,9,19742
42204,139,7,22735
42205,330,4,10274
42206,784,6,9848
42207,644,2,8567
42208,273,3,4594
42209,89,6,19792
42210,351,5,13015
42211,279,3,9013
42212,102,7,21261
42213,79,8,21551
42214,317,3,3549
42215,98,7,14133
42216,188,5,10491
42217,436,6,17241
42218,208,4,14786
42219,310,3,2172
42220,646,3,10772
42221,295,7,15090
42222,150,4,14195
42223,21,7,19206
42224,132,5,10657
42225,204,7,21340
42226,122,4,11746
42227,36,6,11519
42228,1,4,13335
42229,40,1,2449
42230,464,3,11982
42231,246,9,23427
42232,18,3,7297
42233,140,2,2380
42234,84,4,12358
42235,261,3,8338
42236,51,7,21131
42237,709,3,12225
42238,664,1,4554
42239,212,6,18935
42240,2,6,18458
42241,282,7,19609
42242,19,10,24937
42243,31,4,12438
42244,193,7,17225
42245,79,4,9010
42246,142,4,9078
42247,116,7,18700
42248,112,5,17331
42249,282,4,11616
42250,143,9,28063
42251,353,2,7471
42252,55,6,10925
42253,714,6,12555
42254,160,5,9692
42255,501,5,15830
42256,170,8,22565
42257,586,5,18593
42258,289,3,11998
42259,124,4,5892
42260,175,7,17244
42261,6,6,8560
42262,124,8,22288
42263,22,4,8436
42264,132,7,20926
42265,145,3,8190
42266,601,3,8985
42267,306,5,10483
42268,679,3,7159
42269,350,7,17750
42270,826,4,14673
42271,173,4,11553
42272,11,11,20734
42273,35,5,14353
42274,147,7,12604
42275,188,6,15264
42276,360,6,19954
42277,99,7,18784
42278,41,6,20000
42279,96,6,11706
42280,598,7,17030
42281,20,6,12032
42282,468,4,10684
42283,243,4,16671
42284,555,6,12155
42285,1041,2,3964
42286,424,2,2754
42287,268,8,19143
42288,64,3,9635
42289,343,4,12161
42290,481,5,10753
42291,175,10,20714
42292,204,6,21679
42293,68,7,15367
42294,55,9,29683
42295,486,5,16033
42296,192,7,20187
42297,87,12,37272
42298,286,7,22191
42299,95,8,25946
42300,258,9,18775
42301,25,2,6302
42302,99,8,20158
42303,235,5,8139
42304,351,6,12064
42305,704,1,1616
42306,156,2,6580
42307,314,7,16972
42308,185,3,3543
42309,7,9,22577
42310,657,2,9814
42311,186,4,10588
42312,656,4,11194
42313,378,4,12369
42314,645,2,1650
42315,265,6,14483
42316,6,6,10515
42317,94,5,7716
42318,330,4,14250
42319,211,4,10458
42320,24,5,11296
42321,38,5,11995
42322,482,10,22557
42323,351,8,18236
42324,170,4,11703
42325,306,8,14339
42326,7,4,11448
42327,174,8,18367
42328,15,6,21442
42329,217,6,15310
42330,1037,1,4941
42331,299,4,7978
42332,109,3,10144
42333,425,4,12460
42334,26,10,23409
42335,176,5,11220
42336,785,3,7533
42337,64,2,1560
42338,306,3,10199
42339,371,6,14137
42340,286,7,14237
42341,259,7,21027
42342,123,4,9673
42343,450,2,4172
42344,351,3,9686
42345,28,7,14743
42346,18,1,2120
42347,355,6,21791
42348,44,7,20630
42349,963,4,5664
42350,97,3,7201
42351,65,4,11383
42352,911,2,8352
42353,67,10,29201
42354,10,4,7460
42355,405,4,14687
42356,138,5,21269
42357,23,5,13373
42358,100,2,2046
42359,408,5,11188
42360,72,6,11470
42361,271,9,22139
42362,286,4,10023
42363,155,7,21293
42364,75,3,8807
42365,242,4,6743
42366,318,4,13399
42367,345,2,7955
42368,407,5,13414
42369,84,7,17115
42370,50,3,12190
42371,691,3,12221
42372,174,7,13706
42373,139,7,20368
42374,295,4,12570
42375,38,6,11466
42376,78,6,14919
42377,209,4,9657
42378,106,4,12118
42379,200,4,14495
42380,251,4,12139
42381,208,4,10903
42382,274,4,12377
42383,687,1,938
42384,206,7,25520
42385,194,7,20150
42386,40,7,24193
42387,512,1,2218
42388,312,5,14308
42389,9,3,9114
42390,212,5,11425
42391,210,6,13910
42392,30,5,13202
42393,225,4,11393
42394,401,3,10955
42395,257,7,21180
42396,33,7,22934
42397,95,5,14760
42398,5,5,11326
42399,198,5,17930
42400,658,5,18589
42401,280,5,15725
42402,281,5,14041
42403,26,7,16966
42404,6,8,26557
42405,542,3,7784
42406,15,5,10401
42407,109,8,19888
42408,693,6,17751
42409,94,6,21014
42410,155,5,14384
42411,228,7,20594
42412,428,4,7318
42413,70,3,11667
42414,60,4,13013
42415,132,4,11932
42416,343,8,28332
42417,122,5,12962
42418,23,9,24003
42419,39,6,16687
42420,155,8,19306
42421,24,2,6877
42422,248,4,12200
42423,70,7,21351
42424,12,3,9866
42425,139,6,19232
42426,4,10,25015
42427,324,5,10438
42428,42,4,9103
42429,262,5,14557
42430,126,5,12098
42431,337,6,12470
42432,303,5,11889
42433,548,5,12686
42434,218,4,13782
42435,1199,2,3444
42436,152,6,16103
42437,19,8,25748
42438,135,3,9835
42439,27,7,25510
42440,107,7,16244
42441,25,7,17361
42442,159,5,10994
42443,553,4,4725
42444,561,8,20262
42445,110,3,5283
42446,149,4,9496
42447,597,1,4561
42448,164,11,33684
42449,156,7,18403
42450,683,3,7406
42451,275,6,11890
42452,105,6,15088
42453,164,5,12425
42454,214,5,11845
42455,43,5,18306
42456,46,7,20681
42457,198,7,13413
42458,474,6,20921
42459,226,9,27788
42460,18,5,12796
42461,164,3,6617
42462,185,2,6997
42463,38,3,11300
42464,165,2,4498
42465,122,11,26885
42466,708,3,1932
42467,165,5,10851
42468,33,7,22152
42469,289,4,16503
42470,579,2,4149
42471,124,4,12841
42472,195,4,13520
42473,197,8,17955
42474,69,7,21612
42475,61,9,19284
42476,135,2,7631
42477,65,5,12314
42478,116,4,6628
42479,575,2,6139
42480,217,5,16718
42481,203,5,6661
42482,90,5,16270
42483,319,5,20814
42484,600,3,11873
42485,636,3,8976
42486,163,7,21957
42487,59,7,23068
42488,326,5,16588
42489,66,7,20968
42490,122,6,15331
42491,43,10,37834
42492,451,4,11421
42493,99,2,6218
42494,364,6,15648
42495,262,3,8350
42496,43,6,13946
42497,293,7,12622
42498,68,7,13667
42499,179,2,6168
42500,191,3,13013
42501,101,5,9226
42502,75,8,22344
42503,105,7,22183
42504,219,5,18614
42505,97,3,7993
42506,38,11,37481
42507,152,2,4272
42508,55,3,11152
42509,120,8,21171
42510,331,5,11036
42511,72,4,13805
42512,593,3,4964
42513,1028,1,1993
42514,344,2,6403
42515,165,7,17494
42516,546,3,6260
42517,27,8,25563
42518,207,6,15547
42519,520,3,7427
42520,457,3,8189
42521,28,6,15057
42522,844,1,4086
42523,376,4,7492
42524,17,6,16863
42525,123,5,10243
42526,520,5,13468
42527,69,3,5870
42528,74,5,6224
42529,60,6,19957
42530,373,8,17201
42531,42,6,19306
42532,200,2,6341
42533,761,3,8694
42534,235,3,11625
42535,160,4,11068
42536,315,4,7265
42537,406,5,12257
42538,340,4,5537
42539,751,4,10479
42540,219,2,2717
42541,162,1,920
42542,39,6,11461
42543,151,4,10910
42544,164,7,22734
42545,38,8,24052
42546,584,6,17794
42547,40,7,17408
42548,286,8,21557
42549,327,5,14077
42550,80,8,18534
42551,70,7,21780
42552,42,6,14192
42553,104,1,1448
42554,390,5,11385
42555,757,2,5143
42556,480,7,24939
42557,68,5,11186
42558,185,4,10497
42559,146,2,9896
42560,608,3,8401
42561,107,4,12052
42562,479,2,7053
42563,49,5,11697
42564,17,6,18064
42565,112,3,6173
42566,87,6,14140
42567,151,9,31041
42568,250,8,15003
42569,78,10,27637
42570,258,3,7898
42571,133,3,10027
42572,74,11,25084
42573,3,5,14058
42574,799,3,3759
42575,130,5,18940
42576,63,8,14153
42577,287,4,9974
42578,1024,3,5008
42579,13,7,18699
42580,49,10,32271
42581,39,7,17377
42582,189,7,22782
42583,221,1,1161
42584,360,3,10833
42585,281,5,13347
42586,12,3,10110
42587,271,4,14008
42588,641,4,13289
42589,714,6,16453
42590,24,6,18718
42591,201,2,4399
42592,254,4,12017
42593,27,4,13621
42594,1061,1,1084
42595,85,7,23754
42596,160,3,10966
42597,130,4,12775
42598,218,5,14405
42599,16,9,19575
42600,114,7,14491
42601,594,4,10095
42602,135,7,23592
42603,105,4,8879
42604,24,4,10485
42605,3,9,20349
42606,398,6,15320
42607,119,2,3398
42608,87,3,9483
42609,15,7,27291
42610,40,9,23576
42611,511,5,13175
42612,283,8,30717
42613,92,5,20968
42614,180,5,9544
42615,10,5,16162
42616,51,4,10272
42617,126,2,5579
42618,105,6,16195
42619,26,6,12673
42620,483,2,8385
42621,50,7,21153
42622,636,2,6466
42623,586,7,17505
42624,392,1,2598
42625,426,3,4940
42626,229,4,9469
42627,12,5,12005
42628,172,6,12672
42629,20,5,16513
42630,100,7,16663
42631,91,4,10803
42632,41,5,15086
42633,770,5,9388
42634,368,10,26725
42635,58,8,20540
42636,307,11,33249
42637,688,4,7804
42638,332,5,12809
42639,49,6,17799
42640,363,7,16478
42641,54,6,12917
42642,53,6,12143
42643,945,4,11074
42644,374,5,12390
42645,38,5,15761
42646,485,1,1965
42647,367,6,15814
42648,179,5,12677
42649,186,6,16712
42650,585,2,4976
42651,292,5,11701
42652,388,4,12262
42653,23,4,8512
42654,206,5,13797
42655,437,5,20093
42656,40,3,9907
42657,480,1,3601
42658,32,4,6028
42659,123,2,4270
42660,326,9,27975
42661,67,5,18444
42662,10,11,33099
42663,464,10,29604
42664,485,5,15922
42665,441,3,7976
42666,27,6,10506
42667,93,8,25156
42668,493,4,8862
42669,171,8,19922
42670,777,3,6287
42671,90,5,8898
42672,126,3,8932
42673,807,1,3629
42674,113,6,9337
42675,160,3,12667
42676,232,6,19440
42677,292,4,9163
42678,126,3,11462
42679,126,7,21876
42680,7,5,14453
42681,347,6,13068
42682,123,1,639
42683,367,4,14507
42684,350,2,5368
42685,272,4,12492
42686,75,7,23325
42687,501,2,6203
42688,250,9,26125
42689,11,4,9491
42690,31,7,22011
42691,325,6,16408
42692,108,4,15847
42693,28,6,19200
42694,188,8,18935
42695,104,3,6413
42696,185,5,6070
42697,474,2,5922
42698,251,4,6585
42699,166,7,21487
42700,53,4,9646
42701,54,6,10764
42702,94,5,16389
42703,182,8,20623
42704,120,4,10906
42705,33,9,22607
42706,369,7,18748
42707,182,6,17229
42708,340,5,9108
42709,103,4,9727
42710,66,7,16812
42711,237,3,9135
42712,113,4,13072
42713,257,4,12251
42714,70,5,8585
42715,247,2,6978
42716,147,11,35885
42717,79,8,16111
42718,57,7,17417
42719,327,8,22570
42720,395,4,9930
42721,149,4,9727
42722,140,4,12723
42723,298,5,18209
42724,358,1,1004
42725,97,5,16883
42726,411,5,13614
42727,88,8,29256
42728,109,2,6188
42729,52,2,7591
42730,348,7,23879
42731,190,5,11778
42732,666,6,9252
42733,148,6,16590
42734,121,6,13325
42735,226,3,4785
42736,265,6,16913
42737,279,4,6469
42738,143,7,17268
42739,521,6,16497
42740,99,5,19042
42741,24,5,10403
42742,404,3,8996
42743,247,4,12840
42744,585,7,20905
42745,142,5,17845
42746,56,5,13516
42747,63,5,19421
42748,914,3,6735
42749,170,7,24223
42750,114,7,19654
42751,227,4,8229
42752,236,5,16291
42753,77,6,13026
42754,172,5,18121
42755,308,5,14020
42756,21,6,19736
42757,598,5,14169
42758,482,3,7739
42759,359,2,7508
42760,28,6,9969
42761,1,5,15022
42762,200,7,15255
42763,126,7,21475
42764,245,8,16157
42765,72,9,24539
42766,238,6,12679
42767,305,8,19482
42768,447,4,9844
42769,395,5,12194
42770,50,7,19682
42771,673,3,4633
42772,482,2,7387
42773,1098,1,1519
42774,110,9,23251
42775,270,4,15622
42776,10,4,9560
42777,10,4,13745
42778,348,3,9190
42779,299,7,18255
42780,352,4,7329
42781,463,4,13892
42782,133,6,21727
42783,166,4,12685
42784,201,4,12890
42785,43,7,21855
42786,187,3,11680
42787,83,6,20833
42788,530,5,10764
42789,201,3,3312
42790,320,5,19893
42791,60,4,12140
42792,327,3,13359
42793,219,7,18553
42794,88,2,5566
42795,422,5,7641
42796,4,10,40028
42797,33,2,8740
42798,190,4,10099
42799,5,1,2705
42800,47,2,7027
42801,924,2,6278
42802,309,3,9668
42803,60,10,34807
42804,114,6,8805
42805,1104,1,556
42806,108,9,16184
42807,679,5,11672
42808,307,3,5564
42809,149,4,13023
42810,629,4,12834
42811,413,4,5518
42812,175,5,9916
42813,538,6,18009
42814,1002,3,5536
42815,978,2,4829
42816,115,8,23404
42817,206,7,14567
42818,340,5,14999
42819,489,2,5412
42820,924,1,4018
42821,816,4,6832
42822,105,4,10616
42823,190,5,10119
42824,340,4,11590
42825,191,3,13231
42826,226,7,18466
42827,113,7,19144
42828,496,7,22070
42829,583,2,8711
42830,67,4,9711
42831,704,2,9210
42832,31,2,7322
42833,785,6,12137
42834,210,5,14559
42835,590,6,14393
42836,25,5,9582
42837,15,4,12243
42838,593,4,9814
42839,164,4,5984
42840,172,9,30833
42841,376,8,12705
42842,98,4,8685
42843,153,6,15639
42844,155,6,14107
42845,527,6,14059
42846,43,11,29929
42847,153,7,27631
42849,67,7,25913
42850,324,7,16727
42851,737,7,17221
42852,157,3,6961
42853,166,6,16825
42854,406,4,8379
42855,3,6,19361
42856,360,5,11073
42857,24,4,13600
42858,161,4,7033
42859,24,9,22147
42860,195,3,11934
42861,75,6,19561
42862,181,9,20029
42863,297,2,5535
42864,362,4,7468
42865,929,3,4095
42866,37,4,12578
42867,13,5,12001
42868,46,7,13270
42869,298,2,4902
42870,121,7,14191
42871,57,4,12557
42872,244,4,16396
42873,444,3,5224
42874,111,5,15146
42875,139,7,19440
42876,348,5,9323
42877,101,5,12773
42878,54,4,9121
42879,490,3,8177
42880,568,1,4802
42881,303,8,34249
42882,658,2,2158
42884,40,5,14300
42885,410,7,14585
42886,288,5,14048
42887,157,6,15718
42888,217,5,11491
42889,116,3,10757
42890,587,6,21137
42891,18,8,22147
42892,87,4,7288
42893,130,8,21536
42894,35,7,20022
42895,473,5,11926
42896,270,9,27388
42897,611,5,8902
42898,86,7,19064
42899,783,1,4731
42900,146,4,7619
42901,87,6,20553
42902,1066,1,5072
42903,448,5,15329
42904,24,7,11981
42905,26,7,22600
42906,255,3,6947
42907,289,7,14292
42908,54,9,21138
42909,287,8,26617
42910,64,6,11146
42911,172,10,26649
42912,327,6,18358
42913,163,6,13706
42914,64,5,12333
42915,356,3,10921
42916,425,4,5229
42917,239,2,6933
42918,153,3,7262
42919,305,5,20698
42920,81,8,26398
42921,104,6,17804
42922,7,5,14352
42923,722,3,10735
42924,41,5,11771
42925,85,5,10924
42926,16,7,13462
42927,964,4,10880
42928,702,5,16045
42929,144,5,14973
42930,220,2,9249
42931,121,8,18821
42932,135,6,12555
42933,47,10,23880
42934,334,4,7522
42935,147,7,15656
42936,24,5,10491
42937,190,6,17476
42938,318,6,15827
42939,146,6,14074
42940,381,4,11466
42941,602,2,4143
42942,574,5,14011
42943,42,3,6937
42944,948,2,5143
42945,436,3,10902
42946,190,3,9908
42947,49,6,19046
42948,376,3,10515
42949,409,3,4583
42950,414,4,11490
42951,344,11,29260
42952,49,6,14681
42953,61,5,13751
42954,1024,2,5711
42955,284,5,11726
42956,141,9,25414
42957,336,9,19969
42958,119,4,11591
42959,135,6,19560
42960,7,4,14131
42961,46,6,10563
42962,861,6,13212
42963,702,5,11985
42964,130,5,9340
42965,555,7,16290
42966,27,9,22500
42967,447,5,17923
42968,601,7,18864
42969,301,8,24634
42970,1,3,7201
42971,173,3,7496
42972,888,3,3840
42973,108,4,12351
42974,396,5,13914
42975,94,8,27444
42976,85,12,33307
42977,769,3,9520
42978,61,6,15113
42979,233,3,7146
42980,180,3,7898
42981,79,5,11891
42982,433,2,3281
42983,212,6,10628
42984,120,6,12925
42985,291,6,16096
42986,117,5,9191
42987,232,3,4714
42988,270,10,26749
42989,62,7,15418
42990,17,4,5015
42991,338,7,23244
42992,75,5,16222
42993,216,3,11591
42994,99,6,22765
42995,526,5,15662
42996,666,3,8257
42997,304,1,3584
42998,378,3,6275
42999,574,6,17507
43000,198,4,8823
43001,25,6,15892
43002,79,7,27352
43003,121,4,8849
43004,202,5,14859
43005,701,1,243
43006,699,3,9079
43007,160,5,13071
43008,488,5,19832
43009,108,5,13564
43010,774,3,6346
43011,745,4,9894
43012,294,9,27237
43013,150,3,7501
43014,24,5,20888
43015,583,3,10452
43016,244,6,14737
43017,211,7,11607
43018,3,9,25632
43019,311,5,9512
43020,285,6,16992
43021,103,3,3303
43022,58,4,10532
43023,154,4,10845
43024,328,8,26964
43025,51,8,23633
43026,46,5,10405
43027,43,6,16654
43028,469,4,16049
43029,599,4,13593
43030,277,3,9156
43031,278,7,14818
43032,5,4,7193
43033,259,8,16884
43034,405,3,11158
43035,709,7,20103
43036,712,3,3977
43037,472,3,3096
43038,213,3,10190
43039,18,4,12925
43040,105,4,14008
43041,105,3,8133
43042,159,5,21938
43043,489,2,6855
43044,181,5,10024
43045,61,5,9543
43046,683,4,14015
43047,172,8,23152
43048,427,6,19225
43049,93,6,15068
43050,277,2,5436
43051,128,2,4263
43052,346,5,15294
43053,615,3,3501
43054,557,5,14644
43055,133,9,22173
43056,508,4,10130
43057,32,3,5601
43058,69,9,24046
43059,202,7,12278
43060,56,7,16038
43061,230,4,15005
43062,1255,1,907
43063,126,2,5703
43064,20,7,19531
43065,40,8,26624
43066,39,4,9695
43067,632,5,13016
43068,125,6,10854
43069,1179,2,5870
43070,178,4,13527
43071,570,4,14437
43072,205,5,13287
43073,88,3,9189
43074,692,2,10110
43075,167,7,15555
43076,135,7,19085
43077,150,7,21019
43078,85,9,27928
43079,342,3,5209
43080,678,3,3841
43081,687,2,6852
43082,366,5,14142
43083,30,10,30620
43084,608,5,14613
43085,556,6,22087
43086,81,8,24835
43087,363,4,4716
43088,233,4,12469
43089,193,2,5696
43090,212,3,3020
43091,831,5,17060
43092,469,4,13459
43093,205,6,17903
43094,74,4,11085
43095,262,6,16599
43096,273,4,4954
43097,136,3,8133
43098,37,7,18558
43099,467,4,12140
43100,31,5,11230
43101,159,2,5576
43102,278,6,15211
43103,104,9,32580
43104,130,9,24632
43105,1,7,19731
43106,407,7,17735
43107,129,7,18080
43108,36,4,14226
43109,164,6,11795
43110,71,7,17926
43111,12,5,14854
43112,106,5,11394
43113,378,6,20377
43114,87,4,9871
43115,823,5,14469
43116,74,2,5627
43117,398,4,13278
43118,555,3,6120
43119,198,5,10369
43120,250,4,11033
43121,10,9,32143
43122,413,5,13461
43123,438,4,8633
43124,265,7,16851
43125,136,6,16931
43126,177,5,15238
43127,123,8,23240
43128,324,7,18293
43129,309,8,28391
43130,94,3,6021
43131,65,9,23011
43132,8,6,13382
43133,355,8,20218
43134,328,7,21246
43135,101,4,14308
43136,128,3,10075
43137,206,5,14459
43138,11,7,21369
43139,719,6,19811
43140,172,4,12134
43141,1071,3,13845
43143,630,3,6288
43144,272,3,12831
43145,832,3,7952
43146,210,4,7260
43147,134,3,10080
43148,379,3,8713
43149,9,10,31386
43150,486,2,5570
43151,473,5,9126
43152,84,1,4007
43153,19,5,12390
43154,282,5,15337
43155,48,6,16705
43156,98,4,13036
43157,299,6,18970
43158,177,3,5624
43159,90,5,12150
43160,237,2,8072
43161,243,5,9836
43162,25,7,17890
43163,107,6,20331
43164,844,3,9455
43165,17,9,25535
43166,183,3,6956
43167,25,5,16634
43168,76,4,8968
43169,461,6,20815
43170,29,4,17213
43171,370,5,14882
43172,795,2,2730
43173,181,4,10254
43174,711,3,9717
43175,372,4,9698
43176,135,8,23636
43177,122,3,8379
43178,123,8,22414
43179,376,4,13068
43180,235,4,14401
43181,717,5,16678
43182,40,5,13436
43183,65,4,6950
43184,352,7,18718
43185,309,5,10287
43186,811,4,8841
43187,112,3,8120
43188,439,6,16955
43189,262,6,18184
43190,4,7,19982
43191,303,4,10719
43192,65,5,14329
43193,223,3,5995
43194,455,5,7898
43195,269,6,14609
43196,725,7,22488
43197,127,6,20296
43198,477,2,7942
43199,164,9,29594
43200,106,5,14033
43201,287,7,20246
43202,154,8,18284
43203,467,4,8352
43204,106,3,7834
43205,148,9,25081
43206,462,8,22887
43207,9,7,21756
43208,51,4,14500
43209,25,4,12200
43210,608,3,11274
43211,42,3,4664
43212,45,8,19841
43213,80,7,23286
43214,91,8,21855
43215,12,7,17242
43216,37,5,13509
43217,108,6,11045
43218,770,1,1247
43219,105,6,17993
43220,98,4,10248
43221,615,2,2593
43222,14,4,8738
43223,192,8,23310
43224,389,5,13655
43225,936,3,7320
43226,370,5,12631
43227,298,3,8576
43228,342,4,10278
43229,438,4,8602
43230,68,8,25326
43231,78,5,9026
43232,221,4,8997
43233,5,7,19850
43234,190,9,34000
43235,145,7,22994
43236,14,9,26781
43237,102,7,13666
43238,220,7,21220
43239,55,4,11928
43240,409,5,12147
43241,494,6,13707
43242,67,7,20896
43243,48,6,13090
43244,301,5,10768
43245,76,6,18537
43246,559,2,6419
43247,502,5,13488
43248,7,7,18161
43249,281,3,8482
43250,160,4,7247
43251,399,5,12062
43252,290,5,15415
43253,1039,2,7970
43254,30,6,20916
43255,29,10,24974
43256,189,5,16948
43257,761,4,11519
43258,2,9,28614
43259,265,4,11075
43260,45,4,11556
43261,834,3,14268
43262,257,4,12963
43263,102,4,17200
43264,79,2,4493
43265,369,2,2624
43266,43,5,13050
43267,94,3,10348
43268,68,4,10010
43269,258,7,18672
43270,694,3,8579
43271,411,6,20709
43272,185,7,20869
43273,372,5,14447
43274,685,2,4994
43275,46,7,15884
43276,429,3,10207
43277,356,3,4740
43278,983,3,5356
43279,23,9,27327
43280,352,2,7619
43281,191,6,13783
43282,81,3,8905
43283,292,8,19008
43284,224,7,22159
43285,297,2,3664
43286,524,5,17399
43287,114,8,26952
43288,173,4,9470
43289,123,5,13376
43290,56,7,17979
43291,15,6,13588
43292,45,2,6523
43293,95,5,12657
43294,350,3,6740
43295,467,6,13310
43296,357,5,15840
43297,448,3,4178
43298,94,8,16097
43299,411,4,16082
43300,541,5,12076
43301,118,4,8039
43302,574,2,5101
43303,183,5,14215
43304,561,4,7278
43305,196,8,18133
43306,187,7,21948
43307,91,6,15759
43308,117,6,18810
43309,60,3,8783
43310,69,5,13801
43311,118,4,9216
43312,123,5,12868
43313,60,4,13666
43314,45,10,37181
43315,28,7,22698
43316,71,9,25405
43317,183,7,15429
43318,558,1,4051
43319,248,2,6062
43320,567,3,8445
43321,168,4,11527
43323,92,6,13336
43324,270,5,15818
43325,540,3,6566
43326,191,3,13664
43327,113,5,11156
43328,128,9,25033
43329,721,5,11283
43330,534,4,8819
43331,79,2,6168
43332,334,5,11668
43333,70,9,30493
43334,251,5,13900
43335,434,3,4737
43336,170,5,17540
43337,171,9,18789
43338,179,3,8163
43339,165,3,9308
43340,448,3,6087
43341,78,4,11987
43342,343,9,24269
43343,11,10,24405
43344,312,12,36083
43345,690,2,4408
43346,192,5,13624
43347,38,6,15041
43348,496,4,14633
43349,497,2,5123
43350,516,6,19166
43351,393,9,23021
43352,612,3,6867
43353,611,4,12245
43354,414,7,24597
43355,697,2,3202
43356,227,9,30189
43357,611,5,17536
43358,173,4,10023
43359,590,4,15028
43360,625,5,14113
43361,123,5,18826
43362,48,8,31082
43363,83,6,8096
43365,537,4,16175
43366,458,3,8463
43367,369,6,15534
43368,440,7,17430
43369,14,5,10973
43370,76,6,19245
43371,227,5,12851
43372,209,4,11774
43373,15,2,8745
43374,86,5,15837
43375,289,6,16111
43376,19,6,17692
43377,84,10,24749
43378,138,7,18558
43379,89,3,6310
43380,170,4,10295
43381,231,5,16261
43382,25,6,12431
43383,174,3,10202
43384,134,4,8344
43385,94,8,22971
43386,411,6,16109
43387,663,4,13515
43388,70,8,20274
43389,242,6,15413
43390,115,4,15023
43391,238,5,15749
43392,185,7,15676
43393,2,8,17145
43394,134,5,12809
43395,186,3,7313
43396,546,2,9890
43397,14,8,16515
43398,237,3,5772
43399,201,7,12242
43400,579,4,12908
43401,439,7,18774
43402,69,6,15257
43403,723,4,12413
43404,277,7,24830
43405,22,5,7664
43406,77,7,15246
43407,188,3,6539
43408,172,2,4736
43409,428,4,7217
43410,461,4,9469
43411,2,6,15375
43412,775,2,1629
43413,117,5,19681
43414,132,5,13685
43415,242,8,13649
43416,358,5,10535
43417,725,3,10147
43418,311,4,11977
43419,249,5,13596
43420,388,3,10844
43421,769,3,11391
43422,1104,2,10205
43423,32,6,18671
43424,102,9,19452
43425,589,3,10878
43426,233,5,17195
43427,98,7,21263
43428,826,3,7582
43429,105,4,6376
43430,446,7,22668
43431,944,4,14048
43432,121,6,13089
43433,754,3,6699
43434,338,6,16613
43435,29,2,7245
43436,379,10,25479
43437,313,5,17581
43438,31,9,28710
43439,323,5,9222
43440,86,5,14788
43441,159,3,13062
43442,389,3,4652
43443,529,5,16347
43444,320,4,12768
43445,854,2,7008
43446,509,3,6804
43447,912,4,11023
43448,22,6,15743
43449,663,7,17555
43450,115,5,13603
43451,94,7,24454
43452,111,8,22056
43453,197,6,17007
43454,184,6,19677
43455,139,6,17288
43456,370,4,12697
43457,538,7,17588
43458,98,6,15585
43460,1224,1,1963
43461,1037,2,6702
43462,464,2,4942
43463,132,7,14022
43464,451,3,8513
43465,217,6,16482
43466,28,6,11728
43467,723,6,10339
43468,120,8,22598
43469,424,3,8032
43470,60,2,4759
43471,408,5,11985
43472,460,2,4831
43473,199,11,35004
43474,367,3,8647
43475,80,4,13659
43476,111,4,10410
43477,89,5,16172
43478,230,4,10953
43479,336,5,15790
43480,124,6,19612
43481,44,6,13661
43482,71,2,8332
43483,289,4,15494
43484,24,12,32186
43485,489,4,15018
43486,362,1,1892
43487,103,4,13653
43488,19,6,11191
43489,385,5,14538
43490,30,6,20463
43491,8,6,17236
43492,230,4,14520
43493,10,9,27382
43494,188,6,17903
43495,360,3,4115
43496,174,4,13396
43497,552,6,19953
43498,188,2,6128
43499,203,6,14033
43500,123,10,27259
43501,36,2,2329
43502,280,4,12613
43503,60,7,19603
43504,357,8,15280
43505,58,4,8338
43506,48,5,11470
43507,86,5,10405
43508,13,6,18676
43509,263,5,21133
43510,29,8,23980
43511,148,5,14430
43512,27,7,14342
43513,468,9,29751
43514,475,2,4375
43515,329,9,29256
43516,417,5,14820
43517,12,9,25485
43518,690,2,6537
43519,17,7,18993
43520,180,3,6397
43521,46,4,10055
43522,421,7,16181
43523,419,4,11470
43524,347,4,12771
43525,886,4,11579
43526,14,6,21048
43527,929,4,10845
43528,143,6,16254
43529,286,2,7660
43530,59,5,8013
43531,375,6,21292
43532,252,5,14449
43533,7,10,32077
43534,911,6,23666
43535,20,5,20585
43536,919,3,7800
43537,121,4,13175
43538,69,4,15805
43539,755,5,13714
43540,148,8,24427
43541,30,6,14117
43542,24,6,16827
43543,71,5,11425
43544,74,4,11893
43545,76,9,23729
43546,523,9,24455
43547,203,6,20456
43548,450,5,9194
43549,98,4,8794
43550,5,3,7431
43551,170,7,16981
43552,710,6,12840
43553,6,4,8638
43554,230,6,14855
43555,158,3,9847
43556,1039,2,7389
43557,369,2,2869
43558,22,3,14537
43559,75,6,15429
43560,129,2,4656
43561,526,3,5510
43562,25,6,17039
43563,150,2,5003
43564,11,5,15355
43565,736,4,10982
43566,313,4,10670
43567,893,4,14271
43568,392,3,3712
43569,121,8,18979
43570,525,3,6165
43571,461,5,16821
43572,48,3,13460
43573,27,2,7348
43574,68,6,14746
43575,84,7,22231
43576,213,6,15957
43577,448,4,10127
43578,552,4,10075
43579,117,7,19543
43580,133,8,24875
43581,9,5,16018
43583,389,4,9717
43584,34,3,5010
43585,95,6,17600
43586,230,2,4245
43587,137,6,13561
43588,31,7,24770
43589,149,7,13298
43590,96,6,17571
43591,572,7,14660
43592,17,9,24949
43593,267,3,11891
43594,236,6,11987
43595,478,5,14870
43596,56,7,20243
43597,7,3,10286
43598,509,6,18458
43599,635,4,6780
43600,487,3,7209
43601,749,3,7496
43602,373,4,6579
43603,132,7,17527
43604,110,2,7221
43605,853,4,6387
43606,1030,2,4457
43607,70,6,15175
43608,236,2,4417
43609,31,8,24096
43610,372,5,14364
43611,555,3,6385
43612,552,5,18994
43613,196,5,8509
43614,13,8,25737
43615,1310,1,2136
43616,243,6,12258
43617,10,1,1967
43618,164,3,6923
43619,72,3,5943
43620,386,6,17712
43621,689,2,3510
43622,61,4,9709
43623,26,1,4678
43624,22,7,21496
43625,72,7,19972
43626,142,3,11373
43627,770,2,6490
43628,438,3,14800
43629,15,10,26001
43630,384,6,13781
43631,159,5,15529
43632,8,8,22576
43633,662,4,13955
43634,634,5,12457
43635,39,7,15956
43636,133,9,26380
43637,1,3,8878
43638,383,3,9637
43639,628,4,5121
43640,554,1,1553
43641,140,11,32514
43642,638,3,7646
43643,570,4,12364
43644,190,6,8301
43645,139,6,13731
43646,493,6,6582
43647,497,4,16031
43648,77,5,17200
43649,221,3,3728
43650,425,3,5682
43651,123,4,9751
43652,138,7,23976
43653,315,4,10479
43654,386,3,7825
43655,117,8,23897
43656,139,5,15056
43657,515,3,10953
43658,263,4,13788
43659,176,3,6296
43660,398,5,9578
43661,466,4,11144
43662,300,6,14951
43663,540,3,12757
43664,436,4,12834
43665,87,8,17353
43666,396,6,17937
43667,238,3,9746
43668,39,5,13330
43669,470,7,17058
43670,163,5,10625
43671,8,4,12817
43672,640,4,9750
43673,75,6,7506
43674,259,3,6206
43675,15,4,10150
43676,431,4,7580
43677,2,3,7493
43678,27,6,9609
43679,231,2,6183
43680,111,11,24408
43681,771,5,14644
43682,142,6,18311
43683,281,6,16112
43684,246,9,25146
43685,289,7,15743
43686,169,6,17267
43687,214,6,17725
43688,15,5,12310
43689,108,7,28043
43690,165,6,19576
43691,493,5,10846
43692,13,3,10083
43693,131,5,9566
43694,141,6,20498
43695,10,12,25793
43696,218,7,16773
43697,129,5,14815
43698,109,9,29404
43699,663,3,8955
43700,514,6,16974
43701,332,6,22758
43702,427,3,14081
43703,129,5,16886
43704,649,7,27454
43705,435,6,13122
43706,82,8,13911
43707,146,7,19462
43708,412,2,5279
43709,338,5,13573
43710,347,4,9303
43711,3,4,8549
43712,323,7,19610
43713,7,4,4252
43714,142,4,11840
43715,36,5,18269
43716,117,3,6258
43717,50,9,20518
43718,114,8,21670
43719,571,2,3347
43720,492,6,7508
43721,443,4,10986
43722,96,4,13321
43723,258,10,28633
43724,145,3,5757
43725,50,4,8479
43726,227,6,14463
43727,511,7,27335
43728,248,6,16938
43729,110,6,15053
43730,6,5,14810
43731,217,6,18473
43732,63,5,12063
43733,87,3,10869
43734,319,3,9850
43735,64,6,20252
43736,304,5,15340
43737,376,6,15885
43738,36,6,9760
43739,36,7,22123
43740,346,5,14964
43741,54,4,12070
43742,519,4,5865
43743,528,5,14625
43744,55,9,30946
43745,194,3,8590
43746,142,7,20524
43747,198,5,11744
43748,153,5,16188
43749,486,5,11876
43750,81,5,11778
43751,71,6,16229
43752,761,3,8714
43753,143,2,9342
43754,38,8,28783
43755,1223,2,9446
43756,19,8,19939
43757,5,9,27635
43758,26,2,2053
43759,486,4,10067
43760,440,7,14392
43761,8,5,9477
43762,180,6,24170
43763,432,4,10860
43764,431,8,26018
43765,460,4,9681
43766,13,6,18626
43767,356,3,9429
43768,587,3,11372
43769,477,3,10103
43770,792,3,11124
43771,426,5,13961
43772,239,6,15175
43773,607,4,12108
43774,402,4,15787
43775,337,5,17518
43776,207,4,14954
43777,22,5,17223
43778,145,6,13256
43779,250,6,10475
43780,200,3,7991
43781,392,3,6872
43782,109,10,26029
43784,1179,4,11448
43785,154,5,15471
43786,7,6,8223
43787,1252,3,6170
43788,185,3,5990
43789,4,7,21649
43790,99,2,917
43792,291,6,14472
43793,633,5,12808
43794,146,6,18397
43795,192,6,19649
43796,169,8,19362
43797,94,8,19859
43798,825,5,11507
43799,166,4,5508
43800,60,4,9094
43801,254,4,13741
43802,27,7,19420
43803,25,5,16879
43804,359,3,8556
43805,103,3,9979
43806,84,6,12987
43807,643,3,7373
43808,11,2,5820
43809,493,2,6628
43810,1254,1,2425
43811,22,3,6683
43812,327,5,14253
43813,45,6,13234
43814,74,4,12501
43815,34,2,7445
43816,85,5,12463
43817,169,5,13462
43818,53,4,13049
43819,22,7,19462
43820,260,4,12988
43821,47,6,16785
43822,788,4,13010
43823,539,7,16421
43824,205,9,36316
43825,417,4,10454
43826,7,10,20056
43827,183,3,7663
43828,23,4,11585
43829,145,8,18071
43830,54,5,12302
43831,64,5,19636
43832,558,4,13331
43833,35,4,8387
43834,156,5,14035
43835,122,3,13692
43836,17,5,16113
43837,187,5,19695
43838,11,4,6955
43839,328,8,27825
43840,257,6,12064
43841,170,7,24341
43842,74,3,8743
43843,434,5,9753
43844,11,6,13233
43845,244,10,29082
43846,405,4,11530
43847,214,6,13097
43848,70,7,20257
43849,36,7,24507
43850,22,8,11824
43851,70,9,20418
43852,434,9,18102
43853,364,6,14969
43854,57,8,24623
43855,253,8,24006
43856,397,1,5133
43857,41,6,7961
43858,68,8,12417
43859,104,7,14714
43860,311,4,4521
43861,110,3,10809
43862,422,5,13584
43863,339,7,17558
43864,318,6,15794
43865,388,4,14227
43866,128,5,19307
43867,131,2,5520
43868,269,4,11868
43869,321,3,5020
43870,59,10,29855
43871,6,8,24122
43872,197,5,11169
43873,388,10,30750
43874,13,5,12223
43875,473,2,7477
43876,22,4,12500
43877,2,7,15527
43878,326,3,11807
43879,109,7,17402
43880,218,4,15372
43881,519,5,17930
43882,458,6,11981
43883,1317,2,5245
43884,181,7,19675
43885,312,6,20414
43887,201,2,5567
43888,171,2,7569
43889,161,9,27272
43890,596,4,11236
43891,170,4,11472
43892,769,1,4284
43893,32,2,4512
43894,313,10,26521
43895,332,4,16285
43896,326,7,19650
43897,352,6,17635
43898,310,7,18748
43899,250,8,25743
43900,703,3,9965
43901,156,4,12675
43902,910,3,5443
43903,783,1,3716
43904,607,5,13396
43905,798,2,5215
43906,345,6,18003
43907,129,8,21477
43908,211,2,9205
43909,344,4,13278
43910,16,6,19537
43911,462,7,11869
43912,174,7,15270
43913,336,5,14678
43914,9,7,18057
43915,251,4,10011
43916,134,6,17763
43917,59,10,26461
43918,747,1,2216
43919,101,4,12674
43920,47,8,20962
43921,457,4,14259
43922,34,2,6027
43923,303,1,2232
43924,590,8,15484
43925,411,8,29562
43926,198,8,23234
43927,144,6,19794
43928,70,4,10371
43929,39,4,11732
43930,75,6,16650
43931,329,5,10752
43932,46,6,16569
43933,757,2,4070
43934,201,9,25890
43935,163,12,34854
43936,208,8,17617
43937,50,4,6843
43938,253,7,18438
43939,258,5,9103
43940,155,6,14511
43941,578,3,9677
43942,12,4,13212
43943,16,3,7464
43944,151,8,22944
43945,298,4,9504
43946,64,4,9512
43947,757,1,3055
43948,127,5,17277
43949,577,5,17576
43950,220,2,6493
43951,400,6,15569
43952,62,7,19951
43953,102,2,6341
43954,384,7,19400
43955,79,6,18225
43956,363,5,9774
43957,141,5,7876
43958,203,4,12692
43959,568,7,20118
43960,400,7,17872
43961,2,4,9637
43962,643,4,10498
43963,50,2,6948
43964,45,8,18863
43965,436,4,5193
43966,469,6,12985
43967,128,6,23397
43968,9,5,17407
43969,339,8,24451
43970,110,6,16491
43971,88,6,16213
43972,10,3,9583
43973,12,4,8928
43974,425,2,2625
43975,85,4,12030
43976,502,6,17033
43977,487,5,9048
43978,684,4,6432
43979,21,8,22434
43980,90,3,5011
43981,236,4,5654
43982,44,4,8257
43983,37,8,27885
43984,54,5,9952
43985,137,5,13531
43986,277,5,14369
43987,12,9,30164
43988,14,13,34800
43989,270,7,19523
43990,351,5,17296
43991,352,4,12483
43992,182,4,10615
43993,230,7,31227
43994,424,5,10199
43995,23,10,32302
43996,565,2,5286
43997,141,4,7713
43998,895,1,545
43999,8,8,17277
44000,494,3,9513
44001,196,4,12346
44002,1032,1,2977
44003,415,4,9882
44004,274,5,15070
44005,244,8,18831
44006,342,3,12977
44007,7,6,17326
44008,55,6,19008
44009,133,9,18793
44010,69,3,11020
44011,517,2,4525
44012,86,4,8730
44013,33,7,18793
44014,94,6,10699
44015,165,5,15940
44016,90,6,19278
44017,15,9,22874
44018,113,7,18371
44019,626,5,12021
44020,123,4,9658
44021,90,7,18487
44022,201,5,15733
44023,856,2,6103
44024,283,5,11143
44025,77,5,11309
44026,27,3,6941
44027,66,7,19343
44028,181,4,9965
44029,489,6,13637
44030,98,8,25321
44031,596,5,10048
44032,552,3,8754
44033,59,6,20438
44034,149,6,19487
44035,151,5,10091
44036,14,5,18042
44037,493,4,14267
44038,89,8,16692
44039,215,6,15096
44040,86,4,11723
44041,32,6,20146
44042,245,7,15262
44043,327,5,8626
44044,36,7,26761
44045,45,3,4043
44046,124,5,8482
44047,941,1,2101
44048,602,3,5919
44049,66,14,39431
44050,364,6,13545
44051,653,4,5237
44052,212,4,9831
44053,389,5,13732
44054,303,7,20670
44055,571,6,18295
44056,28,7,14639
44057,43,7,12717
44058,455,2,2366
44059,108,5,11464
44060,26,6,12366
44061,248,6,17347
44062,177,6,12648
44063,126,6,21005
44064,147,6,14425
44065,25,7,19728
44066,286,9,26222
44067,302,6,10295
44068,77,3,2907
44069,39,8,22985
44070,450,4,6745
44071,474,7,20805
44072,589,5,19251
44073,120,6,14631
44074,469,5,18165
44075,124,7,20564
44076,494,3,11469
44077,486,3,8032
44078,229,6,14346
44079,170,2,5110
44080,213,5,10744
44081,184,4,17849
44082,96,6,10518
44083,856,2,4292
44084,157,8,23553
44085,506,2,5880
44086,171,3,8372
44087,384,2,5045
44088,87,5,17197
44089,349,4,12675
44090,262,4,10329
44091,6,7,26659
44092,162,9,20149
44093,55,5,12486
44094,89,3,9614
44095,138,8,22385
44096,27,7,16687
44097,682,2,3029
44098,206,4,6591
44099,369,5,16857
44100,517,6,10939
44101,17,8,16883
44102,401,4,10549
44103,567,1,1760
44104,216,5,9669
44105,188,3,3579
44106,29,7,21837
44107,34,6,20345
44108,92,6,12420
44109,567,5,14115
44110,222,5,13043
44111,793,8,20940
44112,104,6,10498
44113,95,6,15143
44114,349,3,6348
44115,35,8,26255
44116,189,3,10746
44117,557,6,16051
44118,53,6,14412
44119,310,7,21464
44120,40,10,35114
44121,224,3,7027
44122,69,4,7509
44123,249,3,9651
44124,275,7,7600
44125,169,2,5267
44126,73,7,18652
44127,68,4,10150
44128,711,5,19107
44129,562,3,7187
44130,372,4,9877
44131,325,6,15659
44132,226,5,12879
44133,35,3,7785
44134,311,3,9175
44135,456,5,20203
44136,843,3,8663
44137,313,5,16412
44138,203,5,17623
44139,304,6,11616
44140,32,5,13501
44141,344,2,5363
44142,114,8,18201
44143,194,2,4353
44144,127,6,18441
44145,81,5,10304
44146,119,3,9096
44147,185,4,10137
44148,10,7,15800
44149,299,4,7528
44150,155,7,18844
44151,89,8,24646
44152,309,2,5384
44153,299,3,4953
44154,61,3,9751
44155,19,6,18606
44156,319,5,12656
44157,728,2,5876
44158,170,7,14436
44159,94,3,5969
44160,643,4,7090
44161,62,6,17103
44162,394,3,11875
44163,87,6,12756
44164,715,5,17149
44165,26,5,15897
44166,304,4,8238
44167,1236,2,5560
44168,493,6,20256
44169,1001,4,13719
44170,38,5,11162
44171,744,4,11007
44172,247,7,20382
44173,619,6,12208
44174,959,3,12558
44175,140,7,18764
44176,13,8,14502
44177,36,6,14622
44178,89,3,9045
44179,67,6,22641
44180,115,3,7234
44181,37,5,7004
44182,689,6,17937
44183,462,5,13639
44184,131,9,18770
44185,506,3,13450
44186,94,3,12456
44187,90,4,11898
44188,53,6,11698
44189,50,4,8884
44190,180,6,13658
44191,29,6,12457
44192,141,6,18915
44193,71,4,17208
44194,73,3,6086
44195,253,2,9161
44196,68,3,8426
44197,81,4,14124
44198,285,3,12364
44199,21,6,23968
44200,68,8,17319
44201,43,8,29309
44202,265,6,13570
44203,57,4,8815
44204,489,4,10911
44205,694,2,5064
44206,571,5,13893
44207,137,5,13985
44208,45,6,22600
44209,940,5,10126
44210,91,5,12227
44211,256,6,20100
44212,1028,3,7354
44213,339,4,6943
44214,212,4,4934
44215,67,4,10358
44216,242,6,10308
44217,91,6,8766
44218,375,5,13746
44219,27,10,30990
44220,179,5,16349
44221,228,6,12878
44222,100,5,13280
44223,683,4,7046
44224,50,5,16830
44225,391,7,20143
44226,64,2,4314
44227,242,2,3520
44228,189,3,9544
44229,229,2,9182
44230,445,5,12305
44231,77,9,23941
44232,243,5,13348
44233,23,10,24134
44234,399,4,8626
44235,17,6,17145
44236,195,8,23964
44237,120,5,14621
44238,48,3,6611
44239,291,4,10894
44240,112,6,11957
44241,43,5,13974
44242,217,4,15253
44243,475,3,10383
44244,40,5,10467
44245,105,7,26713
44246,141,7,14741
44247,195,7,22265
44248,57,9,20051
44249,13,8,21505
44250,379,8,21460
44251,139,5,9435
44252,4,10,22273
44253,171,5,12866
44254,52,7,23272
44255,407,7,15537
44256,59,10,20184
44257,6,5,13892
44258,130,6,21941
44259,318,4,10322
44260,273,6,14507
44261,189,4,10620
44262,593,5,19849
44263,217,7,22216
44264,288,4,14940
44265,224,3,7627
44267,51,7,18619
44268,777,4,13659
44269,195,6,16393
44270,202,6,11336
44271,161,3,10551
44272,198,5,14931
44273,270,3,8056
44274,299,3,6261
44275,63,4,8819
44276,196,6,15834
44277,326,9,28883
44278,24,5,15162
44279,127,8,23580
44280,347,6,13584
44281,415,5,14505
44282,83,8,19307
44283,155,9,31187
44284,167,1,4986
44285,193,5,16762
44286,26,2,6227
44287,1238,2,7008
44288,461,4,13730
44289,647,3,3408
44290,391,6,16990
44291,57,7,15411
44292,920,3,5906
44293,82,6,13549
44294,306,6,19901
44295,48,10,24521
44296,245,8,18105
44297,321,3,9281
44298,21,4,14701
44299,58,9,28256
44300,253,5,9912
44301,239,8,24606
44302,353,6,17371
44303,248,8,23886
44304,221,6,17810
44305,675,3,9604
44306,218,7,19930
44307,31,5,10510
44308,53,5,14040
44309,1166,2,8676
44310,11,5,13497
44311,1,5,14496
44312,554,4,10315
44313,210,8,20318
44314,137,8,21737
44315,248,8,22407
44316,280,8,20346
44317,49,4,5424
44318,58,9,27143
44319,69,2,5258
44320,85,6,23418
44321,580,5,13625
44322,6,8,16768
44323,1069,2,2748
44324,180,6,14006
44325,79,7,24248
44326,188,4,7989
44327,138,2,2755
44328,556,4,14817
44329,1150,1,1888
44330,44,2,4765
44331,85,4,12180
44332,508,4,9961
44333,439,4,14478
44334,367,6,17674
44336,372,2,6126
44337,58,11,41562
44338,26,5,10215
44339,220,4,14847
44340,698,5,18770
44341,421,5,14978
44342,502,8,19424
44343,662,4,10060
44344,485,8,21153
44345,82,5,16705
44346,286,10,22675
44347,140,4,13572
44348,357,6,20431
44349,693,3,6585
44350,487,3,10180
44351,63,3,10355
44352,244,5,12915
44353,211,6,25367
44354,177,6,12924
44355,53,5,12361
44356,477,4,12139
44357,98,7,14866
44358,275,3,9774
44359,108,4,10213
44360,97,3,6889
44361,255,2,6027
44362,47,8,19009
44363,170,8,16997
44364,38,7,14477
44365,110,3,9739
44366,260,5,14035
44367,725,1,5084
44368,6,10,21290
44369,105,6,12196
44370,150,2,5177
44371,213,1,964
44372,223,6,15458
44373,322,5,16383
44374,155,6,10768
44375,310,3,8638
44376,917,4,15642
44377,918,2,5138
44378,65,8,19466
44379,72,9,24918
44380,118,4,12237
44381,196,7,20853
44382,87,5,13141
44383,206,7,21542
44384,360,3,11360
44385,495,3,7717
44386,47,6,13321
44387,53,5,15515
44388,521,5,11407
44389,232,4,11690
44390,21,7,15142
44391,521,4,7437
44392,267,4,15418
44393,221,3,8280
44394,27,5,15133
44395,198,8,25775
44396,530,4,4253
44397,481,6,10236
44398,157,4,8903
44399,55,7,23470
44400,550,3,10861
44401,358,4,12353
44402,223,5,12104
44403,382,5,17079
44404,123,6,19560
44405,247,5,15256
44406,30,4,11116
44407,162,12,36820
44408,62,2,7456
44409,221,5,12090
44410,351,5,14884
44411,23,14,38939
44412,145,5,10012
44413,206,4,8927
44414,3,4,7037
44415,26,5,10555
44416,426,5,15686
44417,100,3,4240
44418,320,4,9914
44419,229,11,34865
44420,37,4,9057
44421,119,4,11941
44422,855,4,10508
44423,159,2,2672
44424,630,4,13023
44425,38,3,4933
44426,1297,1,1704
44427,227,6,19584
44428,568,4,9079
44429,50,12,34731
44430,115,5,15715
44431,109,5,11973
44432,1,6,17730
44433,16,2,5632
44434,200,7,11848
44435,115,6,19240
44436,375,2,6322
44437,58,3,6278
44438,60,5,16670
44439,99,4,8074
44440,1076,2,3874
44441,237,7,18540
44442,249,4,12886
44443,233,6,10478
44444,143,3,9749
44445,67,3,11575
44446,641,5,14832
44447,522,4,11008
44448,584,3,12661
44449,105,8,25514
44450,55,5,17560
44451,242,4,9459
44452,18,6,12022
44453,518,5,19400
44454,299,4,12451
44455,246,9,21661
44456,219,1,2282
44457,14,5,7814
44458,123,9,23186
44459,536,3,9067
44460,327,8,24186
44461,179,2,4756
44462,76,11,31471
44463,313,3,8019
44464,37,6,15982
44465,333,6,15146
44466,419,4,12057
44467,153,6,15030
44468,59,4,16700
44469,246,4,7046
44470,404,8,25344
44471,481,3,8747
44472,557,3,10122
44473,417,7,24151
44474,520,2,6293
44475,699,5,18513
44476,15,3,6280
44477,183,7,22370
44478,908,1,5091
44479,480,5,14512
44480,122,4,14943
44481,446,3,7383
44482,447,7,16975
44483,78,8,22672
44484,466,8,24622
44485,691,3,8871
44486,455,6,15040
44487,178,4,2677
44488,105,3,8971
44489,429,4,5870
44490,42,8,21149
44491,571,3,6837
44492,395,2,5832
44493,2,5,13520
44494,279,5,16337
44495,663,3,9234
44496,45,8,22453
44497,11,3,7070
44498,262,7,19800
44499,80,4,8147
44500,342,5,11921
44501,459,3,7094
44502,275,6,17298
44503,611,5,14946
44504,32,4,12297
44505,451,6,12872
44506,292,9,20716
44507,93,7,22333
44508,46,3,8761
44509,659,2,6757
44510,71,4,10504
44511,492,6,17695
44512,355,7,21846
44513,42,7,13456
44514,1,2,3507
44515,320,3,6826
44516,49,2,2960
44517,17,7,19269
44518,178,6,22254
44519,149,5,9657
44520,21,3,13041
44521,583,4,9006
44522,290,4,7730
44523,502,5,11386
44524,10,3,8530
44525,393,4,15436
44526,73,5,6244
44527,577,4,8942
44528,267,10,20114
44529,162,4,8444
44530,990,3,10300
44531,80,4,10882
44532,149,6,17156
44533,603,3,7448
44534,762,1,1297
44535,600,3,3487
44536,27,3,10089
44537,133,9,19326
44538,128,9,18479
44539,93,5,14726
44540,64,5,14146
44541,86,8,22085
44542,283,6,22619
44543,340,5,8833
44544,32,9,27529
44545,102,5,9584
44546,585,4,10529
44547,276,5,13826
44548,514,5,17314
44549,1281,1,1163
44550,433,3,10232
44551,76,7,23637
44552,180,8,22354
44553,42,5,18491
44554,213,4,8747
44555,8,5,13003
44556,358,4,10468
44557,1328,2,3443
44558,133,2,5109
44559,196,1,4272
44560,344,4,9745
44561,57,3,5041
44562,1325,1,4472
44563,84,6,15836
44564,487,3,10176
44565,28,4,10631
44566,512,3,10843
44567,132,9,22857
44568,407,4,11284
44569,135,2,7166
44570,273,4,10552
44571,210,6,15266
44572,35,8,19245
44573,179,7,21345
44574,224,7,13910
44575,34,6,14074
44576,72,6,18021
44577,208,6,18281
44578,46,8,21368
44579,299,2,7844
44580,356,2,2800
44581,356,9,22970
44582,357,7,16956
44583,137,8,24231
44584,135,5,16115
44585,129,9,26550
44586,325,9,19489
44587,166,4,12424
44588,247,5,6976
44589,137,5,14372
44590,307,3,8032
44591,51,6,13814
44592,32,5,17877
44593,335,8,19620
44594,75,3,6041
44595,79,4,11932
44596,151,6,22335
44597,154,7,10910
44598,6,3,8691
44599,304,3,10431
44600,10,8,19048
44601,176,5,15074
44602,454,2,6034
44603,1221,2,4680
44604,459,4,14934
44605,20,5,14144
44606,38,4,14146
44607,847,1,937
44608,587,3,5411
44609,515,5,15869
44610,131,6,18647
44611,282,5,10973
44612,32,6,17448
44613,250,7,22925
44614,177,6,20134
44615,211,4,3905
44616,1001,2,4864
44617,200,5,14629
44618,185,3,7258
44619,4,9,26612
44620,42,7,15174
44621,917,2,8446
44622,32,8,26373
44623,94,9,25554
44624,168,6,16251
44625,481,2,9555
44626,702,7,19705
44627,210,8,18071
44628,770,3,11094
44629,343,5,12631
44630,160,4,11836
44631,40,5,13339
44632,215,10,27615
44633,269,5,11358
44634,15,3,8632
44635,27,7,16026
44636,604,5,15181
44637,36,7,22520
44638,630,4,9388
44639,30,4,11086
44640,410,6,16119
44641,64,3,4320
44642,2,10,22546
44643,75,7,18854
44644,58,5,15277
44645,243,3,8025
44646,153,4,13819
44647,380,7,16601
44648,255,2,6023
44649,157,6,15857
44650,467,7,23747
44651,200,5,12113
44652,64,5,15940
44653,44,5,12659
44654,610,6,16516
44655,33,6,11453
44656,393,3,8417
44657,332,6,17377
44658,518,4,14716
44659,90,7,19294
44660,30,7,11507
44661,332,7,24974
44662,229,8,22377
44663,608,4,11223
44664,918,2,5072
44665,153,6,16935
44666,2,4,4333
44667,435,3,9578
44668,632,6,15641
44669,109,7,20428
44670,496,6,11653
44671,737,4,15108
44672,93,5,15599
44673,58,5,10696
44674,79,5,11712
44675,292,3,9750
44676,288,10,31670
44677,72,3,5581
44678,202,3,5745
44679,122,6,17611
44680,211,3,7988
44681,197,8,20634
44682,174,1,4778
44683,383,3,7331
44684,116,7,16587
44685,438,4,14113
44686,562,3,10961
44687,360,4,11335
44688,455,4,8429
44689,191,7,17933
44690,25,5,18596
44691,18,3,6840
44692,90,6,16953
44693,844,5,13906
44694,37,9,18852
44695,57,4,11685
44696,325,6,9234
44697,419,5,14270
44698,14,3,10576
44699,366,3,12784
44700,341,3,10372
44701,27,6,13481
44702,1101,1,3616
44703,69,6,11702
44704,46,4,14075
44705,37,2,8244
44706,271,4,15310
44707,72,6,14928
44708,78,5,7637
44709,25,4,10912
44710,97,2,4944
44711,731,3,9779
44712,417,4,8008
44713,73,4,10373
44714,92,8,14179
44715,267,4,13175
44716,30,6,21454
44717,25,4,9890
44718,327,3,7621
44719,154,5,14552
44720,489,4,14338
44721,408,3,9052
44722,134,10,26615
44723,151,7,14437
44724,150,7,20095
44725,223,3,7817
44726,509,4,8747
44727,4,5,5573
44728,10,4,11030
44729,361,2,5287
44730,127,3,11988
44731,737,2,1453
44732,49,6,13835
44733,17,6,14627
44734,9,2,6723
44735,287,2,5160
44736,186,4,6159
44737,528,2,4407
44738,53,9,13971
44739,12,2,6859
44740,436,4,12004
44741,17,3,3679
44742,271,9,17110
44743,208,7,14664
44744,83,3,10415
44745,412,2,4529
44746,755,4,12393
44747,817,2,6588
44748,16,6,20731
44749,491,7,19050
44750,99,4,11351
44751,554,4,12327
44752,7,8,25347
44753,527,2,9804
44754,444,6,21337
44755,27,8,21719
44756,104,11,31926
44757,181,4,5838
44758,90,7,19226
44759,501,4,12668
44760,389,3,6416
44761,134,3,13372
44762,45,4,11622
44763,178,4,12357
44764,497,2,3385
44765,729,5,12852
44766,129,4,8392
44767,118,8,30138
44768,399,3,8803
44769,113,6,12211
44770,644,4,9927
44771,57,4,13434
44772,282,3,10320
44773,203,3,4796
44774,192,7,26011
44775,1025,2,2819
44776,851,1,4352
44777,418,3,9100
44778,26,3,7388
44779,389,3,9508
44780,245,6,18204
44781,36,6,8629
44782,71,2,5321
44783,106,9,24213
44784,306,5,12241
44785,113,7,18701
44786,14,7,18441
44787,49,6,14004
44788,101,6,8616
44789,193,3,10592
44790,215,3,8807
44791,499,3,10796
44792,56,6,17767
44793,176,4,13474
44794,31,9,30327
44795,311,8,21129
44796,7,5,14401
44797,183,8,30299
44798,596,5,12754
44799,196,3,6881
44800,37,5,12086
44801,283,1,1447
44802,61,5,10955
44803,1112,1,2238
44804,155,3,8872
44805,268,3,5823
44806,275,6,15858
44807,39,6,17348
44808,9,6,14856
44809,383,6,16519
44810,113,3,6713
44811,140,4,9942
44812,30,7,25819
44813,250,8,15564
44814,224,7,13057
44815,191,6,18165
44816,230,2,6369
44817,269,5,15068
44818,177,3,9661
44819,243,5,14440
44820,347,2,4355
44821,139,4,9011
44822,472,8,16245
44823,247,5,17380
44824,175,7,18726
44825,182,5,15792
44826,163,2,9348
44827,380,3,8149
44828,128,5,13403
44829,172,7,23029
44830,1154,1,5041
44831,1013,1,1554
44832,216,5,13826
44833,181,5,15451
44834,37,8,20745
44835,565,6,21741
44836,24,2,1749
44837,224,5,12509
44838,682,4,9823
44839,42,4,7188
44840,46,4,14509
44841,33,4,5995
44842,438,6,15602
44843,92,7,12779
44844,607,4,6420
44845,152,10,31818
44846,246,4,10460
44847,418,3,10500
44848,234,5,15398
44849,339,4,12421
44850,151,3,6572
44851,59,6,17076
44852,80,6,12341
44853,229,8,24980
44854,261,8,25357
44855,180,4,11495
44856,838,4,11807
44857,945,3,12058
44858,168,4,12701
44859,133,3,7959
44860,321,3,6165
44861,42,2,5037
44862,348,5,12313
44863,253,4,6126
44864,116,7,23937
44865,609,2,6873
44866,331,5,14028
44867,95,8,25058
44868,287,4,15738
44869,15,10,25985
44870,626,4,13363
44871,30,5,15740
44872,190,5,17045
44873,141,6,15202
44874,333,6,8540
44875,93,5,10637
44876,47,5,15454
44877,39,6,16437
44878,626,4,10600
44879,127,4,15871
44880,247,6,21787
44881,619,4,10611
44882,173,7,20316
44883,159,9,28791
44884,21,6,11131
44885,184,4,8554
44886,118,6,11314
44887,367,3,11358
44888,82,4,11835
44889,535,2,6399
44890,116,4,14412
44891,68,6,14489
44892,348,4,13633
44893,489,7,17519
44894,544,5,16619
44895,77,10,34893
44896,215,5,13042
44897,294,10,31880
44898,62,12,29921
44899,556,4,11320
44900,398,5,11897
44901,15,6,15988
44902,125,6,23986
44903,422,4,10898
44904,165,9,17137
44905,676,4,5933
44906,871,2,8152
44907,111,5,14082
44908,73,13,33402
44909,516,5,16357
44910,441,3,7593
44911,110,6,20235
44912,16,7,18715
44913,4,9,22791
44914,429,3,7310
44915,87,6,7533
44916,155,5,17524
44917,2,3,9417
44918,183,4,8416
44919,37,3,6702
44920,455,5,12149
44921,200,6,14626
44922,103,9,26586
44923,364,1,4214
44924,132,7,20697
44925,208,9,24822
44926,491,2,5001
44927,870,5,12351
44928,251,5,15247
44929,197,5,9922
44930,6,8,26969
44931,60,9,21889
44932,48,7,15897
44933,371,3,9622
44934,512,3,9777
44935,15,8,24294
44936,253,7,12741
44937,81,3,6968
44938,32,6,15931
44939,42,8,28392
44940,65,4,10663
44941,221,5,10719
44942,876,6,8732
44943,358,7,14094
44944,136,7,12684
44945,520,2,3394
44946,20,8,22029
44947,767,3,10687
44948,187,6,16892
44949,164,3,6338
44950,291,6,18260
44951,136,7,16418
44952,994,1,2443
44953,351,3,12270
44954,96,8,20437
44955,369,6,18361
44956,201,6,15698
44957,320,6,18660
44958,54,4,16853
44959,304,7,17308
44960,118,6,14667
44961,7,8,25800
44962,752,3,8829
44963,230,7,15263
44964,3,9,22191
44965,734,4,13628
44966,124,7,22494
44967,305,4,11792
44968,193,7,25373
44969,20,8,25591
44970,300,7,24871
44971,85,6,15616
44972,148,4,3486
44973,746,5,18998
44974,250,4,7650
44975,47,5,17299
44976,29,2,7347
44977,139,5,9986
44978,325,6,14088
44979,332,5,7071
44980,149,5,12161
44981,35,6,16507
44982,135,8,22366
44984,343,5,16090
44985,104,7,22776
44986,92,8,24612
44987,248,4,8944
44988,309,2,9279
44989,355,4,8970
44990,404,3,10438
44991,212,4,11337
44992,8,7,18256
44993,144,5,14209
44994,144,3,8098
44995,996,3,10071
44996,161,2,7576
44997,463,8,12635
44998,392,6,14684
44999,19,5,11246
45000,16,5,8732
45001,18,4,11797
45002,106,6,19183
45003,64,8,21026
45004,144,1,5056
45005,45,5,9468
45006,86,7,16768
45007,120,7,17923
45008,341,6,19181
45009,1113,3,3591
45010,637,4,16673
45011,113,4,11000
45012,163,7,21860
45013,77,5,12732
45014,176,7,25967
45015,11,2,4537
45016,258,4,11258
45017,305,8,17693
45018,130,5,12278
45019,619,6,18089
45020,127,5,11132
45021,141,6,14528
45022,65,4,6119
45023,228,5,13230
45024,275,5,16910
45025,520,10,29874
45026,47,6,20247
45027,486,5,13924
45028,136,6,14646
45029,259,6,12191
45030,262,7,20144
45031,196,7,19770
45032,41,4,9907
45033,162,3,12989
45034,1271,1,2550
45035,186,9,25259
45036,35,8,18061
45037,336,4,10930
45038,318,3,3113
45039,165,5,11254
45040,136,5,13011
45041,26,2,6174
45042,522,3,11152
45043,374,5,10036
45044,175,3,12862
45045,489,2,7572
45046,414,4,10324
45047,17,6,15822
45048,124,3,11078
45049,1079,4,7232
45050,376,4,11351
45051,533,2,4813
45052,297,3,10125
45053,117,5,16999
45054,160,6,9686
45055,122,7,17092
45056,77,7,20714
45057,203,6,11578
45058,470,5,10458
45059,90,4,10926
45060,499,3,7453
45061,141,3,9940
45062,198,6,19612
45063,519,4,8689
45064,162,5,17422
45065,64,3,5892
45066,1334,1,743
45067,56,7,20090
45068,154,4,11952
45069,118,3,3492
45071,21,5,16004
45072,464,4,11973
45073,322,2,2476
45074,321,5,16957
45075,290,5,16034
45076,245,5,20523
45077,1135,1,1579
45078,247,6,20744
45079,61,3,10031
45080,332,3,9111
45081,851,4,14699
45082,22,5,16850
45083,32,6,12739
45084,49,4,6286
45085,65,5,16610
45086,182,5,18797
45087,16,2,3815
45088,590,6,20662
45089,13,5,5176
45090,242,8,29252
45091,143,7,26966
45092,461,5,11001
45093,366,3,9084
45094,67,4,3696
45095,136,8,23000
45096,188,3,4858
45097,183,5,8621
45098,365,5,20340
45099,780,5,11201
45100,330,2,6028
45101,250,1,1388
45102,25,4,10709
45103,271,2,4383
45104,308,6,8016
45105,127,4,7961
45106,52,4,13384
45107,545,5,10552
45108,117,4,9088
45109,1334,1,4497
45110,102,2,9676
45111,311,5,19903
45112,475,5,16309
45113,26,9,23329
45114,18,5,13352
45115,64,3,9810
45116,43,12,37572
45117,462,4,15480
45118,181,7,13614
45119,295,5,13466
45120,27,5,9512
45121,763,4,7292
45122,302,3,7088
45123,39,5,12331
45124,110,5,16546
45125,34,6,21306
45126,109,4,14373
45127,313,2,2708
45128,47,9,24327
45129,574,5,16817
45130,276,5,17324
45131,28,7,12817
45132,222,5,8627
45133,793,5,14433
45134,250,3,12719
45135,139,4,10267
45136,241,1,4011
45137,189,5,19503
45138,26,5,15105
45139,290,6,21315
45140,310,2,1105
45141,507,6,20976
45142,101,10,30522
45143,148,3,10493
45144,781,4,12438
45145,373,6,19761
45146,6,6,23130
45147,2,10,26712
45148,5,2,7116
45149,94,5,15732
45150,23,2,5731
45151,128,4,8433
45152,228,3,7352
45153,334,5,16203
45154,618,7,17026
45155,45,9,27533
45156,168,5,14149
45157,43,3,4191
45158,339,7,21658
45159,82,4,4741
45160,97,9,19780
45161,28,6,18828
45162,13,9,20757
45163,398,5,14805
45164,149,4,13024
45165,1279,1,521
45166,63,5,17390
45167,203,4,14168
45168,38,9,22515
45169,511,3,9649
45170,914,4,13036
45171,4,11,28972
45172,199,4,14250
45173,68,8,28944
45174,68,3,11368
45175,42,4,8552
45176,1115,1,2925
45177,95,2,6698
45178,95,5,16202
45179,307,5,13647
45180,55,6,22254
45181,96,4,10464
45182,131,4,8351
45183,178,8,20593
45184,385,2,8317
45185,12,4,8408
45186,145,6,16236
45187,13,5,10250
45188,129,5,11772
45189,439,3,3282
45190,26,7,17489
45191,76,8,21316
45192,23,2,7921
45193,147,4,5523
45194,307,5,9297
45195,75,3,8546
45196,609,4,11779
45197,468,2,3602
45198,92,7,11850
45199,391,4,14150
45200,7,3,6684
45201,139,7,11159
45202,1270,1,708
45203,3,8,13419
45204,137,6,13402
45205,34,6,16668
45206,94,7,20668
45207,68,10,28102
45208,388,1,614
45209,78,7,25500
45210,613,1,2223
45211,84,4,10811
45212,519,4,10466
45213,294,2,2909
45214,245,4,14088
45215,126,8,19825
45216,658,3,3414
45217,12,5,13069
45218,121,4,16811
45219,171,2,5714
45220,428,3,3339
45221,97,5,16373
45222,442,6,16108
45223,285,6,23662
45224,298,2,6448
45225,87,5,12449
45226,14,5,10960
45227,344,5,15877
45228,720,2,5417
45229,578,5,6882
45230,355,6,14577
45231,676,2,6590
45232,423,5,14173
45233,78,2,5276
45234,730,2,6930
45235,261,5,11633
45236,52,3,3716
45237,526,5,16449
45238,150,1,4257
45239,461,6,12491
45240,185,9,30598
45241,439,3,10064
45242,357,4,13593
45243,28,6,19935
45244,103,6,10707
45245,196,5,12066
45246,145,4,9780
45247,171,4,5949
45248,456,5,15215
45249,51,4,15947
45250,476,3,8108
45251,59,5,14960
45252,40,7,15091
45253,1015,2,3671
45254,561,7,21767
45255,244,4,12975
45256,412,3,5744
45257,476,3,9678
45258,148,6,12802
45259,182,5,7413
45260,53,3,10409
45261,40,6,14074
45262,80,7,16349
45263,235,6,16999
45264,307,9,28666
45265,336,3,11386
45266,108,5,12973
45267,180,4,8220
45268,51,4,12963
45269,406,5,11282
45270,35,7,12339
45271,134,5,10224
45272,139,3,9867
45273,75,7,23467
45274,236,5,15823
45275,323,6,9122
45276,395,4,10378
45277,644,5,11335
45278,230,6,16701
45279,96,8,16825
45280,212,7,15928
45281,278,4,10725
45282,686,4,12307
45283,895,3,7323
45284,95,8,17047
45285,627,4,13246
45286,500,4,12275
45287,10,4,14211
45288,32,8,18894
45289,57,9,26038
45290,75,4,7010
45291,640,6,11005
45292,327,5,11371
45293,50,7,14918
45294,302,5,13009
45295,187,4,13038
45296,152,8,17769
45297,301,6,17288
45298,600,6,18853
45299,33,10,23074
45300,130,7,19577
45301,425,8,27624
45302,4,10,26390
45303,176,7,20808
45304,117,4,5839
45305,213,6,14983
45306,118,5,12881
45307,420,1,2168
45308,191,8,20416
45309,96,7,23239
45310,845,2,8077
45311,162,4,14339
45312,41,9,29082
45313,185,1,5064
45314,145,6,15465
45315,18,8,16146
45316,275,4,11412
45317,268,9,11581
45318,282,7,23902
45319,516,4,7741
45320,210,5,18714
45321,14,5,15849
45322,425,6,19554
45323,55,3,10297
45324,190,6,18719
45325,12,7,19507
45326,275,4,9259
45327,249,3,8715
45328,70,3,8727
45329,430,4,14904
45330,27,7,12530
45331,13,6,20913
45332,28,7,17966
45333,2,5,10712
45334,43,8,23676
45335,9,6,16350
45336,72,6,19113
45337,160,3,5430
45338,238,7,15929
45339,253,6,22554
45340,310,5,10314
45341,104,7,14125
45342,132,5,6705
45343,125,6,13808
45344,141,6,22441
45345,72,5,14460
45346,1177,1,1697
45347,67,7,23844
45348,125,7,24008
45349,78,9,18927
45350,39,4,10425
45351,1345,1,4989
45352,116,5,9002
45353,135,6,19573
45354,71,4,9425
45355,140,7,15762
45356,303,7,20893
45357,143,5,16870
45358,178,7,20921
45359,259,8,25813
45360,932,2,3564
45361,40,6,20560
45362,70,8,20108
45363,100,10,25640
45364,896,5,15244
45365,327,6,14679
45366,10,5,17691
45367,1263,1,4494
45368,238,4,10682
45369,433,7,26149
45370,7,6,22114
45371,188,5,9590
45372,162,1,563
45373,251,5,9009
45374,343,3,4308
45375,524,6,13788
45376,51,5,18317
45377,51,9,19498
45378,162,5,11882
45379,563,4,11958
45380,60,5,11155
45381,46,9,25680
45382,8,9,31012
45383,515,5,14316
45384,94,7,17912
45385,409,3,13037
45386,2,4,12079
45387,193,4,8996
45388,9,8,16729
45389,5,3,6012
45390,176,4,15684
45391,188,6,22605
45392,314,7,23613
45393,112,2,7574
45394,229,7,27027
45395,140,9,23908
45396,238,5,16808
45397,575,1,3397
45398,46,3,10581
45399,139,3,5056
45400,260,6,15942
45401,323,4,9298
45402,197,5,14291
45403,155,7,20362
45404,650,1,3835
45405,411,3,12345
45406,21,7,24214
45407,216,4,10902
45408,228,4,9548
45409,68,5,10820
45410,838,1,3302
45411,298,6,11896
45412,154,6,14239
45413,212,4,8056
45414,233,6,13828
45415,57,5,13350
45416,16,7,22200
45417,270,4,4827
45418,98,7,14711
45419,53,4,14154
45420,11,6,16419
45421,487,3,5595
45422,337,6,15397
45423,63,7,13201
45424,135,7,21850
45425,16,3,7541
45426,159,6,16680
45427,14,4,14822
45428,249,11,23158
45429,182,4,9802
45430,574,8,23871
45431,442,3,7784
45432,421,5,15701
45433,14,6,18189
45434,199,5,11514
45435,105,3,9765
45436,102,6,21535
45437,345,5,13471
45438,183,4,15028
45439,286,4,17046
45440,563,4,11488
45441,160,5,13098
45442,32,3,11556
45443,23,8,18098
45444,245,8,18187
45445,848,2,7323
45446,26,8,22068
45447,196,5,12169
45448,40,5,11606
45449,145,7,17358
45450,80,3,9405
45451,232,7,22958
45452,16,10,30749
45453,281,4,10102
45454,186,5,13775
45455,130,5,16657
45456,8,5,15426
45457,428,5,12438
45458,19,9,25053
45459,25,6,14054
45460,327,5,14379
45461,87,5,14733
45462,138,3,7393
45463,321,7,19029
45464,22,5,14027
45465,35,5,16114
45466,948,3,7527
45467,383,7,19190
45468,103,8,24539
45469,438,3,7366
45470,560,4,13229
45471,143,5,10090
45472,918,3,6836
45473,504,6,14656
45474,127,7,17794
45475,42,6,16734
45476,480,6,11841
45477,96,4,13902
45478,276,3,7071
45479,110,3,12299
45480,690,6,18587
45481,32,5,6507
45482,865,4,11949
45483,164,6,15867
45484,216,7,15416
45485,20,7,18003
45486,440,5,7950
45487,726,4,10199
45488,130,7,19218
45489,7,3,9070
45490,45,5,16283
45491,543,4,9240
45492,97,5,14916
45493,36,4,8959
45494,628,4,10931
45495,99,8,25663
45496,204,5,9063
45497,12,10,25996
45498,74,6,19384
45499,226,3,13687
45500,51,6,19393
45501,59,6,15213
45502,769,2,6071
45503,362,2,4788
45504,55,4,15858
45505,481,6,15218
45506,3,4,6547
45507,206,7,15986
45508,129,4,8335
45509,593,6,18311
45510,114,3,3474
45511,2,2,6497
45512,124,4,5962
45513,191,6,13997
45514,365,2,9069
45515,47,2,5026
45516,181,7,18939
45517,95,10,29742
45518,12,6,9599
45519,333,3,11610
45520,488,2,5172
45521,78,4,10490
45522,919,2,2187
45523,141,6,18658
45524,10,8,19146
45525,106,5,17818
45526,674,3,10125
45527,486,2,6024
45528,319,6,14993
45529,16,7,16990
45530,272,4,12559
45531,319,4,11958
45532,219,10,23047
45533,239,6,15057
45534,1109,3,6119
45535,47,4,8082
45536,404,2,6924
45537,96,4,15468
45538,216,5,9733
45539,171,3,10607
45540,369,5,13696
45541,172,3,8425
45542,537,3,6699
45543,163,2,6566
45544,552,4,9338
45545,88,6,18768
45546,39,2,7770
45547,259,3,7924
45548,324,5,12984
45549,152,3,11826
45550,548,3,6854
45551,110,1,266
45552,94,5,20036
45553,68,9,29308
45554,130,9,27654
45555,95,3,3597
45556,107,8,25586
45557,24,6,18654
45558,85,7,17232
45559,195,7,26852
45560,129,6,15064
45561,50,6,13769
45562,133,13,27689
45563,152,4,10476
45564,352,3,11322
45565,136,6,13841
45566,230,6,16041
45567,177,4,9331
45568,346,8,23252
45569,97,5,14226
45570,1068,3,10097
45571,299,4,7425
45572,276,5,11315
45573,353,6,10539
45574,18,4,11563
45575,275,3,7440
45576,172,7,22601
45577,471,5,13852
45578,119,5,10515
45579,117,5,17411
45580,66,5,14247
45581,274,3,12572
45582,174,7,21669
45583,844,4,9616
45584,197,4,14575
45585,325,4,12427
45586,327,4,8120
45587,398,3,11283
45588,275,2,3306
45589,47,10,23506
45590,204,2,2290
45591,12,10,31446
45592,414,4,11565
45593,235,6,18163
45594,200,5,12799
45595,552,1,740
45596,682,4,11581
45597,442,2,7494
45598,13,5,9897
45599,143,8,28237
45600,382,4,13655
45601,506,2,7183
45602,1,7,18427
45603,36,4,9950
45604,368,4,6974
45605,339,6,24176
45606,101,4,13723
45607,138,6,22111
45608,332,6,9352
45609,621,3,4743
45610,213,6,14257
45611,374,6,10686
45612,43,4,8201
45613,122,5,11625
45614,164,4,10492
45615,220,5,12664
45616,79,8,23870
45617,165,3,6961
45618,138,4,11025
45619,13,5,12531
45620,95,3,8301
45621,136,4,7306
45622,49,7,20055
45623,212,4,9253
45624,75,4,10306
45625,37,4,10432
45626,77,5,13286
45627,164,2,3551
45628,56,4,8496
45629,157,9,19684
45630,555,4,15862
45631,235,8,22883
45632,185,6,11802
45633,41,9,30369
45634,346,5,17343
45635,470,3,10526
45636,334,4,13617
45637,186,3,10085
45638,482,2,4374
45639,55,9,18222
45640,262,8,18448
45641,49,5,14260
45642,33,6,12612
45643,88,6,10271
45644,302,5,9892
45645,222,4,12224
45646,321,6,18274
45647,117,4,10679
45648,89,5,12822
45649,151,6,18250
45650,199,3,5519
45651,293,4,6439
45652,149,5,9631
45653,116,5,12569
45654,97,4,6393
45655,472,6,18338
45656,382,9,28651
45657,412,7,22644
45658,531,6,17021
45659,22,5,13631
45660,37,7,26229
45661,92,4,8981
45662,165,4,15813
45663,127,8,30561
45664,199,2,5157
45665,164,5,13870
45666,1353,1,5143
45667,458,3,10300
45668,190,3,8731
45669,564,5,19057
45670,412,5,15952
45671,128,4,6951
45672,427,5,12401
45673,195,4,15121
45675,128,3,8425
45676,212,1,380
45677,547,1,1723
45678,436,3,6669
45679,433,4,16901
45680,212,7,15273
45681,454,4,9190
45682,1,7,20164
45683,419,3,3900
45684,272,3,9491
45685,89,4,7884
45686,150,9,18612
45687,284,2,5694
45688,1146,2,6796
45689,397,2,2071
45690,269,4,12841
45691,440,5,12447
45692,409,3,5603
45693,270,6,19109
45694,235,4,9266
45695,85,6,13281
45696,137,4,12404
45697,33,6,11418
45698,546,3,7655
45699,357,1,4054
45700,13,5,16902
45701,123,4,13507
45702,426,2,6927
45703,484,3,8104
45704,173,5,15075
45705,1029,1,2266
45706,94,6,17881
45707,1123,2,4535
45708,338,3,10481
45709,157,8,21068
45710,271,2,10012
45711,43,2,3686
45712,41,5,9140
45713,152,4,11088
45714,27,7,16653
45715,194,5,18678
45716,163,4,17772
45717,406,7,29822
45718,170,8,8857
45719,169,5,19729
45720,8,8,16353
45722,595,5,9194
45723,94,3,9543
45724,79,7,22511
45725,445,4,11296
45726,119,6,17552
45727,703,3,9639
45728,12,7,18598
45729,41,4,13199
45730,397,4,8168
45731,144,3,4771
45732,783,4,12896
45733,44,3,6529
45734,153,5,14572
45735,116,4,9508
45736,510,3,9112
45737,246,6,17278
45738,19,10,24939
45739,396,10,31661
45740,54,5,15766
45741,235,5,16467
45742,70,6,26291
45743,208,7,28142
45744,20,5,15697
45745,667,2,4925
45746,70,5,16005
45747,298,5,10799
45748,25,5,15888
45749,74,7,23931
45750,20,4,10534
45751,81,7,24727
45752,477,4,15539
45753,422,4,10962
45754,262,6,12837
45755,31,7,14525
45756,256,5,16635
45757,358,8,21879
45758,9,4,12700
45759,594,3,10275
45760,62,4,10020
45761,40,5,12199
45762,451,4,9065
45763,44,4,8915
45764,492,6,9685
45765,170,8,17512
45766,138,6,18059
45767,242,6,20143
45768,92,4,9057
45769,11,6,14038
45770,179,10,24279
45771,472,5,16886
45772,198,2,4539
45773,169,3,7620
45774,29,4,7174
45775,369,4,6936
45776,122,5,10255
45777,789,5,16892
45778,38,6,13064
45779,41,7,15029
45780,276,7,17929
45781,24,8,14991
45782,176,5,19456
45783,207,2,1615
45784,60,5,10397
45785,53,8,13777
45786,58,7,25453
45787,234,8,18933
45788,835,3,9759
45789,726,6,21086
45790,404,4,12851
45791,212,7,26642
45792,328,8,23569
45793,159,6,16913
45794,225,5,13824
45796,32,4,14425
45797,881,5,9131
45798,614,4,7179
45799,30,2,4113
45800,898,2,4178
45801,56,4,9359
45802,191,3,11857
45803,4,7,21887
45804,325,6,17256
45805,48,6,15141
45806,16,4,6638
45807,32,3,10753
45808,236,6,22929
45809,314,3,6392
45810,100,10,29639
45811,618,4,11129
45812,6,4,15606
45813,135,6,11979
45814,158,5,14561
45815,642,4,6183
45816,28,6,20831
45817,506,3,8572
45818,14,5,11013
45819,35,4,9965
45820,141,7,14988
45821,23,3,5622
45822,278,5,19095
45823,2,8,28805
45824,393,7,18616
45825,12,8,15975
45826,133,5,18681
45827,318,5,11095
45828,65,5,19554
45829,441,4,10277
45830,836,2,7477
45831,134,3,7752
45832,125,7,24015
45833,151,6,17162
45834,266,6,19862
45835,902,3,14620
45836,270,5,9967
45837,746,3,7728
45838,467,5,13513
45839,297,2,5813
45840,688,6,14438
45841,159,4,7328
45842,194,4,8754
45844,435,2,8689
45845,53,6,13680
45846,289,3,8006
45847,97,4,4565
45848,441,1,2052
45849,126,4,5696
45850,12,5,12057
45851,37,3,2526
45852,479,7,19713
45853,188,4,7740
45854,519,5,15748
45855,27,5,14062
45856,463,8,26744
45857,288,8,18705
45858,129,5,13484
45859,25,5,10175
45860,33,6,12574
45861,121,4,12371
45862,47,10,23676
45863,414,3,8512
45864,402,5,9409
45865,203,4,11922
45866,1,9,21774
45867,537,3,9614
45868,160,8,13281
45869,232,10,25883
45870,236,6,14545
45871,164,5,14801
45872,255,2,5239
45873,99,4,12797
45874,1296,1,724
45875,303,3,3315
45876,251,7,13087
45877,8,5,15725
45878,1,7,12101
45879,240,6,15546
45880,210,5,13981
45881,46,6,14169
45882,165,5,13171
45883,87,5,11653
45884,320,3,7488
45885,21,5,12278
45886,464,8,20804
45887,308,6,18053
45888,176,7,27851
45889,94,4,12715
45890,244,3,11527
45891,703,4,10137
45892,18,7,18943
45893,904,1,1625
45894,72,5,17429
45895,105,7,14789
45896,203,7,21919
45897,39,7,13158
45898,104,4,15240
45899,322,6,14366
45900,141,13,33725
45901,31,4,10991
45902,248,5,11269
45903,23,3,8014
45904,182,4,11740
45905,91,7,22529
45906,36,6,18519
45907,263,5,10352
45908,26,5,20456
45909,112,8,18267
45910,371,3,8671
45911,281,3,8282
45912,112,4,11733
45913,41,11,39337
45914,104,6,20005
45915,30,3,6044
45916,100,5,14432
45917,662,1,4716
45918,55,8,24498
45919,936,3,6913
45920,671,1,4550
45921,408,5,8946
45922,20,6,20839
45923,16,5,5900
45924,296,5,11681
45925,219,6,22172
45926,85,3,12723
45927,448,6,11567
45928,522,6,19467
45929,84,6,22942
45930,425,3,8532
45931,27,5,12497
45932,181,7,16927
45933,224,7,22295
45934,413,4,9723
45935,75,4,13086
45936,590,4,9620
45937,338,2,6535
45938,27,4,9471
45939,26,5,14830
45940,18,4,12690
45941,215,4,9396
45942,81,9,32524
45943,88,6,17457
45944,72,11,37697
45945,400,6,15672
45946,314,2,3796
45947,100,1,3927
45948,637,1,1953
45949,435,6,14558
45950,41,5,15049
45951,821,5,12393
45952,47,6,12505
45953,522,7,13823
45954,81,5,13054
45955,60,6,15638
45956,544,5,13608
45957,29,8,30493
45958,270,2,4829
45959,646,2,4866
45960,326,8,20771
45961,65,5,11419
45962,478,3,9488
45963,274,6,19062
45964,30,7,15288
45965,262,8,22706
45966,367,3,5122
45967,868,3,5120
45968,400,5,17940
45969,428,4,12077
45970,590,4,15477
45971,3,8,17858
45972,125,10,30021
45973,16,6,21128
45974,71,5,14489
45975,65,8,22500
45976,130,5,13958
45977,122,8,19479
45978,347,7,21760
45979,341,14,37593
45980,127,5,17015
45981,285,6,15632
45982,209,8,21880
45983,129,5,12856
45984,195,7,17089
45985,66,8,30186
45986,539,9,16600
45987,23,5,8097
45988,350,6,16149
45989,163,5,14902
45990,68,7,24256
45991,503,2,7640
45992,275,5,15869
45993,76,8,20151
45994,61,8,28276
45995,130,4,9453
45996,371,9,21233
45997,186,4,9120
45998,109,7,17743
45999,241,3,9159
46000,725,4,12399
46001,614,10,34659
46002,93,2,7860
46003,238,2,5328
46004,113,2,4489
46005,213,9,25128
46006,661,4,10150
46007,386,2,3667
46008,65,3,8135
46009,97,3,5579
46010,168,7,19330
46011,853,2,7496
46012,402,6,23315
46013,113,6,15042
46014,118,7,25730
46015,509,7,13427
46016,22,8,19273
46017,41,6,17241
46018,899,2,4417
46019,79,8,26513
46020,63,3,6807
46021,601,2,7062
46022,204,3,10660
46023,808,2,8138
46024,131,7,17233
46025,25,9,23572
46026,535,4,14165
46027,125,4,10869
46028,96,4,7769
46029,182,3,8568
46030,196,6,16256
46031,23,5,14665
46032,111,5,19835
46033,460,4,4888
46034,770,2,7063
46035,401,3,11072
46036,673,8,25491
46037,37,5,12664
46038,257,6,20789
46039,273,7,19237
46040,72,6,19326
46041,2,8,23703
46042,69,6,17030
46043,984,3,6259
46044,22,7,11882
46045,302,6,18006
46046,167,11,25951
46047,59,3,13958
46048,66,7,23668
46049,94,10,25506
46050,733,5,15424
46051,314,4,10383
46052,16,7,15259
46053,77,7,18971
46054,118,8,22673
46055,148,11,30910
46056,169,5,18371
46057,936,2,446
46058,217,5,10468
46059,475,2,4593
46060,144,3,10117
46061,182,5,15050
46062,952,1,3439
46063,240,5,17376
46064,399,9,22335
46065,642,5,15321
46066,220,8,12301
46067,83,7,16312
46068,69,9,25155
46069,845,2,2297
46070,211,3,7471
46071,9,5,15003
46072,45,7,16509
46073,743,2,5977
46075,156,4,15887
46076,54,8,17316
46077,217,1,3693
46078,24,3,4928
46079,34,7,23086
46080,429,6,18248
46081,2,8,17632
46082,430,6,11469
46083,335,4,10010
46084,277,8,26153
46085,79,9,23413
46086,192,5,9688
46087,727,4,13106
46088,309,6,15418
46089,44,3,10058
46090,813,4,10577
46091,207,5,16733
46092,183,9,18812
46093,250,8,28610
46094,384,6,18422
46095,66,5,13010
46096,205,6,10448
46097,45,5,21160
46098,90,7,12904
46099,165,4,11590
46100,9,6,19642
46101,40,8,23331
46102,556,3,8153
46103,61,3,3092
46104,110,7,13986
46105,645,4,8486
46106,68,5,17317
46107,248,5,9743
46108,271,5,11848
46109,12,9,25975
46110,913,1,2046
46111,29,7,25284
46112,368,8,22691
46113,21,4,10998
46114,559,8,23185
46115,232,5,9909
46116,1063,2,2055
46117,140,4,9346
46118,36,7,18035
46119,93,6,21493
46120,151,4,13762
46121,396,4,8763
46122,225,7,16956
46123,493,5,10654
46124,7,8,21455
46125,138,8,21168
46126,55,3,9138
46127,219,6,14299
46128,170,6,12397
46129,472,3,10336
46130,632,4,9852
46131,201,8,19592
46132,839,2,5258
46133,284,3,8822
46134,805,4,12133
46135,160,3,4893
46136,127,5,11345
46137,1110,2,5586
46138,881,2,3284
46139,386,7,26927
46140,83,5,6743
46141,29,3,6992
46142,16,4,12834
46143,67,6,8859
46144,93,3,4405
46145,216,10,29904
46146,58,7,18844
46147,204,7,19597
46148,42,5,9989
46149,419,6,23662
46150,658,5,17279
46151,243,6,14849
46152,145,3,8194
46153,42,7,16449
46154,103,3,8834
46155,144,7,18928
46156,260,7,18842
46157,258,6,17168
46158,69,6,21121
46159,156,8,21249
46160,551,3,8835
46161,289,6,22139
46162,33,8,19305
46163,257,5,12882
46164,213,8,24490
46165,65,4,5718
46166,91,8,28354
46167,27,5,7301
46168,117,2,7820
46169,754,3,10849
46170,602,3,5870
46171,313,4,12726
46172,120,6,17664
46173,23,10,26048
46174,170,5,3152
46175,271,6,23651
46176,470,4,8914
46177,137,5,17368
46178,313,6,20226
46179,155,8,21782
46180,51,3,10585
46181,16,6,20629
46182,145,5,9184
46183,571,8,23205
46184,90,3,10539
46185,225,2,6147
46186,180,2,5168
46187,496,4,9857
46188,79,7,24492
46189,269,4,7742
46190,3,4,17672
46191,166,6,18335
46192,118,2,6017
46193,167,4,14953
46194,649,5,12669
46195,255,6,12984
46196,361,4,9598
46197,360,8,22509
46198,134,6,18029
46199,214,3,8795
46200,440,4,10010
46201,65,6,21532
46202,828,4,10321
46203,48,7,19299
46204,15,6,25743
46205,78,10,22066
46206,107,5,15538
46207,77,6,16161
46208,268,8,15450
46209,387,6,16430
46210,32,6,16355
46211,326,5,12805
46212,516,4,12824
46213,142,5,15557
46214,450,3,7851
46215,36,5,13918
46216,65,3,3586
46217,386,5,15007
46218,282,4,8122
46219,723,3,8349
46220,39,4,11418
46221,103,12,31885
46222,458,3,9659
46223,173,6,13845
46224,475,2,3777
46225,902,4,8916
46226,83,5,14845
46227,166,5,16662
46228,827,2,8305
46229,19,7,21034
46230,92,6,17195
46231,640,3,11534
46232,626,2,6713
46233,87,8,16268
46234,342,7,11920
46235,64,8,21790
46236,191,10,27934
46237,24,4,7292
46238,93,5,15274
46239,236,2,4527
46240,169,4,11125
46241,606,3,4484
46242,140,7,18626
46243,5,2,4904
46244,329,4,10241
46245,125,5,17164
46246,295,5,10567
46247,1245,2,5686
46248,1054,3,7676
46249,14,7,18765
46250,43,12,27347
46251,480,4,10184
46252,638,4,16771
46253,294,6,13656
46254,33,5,11769
46255,18,5,19795
46256,344,5,15425
46257,155,4,8823
46258,149,5,15848
46259,85,9,26402
46260,3,8,22339
46261,14,4,13160
46262,894,4,4831
46264,1,7,14711
46265,68,4,8994
46266,328,5,13686
46267,142,5,15632
46268,474,8,17143
46269,38,5,6812
46270,285,7,20554
46271,184,6,12004
46272,116,7,21937
46273,294,6,11504
46274,33,6,20435
46275,579,6,23209
46276,428,4,11056
46277,246,5,8907
46278,169,9,23329
46279,31,5,18354
46280,447,3,4369
46281,60,10,26876
46282,286,4,11337
46283,867,3,6205
46284,159,7,24713
46285,1144,2,3244
46286,71,3,11111
46287,134,4,13358
46288,17,7,22970
46289,461,3,3457
46290,425,7,21934
46291,211,5,14129
46292,328,4,12493
46293,94,7,18871
46294,319,5,10585
46295,107,3,6925
46296,77,4,10388
46297,784,3,5540
46298,316,3,6143
46299,60,3,8579
46300,488,2,6505
46301,66,9,34075
46302,619,3,6317
46303,212,7,21333
46304,150,3,8604
46305,33,6,13238
46306,4,5,23146
46307,521,5,14774
46308,617,4,7111
46309,120,6,14016
46310,145,8,18815
46311,59,4,15725
46312,358,5,12727
46313,117,4,12831
46314,7,9,33725
46315,168,4,11414
46316,743,4,15552
46317,167,4,8887
46318,2,6,13136
46319,253,6,13247
46320,353,4,9364
46321,262,5,11505
46322,107,6,19171
46323,214,3,9859
46324,93,4,10346
46325,93,3,9002
46326,21,5,13927
46327,234,7,20126
46328,21,4,10377
46329,379,2,3782
46330,158,4,9442
46331,142,11,30919
46332,331,4,10980
46333,14,6,23944
46334,167,3,12955
46335,26,4,10179
46336,220,4,14834
46337,538,2,5823
46338,773,7,16842
46339,43,6,12880
46340,196,5,8109
46341,156,6,20375
46342,17,4,13401
46343,153,6,18968
46344,544,3,7818
46345,630,5,17853
46346,128,5,8870
46347,288,1,1966
46348,382,4,16038
46349,154,7,14140
46350,173,4,12620
46351,148,6,11998
46352,839,3,8272
46353,212,8,25737
46354,238,5,14938
46355,165,7,15200
46356,59,11,33655
46357,149,7,24995
46358,36,7,28457
46359,388,8,17972
46360,243,2,3504
46361,122,5,13766
46362,265,2,6257
46363,582,1,3774
46364,302,6,15523
46365,171,4,4422
46366,578,5,12925
46367,37,6,15964
46368,499,3,2521
46369,79,9,31890
46370,940,2,5654
46371,548,5,11535
46372,33,8,20017
46373,1309,1,3492
46374,561,4,15141
46375,313,2,1900
46376,286,4,9879
46377,283,3,8671
46378,1021,3,2682
46379,33,5,11217
46380,55,2,3765
46381,392,4,6961
46382,42,2,8680
46383,132,12,37239
46384,102,6,18043
46385,187,4,7777
46386,241,3,4933
46387,484,7,14242
46388,553,1,4183
46389,8,6,21715
46390,47,4,7543
46391,86,7,14100
46392,423,3,7949
46393,386,4,13213
46394,96,2,5852
46395,149,3,11837
46396,354,6,12435
46397,18,7,19501
46398,5,6,11386
46399,147,6,11721
46400,389,4,8348
46401,238,3,11695
46402,3,5,14553
46403,47,3,6816
46404,82,5,11600
46405,135,5,11442
46406,165,4,14114
46407,59,5,13944
46408,42,7,15611
46409,125,5,16544
46410,847,6,14755
46411,442,5,6847
46412,390,8,20758
46413,462,3,9996
46414,67,7,11623
46415,947,3,7291
46416,101,8,20043
46417,541,4,12054
46418,212,4,8615
46419,417,3,11584
46420,203,3,9760
46421,367,7,19804
46422,129,4,19377
46423,18,8,22649
46424,165,7,19873
46425,208,5,11232
46426,73,4,8350
46427,286,4,13435
46428,63,4,5784
46429,35,4,8519
46430,853,4,14334
46431,39,4,12105
46432,698,3,8753
46433,402,4,11590
46434,92,2,5552
46435,409,5,14208
46436,284,5,11393
46437,219,6,18569
46438,336,2,5344
46439,176,7,18375
46440,122,5,12061
46441,609,5,13632
46442,280,4,15733
46443,183,3,10128
46444,1,6,18670
46445,182,7,19896
46446,341,2,3003
46447,329,5,10151
46448,1,7,24302
46449,370,2,4008
46450,267,5,14693
46451,52,6,14441
46452,117,5,10800
46453,649,2,2667
46454,18,6,11557
46455,446,4,11165
46456,329,6,21057
46457,212,2,3347
46458,32,6,11230
46459,259,6,16944
46460,23,4,10162
46461,181,3,8576
46462,84,5,10460
46463,758,7,14936
46464,145,6,17223
46465,42,6,11722
46466,1059,2,6080
46467,267,3,7401
46468,118,6,9504
46469,51,3,8896
46470,198,5,11227
46471,219,8,23438
46472,371,6,21854
46473,246,5,14855
46474,50,4,12731
46475,151,4,10687
46476,476,5,6122
46477,687,6,16605
46478,68,6,12331
46479,286,3,8033
46480,32,5,12046
46481,107,5,8658
46482,186,10,26621
46483,9,10,17999
46484,167,4,7141
46485,418,8,23028
46486,387,2,4820
46487,40,9,19780
46488,208,5,13929
46489,47,3,9236
46490,139,4,10498
46491,164,5,12464
46492,211,5,17684
46493,471,3,11179
46494,92,4,13284
46495,417,2,4048
46496,444,2,1676
46497,234,2,6767
46498,893,1,2839
46499,234,7,15991
46500,551,1,1895
46501,364,5,14248
46502,317,6,13692
46503,732,6,16831
46504,53,3,8146
46505,11,3,12440
46506,148,6,12584
46507,527,3,10496
46508,362,2,3427
46509,110,6,8698
46510,70,5,18113
46511,727,3,7579
46512,546,5,9697
46513,549,2,5089
46514,177,6,21101
46515,234,8,28275
46516,212,4,8727
46517,50,8,24212
46518,204,6,21481
46519,1002,3,5588
46520,63,5,9198
46521,197,4,16719
46522,231,7,21833
46523,286,4,8261
46524,60,5,8241
46525,139,6,19345
46526,17,6,24718
46527,49,4,11525
46528,22,8,20790
46529,41,4,11909
46530,1050,3,10045
46531,137,5,14510
46532,240,3,8857
46533,38,7,20999
46534,7,5,18171
46535,537,2,7935
46536,200,11,30470
46537,169,8,20541
46538,905,1,1827
46539,279,3,7743
46540,538,4,6101
46541,2,7,24643
46542,21,6,18834
46543,489,7,19549
46544,266,5,14373
46545,592,5,10366
46546,635,2,5122
46547,226,2,7355
46548,129,6,18148
46549,84,6,14957
46550,167,8,22409
46551,837,3,9825
46552,8,9,24831
46553,564,4,7909
46554,41,3,6511
46555,215,6,9889
46556,123,5,13480
46557,96,5,19024
46558,45,8,18483
46559,200,6,18415
46560,92,5,11642
46561,615,2,5274
46562,51,9,22435
46563,585,7,24375
46564,854,4,4464
46565,90,4,11963
46566,563,6,9860
46567,185,6,20630
46568,103,8,18912
46569,433,6,18822
46570,803,2,2455
46571,422,7,16674
46572,37,8,26920
46573,424,5,12718
46574,77,5,8506
46575,49,3,11693
46576,108,3,8269
46577,140,4,11827
46578,226,7,16642
46579,120,2,1705
46580,195,6,19419
46581,1193,2,5197
46582,117,3,7562
46583,224,5,12120
46584,16,6,17378
46585,341,3,12360
46586,423,7,17840
46587,20,5,16917
46588,103,4,8443
46589,433,3,9470
46590,83,5,12276
46591,9,7,17936
46592,99,5,17860
46593,25,6,13794
46594,59,9,22563
46595,151,7,20587
46596,182,6,14406
46597,811,3,9031
46598,109,3,4250
46599,203,5,16195
46601,147,5,15637
46602,339,4,10431
46603,596,4,9768
46604,81,4,8695
46605,427,2,6483
46606,36,9,24549
46607,147,8,20149
46608,46,8,26047
46609,535,6,13588
46610,149,4,11224
46611,343,3,4617
46612,249,8,22635
46613,215,5,14260
46614,354,4,10403
46615,662,3,6865
46616,65,8,19751
46617,494,3,5929
46618,161,5,9603
46619,89,6,20867
46620,131,5,18374
46621,403,7,17068
46622,223,9,26465
46623,589,4,13615
46624,397,3,9985
46625,803,3,7561
46626,351,4,10974
46627,37,1,3742
46628,444,5,13660
46629,2,10,28042
46630,4,9,24838
46631,184,4,11610
46632,5,5,21276
46633,208,5,23822
46634,344,4,12246
46635,10,5,12834
46636,361,4,12058
46637,45,3,8352
46638,228,8,22717
46639,308,7,12761
46640,327,4,12831
46641,59,2,2254
46642,39,5,7933
46643,428,8,18582
46644,35,6,14352
46645,133,6,16962
46646,98,5,9185
46647,10,4,15418
46648,186,6,11051
46649,235,4,16249
46650,278,4,9120
46651,253,4,15212
46652,453,3,11741
46653,378,6,10357
46654,247,9,18616
46656,168,2,7139
46657,187,9,24058
46659,215,7,25398
46660,446,4,12134
46661,299,8,17953
46662,68,4,11293
46663,317,5,19604
46664,870,1,4327
46665,240,4,13087
46666,178,3,9835
46667,342,4,11790
46668,77,3,10476
46669,116,7,22861
46670,26,5,13931
46671,63,5,11674
46672,51,3,12775
46673,337,6,9037
46674,452,5,10844
46675,79,1,868
46676,292,6,14229
46677,74,4,10991
46678,53,4,16112
46679,245,7,18409
46681,160,5,13730
46682,138,4,12430
46683,371,4,12865
46684,13,5,10897
46685,1056,1,677
46686,38,8,17896
46687,306,6,19458
46688,105,8,19872
46689,52,7,15803
46690,62,7,29223
46691,959,1,1202
46692,14,4,10999
46693,221,5,17945
46694,42,6,14904
46695,88,5,14782
46696,76,8,25166
46697,103,4,7765
46698,109,5,11611
46699,317,7,18142
46700,79,7,21560
46701,42,3,7336
46702,201,5,12045
46703,218,6,21171
46704,187,4,13162
46705,111,6,16244
46706,46,7,16189
46707,351,3,7987
46708,49,4,10238
46709,73,7,20229
46710,212,3,6225
46711,128,5,13134
46712,105,7,17493
46713,86,5,11394
46714,236,5,9838
46715,255,6,20887
46716,166,4,12362
46717,70,7,19073
46718,442,8,21989
46719,358,4,8446
46720,31,8,23447
46721,51,6,18074
46722,59,3,10418
46723,43,6,9878
46724,106,3,7527
46725,209,5,16627
46726,85,9,27057
46727,29,8,19264
46728,396,5,10103
46729,44,9,30813
46730,16,7,15539
46731,1204,2,5545
46732,149,3,12238
46733,34,7,16349
46734,174,5,20354
46735,29,5,14474
46736,229,4,9873
46737,26,10,34989
46738,313,6,15668
46739,136,7,17118
46740,507,6,19573
46741,112,4,10285
46742,32,7,21059
46743,221,3,4218
46744,32,3,8490
46745,568,3,7229
46746,7,6,21283
46747,176,3,11187
46748,349,1,4588
46749,301,5,13993
46750,4,5,17535
46751,341,4,14899
46752,248,4,12605
46753,37,8,24372
46754,145,8,21302
46755,534,3,9636
46756,425,3,9588
46757,39,9,27259
46758,1042,3,8661
46759,59,7,15764
46760,5,8,23702
46761,6,8,23281
46762,86,1,5024
46764,211,6,21325
46765,53,4,10450
46766,18,4,10208
46767,11,2,6243
46768,213,3,8412
46769,66,4,5981
46770,533,4,12042
46771,126,8,22721
46772,430,4,9796
46773,338,5,7984
46774,118,8,21817
46775,149,3,7288
46776,80,6,11480
46777,181,4,9211
46778,940,3,11216
46779,165,3,4900
46780,762,1,4519
46781,548,3,6498
46782,64,7,19499
46783,192,3,5729
46784,106,3,2929
46785,267,2,5961
46786,153,7,17614
46787,92,5,15024
46788,75,5,13003
46789,243,4,14639
46790,117,3,9810
46791,695,4,9794
46792,173,5,9011
46793,64,7,27174
46794,190,7,21584
46795,205,2,5854
46796,372,5,14668
46797,24,5,16778
46798,172,6,18945
46799,183,4,5201
46800,272,5,18677
46801,922,2,4508
46802,247,2,3441
46803,157,3,9298
46804,194,2,2863
46805,171,5,13913
46806,183,4,13918
46807,33,4,7184
46808,275,6,19280
46809,503,8,28323
46810,63,6,15709
46811,273,4,16801
46812,336,3,5686
46813,307,3,10231
46814,80,3,5695
46815,362,5,8259
46816,304,6,21435
46817,481,4,8092
46818,502,6,17002
46819,279,7,16408
46820,744,5,7780
46821,301,10,33115
46822,270,5,8724
46823,32,4,9951
46824,46,5,11566
46825,34,4,11191
46826,314,6,20040
46827,842,4,10489
46828,215,7,20015
46829,319,7,23508
46830,747,2,7535
46831,87,9,21135
46832,132,5,10465
46833,131,11,25541
46834,493,3,5560
46835,27,6,15090
46836,187,8,18132
46837,404,4,11947
46838,313,8,25464
46839,278,7,17669
46840,22,5,15560
46841,84,4,14044
46842,7,4,14475
46843,246,3,5853
46844,542,5,11249
46845,37,5,15584
46846,228,5,8580
46847,464,4,11825
46848,472,3,3679
46849,1150,3,9186
46850,263,6,19342
46851,264,5,14713
46852,288,3,7993
46853,24,5,13104
46854,300,5,12464
46855,256,10,36804
46856,18,4,13360
46857,82,6,17099
46858,406,6,13963
46859,493,4,10194
46860,111,5,11375
46861,188,3,8238
46862,2,6,19840
46863,373,4,8640
46864,42,8,27117
46865,82,6,15928
46866,30,3,7695
46867,212,4,6552
46868,547,1,2118
46869,158,9,23532
46870,228,2,5215
46871,92,6,15958
46872,111,3,5730
46873,70,4,13971
46874,190,3,3774
46875,152,5,12985
46876,333,4,8495
46877,596,4,12251
46878,62,8,24334
46879,139,7,13153
46880,503,6,15095
46881,126,5,14720
46882,640,3,8175
46883,166,4,8608
46884,244,6,13793
46885,270,5,15438
46886,52,6,12279
46887,76,5,12031
46888,171,7,19730
46889,321,4,9230
46890,762,5,14268
46891,88,6,14963
46892,129,3,5070
46893,389,2,1224
46894,307,7,19005
46895,53,6,18878
46896,238,2,4333
46897,349,2,3905
46898,385,5,11100
46899,102,8,27286
46900,140,7,9433
46901,63,6,15649
46902,127,6,19238
46903,94,4,7225
46904,11,5,13135
46905,49,7,20948
46906,59,5,10903
46907,357,9,14408
46908,134,8,22396
46909,51,9,26109
46910,236,4,13072
46911,533,5,9946
46912,657,6,8690
46913,263,4,7559
46914,183,7,20295
46915,108,5,8489
46916,408,4,7403
46917,98,4,7040
46918,7,8,20026
46919,574,2,4123
46920,42,7,15191
46921,129,4,9722
46922,243,6,16765
46923,467,4,11544
46924,242,4,17335
46925,1311,1,4140
46926,407,7,21052
46927,277,5,10916
46928,138,5,8138
46929,183,10,27194
46930,1124,2,4661
46931,51,7,9042
46932,152,6,17619
46933,844,1,1566
46934,82,7,13466
46935,37,4,11908
46936,101,6,16697
46937,117,5,7652
46938,129,9,25015
46939,403,7,19778
46940,53,3,7790
46941,547,4,12481
46942,446,4,11679
46943,685,5,13101
46944,85,8,21090
46945,118,4,8449
46946,29,4,12333
46947,100,6,20264
46948,253,4,9364
46949,16,7,14838
46950,308,7,17006
46951,94,9,27368
46952,450,5,16710
46953,656,2,8582
46954,253,5,20889
46956,230,4,16258
46957,200,5,16167
46958,365,3,11829
46959,30,4,5505
46960,177,5,16943
46961,327,6,13576
46962,146,5,14785
46963,178,3,11144
46964,216,2,6270
46965,12,5,10298
46966,1027,3,5285
46967,465,3,8990
46968,294,5,17178
46969,35,7,12221
46970,329,3,12340
46971,286,4,17074
46972,51,9,26252
46973,409,1,3286
46974,23,7,16252
46975,172,5,15096
46976,66,5,18194
46977,320,8,12988
46978,101,6,13337
46979,17,7,21844
46980,75,7,24350
46981,240,4,9333
46982,603,1,4927
46983,11,3,7251
46984,12,7,19194
46985,476,3,9654
46986,253,3,6207
46987,173,2,4545
46988,397,4,8477
46989,59,5,15543
46990,277,3,7980
46991,75,1,1547
46992,887,5,15256
46993,84,7,23814
46994,168,5,10424
46995,170,4,12543
46996,112,7,20687
46997,154,8,22513
46998,62,5,17301
46999,121,8,18541
47000,49,7,21846
47001,272,5,9621
47002,242,7,19937
47003,933,3,10324
47004,260,7,22731
47005,57,6,15420
47006,586,4,13202
47007,114,3,5878
47008,53,3,13715
47009,838,3,8699
47010,118,11,23934
47011,177,8,24466
47012,200,8,23022
47013,114,7,19005
47014,296,5,7041
47015,10,2,5626
47016,99,7,17613
47017,79,6,17712
47018,350,5,17134
47019,705,4,11796
47020,215,5,15726
47021,244,5,18666
47022,227,6,14623
47023,472,3,2378
47024,57,7,18164
47025,146,6,13746
47026,16,3,6712
47027,78,6,16193
47028,585,4,14676
47029,490,2,1620
47030,8,7,19903
47031,272,6,19951
47032,128,3,9171
47033,228,7,24643
47034,414,6,14515
47035,146,1,1720
47036,172,7,24907
47037,83,6,10866
47039,275,10,26728
47040,319,3,12769
47041,172,8,26340
47042,169,8,15334
47043,22,6,13259
47044,485,4,7209
47045,18,6,10657
47046,21,7,15698
47047,855,3,3158
47048,88,10,21825
47049,44,8,23902
47050,545,3,9400
47051,69,12,34634
47052,36,9,24229
47053,164,2,7691
47054,167,3,9740
47055,96,6,18666
47056,483,4,11888
47057,78,4,14833
47058,183,5,13354
47059,20,8,30873
47060,58,7,21922
47061,215,5,11343
47062,101,4,10094
47063,348,6,22435
47064,20,9,22472
47065,373,5,16293
47066,134,6,10075
47067,86,9,21962
47068,353,3,12571
47069,753,6,18234
47070,473,3,8113
47071,122,4,9305
47072,117,9,26583
47073,517,4,13424
47074,257,4,12519
47075,45,4,8776
47076,3,5,10243
47077,603,4,16336
47078,611,4,6697
47079,188,4,11569
47080,12,6,14424
47081,1030,2,6120
47082,280,1,3178
47083,338,5,9693
47084,66,7,21597
47085,112,3,7515
47086,294,10,29804
47087,105,17,45700
47088,920,3,9469
47089,343,4,11681
47090,45,3,5670
47091,201,5,14927
47092,96,6,9270
47093,29,8,20251
47094,185,6,17101
47095,153,2,5906
47096,81,10,29501
47097,9,6,18048
47098,418,6,16297
47099,501,3,2178
47100,357,1,1038
47101,55,3,9455
47102,662,3,9903
47103,198,7,23195
47104,392,3,6822
47105,176,7,19697
47106,115,4,7952
47107,85,10,27437
47108,65,7,23109
47109,1047,1,1203
47110,102,6,13418
47111,254,8,17091
47112,424,8,23804
47113,308,5,8458
47114,540,4,10276
47115,170,6,10868
47116,684,7,19245
47117,1000,3,9549
47118,138,9,29579
47119,294,6,18299
47120,224,7,23948
47121,35,3,6253
47122,350,4,8634
47123,291,4,14555
47124,723,2,7016
47125,190,6,18948
47126,755,3,5310
47127,403,4,8560
47128,18,4,9820
47129,39,4,12605
47130,80,7,14371
47131,42,4,15056
47132,6,11,32881
47133,11,4,15967
47134,64,5,14283
47135,30,1,2567
47136,88,9,24374
47137,196,5,12939
47138,575,2,2899
47139,9,2,6023
47140,319,3,10359
47141,113,7,22745
47142,589,2,882
47143,159,8,26852
47144,31,6,17644
47145,231,5,15282
47146,19,6,18250
47147,765,4,7748
47148,3,3,10489
47149,1019,3,4412
47150,395,7,18553
47151,66,3,4486
47152,51,4,11641
47153,312,5,15166
47154,243,6,14917
47155,113,7,19859
47156,163,2,2638
47157,599,6,15750
47158,21,10,24096
47159,13,10,20537
47160,22,8,25331
47161,496,4,8606
47162,280,2,6755
47163,164,5,11294
47164,480,2,4717
47165,68,2,7689
47166,162,7,23120
47167,32,6,7093
47168,195,1,872
47169,183,6,9225
47170,114,4,11697
47171,46,9,17747
47172,551,4,5541
47173,598,2,7558
47174,138,5,15342
47175,434,4,7643
47176,222,4,8373
47177,254,2,4380
47178,3,6,12351
47179,23,6,9446
47180,39,5,10447
47181,384,4,9848
47182,128,3,7515
47183,157,6,15787
47184,64,5,18731
47185,139,9,22021
47186,82,5,3878
47187,587,4,12547
47188,75,2,3920
47189,323,6,15566
47190,228,12,39361
47191,167,6,11124
47192,814,1,2765
47193,135,5,11173
47194,428,6,20481
47195,61,7,21681
47196,62,6,15468
47197,53,8,20088
47198,260,4,11203
47199,125,7,18018
47200,64,6,14985
47201,159,6,14049
47202,10,4,14723
47203,414,5,14586
47204,117,7,15496
47205,2,7,16921
47206,543,6,16618
47207,231,6,15469
47208,91,12,34017
47209,12,6,13257
47210,102,6,14609
47211,70,5,13373
47212,309,2,3736
47213,325,4,10862
47214,252,5,13983
47216,169,3,12425
47217,222,6,16079
47218,684,5,15937
47219,274,6,16938
47220,260,5,16438
47221,169,5,16114
47222,330,1,385
47223,21,7,16593
47224,85,5,14222
47225,174,7,11872
47226,318,6,15957
47227,289,7,19551
47228,774,4,11759
47229,441,3,5926
47230,60,6,14440
47231,368,3,6785
47232,367,6,12261
47233,256,5,16375
47234,1034,1,1370
47235,162,5,11409
47236,142,9,19809
47237,167,8,20524
47238,58,2,2858
47239,126,6,19721
47240,66,7,16375
47241,95,6,17240
47242,254,4,10223
47243,83,10,37012
47244,703,5,12271
47245,134,5,18886
47246,205,9,22502
47247,325,6,12276
47248,222,5,11638
47249,70,6,12230
47250,502,4,11475
47251,191,3,5596
47252,172,3,5432
47253,110,2,9966
47254,293,7,14756
47255,388,3,8968
47256,424,6,19406
47257,141,4,12032
47258,112,6,18904
47259,282,5,9319
47260,219,9,26923
47261,18,6,16876
47262,103,4,12109
47263,544,4,8951
47264,403,6,19780
47265,75,4,5517
47266,89,6,21051
47267,164,6,15916
47268,28,4,7422
47269,388,5,13418
47270,74,3,5705
47271,117,5,18176
47272,76,6,16488
47273,408,6,15754
47274,410,5,8532
47275,321,3,9305
47276,320,6,22107
47277,225,2,7781
47278,813,3,11303
47279,507,4,12761
47280,123,3,11729
47282,284,7,12840
47283,541,4,10032
47284,115,2,8376
47285,97,6,13875
47286,153,7,19595
47287,217,7,27307
47288,599,4,15705
47289,646,6,14560
47290,383,5,19653
47291,298,7,14834
47292,240,5,14744
47293,255,3,11985
47294,172,4,11348
47295,506,4,13357
47296,782,4,8267
47297,265,2,6145
47298,305,5,14924
47299,20,8,21775
47300,110,9,23798
47301,42,6,16098
47302,64,5,14742
47303,36,5,14083
47304,8,9,20095
47305,42,4,11102
47306,1,5,18703
47307,143,4,13923
47308,41,5,14857
47309,4,8,27642
47310,11,4,7617
47311,185,5,18074
47312,391,4,12552
47313,52,8,15274
47314,218,7,14139
47315,202,3,9524
47316,466,5,13657
47317,218,5,13614
47318,411,3,9761
47319,248,11,26439
47320,215,6,16328
47321,468,7,18680
47322,201,6,14850
47323,65,3,10865
47324,380,4,12364
47325,398,5,14290
47326,84,6,15063
47327,493,6,25354
47328,18,8,27426
47329,326,7,25197
47330,66,7,20866
47331,280,7,18236
47332,389,4,13772
47333,360,5,11813
47334,812,3,10265
47335,40,3,3495
47336,379,5,11038
47337,29,4,6753
47338,201,5,11851
47339,6,6,16374
47340,840,2,3902
47341,120,8,23079
47342,265,4,11951
47343,24,4,10090
47344,303,9,20860
47345,442,5,8809
47346,417,4,10211
47347,396,2,6827
47348,367,5,22694
47349,202,3,12191
47350,16,7,21171
47351,160,3,7630
47352,274,3,8256
47353,75,6,12631
47354,41,2,6147
47355,77,4,11911
47356,329,6,21027
47357,72,6,16059
47358,206,6,16217
47359,275,7,18967
47360,66,4,14310
47361,317,3,12629
47362,719,5,14186
47363,1154,1,1958
47364,897,1,2778
47365,513,9,28458
47366,88,5,18299
47367,229,3,6239
47368,173,4,10379
47369,57,8,30904
47370,135,5,8038
47371,107,4,11708
47372,643,3,7447
47373,473,6,18142
47374,60,3,11022
47375,907,3,5917
47376,129,5,11380
47377,536,8,21000
47378,401,2,1729
47379,139,8,25823
47380,1088,2,6551
47381,41,7,15487
47382,167,2,4334
47383,645,2,2330
47384,532,3,7849
47385,219,4,10014
47386,185,4,15473
47387,69,12,25640
47388,127,5,12920
47389,566,3,3192
47390,234,9,33845
47391,265,3,9883
47392,683,4,7219
47393,21,8,18154
47395,173,4,9301
47396,117,6,27920
47397,541,4,10625
47398,223,4,12510
47399,514,4,10181
47400,94,3,9599
47401,268,4,12527
47402,341,5,12829
47403,131,3,6742
47404,607,3,6805
47405,87,8,21318
47406,363,5,12104
47407,304,2,8718
47408,938,5,11982
47409,171,3,9789
47410,339,8,23675
47411,621,4,10076
47412,91,7,13893
47413,34,8,15889
47414,335,3,4331
47415,707,6,17751
47416,102,11,37205
47417,223,3,8235
47418,405,2,4421
47420,530,4,8672
47421,656,2,6788
47422,511,3,8366
47423,26,5,9348
47424,436,2,4960
47425,508,2,8631
47426,30,7,14058
47427,115,3,3244
47428,50,3,5827
47429,51,7,21814
47430,784,2,6146
47431,430,2,6055
47432,287,3,6575
47433,12,3,12955
47434,368,3,4636
47435,261,8,21359
47436,302,2,5295
47437,8,7,27379
47438,50,5,14720
47439,72,9,31268
47440,591,1,1211
47441,450,3,8061
47442,105,7,26047
47443,1,5,13672
47444,197,5,16405
47445,302,6,13335
47446,16,11,32806
47447,30,6,13967
47448,899,7,27953
47449,242,8,24521
47450,610,5,11370
47451,317,7,24404
47452,92,5,17806
47454,93,5,11096
47455,145,5,10566
47456,193,8,21044
47457,22,5,12351
47458,554,5,18485
47459,140,10,19637
47460,106,11,28074
47461,82,7,13296
47463,64,4,9107
47464,221,3,9314
47465,208,2,3655
47466,270,4,7407
47467,114,9,26731
47468,770,3,8511
47469,390,8,27708
47470,61,8,25662
47471,6,11,22570
47472,187,8,23813
47473,231,5,16110
47474,211,7,17019
47475,47,6,18016
47476,189,4,4037
47477,253,4,8028
47478,161,4,9595
47479,85,6,12765
47480,684,4,10769
47481,9,5,11665
47482,21,5,12272
47483,148,8,15632
47484,55,4,6812
47485,877,2,2060
47486,8,9,22245
47487,24,5,9683
47488,60,3,7879
47489,324,7,17985
47490,160,4,9885
47491,63,6,20840
47492,103,6,15295
47493,76,7,16463
47494,298,6,15948
47495,41,5,14300
47496,42,9,25797
47497,109,4,8278
47498,136,4,15034
47499,92,4,10184
47500,191,7,19908
47501,240,5,12847
47502,1122,3,4638
47503,112,5,13484
47504,86,5,13279
47505,145,1,3750
47506,347,4,10605
47507,439,2,5633
47508,618,2,6896
47509,163,3,10583
47510,251,2,3381
47511,27,2,6196
47512,935,1,3189
47513,288,3,6890
47514,414,4,13967
47515,122,5,11715
47516,324,5,17574
47517,11,4,11398
47518,15,6,16282
47519,12,7,18979
47520,250,4,13372
47521,1153,1,4162
47522,1131,1,3586
47523,416,5,15478
47524,103,5,13136
47525,204,5,10402
47526,763,5,18339
47527,822,2,3033
47528,147,8,16739
47529,52,2,3928
47530,16,4,10416
47531,56,4,9740
47532,502,5,18908
47533,83,9,22670
47534,183,3,5122
47535,99,5,9036
47536,740,3,13253
47537,224,5,17684
47538,209,5,15360
47539,570,3,9250
47540,45,5,17837
47541,100,8,19789
47542,317,3,9103
47543,96,5,15676
47544,67,7,19312
47545,788,5,16859
47546,390,3,3589
47547,24,4,15183
47548,93,3,8542
47549,11,6,14250
47550,57,5,11480
47551,60,7,18563
47552,398,5,17981
47553,46,3,4930
47554,832,1,3987
47555,316,5,13642
47556,95,5,18754
47557,23,2,7695
47558,136,5,13406
47559,62,8,23139
47560,131,4,12286
47561,329,10,25819
47562,120,5,12408
47563,299,3,5840
47564,129,2,6099
47565,159,6,17359
47566,152,6,13688
47567,247,3,6516
47568,25,4,7259
47569,66,5,12955
47570,133,3,7615
47571,155,5,15159
47572,115,3,10107
47573,726,3,13569
47574,506,3,8985
47575,355,4,8525
47576,152,4,6992
47577,464,4,7180
47578,12,4,10739
47579,697,2,4882
47580,271,3,5725
47581,9,9,21551
47582,437,5,18834
47583,169,3,9200
47584,26,7,14470
47585,37,7,21264
47586,66,7,18274
47587,470,5,18602
47588,1031,3,6696
47589,146,3,7236
47590,1012,1,4544
47591,284,7,20675
47592,184,8,22161
47593,420,5,18382
47594,443,2,3857
47595,85,8,18115
47596,198,5,16418
47597,280,4,12027
47598,20,8,17338
47599,60,7,18751
47600,589,4,7722
47601,354,6,13373
47602,672,5,12884
47603,48,8,25599
47604,19,6,14784
47605,1253,1,5158
47606,523,2,6197
47607,146,6,18042
47608,1061,1,1207
47609,330,2,7455
47610,75,3,4420
47611,353,2,6509
47612,262,5,15320
47613,330,4,5711
47614,371,5,15849
47615,296,4,8205
47616,304,3,6666
47617,157,5,14464
47618,332,3,6926
47619,221,4,5404
47620,603,3,5397
47621,127,11,32751
47622,213,3,12655
47623,255,5,10585
47624,438,3,7171
47625,62,9,24227
47626,382,5,13515
47627,241,9,21179
47629,15,7,22391
47630,368,2,6489
47631,82,7,17987
47632,192,3,8829
47633,433,4,10151
47634,164,2,5880
47635,3,8,18677
47636,625,4,13849
47637,323,4,11436
47638,677,3,7009
47639,146,8,21128
47640,32,7,20840
47641,290,4,11271
47642,36,3,9678
47643,25,5,11102
47644,3,6,18127
47645,216,1,3321
47646,37,9,26722
47647,172,2,3717
47648,356,6,18099
47649,89,4,8240
47650,51,5,9574
47651,489,4,13670
47652,192,9,25726
47653,16,3,9033
47654,964,2,4963
47655,85,5,10287
47656,133,4,12860
47657,71,5,11389
47658,529,2,3436
47659,46,5,13585
47660,293,5,10669
47661,16,3,8947
47662,540,3,12454
47663,472,3,7587
47664,47,3,2536
47665,235,5,15375
47666,251,4,14211
47667,362,3,10390
47668,34,8,26108
47669,115,5,10152
47670,174,7,21191
47671,1260,2,6090
47672,50,5,11354
47673,366,3,7315
47675,602,2,8325
47676,87,9,23943
47677,100,2,1932
47678,373,7,9298
47679,151,4,9927
47680,15,7,20634
47681,249,4,12701
47682,109,6,15621
47683,47,5,14707
47684,204,6,16057
47685,173,6,18769
47686,50,6,18206
47687,288,5,5605
47688,106,5,14841
47689,663,2,1894
47690,515,4,10353
47691,104,2,5104
47692,167,3,9886
47693,143,8,20525
47694,233,7,15588
47695,114,6,17186
47696,53,4,11151
47697,46,7,15881
47698,115,6,18276
47699,364,5,13243
47700,153,6,13103
47701,75,6,12577
47702,66,7,10192
47703,32,7,17949
47704,13,9,26468
47705,545,1,2615
47706,10,7,24573
47707,110,6,17270
47708,22,6,12450
47709,138,6,17987
47710,46,3,8155
47711,623,1,2429
47712,402,6,14427
47713,236,2,1915
47714,320,7,19786
47715,145,3,8546
47716,267,6,24514
47717,110,7,25155
47718,211,2,5858
47719,66,5,14065
47720,49,3,11839
47721,140,6,18973
47722,55,5,14484
47723,117,7,21102
47724,56,6,20624
47725,386,4,12251
47726,45,6,21414
47727,1046,4,12794
47728,768,4,7968
47729,105,3,11911
47730,349,5,17698
47731,770,4,12411
47732,118,5,15936
47733,36,5,9093
47734,592,3,8374
47735,5,6,15322
47736,680,3,7917
47737,104,8,23888
47739,89,4,12417
47740,160,3,5530
47741,146,4,13811
47742,2,3,9239
47743,550,3,8361
47744,221,7,18903
47745,264,4,12656
47746,178,10,25039
47747,1,7,16089
47748,620,5,8137
47749,1226,1,2924
47750,123,9,25041
47751,675,2,619
47752,547,2,5025
47753,754,2,5924
47754,187,1,665
47755,210,5,14361
47756,31,6,14425
47757,62,6,20359
47758,240,2,5618
47759,41,6,22218
47760,117,8,27893
47761,32,10,28976
47762,523,8,23461
47763,308,7,14619
47764,95,7,18000
47765,76,5,11828
47766,1065,2,4990
47767,767,5,12403
47768,65,11,31342
47769,192,6,18295
47770,509,3,8599
47771,162,3,8444
47772,1,7,16538
47773,246,10,31585
47774,208,7,21331
47775,46,7,19587
47776,79,5,7220
47777,17,6,12973
47778,38,3,4457
47779,98,6,15491
47780,297,6,14584
47781,234,6,12394
47782,736,2,4048
47783,175,3,11179
47784,58,7,21126
47785,18,10,19041
47786,144,10,24490
47787,74,7,10664
47788,795,2,3650
47789,46,8,23793
47790,437,1,3847
47791,237,4,8950
47792,176,3,8159
47793,579,5,18393
47794,295,3,6340
47795,82,4,9828
47796,427,5,16870
47798,121,2,9569
47799,358,6,12412
47800,155,6,16226
47802,252,5,9324
47803,121,4,13165
47804,50,6,13066
47805,115,5,12661
47806,174,5,11329
47807,87,6,12483
47808,212,6,11970
47809,255,2,8613
47810,618,4,12021
47811,20,7,19214
47812,422,5,9280
47813,119,3,8233
47814,45,8,22632
47815,203,8,18762
47816,73,3,7667
47817,1206,1,2129
47818,346,7,21843
47819,50,6,12969
47820,313,3,6476
47821,149,4,11534
47822,318,4,8216
47823,132,6,18736
47824,122,10,25418
47825,147,3,11747
47826,132,4,11029
47827,111,6,18028
47828,296,7,30051
47829,167,7,17979
47830,339,4,9701
47831,162,7,14244
47832,276,3,4274
47833,516,8,23941
47834,287,10,27901
47835,102,6,14230
47836,242,7,18725
47837,224,5,8002
47838,14,10,20857
47839,322,4,8351
47840,106,9,32362
47841,98,8,25700
47842,328,6,10338
47844,435,4,9180
47845,297,6,16114
47846,384,4,14394
47847,283,3,5287
47848,61,5,15694
47849,162,5,15215
47850,318,4,12654
47851,172,6,17996
47852,261,4,10823
47853,46,5,12375
47854,829,3,12163
47855,335,5,15882
47856,729,5,10662
47857,340,7,24271
47858,447,6,9034
47859,388,4,10250
47860,289,6,23455
47861,58,11,29059
47862,20,10,30228
47863,39,7,21155
47864,384,6,17598
47865,163,4,8892
47866,1279,1,2834
47867,53,11,23373
47868,582,2,2593
47869,129,9,21469
47870,299,4,7294
47871,52,4,10239
47872,136,6,11825
47873,490,2,7926
47874,52,6,16942
47875,796,5,13124
47876,484,5,4963
47877,288,4,6118
47878,605,2,4299
47879,218,4,8198
47880,619,5,18040
47881,253,5,16019
47882,703,4,13046
47883,93,6,12191
47884,162,4,15428
47885,874,4,4107
47886,738,6,12439
47887,429,5,18633
47888,326,3,7699
47889,132,3,9595
47890,332,3,7176
47891,557,4,14738
47892,117,2,4997
47893,520,1,4581
47894,138,8,27978
47895,540,2,3925
47896,581,5,17980
47897,354,8,25952
47898,20,5,10053
47899,1200,1,110
47900,137,6,18066
47901,544,1,1585
47902,659,2,3169
47903,87,7,15447
47904,324,5,14950
47905,358,8,24006
47906,256,2,3762
47907,136,7,23556
47908,313,9,25303
47909,66,4,7150
47910,231,5,8565
47911,206,5,19991
47912,293,10,21696
47913,478,3,3071
47914,476,4,13855
47915,222,5,11716
47916,331,8,27884
47917,264,5,11366
47918,87,4,7180
47919,39,7,18631
47920,74,7,24582
47921,339,1,4591
47922,100,9,25176
47923,1,4,9652
47924,79,6,17492
47925,692,2,4492
47926,76,5,17073
47927,145,5,16474
47928,175,9,35462
47929,169,6,15052
47930,265,2,5983
47931,160,5,9143
47932,59,7,21746
47933,531,5,11122
47934,225,4,15388
47935,20,6,18453
47936,530,3,6969
47937,271,6,17444
47938,73,5,11206
47939,46,8,15639
47940,110,5,11919
47941,300,4,9833
47942,308,7,17742
47943,43,9,25734
47944,24,5,15855
47945,76,6,16706
47946,551,6,15043
47947,207,7,16072
47948,111,6,13940
47949,438,2,6739
47950,129,7,16059
47951,29,5,12394
47952,493,4,9953
47953,112,5,18477
47954,212,5,18232
47955,143,8,23217
47956,132,8,22292
47957,36,6,25505
47958,281,6,18158
47959,248,6,12991
47960,234,5,18260
47961,159,5,12604
47962,304,4,11406
47963,184,6,14186
47964,466,4,12145
47965,111,6,13268
47966,840,1,1724
47967,146,5,8029
47968,96,5,17829
47969,169,4,12687
47970,274,6,11833
47971,56,5,12256
47972,35,2,3707
47973,309,7,14392
47974,420,3,8469
47975,103,4,9033
47976,5,9,29995
47977,275,3,8405
47978,19,5,11644
47979,37,9,23647
47980,115,5,13799
47981,319,10,25498
47982,453,6,14125
47983,518,3,8600
47984,13,8,28684
47985,63,6,11934
47986,585,4,16153
47987,342,7,20156
47988,550,6,19903
47989,335,3,10476
47990,113,5,10475
47991,6,8,20247
47992,69,8,17757
47993,82,6,12448
47994,176,7,23560
47995,281,2,2452
47996,326,5,11481
47997,123,4,10994
47999,34,5,23898
48000,5,10,23031
48001,345,6,17889
48002,233,7,23171
48003,181,2,7965
48004,421,8,18239
48005,806,3,9863
48006,1152,2,5805
48007,249,5,15408
48008,118,5,20171
48009,76,5,16383
48010,335,6,7596
48011,921,4,8831
48012,156,5,12468
48013,158,8,23224
48015,1088,2,4603
48016,48,5,15071
48017,4,5,15927
48018,648,6,14535
48019,88,10,24502
48020,565,3,5790
48021,198,8,22010
48022,556,7,20207
48023,1010,1,2051
48024,349,4,7883
48025,342,4,11513
48026,132,4,13341
48027,340,6,11337
48028,136,7,14390
48029,21,6,10970
48030,22,5,7462
48031,4,3,8344
48032,95,5,11565
48033,118,7,18852
48034,70,5,15883
48035,90,7,19969
48036,518,7,21969
48037,675,2,5404
48038,40,5,17135
48039,391,9,25709
48040,550,4,15110
48041,467,6,21849
48042,60,3,8889
48043,167,8,28812
48044,441,6,23789
48045,14,4,10953
48046,235,6,13991
48047,247,4,11462
48048,49,6,15868
48049,92,5,16791
48050,5,7,26428
48051,146,4,11046
48052,297,5,14177
48053,41,2,6232
48054,65,7,18635
48055,153,6,16403
48056,560,1,2784
48057,178,7,15672
48058,27,7,23954
48059,74,7,11971
48060,682,4,9317
48061,890,2,4608
48062,236,4,11171
48063,516,1,1450
48064,35,8,18112
48065,90,6,16689
48066,831,4,13106
48067,229,6,11786
48069,135,11,28753
48070,261,5,15097
48071,228,3,8605
48072,256,5,12010
48073,118,6,14082
48074,151,5,14185
48075,136,5,11726
48076,283,1,538
48077,33,6,11780
48078,357,2,8088
48079,166,12,28481
48080,149,4,8579
48081,231,4,10379
48082,244,8,22665
48083,1023,1,4363
48084,57,4,13300
48085,494,8,20192
48086,35,4,12223
48087,605,5,18662
48088,112,4,17605
48089,496,3,5744
48090,270,5,6960
48091,308,7,19875
48092,122,7,19921
48093,77,2,6182
48094,149,6,12028
48095,270,2,5068
48096,449,3,5586
48097,32,6,18049
48098,47,6,13337
48099,291,6,11974
48100,57,5,12592
48101,439,4,13643
48102,203,3,9927
48103,275,4,5958
48104,73,6,18160
48105,69,5,8009
48106,103,5,14365
48107,233,7,15021
48108,377,3,7520
48109,307,6,19839
48110,162,5,15403
48111,718,2,6233
48112,174,1,1937
48113,294,6,10098
48114,5,11,25348
48115,129,7,17079
48116,572,5,15745
48117,140,5,15658
48118,14,3,8835
48119,11,4,14540
48120,441,5,15517
48121,314,4,8508
48122,323,5,17463
48123,393,5,14136
48124,13,9,25153
48125,39,7,23754
48126,270,5,13923
48127,266,7,24443
48128,100,1,3483
48129,832,4,4806
48130,1346,1,1261
48131,232,3,14762
48132,156,4,15500
48133,373,4,7753
48134,318,3,8996
48135,34,5,13982
48136,18,4,10275
48137,99,4,6173
48138,323,6,19724
48139,109,10,28644
48140,9,4,10782
48141,779,4,17178
48142,378,4,8390
48143,247,5,5590
48144,109,10,31711
48145,71,8,25292
48146,93,10,24587
48147,104,6,20596
48148,422,7,26607
48149,118,10,32729
48150,177,4,16039
48151,291,5,12991
48152,96,2,7238
48153,99,6,13426
48154,26,5,16481
48155,9,5,17404
48156,218,3,8927
48157,7,5,11101
48158,158,4,15611
48159,209,4,11904
48160,115,5,10754
48161,78,5,13538
48162,828,2,7697
48163,60,5,15295
48164,39,2,3571
48165,57,11,25049
48166,1172,3,10189
48167,133,6,11766
48168,182,6,18743
48169,121,2,4536
48170,186,3,6172
48171,7,6,13941
48172,197,8,23085
48173,8,5,16129
48174,130,7,22883
48175,193,4,11053
48176,711,7,14895
48177,65,7,20083
48178,258,6,18842
48179,2,11,31188
48180,311,5,16431
48181,356,7,25266
48182,73,2,4971
48183,251,3,6491
48184,536,8,31037
48185,3,3,10463
48186,142,8,25265
48187,781,4,10018
48188,238,8,30962
48189,113,4,8473
48190,455,3,6472
48191,210,4,9577
48192,416,5,15498
48193,54,4,12525
48194,194,4,5927
48195,104,6,16273
48196,482,2,2913
48197,20,3,9138
48198,51,6,12344
48199,200,4,11536
48200,286,4,12063
48201,128,7,16831
48202,27,9,27160
48203,281,2,4308
48204,109,5,19247
48205,149,6,14300
48206,334,10,28238
48207,268,3,11067
48208,494,4,13820
48209,317,2,5354
48210,27,3,10799
48211,276,3,13271
48212,171,5,16604
48213,224,4,6858
48214,353,3,12846
48215,334,5,13559
48216,218,3,8069
48217,149,4,6930
48218,20,5,13090
48219,116,5,10485
48220,213,4,12590
48221,23,4,11643
48222,183,6,11105
48223,22,8,27133
48224,21,6,14018
48225,368,5,14339
48226,757,3,8191
48227,475,8,19214
48228,581,6,18355
48229,479,3,5302
48230,142,6,15189
48231,345,6,18491
48232,48,7,27751
48233,140,7,17973
48234,17,6,11351
48235,301,7,26444
48236,260,7,15169
48237,208,1,510
48238,18,5,14152
48239,574,3,8990
48240,171,5,18804
48241,146,7,15402
48242,41,8,23707
48243,26,6,15842
48244,413,5,9844
48245,509,3,3114
48246,24,5,15328
48247,584,2,6407
48248,226,6,19217
48249,125,6,13843
48250,47,7,17532
48251,89,4,9924
48252,19,4,13889
48253,539,5,11075
48254,69,4,8556
48255,249,9,30771
48256,404,5,10794
48257,151,5,12706
48258,12,3,13280
48259,12,11,22188
48260,258,5,10972
48261,81,6,15422
48262,16,5,14704
48263,43,9,21323
48264,1,4,13584
48265,397,4,13949
48266,80,6,16205
48267,288,2,6658
48268,411,6,12090
48269,202,4,10758
48270,154,5,9941
48271,561,3,6759
48272,320,4,13386
48273,476,2,5370
48274,122,4,15696
48275,169,4,7224
48276,115,7,22369
48277,413,5,12030
48278,83,6,13343
48279,401,5,12509
48280,97,3,8712
48281,200,4,15021
48282,98,6,12127
48283,520,1,3373
48284,410,3,12059
48285,138,7,18488
48286,206,6,19742
48287,225,7,19876
48288,157,5,16524
48289,96,2,7632
48290,188,5,16875
48291,123,4,11966
48293,164,3,7406
48294,98,5,10601
48295,150,8,21472
48296,246,6,22025
48297,269,7,16847
48298,66,7,16608
48299,5,6,17983
48300,804,3,10686
48301,288,7,22629
48302,83,4,8053
48303,748,1,3385
48304,218,7,17737
48305,451,3,11446
48306,756,2,4904
48307,65,4,12114
48308,263,5,10830
48309,12,7,14082
48310,220,2,7211
48311,1024,4,9178
48312,399,3,9225
48314,696,3,10459
48315,78,6,12213
48316,289,3,8568
48317,27,7,24654
48318,54,5,13300
48320,80,7,20849
48321,214,5,5279
48322,63,4,11632
48323,176,5,7810
48324,24,6,20085
48325,160,3,6061
48326,198,6,12287
48327,107,7,22396
48328,898,1,4987
48329,285,3,10305
48330,87,4,12723
48331,210,7,17997
48332,184,1,4556
48333,213,4,8228
48334,602,5,11178
48335,131,5,16864
48336,47,4,11616
48337,209,5,15549
48338,848,2,3200
48339,319,1,1393
48340,102,3,12510
48341,484,4,8757
48342,84,2,9274
48343,2,9,29742
48344,35,3,8187
48345,170,3,8903
48346,287,4,10078
48347,626,5,15695
48348,3,3,7692
48349,7,8,22851
48350,97,4,5816
48351,97,9,26628
48352,283,5,14366
48353,76,2,4708
48354,97,4,10838
48355,296,5,9925
48356,532,1,2351
48357,139,4,12667
48358,39,9,33292
48359,117,5,15343
48360,14,6,20018
48361,14,12,40646
48362,488,3,6066
48363,1,2,3036
48364,377,4,14053
48365,344,3,6707
48366,328,5,14331
48367,479,5,13479
48368,765,6,18389
48369,236,4,10426
48370,574,4,8517
48371,417,5,17773
48372,255,6,16521
48373,58,5,19997
48374,95,4,13241
48375,894,1,4598
48376,47,5,13826
48377,34,4,14809
48378,45,5,17598
48379,299,2,2611
48380,76,4,13275
48381,301,5,15265
48382,470,3,9253
48383,79,5,9584
48384,102,4,9002
48385,667,3,6550
48386,440,5,14893
48387,278,4,14314
48388,371,2,2540
48389,767,4,8398
48390,151,6,22024
48391,562,6,16364
48392,216,2,3026
48393,428,5,16722
48394,96,7,18434
48395,258,4,11243
48396,402,6,18923
48398,91,7,19267
48399,82,11,40528
48400,42,2,3698
48401,332,2,1777
48402,46,7,20311
48403,331,6,16982
48404,146,2,2675
48405,187,4,9521
48406,19,6,23226
48407,796,4,10135
48408,78,1,351
48409,86,3,10119
48410,411,2,8071
48411,28,5,15715
48412,513,7,26524
48413,803,6,15586
48414,61,8,25176
48415,584,1,568
48416,231,7,27063
48417,799,4,7628
48418,187,3,14046
48419,4,5,12726
48420,822,5,13746
48421,839,1,1679
48422,99,7,23381
48423,96,9,20498
48424,656,2,2831
48425,323,3,6636
48426,159,5,9249
48427,333,5,13934
48428,3,5,17056
48429,288,2,7085
48430,717,3,10618
48431,424,5,9590
48432,573,3,5582
48433,60,3,11936
48434,34,7,15130
48435,421,4,7802
48436,58,6,21451
48437,1002,4,13522
48438,401,4,13681
48439,356,9,26010
48440,27,4,15136
48441,99,6,14597
48442,102,3,5955
48443,713,4,10356
48444,166,5,13772
48445,432,5,17552
48446,14,9,20312
48447,437,1,2529
48448,125,7,21756
48449,753,3,4626
48450,839,3,4834
48451,360,4,8957
48452,535,6,18031
48453,106,6,13991
48454,47,6,13603
48455,26,5,10650
48456,88,8,15744
48457,665,3,11086
48458,372,8,26756
48459,812,6,19677
48460,234,7,15663
48461,468,2,4448
48462,356,5,12015
48463,123,6,22613
48464,261,4,15630
48465,48,7,23075
48466,74,6,12732
48467,45,6,16033
48468,165,8,19191
48469,83,5,17355
48470,214,7,28385
48471,309,14,40436
48472,238,4,15197
48473,199,4,7238
48474,90,6,16745
48475,550,8,21067
48476,226,2,1536
48477,327,7,18428
48478,303,4,11581
48479,33,4,14259
48480,395,5,18459
48481,147,8,18140
48482,50,4,10634
48483,354,5,13320
48484,715,5,14634
48485,649,4,11172
48486,114,7,25633
48487,266,7,21134
48488,722,6,13353
48489,23,5,13228
48490,402,2,2769
48491,372,4,7729
48492,658,1,4609
48493,351,5,11792
48494,102,2,7984
48495,109,9,22514
48496,396,2,4101
48497,488,6,19568
48498,626,3,11919
48499,294,4,9465
48500,144,7,8946
48501,563,2,2730
48502,88,6,17790
48503,518,2,4595
48504,41,2,4917
48505,21,6,22543
48506,375,3,8947
48507,61,7,16654
48508,183,5,15452
48509,183,9,29439
48510,542,5,14861
48511,1077,1,2621
48512,105,6,15483
48513,191,4,5591
48514,83,6,4542
48515,212,5,13668
48516,928,2,2861
48517,66,3,7437
48518,180,9,23309
48519,425,1,2396
48520,300,2,3191
48521,135,4,11034
48522,141,11,27781
48523,12,8,18604
48524,35,7,18904
48525,131,3,7512
48526,566,3,11263
48527,139,2,4275
48528,546,4,12994
48529,234,7,14501
48530,271,8,20184
48531,154,6,18689
48532,205,2,5205
48533,751,6,12748
48534,433,3,11191
48535,189,5,15463
48536,223,7,19513
48537,121,4,11542
48538,36,3,7493
48539,34,8,19095
48540,372,4,14555
48541,503,2,2877
48542,30,6,14891
48543,420,4,4714
48544,357,3,6351
48545,3,8,19840
48546,254,5,12824
48547,37,5,12758
48548,975,2,7974
48549,266,4,9722
48550,191,2,2547
48551,122,7,22191
48552,361,5,6049
48553,402,3,5391
48555,112,6,14049
48556,409,6,21828
48557,32,5,18026
48558,256,3,4376
48559,587,5,4357
48560,44,6,9157
48561,318,4,13180
48562,435,4,11080
48563,703,4,10403
48564,36,5,12149
48565,149,2,7877
48566,773,3,3695
48567,321,4,12853
48568,421,2,4601
48569,8,4,10936
48570,696,1,451
48571,201,6,19859
48572,188,8,23489
48573,27,8,22984
48574,533,4,14088
48575,34,4,12104
48576,92,7,14560
48577,11,5,16038
48578,11,4,12276
48579,359,4,12164
48580,126,5,17712
48581,38,5,17692
48582,388,4,8669
48583,593,4,15155
48584,79,7,18161
48585,42,7,20308
48586,112,2,5722
48587,254,4,12603
48588,115,10,27771
48589,688,3,11788
48590,64,7,22340
48591,555,5,10554
48592,240,4,15048
48593,131,3,4139
48594,174,9,28137
48595,129,4,13059
48596,86,4,13736
48597,173,6,14799
48598,436,7,18878
48599,649,6,15080
48600,105,8,26854
48601,758,2,7520
48602,397,7,15150
48603,83,4,6338
48604,28,9,23130
48605,398,5,12093
48606,1027,2,5904
48607,770,3,7627
48608,899,1,2679
48609,418,4,7159
48610,306,4,9251
48611,527,6,22859
48612,1245,1,2487
48613,198,5,17072
48614,184,7,14828
48615,855,3,8003
48616,59,4,11506
48617,346,7,17787
48618,262,4,12554
48619,414,6,14692
48620,79,5,19578
48621,759,1,4307
48622,97,7,20251
48623,18,8,20969
48624,106,4,10861
48625,6,6,16906
48626,30,5,14298
48627,267,3,4247
48628,19,13,29276
48629,82,6,13522
48630,639,3,7126
48631,206,7,15101
48632,510,6,11876
48633,7,5,16944
48634,11,5,13649
48635,245,7,19513
48636,265,7,17358
48637,104,6,16434
48638,1206,3,14738
48639,473,3,9623
48640,286,4,11598
48641,204,7,21452
48642,447,7,24249
48643,31,5,12315
48644,58,4,15548
48645,51,2,7130
48646,223,4,10771
48647,109,5,18061
48648,427,7,16220
48649,209,2,7309
48650,266,7,17914
48651,205,6,18850
48652,159,6,12209
48653,94,2,6383
48654,340,5,10386
48655,467,3,9635
48656,273,5,12022
48657,167,4,13616
48658,174,3,5494
48659,85,8,25466
48660,206,6,15972
48661,854,2,2114
48662,513,1,457
48663,45,3,7439
48664,11,7,23317
48665,362,8,21924
48666,619,3,7771
48667,450,3,11717
48668,63,5,12545
48669,101,6,18690
48670,360,3,9150
48671,147,6,10930
48672,375,2,4000
48673,9,3,12527
48674,217,5,10628
48675,14,6,14174
48676,348,3,1897
48677,422,11,32431
48678,213,2,5785
48679,635,3,10322
48680,977,2,2916
48681,228,5,15715
48682,211,4,7642
48683,44,6,16305
48684,503,3,11981
48685,24,11,34860
48686,955,1,4965
48687,326,3,6011
48688,76,5,7813
48689,287,8,26713
48690,140,7,23645
48691,228,6,17197
48692,65,4,10750
48693,451,2,5182
48694,961,2,3356
48695,111,7,20949
48696,289,4,11074
48697,10,8,20323
48698,24,5,12282
48699,100,6,20543
48700,562,1,2255
48701,398,3,12367
48702,439,3,8527
48703,153,4,5921
48704,332,8,18498
48705,408,7,17967
48706,115,4,11041
48707,35,6,21061
48708,29,5,18867
48709,145,5,15672
48710,336,7,22081
48711,440,5,16469
48712,895,2,6755
48713,58,3,12627
48714,60,7,18971
48715,590,2,4651
48716,247,3,3060
48717,135,3,6975
48718,816,2,3078
48719,162,5,12279
48720,84,4,10169
48721,144,9,19680
48722,86,5,15396
48723,86,4,12350
48724,93,7,13731
48725,345,3,5831
48726,101,5,15506
48727,421,3,8006
48728,236,7,21626
48729,674,3,8743
48730,86,2,6941
48731,267,7,17551
48732,178,4,13835
48733,120,8,29452
48734,577,6,18923
48735,344,4,10369
48736,30,8,16813
48737,212,4,6558
48738,108,7,15355
48739,89,4,10510
48740,224,5,11419
48741,751,3,11083
48742,87,7,21112
48743,99,8,21769
48744,39,2,1224
48745,467,6,18064
48746,151,3,8477
48747,197,4,12476
48748,15,10,27779
48749,45,6,19393
48750,458,4,15800
48751,161,4,11232
48752,99,5,14557
48753,41,3,9675
48754,164,7,20533
48755,1236,2,5723
48756,744,6,19778
48757,370,5,15935
48758,637,4,17374
48759,507,1,2684
48760,396,4,18337
48761,440,1,4757
48762,69,7,15552
48763,11,6,16002
48764,178,6,14232
48765,298,6,17174
48766,579,4,11222
48767,586,5,16446
48768,27,5,17925
48769,15,4,9997
48770,216,4,9910
48771,6,7,16272
48772,192,4,8690
48773,493,3,14333
48774,278,6,15919
48775,99,8,16300
48776,83,6,16996
48777,1311,2,3035
48778,199,5,11845
48779,390,3,9382
48780,260,4,18169
48781,124,11,27694
48782,148,5,10263
48783,955,4,8781
48784,1079,3,9102
48785,176,8,24786
48786,61,6,20098
48787,289,7,19033
48788,152,5,13974
48789,368,9,21911
48790,18,3,3324
48791,825,3,11348
48792,425,4,13351
48793,1246,2,783
48794,95,7,23302
48795,31,3,9421
48796,132,3,12938
48797,168,5,15038
48798,156,2,4465
48799,756,4,13820
48800,86,8,29648
48801,87,4,13016
48802,198,7,16596
48803,91,2,3563
48804,198,4,12293
48805,27,4,10706
48806,99,7,19641
48807,855,3,4517
48808,364,6,10565
48809,162,9,29904
48810,398,4,10157
48811,178,2,5329
48812,87,7,17202
48813,219,6,16828
48814,222,7,15413
48815,3,7,11240
48816,413,2,3226
48817,338,3,5760
48818,31,6,16577
48819,60,7,18736
48820,41,12,39884
48821,523,4,14125
48822,296,3,10095
48823,56,5,12846
48824,341,9,19722
48825,102,11,28963
48826,23,6,17509
48827,195,5,16936
48828,430,6,19222
48829,1,7,20525
48830,153,7,12109
48831,72,5,13333
48832,156,5,15066
48833,479,8,18208
48834,8,4,5326
48835,662,1,3615
48836,514,6,16086
48837,8,8,19888
48838,22,3,4162
48839,7,5,10162
48840,33,4,8527
48841,314,2,1966
48842,213,4,12510
48843,254,4,14501
48844,558,6,21001
48845,78,4,9522
48846,74,8,22220
48847,90,8,19009
48848,212,8,21266
48849,26,7,23114
48850,601,1,2405
48851,477,2,6361
48853,95,4,8739
48854,154,6,12455
48855,213,7,19332
48856,379,3,9813
48857,22,3,5648
48858,627,5,9822
48859,492,7,21006
48860,300,1,1048
48861,350,4,10218
48862,1305,1,2340
48863,113,8,30690
48864,130,3,6217
48865,590,4,12591
48866,405,3,6627
48867,300,4,11367
48868,113,5,11729
48869,249,3,2173
48870,474,7,27359
48871,166,7,22668
48872,9,13,25852
48873,749,3,5128
48874,104,7,20823
48875,135,11,29432
48876,524,3,11307
48877,172,4,10940
48878,119,4,11328
48879,157,4,16715
48880,22,7,23050
48881,226,8,23019
48882,220,4,7167
48883,90,8,19936
48884,212,5,12121
48885,211,6,11807
48886,227,8,18961
48887,97,6,22134
48888,127,7,14925
48889,58,1,1696
48890,295,4,10700
48891,247,8,25543
48892,747,2,5595
48893,365,2,7433
48894,8,7,15752
48895,586,1,2442
48896,219,5,16452
48897,100,8,24385
48898,191,5,10926
48899,265,4,9516
48900,251,7,14765
48901,275,5,10958
48902,189,5,17838
48903,83,4,11115
48904,26,5,12644
48905,692,6,15069
48906,530,4,11348
48907,588,1,3957
48908,134,8,15514
48909,133,6,16444
48910,312,2,9085
48911,312,5,11974
48912,87,7,21358
48913,105,9,24993
48914,75,3,9880
48915,22,9,17367
48916,39,3,5415
48917,755,5,15956
48918,316,3,7498
48919,249,3,2541
48920,610,3,9743
48921,97,3,7604
48922,28,7,21676
48923,286,4,7721
48924,228,7,9838
48925,120,4,14635
48926,268,5,20234
48927,290,5,9923
48928,33,7,14208
48929,166,7,16214
48930,7,6,22209
48931,22,5,11367
48932,666,4,8640
48933,211,8,13117
48934,48,5,12946
48935,162,3,5733
48936,71,1,3780
48937,130,7,16236
48938,66,5,7426
48939,355,7,21343
48940,71,9,17765
48942,595,4,13213
48943,164,6,18499
48944,265,4,13314
48945,196,8,20453
48946,34,5,14132
48947,228,6,18058
48948,363,7,16440
48949,261,5,7578
48950,63,6,17609
48951,353,5,10723
48952,150,4,11386
48953,235,6,14399
48954,313,2,2572
48955,179,9,23848
48956,728,3,6832
48957,515,7,15874
48958,140,6,16733
48959,332,3,10600
48960,39,2,7179
48961,440,3,9715
48962,74,2,4738
48963,455,1,3205
48964,93,5,15150
48965,378,8,12684
48966,477,2,4382
48967,232,5,15818
48968,359,5,12225
48969,28,5,16053
48970,36,4,9034
48971,12,10,31160
48972,679,2,7622
48973,282,5,18214
48974,376,4,10368
48975,1247,3,6454
48976,98,10,20259
48977,200,5,14003
48978,345,4,14104
48979,10,5,14664
48980,567,6,16334
48981,34,7,24142
48982,1,5,18755
48983,246,5,16409
48984,78,3,5438
48985,157,5,16328
48986,329,7,21039
48987,365,5,15264
48988,447,4,7747
48989,78,6,13716
48990,30,6,16774
48991,328,6,15444
48992,703,2,6004
48993,432,5,11220
48994,273,3,8220
48995,8,6,18108
48996,920,4,9675
48997,252,4,14194
48998,20,6,23542
48999,42,4,10644
49000,106,6,19998
49001,109,6,15222
49002,143,7,18342
49003,189,6,15623
49004,81,10,36612
49005,121,5,21725
49006,349,3,10705
49007,84,6,20487
49008,304,5,7776
49009,370,8,15389
49010,397,5,9587
49011,716,7,21201
49012,395,5,13136
49013,365,5,16885
49014,494,2,3736
49015,57,6,19976
49016,58,6,22698
49017,281,8,22489
49018,203,6,16620
49019,6,5,9306
49020,194,7,18042
49021,652,2,7644
49022,15,5,17118
49023,5,3,7878
49024,368,5,16756
49025,426,4,9710
49026,63,8,19089
49027,1,5,21779
49028,87,10,27578
49029,97,5,15178
49030,72,6,13458
49031,26,6,14584
49032,256,9,27743
49033,250,4,10490
49034,59,7,27389
49035,47,4,13286
49036,442,7,17355
49037,469,3,8261
49038,47,5,18770
49039,46,3,5673
49040,565,5,10865
49041,134,4,14651
49042,578,4,6926
49043,17,5,12158
49044,457,4,11171
49045,72,8,21231
49046,896,2,4810
49047,222,2,6039
49048,127,7,18371
49049,285,6,18449
49050,286,4,8795
49051,39,11,30956
49052,446,3,8848
49053,232,11,28361
49054,113,8,24783
49055,645,5,14721
49056,393,4,15624
49057,1054,3,6231
49058,264,5,9846
49059,126,4,9511
49060,376,3,6862
49061,23,4,14053
49062,163,4,11808
49063,47,7,12953
49064,293,3,9880
49065,4,7,17761
49066,23,4,13449
49067,278,7,21812
49068,25,11,35874
49069,300,6,15768
49070,220,4,11081
49071,326,3,9973
49072,226,7,20988
49073,114,5,15081
49074,59,5,13415
49075,30,10,33360
49076,444,6,13052
49077,879,2,7241
49078,17,10,33538
49079,211,9,25371
49080,36,2,7816
49081,421,4,12515
49082,263,3,9670
49083,203,5,12167
49084,232,7,20316
49085,170,2,4821
49086,63,3,9472
49087,21,5,12517
49088,33,5,15061
49089,51,6,13242
49090,567,5,11572
49091,415,7,25458
49092,3,8,19903
49093,579,3,9317
49094,475,4,11333
49095,497,4,9665
49096,93,7,17733
49097,180,10,38254
49098,24,2,5625
49099,292,3,10549
49100,27,5,11045
49101,443,3,7605
49102,477,3,9558
49103,155,4,13626
49104,1282,2,7980
49105,319,7,22547
49106,53,3,12655
49107,68,8,27365
49108,91,3,8070
49109,51,3,8539
49110,206,6,21843
49111,2,3,6689
49112,540,4,10913
49113,812,6,24417
49114,111,3,8809
49115,171,5,22842
49116,877,5,14188
49117,921,1,2213
49118,57,4,6892
49119,360,7,16677
49120,206,7,19815
49121,66,4,4567
49122,606,3,12173
49123,18,4,14863
49124,234,4,10193
49125,112,7,28958
49127,22,4,12192
49128,105,8,19963
49129,117,7,28705
49130,100,10,29898
49131,37,11,22989
49132,83,4,9489
49133,99,4,7074
49134,929,1,1936
49135,274,5,13355
49136,375,7,16981
49137,284,5,12688
49138,128,7,23352
49139,93,6,18206
49140,99,6,18295
49141,322,6,7716
49142,147,6,8938
49143,135,6,14280
49144,130,4,15653
49145,111,1,2516
49146,353,7,17205
49147,283,4,11235
49148,185,8,23921
49149,243,9,25830
49150,344,6,15116
49151,20,5,15991
49152,64,5,11077
49154,24,6,20594
49155,689,4,8046
49156,57,4,7324
49157,170,11,22627
49158,352,4,11185
49159,196,8,29530
49160,168,5,12508
49161,210,10,27105
49162,699,3,10209
49163,569,4,9539
49164,995,1,261
49165,349,6,18123
49166,35,5,14496
49167,7,7,19282
49168,55,2,3118
49169,1225,1,4673
49170,124,5,8701
49171,499,5,15202
49172,10,4,4854
49173,140,2,5641
49174,19,7,18498
49175,116,7,16989
49176,18,6,26683
49177,370,6,9892
49178,592,1,4864
49179,230,5,15980
49180,129,5,15101
49181,151,2,7742
49182,307,5,17965
49183,20,4,11116
49184,378,3,9723
49185,375,9,20746
49186,34,4,13336
49187,44,1,440
49188,45,5,14982
49189,21,5,11705
49190,195,4,9723
49191,74,6,16293
49192,1,6,16535
49193,79,6,17899
49194,110,4,7408
49195,147,4,10891
49196,760,5,12648
49197,180,5,10016
49198,487,1,2487
49199,530,1,4838
49200,23,10,22597
49201,234,5,11020
49202,171,6,12264
49203,60,4,10220
49204,466,9,25246
49205,600,4,7725
49206,75,6,8578
49207,97,2,5901
49208,179,6,15827
49209,390,5,17165
49210,839,2,1079
49211,212,3,7952
49212,33,3,9229
49213,154,6,15386
49214,321,6,19382
49215,9,5,14712
49216,689,5,12373
49217,249,6,19574
49218,17,5,11702
49219,423,5,13083
49220,668,4,10376
49221,1154,1,2293
49222,722,2,4376
49223,257,5,7165
49224,66,5,9939
49225,60,7,16153
49226,897,3,5454
49227,52,5,10564
49228,86,5,15118
49229,171,5,13655
49230,386,5,15554
49231,280,3,9237
49232,132,6,13338
49233,14,2,9279
49234,990,1,3668
49235,18,6,17247
49236,276,6,9673
49237,386,3,7614
49238,172,5,15022
49239,97,11,21839
49240,1196,2,1552
49241,354,5,15322
49242,305,6,12784
49243,58,6,12414
49244,731,2,5300
49245,145,7,18722
49246,133,5,12051
49247,8,10,25605
49248,28,9,28762
49249,90,7,19832
49250,128,4,7416
49251,220,2,5065
49252,159,4,12702
49253,159,8,28042
49254,62,5,10294
49255,90,2,8528
49256,1112,1,4435
49257,84,8,23765
49258,612,2,3907
49259,272,6,23739
49260,23,3,9779
49261,49,6,11401
49262,185,6,10256
49263,272,5,8058
49264,233,6,15943
49265,395,3,11393
49266,158,5,11577
49267,88,8,26550
49268,444,7,20169
49269,271,7,9753
49270,55,4,12523
49271,279,7,15849
49272,161,3,8462
49273,12,8,18995
49274,169,5,12595
49275,20,3,9492
49276,588,1,5099
49277,204,2,8098
49278,345,9,22738
49279,488,2,3948
49280,137,6,14644
49281,19,10,23214
49282,464,6,14841
49283,536,2,6440
49284,27,6,19135
49285,508,5,10889
49286,340,6,14778
49287,161,9,28201
49288,15,9,30279
49289,32,5,11956
49290,174,3,8880
49291,99,10,24905
49292,19,6,19927
49293,20,6,13169
49294,82,10,22818
49295,22,5,11821
49296,735,4,4419
49297,4,4,9587
49298,234,4,11836
49299,576,2,5884
49300,685,2,8348
49301,571,2,7282
49302,586,4,12399
49303,342,5,11326
49304,95,4,10505
49305,252,3,8562
49306,11,5,6933
49307,643,6,16256
49308,247,5,11912
49309,134,2,6118
49310,91,6,20659
49311,321,5,8949
49312,261,6,23492
49313,865,1,3044
49315,58,7,19394
49316,190,6,14661
49317,408,6,16485
49318,134,5,14918
49319,522,3,5980
49320,238,7,11384
49321,403,5,18064
49322,19,7,21372
49323,129,3,7136
49324,855,2,3582
49325,352,3,10662
49326,1169,1,3457
49327,401,5,17796
49328,62,5,21182
49329,183,10,27542
49330,287,2,2676
49331,22,9,24025
49332,529,2,6381
49333,123,8,24139
49334,511,4,6853
49335,232,13,40210
49336,67,6,22827
49337,58,8,17326
49338,286,2,7284
49339,389,3,7403
49340,650,4,12334
49341,657,3,6405
49342,715,3,10706
49343,2,6,13694
49344,790,2,6271
49345,174,3,9383
49346,28,5,10070
49347,73,5,14139
49348,1,9,25481
49349,310,3,7797
49350,18,6,16299
49351,519,4,14425
49352,279,4,10510
49353,905,2,3791
49354,180,6,14015
49355,83,7,19914
49356,431,8,23926
49357,285,5,7010
49358,257,5,15802
49359,233,8,20211
49360,519,5,17666
49361,193,6,16835
49362,71,7,20741
49363,609,4,6176
49364,917,1,3812
49365,396,4,17451
49366,419,4,9961
49367,334,5,11033
49368,254,4,10751
49369,75,5,13598
49370,344,5,11259
49371,73,3,8360
49372,94,7,17858
49373,26,5,12622
49374,103,4,14298
49375,166,11,24679
49376,232,5,17938
49377,173,8,19641
49378,206,10,24138
49379,229,7,15446
49380,165,5,11177
49381,96,8,31506
49382,299,4,14215
49383,187,3,4668
49384,94,3,11112
49385,106,4,11555
49386,107,4,14436
49387,307,4,13094
49388,300,5,11762
49389,615,6,20600
49390,32,4,4115
49391,54,5,18340
49392,137,11,33182
49393,1039,1,5086
49394,329,6,10960
49395,85,4,8926
49396,206,3,7719
49397,94,3,8095
49398,212,4,8223
49399,293,3,5537
49400,315,4,9110
49401,110,6,14577
49402,369,5,15762
49403,312,6,19299
49404,44,7,21501
49405,83,8,23716
49406,413,3,11990
49407,119,3,10867
49408,284,7,17238
49409,141,9,26711
49410,16,6,14972
49411,461,5,14636
49412,114,7,10636
49413,865,1,3691
49414,403,4,10341
49415,479,5,11909
49416,126,3,7833
49417,120,3,4620
49418,645,3,10048
49419,93,8,23025
49420,129,2,7012
49421,7,8,23246
49422,43,6,16762
49423,12,8,23879
49424,178,5,7238
49425,2,5,12684
49426,114,3,12296
49427,313,3,9398
49428,133,2,1624
49429,1034,2,6651
49430,15,6,16562
49431,23,6,10510
49432,187,1,680
49433,187,8,14631
49434,216,6,12828
49435,649,5,16292
49436,28,4,11567
49437,207,5,12168
49438,87,5,20721
49439,20,3,9407
49440,154,2,4517
49441,15,3,4905
49442,18,10,25352
49443,235,9,17705
49444,63,7,24333
49445,105,5,13810
49446,337,9,25104
49447,317,1,632
49448,188,9,27781
49449,374,4,11175
49450,13,8,18619
49451,96,1,3658
49452,94,5,10113
49453,344,5,11904
49454,516,4,14251
49455,140,9,26065
49456,97,4,14068
49457,490,4,6295
49458,315,3,11908
49459,647,4,14613
49460,222,4,14454
49461,159,10,31045
49462,138,7,9328
49463,72,5,16621
49464,63,5,16877
49465,18,5,11193
49466,3,7,14502
49467,296,5,14274
49468,249,6,17123
49469,526,5,13231
49470,502,5,17207
49471,416,2,7252
49472,62,8,23130
49473,314,1,611
49474,50,7,18148
49475,58,6,13028
49476,692,3,4087
49477,407,9,24875
49478,144,7,19031
49479,127,9,26996
49480,330,6,19525
49481,337,4,6238
49482,584,6,13877
49483,69,5,13986
49484,114,3,10306
49485,6,9,29182
49486,196,4,12009
49487,43,5,16161
49488,601,3,8075
49489,5,5,13569
49490,803,2,1044
49491,149,2,9198
49492,747,1,4828
49493,47,6,21092
49494,252,4,12109
49495,487,3,6244
49496,348,2,7770
49497,13,4,17166
49498,184,4,18608
49499,9,4,9495
49500,179,4,9048
49501,694,4,11934
49502,599,4,12514
49503,320,5,7041
49504,88,9,25291
49505,116,4,8609
49506,525,5,9355
49507,143,2,4269
49508,222,4,13579
49509,271,7,17788
49510,408,7,22166
49511,184,4,11875
49512,66,8,11985
49513,65,7,15987
49514,515,3,8974
49515,180,5,19610
49516,7,5,13597
49517,129,3,7725
49518,560,3,8985
49519,209,6,17859
49520,235,3,7707
49521,116,4,9484
49522,349,3,9142
49523,260,6,19735
49524,420,3,7205
49525,111,7,16327
49526,323,9,24077
49527,52,2,7305
49528,12,6,17645
49529,293,5,10004
49530,370,5,10942
49531,229,3,1888
49532,156,7,14432
49533,219,8,22483
49534,235,6,21399
49535,63,2,2115
49536,87,4,9970
49537,361,11,37631
49538,250,3,6842
49539,9,11,30995
49540,356,5,8104
49541,270,6,8940
49542,574,6,12588
49543,204,6,15777
49544,180,4,10744
49545,242,4,8696
49546,81,4,7874
49547,754,3,8642
49548,133,6,20557
49549,21,4,7924
49550,2,3,7460
49551,6,7,16730
49552,57,5,16673
49553,270,3,9110
49554,967,4,11338
49555,762,4,9276
49556,22,4,9382
49557,440,3,7724
49558,245,4,11965
49559,214,4,11590
49560,852,1,3046
49561,75,8,21552
49562,52,3,11083
49563,279,8,16998
49564,870,2,1638
49565,499,7,19952
49566,67,6,11975
49567,171,7,22806
49568,166,3,9307
49569,102,5,17109
49570,343,1,4292
49571,264,6,13654
49572,77,4,6674
49573,528,4,10307
49574,118,3,9085
49575,714,4,10357
49576,218,4,15172
49577,176,7,20313
49578,377,3,7243
49579,170,8,21350
49580,992,2,5736
49581,528,1,5210
49582,299,5,17010
49583,29,3,9331
49584,335,2,3420
49585,1090,1,2324
49586,19,9,23919
49587,151,2,2638
49588,354,2,5659
49589,266,9,24791
49590,316,3,10012
49591,136,7,20673
49592,110,6,12706
49593,270,12,27087
49594,140,3,7134
49595,176,6,18126
49596,108,7,18009
49597,227,8,27373
49598,464,6,13413
49599,42,3,13522
49600,547,3,11678
49601,593,4,11691
49602,460,4,12394
49603,383,5,15155
49604,213,3,10151
49605,132,5,9288
49606,22,4,9290
49607,240,2,6467
49608,378,3,9172
49609,86,6,21251
49610,305,7,19470
49611,184,4,18624
49612,176,7,18517
49613,482,3,9920
49614,29,10,24322
49615,61,9,26903
49616,13,8,19582
49617,882,1,4194
49618,1208,1,1704
49619,1183,1,944
49620,479,3,7467
49621,765,4,10502
49622,36,12,35022
49623,217,9,27585
49624,199,4,4437
49625,208,8,20636
49626,92,5,18712
49627,552,6,9415
49628,299,3,10477
49629,531,3,1701
49630,797,4,6638
49631,22,6,14656
49632,126,3,8359
49633,437,4,9250
49634,426,3,8570
49635,326,5,8549
49636,331,5,15737
49637,272,4,10000
49638,14,6,22415
49639,51,5,16068
49640,81,6,21300
49641,191,5,18026
49642,715,1,4679
49643,72,4,10709
49644,312,8,28104
49645,1057,1,2974
49646,221,6,13837
49647,200,2,5915
49648,32,2,3564
49649,61,3,9355
49650,343,6,9615
49651,605,2,8294
49652,128,2,3192
49653,509,7,17963
49654,120,8,22297
49655,21,7,24582
49656,151,4,11154
49657,367,7,23997
49658,81,6,15405
49659,51,7,11207
49660,248,3,9516
49661,40,4,11416
49662,35,5,13813
49663,128,7,19355
49664,417,4,6815
49665,224,5,12239
49666,420,4,9320
49667,413,6,13914
49668,16,2,2450
49669,241,5,17179
49670,585,1,3055
49671,71,9,32386
49672,74,8,21112
49673,224,4,9490
49674,308,5,13789
49675,440,3,12143
49676,215,5,11892
49677,456,5,19295
49678,71,8,18850
49679,216,4,9461
49680,45,2,3336
49681,233,4,16131
49682,106,8,22690
49683,5,7,21377
49684,466,4,8345
49685,27,5,14418
49686,733,2,5656
49687,47,5,13658
49688,498,6,13519
49689,84,3,12088
49690,308,5,9848
49691,274,6,16650
49692,376,4,9731
49693,286,1,2446
49694,688,4,13746
49695,8,3,5578
49696,110,5,20784
49697,597,6,14792
49698,59,3,11657
49699,408,3,4691
49700,123,2,8754
49701,97,1,2921
49702,244,6,11859
49703,415,6,14624
49704,660,3,7609
49705,186,7,21020
49706,278,4,11766
49707,105,10,29755
49708,15,7,14860
49709,71,6,9447
49710,27,6,13533
49711,19,6,20957
49712,615,2,7823
49713,868,2,2001
49714,723,2,10209
49715,28,5,14851
49716,161,6,10029
49717,34,8,19411
49718,418,5,8253
49719,75,9,22659
49720,275,5,13805
49721,490,3,11207
49722,30,9,25185
49723,275,3,10361
49724,47,4,12712
49725,513,4,18118
49726,113,8,29150
49727,234,7,27376
49728,252,3,3459
49729,863,4,10728
49730,107,7,20898
49731,219,5,12985
49732,324,4,8587
49733,444,9,23450
49734,55,4,10769
49735,133,3,10672
49736,1347,1,2414
49737,159,5,18537
49738,30,6,19882
49739,120,5,11084
49740,704,3,9782
49741,60,5,15199
49742,470,3,10254
49743,158,8,25511
49744,40,3,4434
49745,114,5,13692
49746,278,5,14508
49747,146,9,25306
49748,206,3,8327
49749,196,3,8428
49750,580,5,15744
49751,255,3,4726
49752,491,3,9723
49753,668,2,6351
49754,708,2,5291
49755,29,9,24821
49756,745,1,1783
49757,792,4,8486
49758,194,8,19942
49759,245,6,21855
49760,119,7,23459
49761,409,5,9419
49762,127,4,13542
49763,58,6,9598
49764,638,3,7418
49765,903,5,13071
49766,41,5,8768
49767,252,3,9434
49768,413,3,8723
49769,17,5,14210
49770,391,7,21541
49771,1045,1,815
49772,733,7,18922
49773,140,9,29457
49774,376,3,7388
49775,57,5,7673
49776,33,6,14102
49777,319,7,28668
49778,28,8,23419
49779,420,3,10344
49780,322,2,6308
49781,370,4,9003
49782,371,7,19534
49783,187,5,12367
49784,439,5,7793
49785,66,5,14610
49786,29,6,21530
49787,158,5,11619
49788,326,4,7676
49789,95,3,4065
49790,27,4,3073
49791,461,1,1393
49792,39,6,8723
49793,535,6,11900
49794,121,11,33359
49795,205,5,16694
49796,29,6,21887
49797,795,2,2340
49798,11,9,26547
49799,317,7,20820
49800,545,4,11837
49801,26,7,15302
49802,315,5,13492
49803,204,4,5933
49804,139,6,19063
49805,135,2,5437
49806,140,7,19280
49807,134,3,4581
49808,86,7,15287
49809,142,8,18737
49810,28,2,6784
49811,182,2,8003
49812,272,7,20674
49813,124,3,9823
49814,31,7,14215
49815,278,5,16581
49816,197,7,17745
49817,225,7,22593
49818,412,3,3313
49819,35,7,11506
49820,154,6,19981
49821,248,5,16826
49822,402,4,10685
49823,553,4,12298
49824,222,4,13183
49825,315,3,9548
49826,948,2,6302
49827,156,6,18782
49828,603,2,7740
49829,171,6,18660
49830,113,7,23686
49831,101,8,21881
49832,57,4,8715
49833,32,4,13831
49834,905,4,14438
49835,222,3,11725
49836,450,5,12242
49837,99,4,3984
49838,701,1,1555
49839,69,3,8655
49840,920,2,4028
49841,26,5,14408
49842,519,1,4165
49843,210,9,26139
49844,465,4,9575
49845,88,6,19400
49846,448,4,8277
49847,10,5,19612
49848,294,8,19352
49849,9,5,13502
49850,239,4,8123
49851,701,1,4792
49852,35,12,25891
49853,686,3,5564
49854,112,6,11226
49855,170,8,13527
49856,418,4,7862
49857,101,6,13020
49858,9,7,13986
49859,9,8,34339
49860,29,3,8273
49861,582,3,6162
49862,60,7,22277
49863,40,5,13231
49864,591,6,14560
49865,63,10,25168
49866,87,5,10469
49867,23,2,2965
49868,493,6,10164
49869,224,5,15934
49870,705,3,10763
49871,16,4,9699
49872,48,1,4609
49873,311,6,16634
49874,49,10,25652
49875,390,6,15406
49876,119,9,24951
49877,533,4,11965
49878,25,7,24942
49879,442,4,8861
49880,124,3,6448
49881,21,9,27842
49882,306,2,4998
49883,269,3,8877
49884,1132,1,2394
49885,32,5,13040
49886,1041,1,3015
49887,390,5,12616
49888,52,6,17239
49889,245,7,19326
49890,105,4,13818
49891,37,5,11603
49892,328,7,23703
49893,189,3,8773
49894,122,6,13927
49895,62,3,6894
49896,45,5,12633
49897,565,3,8298
49898,85,2,9178
49899,677,3,10693
49900,520,1,4149
49901,188,2,8648
49902,34,7,21810
49903,274,7,22746
49904,152,4,13986
49905,54,5,17587
49906,7,11,32235
49907,69,5,17193
49908,51,8,17740
49909,365,4,8384
49910,154,6,8468
49911,166,4,12137
49912,237,4,8375
49913,139,5,10976
49914,180,3,6497
49916,213,8,15502
49917,264,7,22968
49918,65,8,26530
49919,66,3,10423
49920,44,4,12147
49921,66,9,31036
49922,44,6,12012
49923,33,3,13443
49924,34,5,12219
49925,17,5,11135
49926,34,9,19022
49927,306,3,11911
49928,269,6,13043
49929,172,1,3032
49930,710,3,5803
49931,17,5,14426
49932,165,4,13904
49933,94,5,17671
49934,63,9,27696
49935,432,2,9744
49936,200,6,19625
49937,837,6,11337
49938,181,3,3226
49939,902,3,8412
49940,74,6,17606
49941,454,5,9950
49942,115,5,11450
49943,137,4,16364
49944,45,6,18560
49945,150,5,13265
49946,49,7,19073
49947,498,6,8604
49948,527,2,7140
49949,55,4,9198
49950,136,6,16031
49951,290,3,4446
49952,424,6,18038
49953,178,3,7551
49954,134,5,13099
49955,464,3,8769
49956,3,3,5716
49957,66,5,11795
49958,343,4,12638
49959,250,6,15460
49960,184,3,7825
49961,504,4,10788
49962,313,7,25177
49963,83,5,19591
49964,286,3,8846
49965,526,6,10474
49966,474,5,7180
49967,196,8,15649
49968,207,6,19709
49969,218,6,15240
49970,26,7,22370
49971,86,5,11775
49972,38,4,10505
49973,80,7,24238
49974,129,7,21413
49975,2,7,21765
49976,101,6,15088
49977,843,4,13340
49978,23,8,22322
49979,56,5,15406
49980,357,7,21535
49981,592,3,9656
49982,239,4,8230
49983,457,1,1372
49984,184,5,15916
49985,171,2,6254
49986,286,7,9858
49987,26,9,23033
49988,795,3,10564
49989,136,3,9122
49990,161,10,32083
49991,390,6,16157
49992,408,8,25871
49993,91,5,15703
49994,149,5,13831
49995,830,4,14332
49996,272,4,14044
49997,50,8,22431
49998,12,4,8610
49999,420,2,6984
50000,127,2,4116
