customer_id,recency,frequency,monetary,cluster
1,58,1,3491,0
2,299,3,7988,0
3,89,8,22587,1
4,127,4,8715,0
5,171,8,12524,1
6,463,6,15517,1
7,566,3,7835,0
8,130,6,15265,1
9,127,5,14720,1
10,230,8,20857,1
11,137,10,23691,1
12,280,6,15378,1
13,89,4,7244,0
14,540,6,16161,1
15,103,5,19748,1
16,148,5,15246,1
17,14,9,24042,1
18,116,8,23726,1
19,126,5,8809,0
20,216,8,21428,1
21,80,4,11915,0
22,21,9,32052,1
23,86,6,19200,1
24,142,6,23966,1
25,305,6,17455,1
26,432,6,19699,1
27,124,3,12260,0
28,139,6,10217,1
29,479,7,16694,1
30,69,11,31412,1
31,61,4,9404,0
32,424,6,17567,1
33,233,8,13281,1
34,972,2,3345,0
35,137,8,12260,1
36,212,4,11581,0
37,316,4,9371,0
38,178,3,6691,0
39,145,4,13229,0
40,479,2,5188,0
41,229,6,13607,1
42,26,3,6548,0
43,61,5,9593,0
44,226,5,16375,1
45,92,2,6977,0
46,100,7,19650,1
47,336,3,10807,0
48,457,5,17172,0
49,632,4,8325,0
50,21,5,15669,1
51,341,4,10480,0
52,449,2,5280,0
53,300,2,4833,0
54,253,5,17813,1
55,127,5,12581,0
56,136,8,20131,1
57,508,3,6606,0
58,677,5,10212,0
59,28,6,16868,1
60,106,5,17465,1
61,370,6,15414,1
62,248,5,12484,0
63,702,2,1630,0
64,161,2,4970,0
65,167,6,14844,1
66,89,5,11419,0
67,1,10,26885,1
68,424,8,24392,1
69,313,6,14878,1
70,75,7,16339,1
71,63,7,29547,1
72,107,3,4248,0
73,71,6,19807,1
74,516,3,6452,0
75,127,5,9502,0
76,104,4,5934,0
77,209,5,11725,0
78,158,5,13720,1
79,33,6,9338,1
80,889,3,3614,0
81,358,8,26059,1
82,43,7,25574,1
83,241,4,7945,0
84,1072,2,3246,0
85,263,6,13092,1
86,74,6,16526,1
87,302,2,7101,0
88,348,2,5756,0
89,357,6,10085,0
90,13,5,14717,1
91,2,7,18782,1
92,76,5,14002,1
93,316,4,6174,0
94,75,6,15746,1
95,9,7,15109,1
96,91,6,21417,1
97,175,5,12436,0
98,167,6,13920,1
99,83,9,27864,1
100,40,3,9175,0
101,203,5,8932,0
102,675,5,8200,0
103,487,6,15288,1
104,850,4,8740,0
105,90,5,14282,1
106,8,6,25190,1
107,248,5,11656,0
108,10,6,19997,1
109,57,5,13786,1
110,257,6,20022,1
111,324,5,16366,1
112,339,6,9670,0
113,90,7,19076,1
114,334,4,11741,0
115,988,5,10746,0
116,768,5,15076,0
117,621,4,15312,0
118,92,7,18827,1
119,20,7,21299,1
120,298,5,12304,0
121,714,4,11953,0
122,152,7,16164,1
123,47,10,22880,1
124,35,2,7455,0
125,78,2,4708,0
126,260,2,7596,0
127,316,3,9338,0
128,137,8,20798,1
129,402,6,13211,0
130,45,5,17654,1
131,150,8,28943,1
132,266,6,16192,1
133,27,3,9589,0
134,210,4,8393,0
135,208,7,18851,1
136,546,8,23349,1
137,213,3,9580,0
138,126,3,8202,0
139,212,3,5736,0
140,64,4,14314,0
141,22,4,11676,0
142,108,3,10435,0
143,126,10,28052,1
144,231,5,13207,0
145,37,9,29550,1
146,285,4,14791,0
147,481,3,10811,0
148,203,6,15591,1
149,389,6,17933,1
150,214,4,12774,0
151,494,5,14501,0
152,56,4,10468,0
153,246,3,6623,0
154,101,9,25380,1
155,168,5,12642,0
156,38,9,22874,1
157,41,3,6157,0
158,130,5,16971,1
159,40,4,12853,0
160,81,4,15370,1
161,59,6,9306,1
162,146,5,15101,1
163,215,5,15047,1
164,56,8,29989,1
165,268,3,6881,0
166,243,3,7591,0
167,25,7,22147,1
168,212,7,14442,1
169,208,3,3803,0
170,924,2,5426,0
171,314,4,10992,0
172,16,7,13223,1
173,107,5,13744,1
174,78,7,18810,1
175,24,10,25850,1
176,573,4,10131,0
177,189,3,9008,0
178,241,5,10246,0
179,159,6,21133,1
180,339,5,17410,1
181,272,3,8615,0
182,107,5,16849,1
183,186,9,18355,1
184,119,7,19182,1
185,13,5,18565,1
186,250,7,21730,1
187,105,5,10239,0
188,27,5,14101,1
189,258,3,10520,0
190,182,7,21718,1
191,126,3,7322,0
192,503,4,15844,0
193,360,2,2732,0
194,314,5,14236,0
195,194,4,11254,0
196,525,5,12081,0
197,308,5,16963,1
198,11,4,11621,0
199,22,5,14745,1
200,69,3,7781,0
201,456,3,9158,0
202,295,5,11379,0
203,155,7,17494,1
204,83,4,7435,0
205,328,3,7931,0
206,90,9,33113,1
207,248,2,8113,0
208,699,5,12090,0
209,86,4,9495,0
210,205,3,10271,0
211,545,4,7402,0
212,90,3,9094,0
213,972,2,4257,0
214,83,6,20552,1
215,60,3,5751,0
216,10,8,26378,1
217,134,7,21199,1
218,185,3,10551,0
219,360,4,6719,0
220,356,4,7900,0
221,530,1,1682,0
222,1166,1,1858,0
223,101,7,12526,1
224,574,3,7708,0
225,170,9,27373,1
226,792,2,7801,0
227,138,5,15893,1
228,1344,1,4391,0
229,294,4,8695,0
230,172,3,3628,0
231,24,4,13780,0
232,429,2,8430,0
233,504,4,9134,0
234,32,4,7162,0
235,859,5,16282,0
236,92,7,18070,1
237,684,6,16232,0
238,402,4,11713,0
239,2,9,16179,1
240,89,7,27504,1
241,3,3,8512,0
242,311,6,18077,1
243,19,7,19425,1
244,416,2,4855,0
245,322,5,16285,1
246,213,7,16653,1
247,439,3,3410,0
248,34,4,9714,0
249,202,10,38148,1
250,109,6,16159,1
251,249,3,8748,0
252,551,5,14838,0
253,98,7,24519,1
254,129,2,2953,0
255,54,10,20773,1
256,609,4,12926,0
257,249,8,22547,1
258,209,2,9824,0
259,555,1,1567,0
260,173,7,13836,1
261,52,5,15835,1
262,450,4,11127,0
263,158,5,14429,1
264,101,3,8452,0
265,48,9,21815,1
266,68,4,11073,0
267,1234,3,13114,0
268,280,3,10427,0
269,517,2,3902,0
270,203,5,20427,1
271,735,2,6146,0
272,600,9,21945,1
273,153,9,24460,1
274,18,5,16900,1
275,95,10,26491,1
276,89,7,17400,1
277,194,4,11170,0
278,154,1,497,0
279,163,3,8499,0
280,461,1,4478,0
281,24,3,11341,0
282,6,8,22195,1
283,183,3,12177,0
284,322,4,12730,0
285,427,6,16150,1
286,4,5,14615,1
287,31,4,10939,0
288,142,4,15613,0
289,153,7,10699,1
290,91,9,24353,1
291,1,3,11249,0
292,411,2,7094,0
293,143,5,13663,1
294,524,5,8555,0
295,198,9,27737,1
296,133,7,20804,1
297,20,4,13950,0
298,105,3,7522,0
299,162,4,10898,0
300,134,6,19977,1
301,113,4,15948,1
302,530,7,21151,1
303,174,4,16129,0
304,75,2,6106,0
305,258,5,6997,0
306,198,2,3317,0
307,656,5,16633,0
308,21,7,14780,1
309,223,2,3449,0
310,575,1,1087,0
311,192,2,6682,0
312,15,4,11425,0
313,144,4,12950,0
314,79,8,18933,1
315,14,6,19217,1
316,141,7,25377,1
317,104,8,16513,1
318,245,7,20124,1
319,38,10,23082,1
320,159,2,2310,0
321,137,5,18387,1
322,69,7,11270,1
323,227,4,8725,0
324,20,7,16742,1
325,384,5,14095,0
326,211,5,10936,0
327,431,5,15245,0
328,172,5,16634,1
329,107,5,10534,0
330,304,3,5267,0
331,151,5,18129,1
332,491,4,11945,0
333,787,2,6123,0
334,230,5,17086,1
335,309,2,7800,0
336,1066,1,2057,0
337,259,3,11180,0
338,41,3,7311,0
339,143,3,9834,0
340,41,7,24638,1
341,30,8,17859,1
342,265,3,8515,0
343,93,2,4484,0
344,389,1,3003,0
345,311,5,17538,1
346,64,7,16157,1
347,74,8,21875,1
348,188,3,4142,0
349,220,4,12553,0
350,136,8,22382,1
351,59,5,19807,1
352,181,8,19887,1
353,214,4,15781,0
354,422,1,725,0
355,84,4,14575,0
356,89,8,22983,1
357,52,3,7512,0
358,2,4,14881,1
359,38,2,5195,0
360,30,3,11966,0
361,799,1,3342,0
362,280,6,6593,0
363,168,8,27299,1
364,164,4,11203,0
365,548,2,6047,0
366,425,6,15811,1
367,65,5,9377,0
368,15,8,28667,1
369,250,8,28653,1
370,163,9,25741,1
371,617,2,8274,0
372,211,7,21589,1
373,21,4,10285,0
374,97,7,18545,1
375,219,7,16251,1
376,569,8,28434,1
377,422,1,1574,0
378,389,6,13945,1
379,12,13,26926,1
380,206,4,14409,0
381,300,7,20855,1
382,248,2,2163,0
383,102,5,12387,0
384,185,6,14644,1
385,96,13,19146,1
386,446,4,6495,0
387,35,11,36989,1
388,291,6,21151,1
389,24,7,15497,1
390,154,5,9845,0
391,631,2,4834,0
392,107,3,8802,0
393,603,3,9284,0
394,316,5,12030,0
395,4,10,25602,1
396,50,6,17647,1
397,76,3,4972,0
398,305,6,12028,0
399,72,7,17086,1
400,262,12,33709,1
401,113,3,8727,0
402,1,6,14420,1
403,27,6,10981,1
404,196,5,15196,1
405,45,6,19924,1
406,833,6,7333,0
407,221,7,20644,1
408,411,4,7886,0
409,39,6,9498,1
410,59,4,10371,0
411,224,4,14297,0
412,206,5,6921,0
413,53,6,19045,1
414,73,6,13208,1
415,49,7,19376,1
416,89,7,14965,1
417,257,6,18992,1
418,132,4,11266,0
419,60,8,23627,1
420,17,5,11980,1
421,123,4,18158,1
422,83,5,14722,1
423,543,2,6944,0
426,839,5,5314,0
427,15,9,22480,1
428,634,4,9501,0
429,456,5,8326,0
430,534,2,8019,0
431,92,8,25467,1
432,2,7,22702,1
433,357,1,3847,0
434,60,4,11825,0
435,266,5,12347,0
436,150,5,11109,0
437,571,7,22333,1
438,1019,2,4402,0
439,14,8,18362,1
440,96,10,28560,1
442,265,4,12242,0
443,8,8,26062,1
444,64,7,25034,1
445,171,3,4943,0
446,99,9,22465,1
447,81,4,5947,0
448,3,4,8026,0
449,379,5,18248,1
450,114,7,18267,1
451,99,3,7882,0
452,933,3,6869,0
453,933,6,13305,0
454,297,3,8275,0
455,1177,1,4849,0
456,1337,1,4539,0
457,43,5,14352,1
458,205,3,6957,0
459,1217,1,2545,0
460,234,5,15315,1
461,745,8,21087,1
462,459,5,11133,0
463,735,3,6805,0
464,640,4,10306,0
465,148,7,20580,1
466,64,4,11472,0
467,318,4,10566,0
468,53,8,24500,1
469,304,6,16388,1
470,41,4,9378,0
471,36,6,12763,1
472,324,2,5887,0
473,438,5,13472,0
474,7,5,8809,0
475,49,9,14942,1
476,384,4,12942,0
477,309,3,8855,0
478,214,2,5707,0
479,167,7,17409,1
480,107,3,4600,0
481,403,5,14253,0
482,75,6,13560,1
483,265,3,6089,0
484,861,1,4521,0
485,1087,3,5487,0
486,358,5,17583,1
487,335,7,19596,1
488,161,7,21330,1
489,326,4,12979,0
490,194,2,8306,0
491,592,4,11834,0
492,619,2,4370,0
493,295,3,9172,0
494,246,6,20106,1
495,418,6,17425,1
496,76,1,2649,0
497,668,2,3913,0
498,496,2,5403,0
499,309,5,18375,1
500,250,6,20407,1
501,371,3,8879,0
502,361,6,20871,1
503,664,3,8970,0
504,603,3,6436,0
505,75,13,31931,1
506,54,9,16383,1
507,693,1,488,0
508,796,2,6275,0
509,1070,4,8498,0
510,398,6,18307,1
511,7,3,9266,0
512,179,5,18370,1
513,45,11,21332,1
514,341,4,13531,0
515,917,2,8674,0
516,94,5,17718,1
517,43,2,2680,0
518,395,3,8213,0
519,330,5,14492,0
520,104,6,15681,1
521,207,4,8511,0
522,350,2,7662,0
523,132,3,9358,0
524,392,6,22116,1
525,42,8,25058,1
526,57,5,9339,0
527,773,3,1437,0
528,381,7,19514,1
529,111,6,18297,1
530,59,5,7613,0
531,111,5,15206,1
532,66,5,13922,1
533,280,5,11376,0
534,124,2,4830,0
535,70,6,14206,1
536,758,8,17653,1
537,36,9,33315,1
538,361,4,11357,0
539,103,6,14695,1
540,518,5,14931,0
541,96,7,16195,1
542,180,4,14809,0
543,992,3,7851,0
544,298,4,13591,0
545,101,6,16230,1
546,208,6,11128,1
547,985,2,6109,0
548,19,10,30644,1
549,158,7,21906,1
550,165,5,12858,0
551,495,3,8382,0
552,24,7,16845,1
553,11,4,12928,0
554,224,6,16469,1
555,252,6,14484,1
556,432,6,18814,1
557,874,6,17038,0
558,25,4,8260,0
559,290,6,20041,1
560,578,5,14385,0
561,44,3,3412,0
562,95,7,24604,1
563,49,6,14702,1
564,392,2,5891,0
565,135,7,18806,1
566,297,6,14667,1
567,148,7,19590,1
568,143,4,10583,0
569,45,7,15714,1
570,765,1,1611,0
571,356,4,12391,0
572,18,6,15086,1
573,132,4,11197,0
574,331,3,13041,0
575,74,5,8114,0
576,41,7,21768,1
577,389,5,14374,0
578,319,2,6048,0
579,701,1,1972,0
580,659,3,7239,0
581,162,4,12305,0
582,114,4,12122,0
583,428,5,11176,0
584,275,5,15366,1
585,211,7,18418,1
586,129,7,18681,1
587,7,7,20708,1
588,4,7,24049,1
589,592,6,15198,0
590,265,4,12147,0
591,46,3,5945,0
592,293,9,21753,1
593,221,5,9481,0
594,33,4,7259,0
595,304,6,17590,1
596,464,6,13237,0
597,19,4,11588,0
598,465,1,1931,0
599,96,10,19970,1
600,398,3,7589,0
601,25,7,14055,1
602,36,4,14620,1
603,229,5,12460,0
604,173,5,10300,0
605,47,3,12634,0
606,66,7,16901,1
607,49,4,12417,0
608,414,8,25576,1
609,164,9,26548,1
610,668,3,10608,0
611,349,3,9053,0
612,288,6,13955,1
613,911,3,11027,0
614,60,8,16224,1
615,288,5,16233,1
616,60,9,28085,1
617,141,3,3946,0
618,87,9,18462,1
619,332,2,6692,0
620,92,7,22270,1
621,139,3,4154,0
622,750,2,4168,0
623,245,9,27963,1
624,71,7,18808,1
625,1076,1,4902,0
626,596,5,20327,1
627,271,3,13156,0
628,519,4,5082,0
629,218,7,25069,1
630,49,6,17673,1
631,194,5,13659,0
632,112,7,28428,1
633,181,3,6804,0
634,138,7,24909,1
635,24,5,17728,1
636,125,2,8302,0
637,177,6,12047,1
638,89,8,19958,1
639,175,5,14929,1
640,107,5,10279,0
641,129,2,2561,0
642,291,4,9529,0
643,375,3,12007,0
644,1039,1,4751,0
645,228,8,18954,1
646,108,6,20521,1
647,1114,2,3587,0
648,211,7,15337,1
649,192,6,14469,1
650,344,6,10729,0
651,650,5,15328,0
652,297,6,15031,1
653,330,3,9551,0
654,280,2,4800,0
655,121,8,25437,1
656,32,9,22005,1
657,223,5,16242,1
658,417,2,840,0
659,104,4,6135,0
660,276,7,23905,1
661,289,2,5210,0
662,727,3,8603,0
663,112,5,13770,1
664,307,3,9660,0
665,95,9,27161,1
666,83,5,15221,1
667,276,5,10031,0
668,75,2,3466,0
669,991,5,10936,0
670,306,2,3408,0
671,104,7,23688,1
672,171,9,28593,1
673,7,7,19648,1
674,264,3,7108,0
675,214,4,9049,0
676,24,5,8071,0
677,92,8,25693,1
678,48,3,6874,0
679,109,2,5120,0
680,67,4,11816,0
681,50,7,27789,1
682,380,4,4945,0
683,82,4,12525,0
684,423,5,17075,0
685,154,5,14365,1
686,387,3,4810,0
687,82,4,10454,0
688,149,4,9355,0
689,396,8,29573,1
690,213,3,7570,0
691,111,2,2347,0
692,122,5,12350,0
694,85,3,11926,0
695,448,6,17661,1
696,71,6,14888,1
697,410,5,19100,1
698,292,2,7318,0
699,121,3,9545,0
700,87,4,8540,0
701,172,7,16421,1
702,106,5,14500,1
703,263,6,18206,1
704,156,3,5620,0
705,257,4,14378,0
706,140,5,14025,1
707,268,7,15401,1
708,42,6,12837,1
709,47,7,21354,1
710,66,1,5230,0
711,366,3,6950,0
712,127,2,4923,0
714,67,6,18342,1
715,165,7,27385,1
716,49,5,8478,0
717,75,2,1796,0
718,36,5,15248,1
720,392,7,11054,1
721,248,5,16957,1
722,28,7,21573,1
723,562,3,5415,0
724,277,2,8059,0
725,482,4,11622,0
726,113,7,13066,1
727,227,3,6286,0
728,312,4,11172,0
729,376,6,17141,1
730,95,4,11641,0
731,189,5,16120,1
732,172,6,13548,1
733,315,3,10976,0
734,576,2,3501,0
735,304,4,14963,0
736,15,8,28018,1
737,61,7,17250,1
738,222,4,14942,0
739,333,6,15713,1
740,105,7,19334,1
741,98,2,7366,0
742,333,3,7981,0
743,135,6,17035,1
744,96,6,18644,1
745,296,8,18565,1
746,152,6,10038,0
747,95,7,14802,1
748,334,3,3776,0
749,26,7,21954,1
750,233,6,16514,1
751,100,9,28890,1
752,308,5,17176,1
753,685,2,4878,0
754,823,3,12333,0
755,74,5,15715,1
756,91,2,7186,0
757,131,3,10855,0
758,164,6,8632,0
759,57,6,15196,1
760,253,10,23054,1
761,386,5,11994,0
762,309,4,16496,0
763,764,2,6005,0
764,33,4,13381,0
765,295,4,6032,0
766,142,3,8214,0
767,335,6,13768,1
768,56,8,26452,1
769,212,5,10346,0
770,242,3,9680,0
771,271,3,7350,0
772,181,3,11837,0
773,81,5,11550,0
774,274,5,11904,0
775,81,9,23432,1
776,114,8,16944,1
777,45,3,12895,0
778,207,7,11467,1
779,273,2,4005,0
780,119,8,17750,1
781,50,6,16968,1
782,2,6,16298,1
783,197,5,13961,1
784,403,3,10440,0
785,76,8,25417,1
786,3,8,24589,1
787,49,2,5128,0
788,661,4,7467,0
789,296,4,10406,0
790,70,5,15103,1
791,176,6,6810,0
792,427,4,7928,0
793,203,2,5754,0
794,231,4,11232,0
795,12,8,10911,1
796,598,3,5892,0
797,13,9,25481,1
798,1209,2,2846,0
799,106,9,28005,1
800,276,4,12996,0
801,107,7,18407,1
802,118,7,25912,1
803,170,6,23515,1
804,259,2,8115,0
805,565,7,15837,1
806,491,5,7580,0
807,353,7,19597,1
808,155,3,10030,0
809,21,15,45738,1
810,512,2,5385,0
811,75,6,16782,1
812,772,1,4067,0
813,349,4,11895,0
814,762,1,716,0
815,49,9,25303,1
816,177,4,12358,0
817,229,3,5603,0
818,116,8,19698,1
819,206,9,28483,1
820,181,4,12507,0
821,205,5,14629,1
822,303,7,15392,1
823,249,7,19311,1
824,327,5,10059,0
825,875,1,1075,0
826,287,9,25270,1
827,841,3,2867,0
828,186,2,6523,0
829,588,4,6202,0
830,101,6,13446,1
831,228,3,6077,0
832,92,6,19927,1
833,186,5,13457,0
834,79,8,22999,1
835,20,3,6324,0
836,364,6,22206,1
837,119,6,15500,1
838,40,4,10357,0
839,26,4,14578,1
840,342,2,7662,0
841,2,7,20495,1
842,13,6,14649,1
843,61,7,17739,1
844,8,8,26850,1
845,887,3,8145,0
846,309,4,10504,0
847,194,5,9236,0
848,766,4,8345,0
849,336,6,17088,1
850,194,4,13913,0
851,211,10,26702,1
852,3,2,4182,0
853,143,3,8330,0
854,471,6,10211,0
855,54,7,20140,1
856,490,1,4044,0
857,787,3,4725,0
858,430,3,6485,0
859,485,6,19889,1
860,15,8,13518,1
861,453,4,13116,0
862,91,2,1210,0
863,825,1,373,0
864,64,2,10309,0
865,30,8,26746,1
866,265,8,26278,1
867,104,5,15031,1
868,230,10,24373,1
869,236,9,28740,1
870,432,4,9208,0
871,151,4,7595,0
872,447,4,15511,0
873,176,10,25684,1
874,317,5,8605,0
875,42,5,13604,1
876,689,2,6425,0
877,276,7,20002,1
878,118,4,11743,0
879,585,4,6492,0
880,36,7,19993,1
881,124,2,4119,0
882,183,9,27305,1
883,156,5,14190,1
884,461,3,2260,0
885,87,8,17616,1
886,60,9,21608,1
887,307,5,13163,0
888,350,2,5013,0
889,781,2,8058,0
890,185,6,16498,1
891,264,4,4618,0
892,1247,1,2968,0
893,84,7,13801,1
894,280,4,7979,0
895,907,1,4123,0
896,112,9,25710,1
897,94,7,22362,1
898,84,8,23870,1
899,799,3,6014,0
900,376,8,28623,1
901,83,7,19116,1
902,48,8,23298,1
903,143,4,12510,0
904,100,8,25615,1
905,166,5,10780,0
906,1,12,27438,1
907,56,5,16527,1
908,27,5,5370,0
909,356,5,13751,0
910,135,8,22406,1
911,75,6,19651,1
912,9,4,4619,0
913,167,6,8629,0
914,341,7,20253,1
915,93,4,11525,0
916,270,10,19557,1
917,81,6,11000,1
918,165,5,18324,1
919,546,2,4043,0
920,100,5,10853,0
921,154,5,11403,0
922,208,3,13905,0
923,37,2,4077,0
924,328,7,22853,1
925,15,8,18806,1
926,150,2,5818,0
927,115,4,9248,0
928,72,8,22896,1
929,119,5,16315,1
930,100,3,3717,0
931,183,6,23997,1
932,246,5,13975,0
933,470,5,17579,0
934,95,6,16085,1
935,285,3,14577,0
936,147,4,12888,0
937,381,5,13344,0
938,254,5,12891,0
939,55,4,11606,0
940,354,4,13280,0
941,69,2,6210,0
942,52,3,5070,0
943,27,9,29325,1
944,138,6,18745,1
945,624,2,6562,0
946,44,6,9578,1
947,11,8,19791,1
948,61,9,18961,1
949,10,5,11131,1
950,513,1,4806,0
951,93,6,15351,1
952,918,3,7343,0
953,145,7,23228,1
954,521,5,16304,0
955,258,1,1351,0
956,622,3,9979,0
957,9,4,7095,0
958,742,4,15166,0
959,452,6,16385,1
960,385,1,4978,0
961,281,4,12179,0
962,145,6,17271,1
963,730,2,4057,0
964,10,4,14351,1
965,106,6,17354,1
966,300,4,11063,0
967,581,3,6324,0
968,499,5,12829,0
969,367,4,11246,0
970,285,6,16194,1
971,44,10,21880,1
972,95,3,7209,0
973,269,8,14402,1
974,188,8,14776,1
975,835,3,5591,0
976,468,2,5957,0
977,38,3,10784,0
978,682,3,5713,0
979,128,2,2602,0
980,40,8,26327,1
981,134,4,14590,0
982,54,6,19363,1
983,721,4,12034,0
984,586,4,6673,0
985,295,5,9789,0
986,70,6,20366,1
987,629,5,13273,0
988,621,4,9708,0
989,232,4,14134,0
990,207,6,16889,1
991,32,5,10303,0
992,1,4,8489,0
993,625,4,11572,0
994,205,7,23695,1
995,76,5,16820,1
996,94,3,9677,0
997,136,5,14385,1
998,734,1,3747,0
999,390,4,8809,0
1000,142,6,17700,1
1001,32,5,16072,1
1002,187,4,9033,0
1003,98,8,14308,1
1004,78,4,13219,0
1005,959,3,5527,0
1006,265,2,2948,0
1007,59,7,20008,1
1008,172,2,6236,0
1009,160,7,18320,1
1010,85,8,29339,1
1011,710,6,19582,1
1012,153,7,14974,1
1013,244,7,19860,1
1014,332,2,6682,0
1015,73,4,14717,0
1016,47,7,21129,1
1017,59,3,12087,0
1018,149,3,9412,0
1019,433,4,8403,0
1020,313,5,20042,1
1021,184,5,16256,1
1022,363,4,7651,0
1023,235,4,11162,0
1024,218,7,26216,1
1025,694,3,7359,0
1026,313,3,6083,0
1027,92,12,24980,1
1028,245,7,16592,1
1029,424,5,12509,0
1030,142,8,19973,1
1031,66,2,2651,0
1032,16,3,13426,0
1033,291,6,23261,1
1034,574,1,1407,0
1035,113,10,24396,1
1036,245,7,19350,1
1037,749,3,11701,0
1038,116,2,7274,0
1039,501,4,10005,0
1040,23,4,9215,0
1041,12,9,28895,1
1042,200,4,11041,0
1043,263,4,10056,0
1044,104,4,7305,0
1045,351,10,24840,1
1046,456,9,28390,1
1047,92,5,17128,1
1048,97,3,8978,0
1049,9,6,13472,1
1050,188,4,14684,0
1051,240,6,12006,1
1052,63,6,15528,1
1053,204,5,7767,0
1054,358,4,11466,0
1055,208,5,15187,1
1056,177,6,16616,1
1057,110,7,17374,1
1058,287,7,20946,1
1059,589,5,12194,0
1060,182,8,20932,1
1061,27,5,15451,1
1062,387,7,22645,1
1063,321,6,15335,1
1064,1232,1,2871,0
1065,93,4,16057,1
1066,326,3,6620,0
1067,38,5,10019,0
1068,55,4,13312,0
1069,149,6,10413,1
1070,72,7,16663,1
1071,28,6,16468,1
1072,43,3,3808,0
1073,529,3,11065,0
1074,491,2,2735,0
1075,571,2,7151,0
1076,311,6,19801,1
1077,121,6,14603,1
1078,193,11,24693,1
1079,466,3,8220,0
1080,159,5,14026,1
1081,484,5,9256,0
1082,704,4,11034,0
1083,418,5,10249,0
1084,43,3,5540,0
1085,317,4,14493,0
1086,166,4,12102,0
1087,104,3,3542,0
1088,391,4,7228,0
1089,65,7,17429,1
1090,170,4,11188,0
1091,91,6,22860,1
1092,416,2,9506,0
1093,263,4,13773,0
1094,526,5,16326,0
1095,439,5,7893,0
1096,252,3,7176,0
1097,122,7,20039,1
1098,58,6,19161,1
1099,14,6,15577,1
1100,9,5,9679,0
1101,924,6,15131,0
1102,413,7,21035,1
1103,728,3,6420,0
1104,502,8,20760,1
1105,143,4,11476,0
1106,442,5,14493,0
1107,69,6,15239,1
1108,353,7,15741,1
1109,174,7,21595,1
1110,18,3,7263,0
1111,29,8,21872,1
1112,895,2,4721,0
1113,87,4,10114,0
1114,386,5,14205,0
1115,234,7,11617,1
1116,394,4,9678,0
1117,112,2,5547,0
1118,278,4,9030,0
1119,295,6,19588,1
1120,254,9,25185,1
1121,213,8,23780,1
1122,215,6,9577,0
1123,363,10,23407,1
1124,969,2,5558,0
1125,157,9,23124,1
1126,43,8,17074,1
1127,125,1,3862,0
1128,566,4,12509,0
1129,469,5,13223,0
1130,282,7,13711,1
1131,136,6,16359,1
1132,218,4,11574,0
1133,25,8,25731,1
1134,27,5,13432,1
1135,76,4,9687,0
1136,142,8,22760,1
1137,35,6,21963,1
1138,135,3,10198,0
1139,8,6,18585,1
1140,71,7,23166,1
1141,41,4,10116,0
1142,551,4,10603,0
1143,509,7,18372,1
1144,197,1,4869,0
1145,554,1,4523,0
1146,99,7,19808,1
1147,298,2,2841,0
1148,21,6,20145,1
1149,88,3,6985,0
1150,303,6,17624,1
1151,45,6,10812,1
1152,115,6,14286,1
1153,120,4,14448,0
1154,137,5,14905,1
1155,225,10,31599,1
1156,111,6,12606,1
1157,214,5,10982,0
1158,285,3,7892,0
1159,91,3,8808,0
1160,64,2,5786,0
1161,417,9,24138,1
1162,555,2,1876,0
1163,207,5,16287,1
1164,373,7,15360,1
1165,38,4,12479,0
1166,1136,3,7993,0
1167,540,6,18460,1
1168,536,6,17610,1
1169,130,7,27659,1
1170,94,7,14593,1
1171,125,7,26394,1
1172,358,5,12459,0
1173,51,7,11907,1
1174,199,4,13636,0
1175,398,4,13028,0
1176,312,4,16115,0
1177,241,6,21465,1
1178,60,4,11278,0
1179,48,6,18135,1
1180,207,4,15232,0
1181,58,6,18428,1
1182,990,2,7842,0
1183,60,5,17407,1
1184,174,1,739,0
1185,77,6,20410,1
1186,271,4,11509,0
1187,1111,1,2970,0
1188,51,5,11691,1
1189,15,5,7678,0
1190,176,3,6817,0
1191,333,3,9459,0
1192,272,8,16489,1
1193,239,6,20437,1
1194,47,11,36741,1
1195,14,12,41980,1
1196,89,8,14642,1
1197,32,6,13217,1
1198,299,4,15225,0
1199,300,5,17035,1
1200,200,6,23427,1
1201,284,3,11106,0
1202,53,7,19684,1
1203,93,5,9048,0
1204,15,7,15053,1
1205,584,3,11265,0
1206,1138,3,10390,0
1207,193,4,15231,0
1208,113,2,7285,0
1209,397,5,16228,0
1210,148,2,5478,0
1211,125,5,18067,1
1212,267,1,2813,0
1213,194,8,23982,1
1214,313,8,24283,1
1215,1174,1,4083,0
1216,688,3,5618,0
1217,101,9,24356,1
1218,148,7,21869,1
1219,194,5,6587,0
1220,480,3,8788,0
1221,322,7,27289,1
1222,215,7,17456,1
1223,388,7,20726,1
1224,197,5,16220,1
1225,265,6,15186,1
1226,70,9,21736,1
1227,178,8,21753,1
1228,256,2,7433,0
1229,33,6,15690,1
1230,228,3,5418,0
1231,53,2,6290,0
1232,153,5,12785,0
1233,142,7,19764,1
1234,146,9,30321,1
1235,81,3,4387,0
1236,197,6,17201,1
1237,89,8,19182,1
1238,327,3,12237,0
1239,525,7,18348,1
1240,460,2,5353,0
1241,176,6,20171,1
1242,331,5,16088,1
1243,192,6,20451,1
1244,38,5,8888,0
1245,105,8,16688,1
1246,194,5,6015,0
1247,102,6,15686,1
1248,111,11,24932,1
1249,202,4,10027,0
1250,68,9,26033,1
1251,516,9,19768,1
1252,480,6,14168,0
1253,32,7,20030,1
1254,406,6,12878,0
1255,924,2,8855,0
1256,137,7,23487,1
1257,293,3,3868,0
1258,99,8,25062,1
1259,117,5,13066,1
1260,562,4,13256,0
1261,996,2,9728,0
1262,41,6,14102,1
1263,236,6,16462,1
1264,203,9,21250,1
1265,1201,1,3407,0
1266,76,6,9115,1
1267,121,7,13869,1
1268,248,4,9158,0
1269,671,6,18043,1
1270,453,6,10013,0
1271,526,4,14160,0
1272,303,2,6636,0
1273,90,4,9836,0
1274,6,6,18112,1
1275,27,9,25680,1
1276,102,5,8399,0
1277,564,3,6656,0
1278,1006,3,12800,0
1279,67,10,29180,1
1280,97,5,12943,1
1281,124,6,14313,1
1282,57,4,11797,0
1283,37,6,14800,1
1284,255,3,10027,0
1285,274,9,26841,1
1286,178,4,10516,0
1287,410,8,23369,1
1288,166,2,6734,0
1289,660,1,487,0
1290,167,6,10031,0
1291,138,5,18313,1
1292,144,4,10933,0
1293,327,10,19501,1
1294,94,6,13945,1
1295,38,7,19501,1
1296,8,5,21770,1
1297,137,5,17497,1
1298,61,4,8717,0
1299,308,3,7448,0
1300,837,2,4951,0
1301,392,4,6315,0
1302,147,4,3151,0
1303,116,3,6965,0
1304,50,2,4119,0
1305,83,6,18433,1
1306,511,2,3208,0
1307,155,7,16648,1
1308,145,8,18682,1
1309,369,4,11980,0
1310,1160,1,1459,0
1311,15,9,20373,1
1312,394,6,16322,1
1313,241,2,2679,0
1314,427,7,22843,1
1315,419,3,12672,0
1316,3,6,7830,1
1317,146,11,31367,1
1318,159,9,20970,1
1319,400,4,12736,0
1320,44,8,13465,1
1321,75,7,19929,1
1322,38,4,8101,0
1323,435,5,14514,0
1324,212,7,16761,1
1325,158,4,16660,1
1326,133,5,8237,0
1327,70,6,24527,1
1328,447,4,13648,0
1329,56,9,22655,1
1330,93,6,17102,1
1331,222,6,21051,1
1332,31,4,11275,0
1333,46,5,14172,1
1334,602,5,13913,0
1335,47,7,24569,1
1336,366,6,11944,0
1337,206,6,19728,1
1338,362,5,12319,0
1339,30,5,15791,1
1340,595,4,7520,0
1341,72,7,22181,1
1342,51,9,28997,1
1343,636,5,10492,0
1344,31,5,14502,1
1345,157,10,28030,1
1347,85,3,7600,0
1348,180,6,17926,1
1349,264,5,12248,0
1350,132,6,20917,1
1351,686,3,5908,0
1352,8,7,12727,1
1353,225,4,6902,0
1354,175,6,13895,1
1355,13,2,5619,0
1356,549,7,16964,1
1357,377,7,25851,1
1358,203,5,19233,1
1359,351,4,11601,0
1360,423,1,4076,0
1361,251,5,14097,0
1362,617,4,13536,0
1363,38,2,6089,0
1364,15,8,22422,1
1365,264,3,7063,0
1366,444,6,19703,1
1367,95,10,23015,1
1368,57,8,21188,1
1369,178,8,27033,1
1370,223,8,17773,1
1371,6,6,18203,1
1372,56,5,13694,1
1373,784,6,11069,0
1374,38,8,23055,1
1375,349,4,4343,0
1376,440,4,10773,0
1377,331,5,14844,0
1378,132,3,6216,0
1379,342,11,30394,1
1380,156,4,15603,0
1381,160,4,8269,0
1382,570,1,153,0
1383,196,7,21207,1
1384,357,4,10988,0
1385,54,8,22196,1
1386,27,5,14471,1
1387,58,6,16945,1
1388,102,9,19139,1
1389,691,3,11339,0
1390,365,3,13310,0
1391,490,3,7264,0
1392,139,6,16043,1
1393,168,7,24786,1
1394,71,8,17254,1
1395,402,6,15699,1
1396,368,5,14954,0
1397,441,3,7014,0
1398,92,9,26755,1
1399,34,7,27310,1
1400,92,7,12275,1
1401,348,8,21474,1
1402,387,5,19604,1
1403,369,1,2922,0
1404,215,4,8940,0
1405,233,2,3622,0
1406,676,1,2217,0
1407,117,6,9847,1
1408,64,7,26231,1
1409,1101,4,4779,0
1410,109,3,8138,0
1411,268,5,12195,0
1413,221,5,14091,0
1414,31,3,7624,0
1415,234,6,18500,1
1416,166,7,17386,1
1417,64,10,32098,1
1418,270,5,17684,1
1419,498,4,12287,0
1420,768,2,1718,0
1421,55,5,13236,1
1422,139,5,6261,0
1423,92,6,16730,1
1424,360,5,6348,0
1425,6,6,16382,1
1426,198,8,19836,1
1427,35,8,22394,1
1428,149,3,7245,0
1429,1,10,20805,1
1430,200,7,23979,1
1431,72,10,31856,1
1432,120,2,5044,0
1433,81,7,20496,1
1434,177,5,17565,1
1435,44,5,13095,1
1436,144,3,10908,0
1437,523,2,3474,0
1438,292,3,6891,0
1439,576,3,10689,0
1440,427,6,14664,1
1441,528,6,11202,0
1442,117,8,26509,1
1443,187,6,19852,1
1444,142,5,12344,0
1445,309,4,10841,0
1446,63,7,21440,1
1447,10,7,20035,1
1448,385,4,15240,0
1449,52,5,12483,1
1450,10,4,11579,0
1451,723,2,1676,0
1453,382,6,10406,0
1454,377,3,9059,0
1455,919,3,11001,0
1456,131,6,16486,1
1457,13,1,4667,0
1458,733,2,5999,0
1459,180,3,12539,0
1460,290,5,7467,0
1461,7,8,19767,1
1462,213,5,10229,0
1463,114,4,17940,1
1464,476,4,7946,0
1465,58,7,16675,1
1466,285,3,9729,0
1467,1,4,15175,1
1468,590,4,16179,0
1469,651,3,6881,0
1470,105,8,24078,1
1471,16,6,16553,1
1472,356,3,6200,0
1473,10,7,17499,1
1474,85,4,10264,0
1475,178,3,7218,0
1476,220,4,7198,0
1477,36,3,11565,0
1478,321,5,12762,0
1479,235,4,14633,0
1480,78,7,13209,1
1481,150,9,23889,1
1482,313,6,15103,1
1483,9,8,21812,1
1484,333,2,3178,0
1485,103,6,12528,1
1486,81,8,18169,1
1487,5,9,24752,1
1488,31,4,10475,0
1489,168,4,10741,0
1490,583,3,9294,0
1491,115,4,11716,0
1492,11,10,23951,1
1493,997,2,6341,0
1494,383,6,20636,1
1495,329,8,19846,1
1496,153,5,11340,0
1497,316,6,18242,1
1498,134,5,16493,1
1499,475,3,6216,0
1500,558,1,4773,0
1501,431,7,18328,1
1502,25,3,11835,0
1503,156,7,27501,1
1504,235,5,11605,0
1505,328,3,8954,0
1506,582,3,3183,0
1507,553,3,9196,0
1508,121,5,13255,1
1509,53,10,31236,1
1510,6,5,16298,1
1511,116,5,12458,0
1512,120,4,15138,0
1513,158,4,13191,0
1514,257,2,5754,0
1515,29,6,14662,1
1516,45,5,7200,0
1517,269,5,13391,0
1518,192,6,19217,1
1519,116,7,17225,1
1520,474,5,11313,0
1521,237,4,7422,0
1522,120,6,17328,1
1523,645,3,11270,0
1524,769,2,1404,0
1525,519,4,16057,0
1526,180,3,13782,0
1527,26,7,23656,1
1528,296,9,27527,1
1529,143,2,8723,0
1530,530,2,5223,0
1531,115,4,10813,0
1532,52,4,10063,0
1533,396,6,16852,1
1534,26,7,21558,1
1535,173,3,13652,0
1536,81,11,23540,1
1537,89,5,15449,1
1538,391,4,7997,0
1539,115,8,25245,1
1540,739,8,22410,1
1541,570,2,6700,0
1542,24,8,15676,1
1543,73,2,5315,0
1544,124,3,4498,0
1545,396,1,1223,0
1546,104,10,24587,1
1547,623,4,10773,0
1548,703,2,4683,0
1549,147,6,14789,1
1550,4,2,9358,0
1551,148,4,9844,0
1552,214,9,28342,1
1553,159,6,17740,1
1554,165,3,2604,0
1555,105,8,25953,1
1556,1085,1,2117,0
1557,4,4,13048,0
1558,18,7,8278,1
1559,23,7,12155,1
1560,727,4,10653,0
1561,52,3,5962,0
1562,46,4,15127,1
1563,420,4,16213,0
1564,237,3,6763,0
1565,245,4,8359,0
1566,16,7,18842,1
1567,214,6,12452,1
1568,301,8,17703,1
1569,93,8,18412,1
1570,134,4,10969,0
1571,312,5,13555,0
1572,972,3,7235,0
1573,40,4,14374,0
1574,385,5,10491,0
1575,107,6,8650,0
1576,395,5,12995,0
1577,13,6,17605,1
1578,241,6,22267,1
1579,24,3,5979,0
1580,99,3,6539,0
1581,385,10,25920,1
1582,48,5,11069,0
1583,158,5,10942,0
1584,140,4,9169,0
1585,389,6,20023,1
1586,114,6,15296,1
1587,47,6,10751,1
1588,75,3,10204,0
1589,192,3,10911,0
1590,11,6,12712,1
1591,189,3,3285,0
1592,381,6,5416,0
1593,309,2,6710,0
1594,269,7,14541,1
1595,44,4,7766,0
1596,137,3,3869,0
1597,302,6,10568,0
1598,293,6,14824,1
1599,23,6,20336,1
1600,308,7,15851,1
1601,400,5,14739,0
1602,456,5,14619,0
1603,191,3,8653,0
1604,200,5,13828,0
1605,11,5,12200,1
1606,76,2,1226,0
1607,113,4,14161,0
1608,38,1,2955,0
1609,7,4,8743,0
1610,173,5,8863,0
1611,15,8,16744,1
1612,26,6,13514,1
1613,80,7,13740,1
1614,1007,4,16030,0
1615,619,5,20234,0
1616,4,5,11946,1
1617,200,5,9309,0
1618,245,5,11237,0
1619,155,7,15289,1
1620,27,9,21376,1
1621,347,4,11128,0
1622,307,7,19697,1
1623,521,4,12962,0
1624,21,5,17932,1
1625,25,5,16824,1
1626,61,3,8762,0
1627,667,5,11047,0
1628,197,1,5266,0
1629,611,3,15170,0
1630,377,4,9697,0
1631,76,7,16675,1
1632,143,3,8496,0
1633,72,13,32787,1
1634,475,4,11620,0
1635,49,9,29626,1
1636,5,3,15484,0
1637,202,5,4576,0
1638,139,4,9459,0
1639,191,7,21015,1
1640,954,2,6971,0
1641,385,7,18558,1
1642,142,3,7347,0
1643,372,5,9712,0
1644,144,6,11534,1
1645,133,13,32761,1
1646,309,7,18564,1
1647,14,7,16100,1
1648,719,5,16255,0
1649,564,5,15000,0
1650,47,5,11400,0
1651,782,1,420,0
1652,131,6,21857,1
1653,38,10,28471,1
1654,465,3,6416,0
1655,842,3,8017,0
1656,728,5,18233,0
1657,101,7,16124,1
1658,124,8,15477,1
1659,129,10,33629,1
1660,229,4,13288,0
1661,94,4,9433,0
1662,466,2,6882,0
1663,459,5,17156,0
1664,137,7,17167,1
1665,701,4,13610,0
1666,150,4,11995,0
1667,72,5,15131,1
1668,71,3,4234,0
1669,148,3,3932,0
1670,495,4,11031,0
1671,53,6,11497,1
1672,29,6,16436,1
1673,243,3,7519,0
1674,134,3,5734,0
1675,26,5,17289,1
1676,61,6,14317,1
1677,193,6,21484,1
1678,300,5,13917,0
1679,74,3,8744,0
1680,162,7,17528,1
1681,60,5,13447,1
1682,451,5,10273,0
1683,94,4,14192,0
1684,69,5,8158,0
1685,351,3,7275,0
1686,214,3,6703,0
1687,208,10,23871,1
1688,291,4,13533,0
1689,10,6,17430,1
1690,122,3,8607,0
1691,194,5,18714,1
1692,174,3,7843,0
1693,416,5,10778,0
1694,126,6,11827,1
1695,352,3,5132,0
1696,485,6,14825,0
1697,193,8,23830,1
1698,14,4,11867,0
1699,6,3,8392,0
1700,197,6,16270,1
1701,312,7,20314,1
1702,196,6,7919,0
1703,456,7,21208,1
1704,93,3,3930,0
1705,358,3,9471,0
1706,498,4,7198,0
1707,1270,2,4883,0
1708,309,4,11865,0
1709,780,4,11880,0
1710,512,5,10958,0
1711,193,5,12623,0
1712,27,9,27127,1
1713,397,6,22713,1
1714,157,3,14451,0
1715,53,9,22845,1
1716,1226,1,3404,0
1717,34,2,6258,0
1718,239,1,3830,0
1719,235,2,5962,0
1720,232,6,15739,1
1721,29,5,12903,1
1722,317,7,22279,1
1723,20,3,9298,0
1724,194,3,5863,0
1725,386,3,6454,0
1726,551,4,10783,0
1727,219,5,12501,0
1728,846,4,11783,0
1729,162,5,13508,1
1730,118,5,10790,0
1731,262,4,11149,0
1732,108,6,20318,1
1733,289,5,13740,0
1734,386,5,17792,1
1735,713,1,1175,0
1736,849,2,3231,0
1737,312,5,15557,0
1738,244,2,6760,0
1739,174,8,10795,1
1740,505,10,30678,1
1741,68,6,13473,1
1742,171,5,15549,1
1743,64,8,24398,1
1744,601,1,2253,0
1745,457,4,10974,0
1746,663,3,8350,0
1747,420,5,8552,0
1748,87,7,19046,1
1749,5,4,12192,0
1750,57,8,18887,1
1751,43,7,15487,1
1752,158,2,8266,0
1753,274,9,26597,1
1754,238,4,13446,0
1755,125,2,7931,0
1756,877,3,10490,0
1757,153,5,13151,0
1758,216,3,7483,0
1759,220,6,12669,1
1760,424,4,14892,0
1761,131,7,21407,1
1762,124,7,16302,1
1763,79,4,8143,0
1764,217,8,28175,1
1765,10,7,26389,1
1766,274,5,11657,0
1767,490,5,15631,0
1768,39,7,22609,1
1769,91,3,8605,0
1770,474,3,8984,0
1771,185,10,28561,1
1772,411,4,11892,0
1773,1027,2,2971,0
1774,88,5,10374,0
1775,191,6,14309,1
1776,170,7,22471,1
1777,159,9,17341,1
1778,227,6,20106,1
1779,1107,1,3479,0
1780,13,5,16096,1
1781,81,5,14752,1
1783,586,7,17376,1
1784,109,6,14130,1
1785,413,6,20450,1
1786,468,4,10733,0
1787,729,2,4444,0
1788,64,2,5371,0
1789,158,4,9498,0
1790,59,6,15363,1
1791,712,3,11220,0
1792,113,3,5684,0
1793,103,5,15436,1
1794,239,4,7949,0
1795,447,3,9587,0
1796,377,4,13708,0
1797,655,3,5060,0
1798,322,8,22216,1
1799,147,8,24843,1
1800,264,5,11562,0
1801,48,6,11886,1
1802,492,5,11965,0
1803,481,6,13420,0
1804,74,3,6549,0
1805,54,6,14797,1
1806,86,4,11923,0
1808,75,4,11354,0
1809,177,10,29621,1
1810,173,6,19557,1
1811,743,2,6303,0
1812,171,3,8495,0
1813,298,6,9986,0
1814,106,8,17561,1
1815,33,9,18755,1
1816,174,6,20324,1
1817,304,3,6635,0
1818,732,3,10225,0
1819,712,2,4548,0
1820,65,6,16348,1
1821,261,2,9327,0
1822,360,4,9018,0
1823,18,4,12831,0
1824,497,2,6202,0
1825,231,8,23681,1
1826,94,4,7227,0
1827,398,4,17521,0
1828,30,5,20977,1
1829,63,5,7793,0
1830,209,4,15466,0
1831,413,5,16552,0
1832,168,7,23712,1
1833,266,4,12075,0
1834,265,5,13043,0
1835,606,5,11522,0
1836,118,8,24868,1
1837,191,6,12324,1
1838,122,7,19710,1
1839,180,8,15422,1
1840,139,6,15686,1
1841,163,2,5722,0
1842,21,4,7955,0
1843,53,5,9335,0
1844,215,7,22672,1
1845,746,2,6840,0
1846,232,3,9954,0
1847,136,8,24642,1
1848,380,5,12908,0
1849,335,5,12252,0
1850,788,2,5984,0
1851,37,6,22182,1
1852,249,6,16151,1
1853,135,6,16621,1
1854,353,3,9718,0
1855,812,3,8091,0
1856,157,6,15663,1
1857,269,6,16830,1
1858,89,5,17245,1
1859,341,4,9396,0
1860,521,2,3708,0
1861,963,3,9718,0
1862,241,9,20704,1
1863,43,10,24308,1
1864,119,4,6980,0
1865,190,3,12883,0
1866,142,6,13332,1
1867,729,5,11701,0
1868,178,5,15828,1
1869,259,4,8582,0
1870,322,2,6915,0
1871,33,5,15181,1
1872,92,6,16007,1
1873,83,5,15633,1
1874,629,2,2898,0
1875,266,3,13636,0
1876,1090,2,7609,0
1877,301,6,15231,1
1878,135,2,3334,0
1879,249,4,9602,0
1880,28,4,9517,0
1881,14,5,17070,1
1882,7,10,25375,1
1883,180,9,32884,1
1884,243,5,14331,0
1885,61,7,22180,1
1886,93,3,5286,0
1887,49,8,27387,1
1888,285,5,15252,1
1889,125,4,14098,0
1890,10,4,15737,1
1891,236,7,20546,1
1892,190,4,11081,0
1893,43,7,15245,1
1894,52,7,25651,1
1895,91,7,18180,1
1896,86,6,9674,1
1897,146,6,20210,1
1898,186,3,9553,0
1899,1013,2,1673,0
1900,89,10,36969,1
1901,424,4,11446,0
1902,636,4,7560,0
1903,117,7,23496,1
1904,26,7,14491,1
1905,205,3,6802,0
1906,302,3,8554,0
1907,104,3,8669,0
1908,225,7,18311,1
1909,384,8,23771,1
1910,72,4,13284,0
1911,460,3,10300,0
1912,36,3,12664,0
1913,100,6,16880,1
1914,550,4,12310,0
1915,174,4,11974,0
1916,37,4,9538,0
1917,112,7,21832,1
1918,148,6,17748,1
1919,596,3,13060,0
1920,325,6,22378,1
1921,55,8,13731,1
1922,252,4,5712,0
1923,355,4,14478,0
1924,18,7,10912,1
1925,100,6,15005,1
1926,12,7,17564,1
1927,170,7,24465,1
1928,258,6,13561,1
1929,198,5,13868,0
1930,317,6,16535,1
1931,7,8,23198,1
1932,19,2,5839,0
1933,365,3,10272,0
1934,493,3,5213,0
1935,601,2,8793,0
1936,785,4,9102,0
1937,115,2,3703,0
1938,148,6,14935,1
1939,971,3,7361,0
1940,239,5,9959,0
1941,59,6,10125,1
1942,316,6,9984,0
1943,1023,3,6770,0
1944,216,4,10653,0
1945,51,4,14462,0
1946,743,3,8422,0
1947,605,6,14063,0
1948,794,5,19487,0
1949,505,4,4949,0
1950,3,6,13141,1
1951,694,4,11158,0
1952,291,4,15162,0
1953,641,3,6443,0
1954,479,4,13403,0
1955,9,4,13805,0
1956,45,6,21123,1
1957,182,6,12282,1
1958,22,5,13019,1
1959,124,8,17611,1
1960,461,2,5526,0
1961,228,5,15401,1
1962,302,4,8494,0
1963,143,4,4687,0
1964,290,7,20601,1
1965,5,10,31427,1
1966,137,9,25483,1
1967,435,6,20518,1
1968,481,5,13163,0
1969,24,7,25369,1
1970,465,5,12132,0
1971,51,5,13312,1
1972,91,4,10231,0
1973,780,5,9635,0
1974,226,3,6891,0
1975,261,7,23146,1
1976,383,5,12814,0
1977,183,9,30622,1
1978,219,8,19346,1
1979,9,8,23941,1
1980,338,7,16233,1
1981,280,2,4411,0
1982,211,4,10119,0
1983,354,3,9165,0
1984,297,7,18041,1
1985,146,5,12639,0
1986,270,4,11725,0
1987,27,6,13512,1
1988,1044,2,3316,0
1989,418,6,20466,1
1990,122,3,10414,0
1991,561,4,7782,0
1992,683,6,10449,0
1993,49,4,10321,0
1994,287,5,20175,1
1995,260,6,15835,1
1996,242,5,5295,0
1997,239,4,12095,0
1998,209,4,9938,0
1999,89,11,35207,1
2000,307,6,15548,1
2001,562,5,13682,0
2002,222,4,11116,0
2003,285,7,23949,1
2004,224,7,19648,1
2005,603,3,10845,0
2006,336,3,7107,0
2007,496,3,7447,0
2008,167,7,15654,1
2009,141,6,17310,1
2010,529,1,1706,0
2011,490,1,793,0
2012,900,3,6319,0
2013,105,7,22963,1
2014,554,6,16553,1
2015,29,7,16857,1
2016,35,8,24451,1
2017,261,2,5124,0
2018,415,4,6425,0
2019,382,4,9145,0
2020,202,4,12003,0
2021,779,5,10262,0
2022,736,2,6767,0
2023,134,4,9445,0
2024,34,2,8569,0
2025,249,6,15097,1
2026,801,2,6966,0
2027,96,5,17275,1
2028,547,1,5256,0
2029,274,5,17474,1
2030,117,5,17934,1
2031,17,5,9895,0
2032,1002,4,13476,0
2033,381,4,17250,0
2034,263,5,12010,0
2035,139,7,17150,1
2036,78,5,14328,1
2037,1138,1,3351,0
2038,143,6,13489,1
2039,136,7,20962,1
2040,395,1,2794,0
2041,348,4,12064,0
2042,244,4,6104,0
2043,294,6,16719,1
2044,34,3,6724,0
2045,370,1,1294,0
2046,1,5,8931,0
2047,540,3,7503,0
2048,20,4,12804,0
2049,750,2,7201,0
2050,14,6,20841,1
2051,436,3,10450,0
2052,376,2,5161,0
2053,291,6,12386,1
2054,54,7,14548,1
2055,30,5,11536,1
2056,402,3,10925,0
2057,460,3,6023,0
2058,3,4,8562,0
2059,672,3,6908,0
2060,90,7,22364,1
2061,105,4,12590,0
2062,79,7,24555,1
2063,109,7,20219,1
2064,134,4,11078,0
2065,392,6,8095,0
2066,367,7,25097,1
2067,210,8,23087,1
2068,293,5,10958,0
2069,188,4,10104,0
2070,18,7,14572,1
2071,668,6,21604,1
2072,264,7,9922,1
2073,71,8,18962,1
2074,391,7,23437,1
2075,134,5,9929,0
2076,24,6,17433,1
2077,79,8,20683,1
2078,69,8,28067,1
2079,591,5,11927,0
2080,100,4,11695,0
2081,240,9,25004,1
2082,532,3,8395,0
2083,65,5,17893,1
2084,63,5,20223,1
2085,7,8,20508,1
2086,310,5,12778,0
2087,362,3,8455,0
2088,149,5,14930,1
2089,10,5,12033,1
2090,372,7,12605,1
2091,437,4,8097,0
2092,76,6,12859,1
2093,196,3,5001,0
2094,215,5,15605,1
2095,35,8,26764,1
2096,87,2,5553,0
2097,141,8,25147,1
2098,138,7,19983,1
2099,49,11,24639,1
2100,168,4,9438,0
2101,346,3,8169,0
2102,562,4,11640,0
2103,1,8,23095,1
2104,141,8,20843,1
2105,343,2,3096,0
2106,662,1,4576,0
2107,146,4,15387,0
2108,222,8,18900,1
2109,1278,1,1958,0
2110,1,3,11315,0
2111,799,2,2623,0
2112,418,1,2813,0
2113,247,5,19466,1
2114,324,6,17244,1
2115,275,9,18638,1
2116,15,4,9257,0
2117,13,10,26874,1
2118,118,7,17908,1
2119,137,3,5406,0
2120,281,8,12457,1
2121,9,7,16922,1
2122,252,6,18085,1
2123,326,4,5569,0
2125,426,2,2805,0
2126,321,6,15548,1
2127,67,7,12416,1
2128,648,1,3525,0
2129,247,2,4409,0
2130,411,5,7586,0
2131,109,8,25485,1
2132,619,2,4747,0
2133,720,3,6789,0
2134,415,3,5008,0
2135,145,5,14268,1
2136,643,8,28210,1
2137,97,8,29654,1
2138,85,9,22381,1
2139,75,6,18533,1
2140,50,5,15015,1
2141,56,4,13007,0
2142,89,6,9074,0
2143,84,9,25872,1
2144,563,1,1107,0
2145,86,3,4612,0
2146,28,4,11991,0
2147,182,6,17495,1
2148,419,4,11957,0
2149,71,8,19696,1
2150,48,7,21084,1
2151,260,4,4918,0
2152,217,4,10732,0
2153,440,3,8818,0
2154,335,4,5779,0
2155,369,7,24571,1
2156,99,6,17095,1
2157,24,7,9592,1
2158,324,4,10838,0
2159,186,5,14387,1
2160,580,5,19677,0
2161,291,7,17534,1
2162,94,6,20429,1
2163,520,5,14868,0
2164,169,8,16914,1
2165,8,8,19561,1
2166,67,4,10252,0
2167,172,6,14876,1
2168,878,1,4998,0
2169,293,2,2488,0
2170,777,4,8821,0
2171,54,9,26558,1
2172,2,11,29191,1
2174,209,8,17975,1
2175,137,5,18570,1
2176,189,7,28976,1
2177,305,4,12138,0
2178,757,1,1339,0
2179,111,5,16241,1
2180,7,6,23400,1
2181,411,3,5610,0
2182,167,10,29958,1
2183,102,7,17704,1
2184,3,6,11146,1
2185,219,6,14550,1
2186,179,8,19632,1
2187,110,5,16479,1
2188,901,2,6574,0
2189,15,6,14215,1
2190,272,3,10291,0
2191,359,4,14090,0
2192,15,6,21232,1
2193,15,5,12739,1
2194,33,6,15614,1
2195,664,4,12217,0
2196,100,5,12082,0
2197,62,9,24906,1
2198,499,3,9804,0
2199,448,5,13076,0
2200,117,5,14530,1
2201,168,2,4718,0
2202,5,4,7111,0
2203,442,6,20906,1
2204,258,5,16586,1
2205,653,3,8318,0
2206,743,2,3843,0
2207,777,2,8637,0
2208,215,3,8425,0
2209,609,3,11832,0
2210,157,5,10263,0
2211,706,4,10229,0
2212,297,3,10303,0
2213,69,5,9230,0
2214,351,6,13828,1
2215,176,11,27282,1
2216,161,6,18176,1
2217,70,5,13371,1
2218,57,9,21141,1
2219,231,4,5886,0
2220,53,4,14273,0
2221,551,2,6194,0
2222,96,4,12767,0
2223,26,4,5847,0
2224,229,5,18034,1
2225,56,11,40179,1
2226,431,5,15701,0
2227,125,4,15866,0
2228,420,4,10153,0
2229,5,5,13347,1
2230,148,5,17981,1
2231,429,3,8152,0
2232,79,7,20459,1
2233,45,7,14076,1
2234,1019,2,3331,0
2235,459,6,20597,1
2236,247,3,5504,0
2237,144,5,13549,1
2238,110,6,23497,1
2239,387,5,13050,0
2240,36,8,21459,1
2241,25,6,8920,1
2242,110,6,16836,1
2243,45,7,19037,1
2244,619,2,7269,0
2245,51,4,9347,0
2246,147,6,14460,1
2247,28,12,39314,1
2248,282,5,16261,1
2249,11,12,34973,1
2250,347,4,9944,0
2251,26,4,6517,0
2252,55,6,12247,1
2253,250,4,13606,0
2254,178,6,14395,1
2255,184,1,2864,0
2256,716,2,1560,0
2257,331,4,11984,0
2258,260,4,8432,0
2259,96,6,17502,1
2260,60,10,36083,1
2261,158,5,19052,1
2262,94,6,18239,1
2263,721,2,5274,0
2264,438,5,8658,0
2265,131,3,8110,0
2266,475,3,10508,0
2267,168,3,9798,0
2268,312,7,21349,1
2269,466,5,11638,0
2270,177,4,9512,0
2271,509,3,8041,0
2272,857,2,6138,0
2273,454,4,14406,0
2274,208,3,10220,0
2275,288,4,13882,0
2276,230,5,10259,0
2277,350,2,9165,0
2278,794,5,12671,0
2279,532,7,20306,1
2280,204,5,9113,0
2281,180,4,15154,0
2282,204,4,11189,0
2283,284,3,6269,0
2284,401,4,9696,0
2285,536,2,5879,0
2286,178,3,6356,0
2287,388,3,10449,0
2288,127,7,13917,1
2289,250,5,8253,0
2290,48,4,10228,0
2291,316,5,14961,0
2292,5,5,12574,1
2293,198,7,21004,1
2294,1114,1,1973,0
2295,90,4,14116,0
2296,504,5,9721,0
2297,9,9,31678,1
2298,737,5,13165,0
2299,25,7,17651,1
2300,88,5,11858,0
2301,202,5,15360,1
2302,217,4,8803,0
2303,279,3,5211,0
2304,284,7,14096,1
2305,83,5,21494,1
2306,120,7,21185,1
2307,234,3,7288,0
2308,92,4,7389,0
2309,102,2,1292,0
2310,177,6,20308,1
2311,269,5,17695,1
2312,306,3,7019,0
2313,131,7,17934,1
2314,291,2,5032,0
2315,12,5,11128,1
2316,143,4,11563,0
2317,313,10,28744,1
2318,89,2,2014,0
2319,320,9,23243,1
2320,341,6,16826,1
2321,78,8,24592,1
2322,258,3,12824,0
2323,246,6,13615,1
2324,120,5,13036,1
2325,340,9,31436,1
2326,729,3,6978,0
2327,129,3,10685,0
2328,180,7,31704,1
2329,94,2,5409,0
2330,205,9,25452,1
2331,20,6,11818,1
2332,81,4,11491,0
2333,194,3,10759,0
2334,33,13,35179,1
2335,95,5,10311,0
2336,344,5,14545,0
2337,176,6,13855,1
2338,154,6,7257,0
2339,539,4,11309,0
2340,66,6,13121,1
2341,402,5,16649,0
2342,65,4,8710,0
2343,474,4,8059,0
2344,106,3,10513,0
2345,312,7,21871,1
2346,32,6,17097,1
2347,44,5,16558,1
2348,283,3,8686,0
2349,269,4,8300,0
2350,28,8,24046,1
2351,92,5,9588,0
2352,815,6,16783,0
2353,406,7,14368,1
2354,27,6,14139,1
2355,119,5,8210,0
2356,270,4,17300,0
2357,64,11,34528,1
2358,10,9,27108,1
2359,145,7,22886,1
2360,114,8,21163,1
2361,640,5,15916,0
2362,91,6,18295,1
2363,146,6,12524,1
2364,147,5,9764,0
2365,5,6,13522,1
2366,404,5,16898,0
2367,44,4,4622,0
2368,382,3,7096,0
2369,238,5,10383,0
2370,182,5,17290,1
2371,207,5,17654,1
2372,195,4,7838,0
2373,170,5,12478,0
2374,77,8,15053,1
2375,240,2,4791,0
2376,575,4,18497,0
2377,205,6,17765,1
2378,39,8,16131,1
2379,232,3,5765,0
2380,86,6,18059,1
2381,208,7,14642,1
2382,90,4,11435,0
2383,118,6,12597,1
2384,71,5,7981,0
2385,155,8,19020,1
2386,412,3,6415,0
2387,132,5,10190,0
2388,612,4,11454,0
2389,513,7,21218,1
2390,10,4,15374,1
2391,136,2,4499,0
2392,102,10,27995,1
2393,237,3,9028,0
2394,189,4,10325,0
2395,148,5,11327,0
2396,598,3,5093,0
2397,225,3,6045,0
2398,574,6,18864,1
2399,467,6,22604,1
2400,35,6,15552,1
2401,47,6,16804,1
2402,238,3,12235,0
2403,669,5,19289,0
2404,42,5,15393,1
2405,367,4,11851,0
2406,271,3,14019,0
2407,414,4,10392,0
2408,496,5,12946,0
2409,92,5,17667,1
2410,292,6,15595,1
2411,273,4,8653,0
2412,1230,1,3346,0
2413,110,2,8263,0
2414,755,3,10408,0
2415,365,5,14923,0
2416,523,5,16727,0
2417,85,3,10634,0
2418,54,8,27120,1
2419,593,3,5925,0
2420,187,4,11649,0
2421,277,3,10635,0
2422,497,4,9346,0
2423,790,1,3417,0
2424,253,6,22767,1
2425,12,8,21182,1
2426,513,11,25592,1
2427,277,3,7026,0
2428,80,8,19276,1
2429,157,6,16841,1
2430,129,9,16651,1
2431,1045,2,1596,0
2432,83,7,17985,1
2433,67,7,20299,1
2434,557,3,11996,0
2435,854,2,4739,0
2436,328,5,13740,0
2437,17,5,13681,1
2438,342,6,11740,0
2439,266,5,7074,0
2440,34,4,7374,0
2441,82,7,18783,1
2442,391,6,19613,1
2443,32,4,5998,0
2444,222,3,8035,0
2445,31,6,16986,1
2446,10,7,22258,1
2447,43,2,1838,0
2448,110,2,5790,0
2449,189,4,10175,0
2450,112,6,13418,1
2451,385,3,2178,0
2452,197,7,24162,1
2453,39,8,22016,1
2454,225,2,6417,0
2455,170,5,13188,0
2456,239,4,6163,0
2457,106,3,9150,0
2458,1242,1,966,0
2459,75,11,23110,1
2460,231,6,19812,1
2461,280,9,26838,1
2462,426,6,21572,1
2463,153,6,10192,1
2464,9,5,6041,0
2465,373,9,31100,1
2466,894,4,12764,0
2467,911,3,5692,0
2468,62,3,8681,0
2469,234,5,15625,1
2470,143,6,16027,1
2471,547,4,10832,0
2472,158,3,10355,0
2473,947,3,11551,0
2474,166,4,10305,0
2475,94,5,19105,1
2476,295,3,6328,0
2477,353,6,10038,0
2478,302,6,8856,0
2479,156,5,15913,1
2480,735,6,11528,0
2481,1311,1,366,0
2482,595,5,13669,0
2483,373,8,22841,1
2485,478,7,19776,1
2486,126,4,10866,0
2487,60,5,16236,1
2488,103,5,9797,0
2489,224,8,28322,1
2490,296,5,10478,0
2491,413,3,12249,0
2492,53,7,11502,1
2493,30,6,21812,1
2494,54,6,21413,1
2495,119,5,8582,0
2496,420,3,11619,0
2497,1,2,5857,0
2498,51,6,21399,1
2499,345,5,18067,1
2500,28,5,16290,1
2501,398,1,3918,0
2502,133,12,28439,1
2503,252,7,20100,1
2504,28,6,13652,1
2505,129,3,4415,0
2506,13,6,15130,1
2507,202,3,9175,0
2508,555,5,12271,0
2509,116,4,11068,0
2510,636,4,7614,0
2511,62,5,13346,1
2512,83,9,22866,1
2513,729,4,9472,0
2514,335,5,10515,0
2515,257,3,3927,0
2516,26,2,9880,0
2517,517,1,3168,0
2518,576,4,9507,0
2519,82,4,8011,0
2520,52,6,27658,1
2521,1162,1,2250,0
2522,12,5,16597,1
2523,924,5,13060,0
2524,14,4,8833,0
2525,49,7,14035,1
2526,387,3,6829,0
2527,560,1,3958,0
2528,379,7,18097,1
2529,253,10,27200,1
2530,69,7,18883,1
2531,187,5,10725,0
2532,21,8,20130,1
2533,61,5,14603,1
2534,289,6,13685,1
2535,941,3,7971,0
2536,155,5,12650,0
2537,193,7,21976,1
2538,192,11,20385,1
2539,526,6,18006,1
2540,250,2,5258,0
2541,24,8,19359,1
2542,49,4,8316,0
2543,245,7,14183,1
2544,69,2,8004,0
2545,177,8,24920,1
2546,79,7,18222,1
2547,48,3,12038,0
2548,232,5,11094,0
2549,56,3,8570,0
2550,95,4,13089,0
2551,193,4,10409,0
2552,235,4,13270,0
2553,361,6,17245,1
2554,101,7,19495,1
2555,23,2,3833,0
2556,26,3,8471,0
2557,228,8,19361,1
2558,187,7,20742,1
2559,64,6,23843,1
2560,406,5,15145,0
2561,283,4,10427,0
2562,30,4,12357,0
2563,20,6,15807,1
2564,1243,3,4708,0
2565,392,4,7972,0
2566,403,4,13061,0
2567,73,7,15938,1
2568,45,7,21081,1
2569,169,4,11603,0
2570,750,6,9825,0
2571,864,2,3099,0
2572,452,6,16415,1
2573,23,6,13724,1
2574,11,4,11766,0
2575,313,3,8668,0
2576,202,3,8525,0
2577,258,2,4242,0
2578,25,9,29031,1
2579,498,5,16625,0
2580,435,4,7301,0
2581,279,4,6225,0
2582,33,6,11891,1
2583,54,3,9370,0
2584,261,6,17453,1
2585,149,4,4609,0
2586,522,1,270,0
2587,964,2,7649,0
2588,217,7,13104,1
2589,57,2,9440,0
2590,281,6,21941,1
2591,837,2,4064,0
2592,524,5,18488,0
2593,1,5,13621,1
2594,686,4,12063,0
2596,6,6,15545,1
2597,779,3,7833,0
2598,891,1,2922,0
2599,594,4,10447,0
2600,21,9,25167,1
2601,206,2,5779,0
2602,331,5,14567,0
2603,202,5,17745,1
2604,27,5,16699,1
2605,15,5,13506,1
2606,142,6,22293,1
2607,63,3,7245,0
2608,44,5,10656,0
2609,32,5,6134,0
2610,447,5,13345,0
2611,618,5,19768,0
2612,19,8,21280,1
2613,363,4,14875,0
2615,315,5,11220,0
2616,953,1,650,0
2617,69,5,14132,1
2618,48,9,24820,1
2619,228,8,22290,1
2620,56,6,11793,1
2621,165,9,18665,1
2622,47,6,15932,1
2623,178,4,7247,0
2624,149,5,16485,1
2625,558,6,16023,0
2626,136,7,16107,1
2627,83,5,17578,1
2628,146,6,14690,1
2629,80,10,24408,1
2630,312,5,7021,0
2631,43,10,31533,1
2632,61,7,20195,1
2633,67,3,11348,0
2634,256,7,11628,1
2635,910,4,10044,0
2636,151,2,4980,0
2637,196,4,13111,0
2638,70,9,23553,1
2639,129,2,9543,0
2640,257,4,7541,0
2641,101,8,18928,1
2642,339,6,18509,1
2643,747,4,10403,0
2644,290,6,19070,1
2645,29,7,15998,1
2646,1,4,16614,1
2647,45,5,6955,0
2648,80,7,23406,1
2649,235,2,5810,0
2650,117,3,5560,0
2651,6,5,22087,1
2652,216,6,13546,1
2653,433,7,17952,1
2654,36,5,6497,0
2655,421,6,14873,1
2656,330,2,5806,0
2657,204,7,18860,1
2658,107,6,16099,1
2659,244,2,6381,0
2660,1080,2,6785,0
2661,69,7,21211,1
2662,484,3,6480,0
2663,381,7,22895,1
2664,454,1,2485,0
2665,1121,3,4426,0
2666,40,5,14060,1
2667,234,2,3982,0
2668,657,3,10763,0
2669,217,6,12113,1
2670,176,7,18366,1
2671,52,7,12857,1
2672,19,4,9683,0
2673,238,7,21508,1
2674,1016,3,6270,0
2675,218,6,13316,1
2676,22,5,12676,1
2677,539,1,3939,0
2678,29,7,12850,1
2679,247,6,14044,1
2680,10,5,12187,1
2681,408,3,7003,0
2682,930,1,1260,0
2683,168,3,11889,0
2684,89,7,20276,1
2685,197,5,13438,0
2686,375,3,6265,0
2687,1174,2,5779,0
2688,74,4,7068,0
2689,37,5,12349,1
2690,99,5,12944,1
2691,1186,3,13203,0
2692,562,5,14976,0
2693,207,5,11361,0
2694,24,6,12068,1
2695,446,4,8866,0
2696,468,5,10173,0
2697,27,9,25442,1
2698,342,9,21018,1
2699,102,5,15051,1
2700,26,7,20656,1
2701,10,6,14031,1
2702,131,4,6387,0
2703,512,4,10837,0
2704,179,4,8665,0
2705,336,6,21497,1
2706,54,9,24115,1
2707,105,5,9767,0
2708,45,9,18915,1
2709,317,10,33803,1
2710,293,5,9407,0
2711,562,9,24522,1
2712,606,5,16149,0
2713,707,5,10105,0
2714,80,7,19784,1
2715,7,9,30867,1
2716,247,5,9711,0
2717,71,7,11055,1
2718,95,6,13517,1
2719,51,5,9124,0
2720,229,6,17701,1
2721,117,3,6018,0
2722,77,4,14462,0
2723,568,1,2583,0
2724,454,2,4675,0
2725,3,6,13075,1
2726,35,7,23460,1
2727,99,6,20435,1
2728,220,8,24870,1
2729,1195,1,4530,0
2730,146,13,31775,1
2731,376,2,3248,0
2732,129,7,19048,1
2733,366,6,15239,1
2734,370,3,12168,0
2735,364,4,6897,0
2736,180,5,15735,1
2737,4,3,7947,0
2738,138,1,1294,0
2739,332,7,24920,1
2740,76,8,27102,1
2741,428,9,27007,1
2742,650,3,12792,0
2743,493,3,7330,0
2744,77,7,8992,1
2745,404,6,15247,1
2746,185,3,7344,0
2747,906,3,11755,0
2748,98,6,14859,1
2749,584,4,10964,0
2750,73,10,24366,1
2751,749,2,3608,0
2752,9,4,14056,0
2753,74,4,6242,0
2754,417,3,7435,0
2755,228,1,2964,0
2756,166,9,19547,1
2757,99,7,24950,1
2758,41,7,23332,1
2759,221,2,5396,0
2760,50,10,26649,1
2761,206,2,6489,0
2762,231,5,16439,1
2763,79,6,13317,1
2765,3,7,15687,1
2766,2,6,13313,1
2767,284,5,9572,0
2768,171,5,9663,0
2769,127,4,14677,0
2770,548,5,11028,0
2771,195,12,32750,1
2772,349,2,6577,0
2773,55,10,24787,1
2774,440,3,5634,0
2775,98,4,11577,0
2776,130,7,25589,1
2777,94,7,16140,1
2778,535,4,11132,0
2779,43,10,28498,1
2780,82,3,8463,0
2782,15,7,23025,1
2783,921,2,3728,0
2784,36,8,28152,1
2785,270,3,7780,0
2786,289,5,15162,0
2787,133,6,14703,1
2788,278,6,18297,1
2789,56,3,7334,0
2790,294,9,20750,1
2791,383,6,18291,1
2792,64,6,20534,1
2793,31,5,15570,1
2794,104,3,11480,0
2795,236,5,11269,0
2796,146,9,28918,1
2797,358,4,10494,0
2798,338,2,4976,0
2799,553,4,7407,0
2800,236,4,13657,0
2801,73,7,20903,1
2802,126,4,8724,0
2803,282,3,4729,0
2804,48,2,8845,0
2805,287,2,9178,0
2806,112,3,7619,0
2807,71,6,15936,1
2808,263,10,21963,1
2809,339,3,3738,0
2810,75,5,18535,1
2811,159,10,24036,1
2812,114,6,15811,1
2813,58,5,9988,0
2814,1044,1,4836,0
2815,132,6,15165,1
2816,524,3,9170,0
2817,1313,1,4662,0
2818,808,2,4455,0
2819,68,3,8908,0
2820,147,4,13314,0
2821,212,4,12501,0
2822,202,7,21097,1
2823,108,6,10504,1
2824,133,3,5814,0
2825,72,7,31407,1
2826,20,3,9109,0
2827,373,5,7973,0
2828,606,4,10946,0
2829,58,4,10594,0
2830,500,5,7849,0
2831,296,3,12934,0
2832,783,5,21363,0
2833,334,11,28554,1
2834,22,3,12706,0
2835,175,6,8982,0
2836,162,6,13667,1
2837,77,6,19270,1
2838,12,5,19373,1
2839,117,5,13548,1
2840,391,8,14493,1
2841,479,3,11169,0
2842,49,5,16835,1
2843,254,6,16064,1
2844,16,9,26970,1
2845,25,5,17024,1
2846,194,3,7812,0
2847,76,7,25043,1
2848,732,1,2180,0
2849,501,2,7148,0
2850,345,3,10685,0
2851,19,5,11389,1
2852,68,5,13845,1
2853,240,3,6114,0
2854,32,7,19915,1
2855,27,7,15012,1
2856,122,5,10229,0
2857,499,5,14531,0
2858,224,3,7483,0
2859,700,3,12866,0
2860,653,3,7367,0
2861,225,4,12588,0
2862,757,4,8955,0
2863,415,8,28002,1
2864,147,4,9500,0
2865,96,7,12013,1
2866,15,4,3523,0
2867,262,7,16292,1
2868,65,2,2717,0
2869,136,4,11621,0
2870,66,8,18856,1
2871,420,2,4381,0
2872,103,2,3616,0
2873,122,8,20374,1
2874,181,4,14633,0
2875,326,4,14473,0
2876,374,9,19786,1
2877,46,2,3489,0
2878,122,5,11672,0
2879,66,6,14330,1
2880,10,9,20435,1
2881,150,5,21617,1
2882,30,4,10202,0
2883,10,4,11971,0
2884,16,3,12208,0
2885,27,6,16733,1
2886,607,1,4929,0
2887,154,6,10006,0
2888,299,3,7784,0
2889,389,7,20154,1
2890,67,7,19601,1
2891,232,2,9268,0
2892,96,3,5500,0
2893,74,8,25462,1
2894,113,4,15039,0
2895,449,4,8809,0
2896,302,2,2507,0
2897,61,6,16313,1
2898,144,5,13809,1
2899,115,6,20066,1
2900,32,5,12694,1
2901,90,11,30832,1
2902,301,7,16487,1
2903,216,2,2792,0
2904,107,7,21159,1
2905,173,6,19400,1
2906,429,3,8964,0
2907,378,1,2797,0
2908,1117,1,571,0
2909,98,8,20047,1
2910,540,5,12883,0
2911,16,3,12260,0
2912,250,2,4827,0
2913,481,2,5160,0
2914,256,8,22383,1
2915,378,3,4398,0
2916,273,3,5297,0
2917,108,3,5881,0
2918,155,4,12836,0
2919,257,10,32027,1
2920,87,5,17790,1
2921,345,6,21201,1
2922,102,4,10463,0
2923,642,6,15241,0
2924,444,5,11900,0
2925,303,7,17474,1
2926,116,7,16952,1
2927,120,8,29161,1
2928,205,7,12869,1
2929,102,5,12063,0
2930,602,2,6689,0
2931,915,2,6327,0
2932,5,6,13617,1
2933,3,4,8991,0
2934,59,4,7944,0
2935,70,3,5611,0
2936,394,1,314,0
2937,245,7,20970,1
2938,241,6,11106,0
2939,700,4,15280,0
2940,79,3,7027,0
2941,354,3,11569,0
2942,393,9,29168,1
2943,170,8,24450,1
2944,185,5,13544,0
2945,208,3,7606,0
2946,203,9,22415,1
2947,184,7,25775,1
2948,335,7,17173,1
2949,489,6,17059,1
2950,463,4,8845,0
2951,141,5,17176,1
2952,1125,1,726,0
2953,166,5,13874,1
2954,127,8,25423,1
2955,144,5,15011,1
2956,876,3,6270,0
2957,201,4,10397,0
2958,417,3,8622,0
2959,480,6,12367,0
2960,890,4,11863,0
2961,49,7,8171,1
2962,4,4,7688,0
2963,822,2,9223,0
2964,38,8,19081,1
2965,279,5,16504,1
2966,184,3,4863,0
2967,44,5,15042,1
2968,121,4,12638,0
2969,324,4,9751,0
2970,151,8,21030,1
2971,600,3,9734,0
2972,43,2,3928,0
2973,539,3,11289,0
2974,334,6,13693,1
2975,319,3,5900,0
2976,43,3,5411,0
2977,139,5,18631,1
2978,858,4,11318,0
2979,28,3,10277,0
2980,466,5,10955,0
2981,291,4,11035,0
2982,149,5,17021,1
2983,38,5,10786,0
2984,176,5,16573,1
2985,214,4,7982,0
2986,160,3,12835,0
2987,609,5,12069,0
2988,287,5,14343,0
2989,29,2,5131,0
2990,113,5,16190,1
2991,348,3,5863,0
2992,294,7,18540,1
2993,981,1,1417,0
2994,74,4,9262,0
2995,5,6,22129,1
2996,17,7,22595,1
2997,110,3,9809,0
2998,171,3,2226,0
2999,165,4,5291,0
3000,131,5,14671,1
3001,212,6,18466,1
3002,215,6,18095,1
3003,207,6,21980,1
3004,36,5,12951,1
3005,186,4,11048,0
3006,21,5,13583,1
3007,212,6,17768,1
3008,155,7,24958,1
3009,567,8,21941,1
3010,76,5,11956,0
3011,329,6,21541,1
3012,149,5,14914,1
3013,42,4,6142,0
3014,828,4,7468,0
3015,223,5,15742,1
3016,213,5,9366,0
3017,214,5,16267,1
3018,272,4,8963,0
3019,127,5,16117,1
3020,181,9,31102,1
3021,37,6,18602,1
3022,21,7,18536,1
3023,465,1,789,0
3024,7,7,18449,1
3025,69,7,23210,1
3026,260,6,17485,1
3027,128,7,15793,1
3028,5,7,23591,1
3029,62,7,16349,1
3030,448,6,9934,0
3031,261,7,22447,1
3032,45,7,22921,1
3033,96,6,14784,1
3034,188,8,24712,1
3035,487,6,16817,1
3036,36,6,19073,1
3037,1032,1,1850,0
3038,424,4,12792,0
3039,468,5,10590,0
3040,3,3,7330,0
3041,48,6,19594,1
3042,16,4,12930,0
3043,1082,1,2267,0
3044,47,6,17469,1
3045,58,4,12543,0
3046,118,6,14748,1
3047,78,2,4089,0
3048,429,5,12711,0
3049,131,10,21488,1
3050,452,6,21152,1
3051,173,4,10985,0
3052,589,3,12711,0
3053,88,6,14545,1
3054,132,13,41957,1
3055,721,2,4791,0
3056,211,7,16010,1
3057,219,5,19608,1
3058,695,2,9172,0
3059,27,6,17055,1
3060,498,1,4751,0
3061,3,6,11982,1
3062,137,4,15595,0
3063,15,9,31709,1
3064,387,5,10996,0
3065,386,7,16744,1
3066,179,5,13115,0
3067,554,4,16019,0
3068,293,7,15296,1
3069,257,3,8091,0
3070,115,5,7919,0
3071,664,4,15182,0
3072,52,9,23806,1
3073,354,6,12486,0
3074,434,3,9003,0
3075,163,6,17994,1
3076,560,1,369,0
3077,99,6,10637,1
3078,670,3,11038,0
3079,190,6,20041,1
3080,69,5,14537,1
3081,76,6,16215,1
3082,60,4,13587,0
3083,77,5,11866,0
3084,256,7,16431,1
3085,539,6,21048,1
3086,25,9,29394,1
3087,51,4,14983,1
3088,802,3,10600,0
3089,400,6,12499,0
3090,464,2,5714,0
3091,917,2,3774,0
3092,11,8,15580,1
3094,4,5,18429,1
3095,341,4,10194,0
3096,641,3,6179,0
3097,150,6,12123,1
3098,363,3,10838,0
3099,83,2,4394,0
3100,196,6,17647,1
3101,385,3,9099,0
3102,251,8,17285,1
3103,135,9,20108,1
3104,83,4,17088,1
3105,17,2,4167,0
3106,277,7,14270,1
3107,748,3,8619,0
3108,577,6,19330,1
3109,157,4,11025,0
3110,132,6,16681,1
3111,27,5,15999,1
3112,125,5,11922,0
3113,499,6,13784,0
3114,20,4,13212,0
3115,57,7,19608,1
3116,144,11,26591,1
3117,157,5,18642,1
3118,332,6,13566,1
3119,114,4,11782,0
3120,400,5,15773,0
3121,222,5,16477,1
3122,26,5,16409,1
3123,25,6,16157,1
3124,414,6,21588,1
3125,39,4,10711,0
3126,52,4,13098,0
3127,87,4,14100,0
3128,265,4,8826,0
3129,20,5,4805,0
3130,135,5,10146,0
3131,950,2,6486,0
3132,88,5,16245,1
3133,17,6,10680,1
3134,282,3,14174,0
3135,77,10,27015,1
3136,153,6,12683,1
3137,73,5,15322,1
3138,170,6,13596,1
3139,407,2,9119,0
3140,18,9,22261,1
3141,58,6,21645,1
3142,678,3,7985,0
3143,188,7,21521,1
3144,12,2,6461,0
3145,10,5,15312,1
3146,819,4,8402,0
3147,22,10,30058,1
3148,1003,3,8911,0
3149,27,6,16827,1
3150,468,2,6976,0
3151,56,3,11088,0
3152,83,8,13945,1
3153,241,6,9138,0
3154,73,6,17413,1
3155,411,4,6463,0
3156,288,3,4637,0
3157,68,1,2478,0
3158,645,2,3983,0
3159,168,5,17213,1
3160,70,7,17613,1
3161,404,4,13604,0
3162,286,3,13010,0
3163,245,4,11044,0
3164,409,6,19351,1
3165,74,3,9924,0
3166,236,4,11629,0
3167,146,5,14723,1
3168,50,6,22241,1
3169,91,6,8356,0
3170,829,3,4974,0
3171,20,3,7441,0
3172,152,6,23093,1
3173,249,3,6538,0
3174,1117,3,8335,0
3175,92,7,15016,1
3176,104,3,11336,0
3177,1328,1,2765,0
3178,108,3,9131,0
3179,86,3,11148,0
3180,103,5,14899,1
3181,623,4,14095,0
3182,39,8,22072,1
3183,425,2,5121,0
3184,135,6,12207,1
3185,488,4,9288,0
3186,332,1,835,0
3187,164,6,14423,1
3188,102,6,18216,1
3189,45,5,13417,1
3190,207,7,26265,1
3191,116,4,15538,0
3192,164,3,7329,0
3193,419,1,1831,0
3194,689,3,12221,0
3195,115,5,9517,0
3196,516,3,7966,0
3197,738,3,6247,0
3198,282,3,7051,0
3199,4,5,18262,1
3200,82,3,11499,0
3201,873,2,6610,0
3202,736,4,6826,0
3203,381,3,10456,0
3204,152,4,14279,0
3205,258,4,12428,0
3206,92,4,9551,0
3207,274,4,12440,0
3208,295,4,12629,0
3209,62,6,19320,1
3210,158,8,21614,1
3211,5,7,18104,1
3212,55,4,17172,1
3213,138,8,23700,1
3214,251,10,33284,1
3215,1148,2,7061,0
3216,109,4,11627,0
3217,940,1,1969,0
3218,174,11,28032,1
3219,7,7,20791,1
3220,342,4,11179,0
3221,527,1,2079,0
3222,131,3,12915,0
3223,134,4,11897,0
3224,14,7,23855,1
3225,541,2,8209,0
3226,377,7,16656,1
3227,60,10,27145,1
3228,215,4,12965,0
3229,75,7,16868,1
3230,747,4,8810,0
3231,340,3,5122,0
3232,386,5,16210,0
3233,156,3,7183,0
3234,466,5,20145,1
3235,114,6,13970,1
3236,430,6,15248,1
3237,626,3,10143,0
3238,302,1,2894,0
3239,928,4,13486,0
3240,68,13,34383,1
3241,195,5,12650,0
3242,491,4,13989,0
3243,126,4,10078,0
3244,251,6,9148,0
3245,164,4,12139,0
3246,243,5,9011,0
3247,25,3,13005,0
3248,302,5,13367,0
3249,205,4,11302,0
3250,118,5,10797,0
3251,529,2,5561,0
3252,398,4,9247,0
3253,39,4,10583,0
3254,132,5,10984,0
3255,3,6,14805,1
3256,369,2,6218,0
3257,135,8,22918,1
3258,233,2,6379,0
3259,96,2,9317,0
3260,181,5,8864,0
3261,290,3,7625,0
3262,52,5,16886,1
3263,638,2,2168,0
3264,1225,1,1752,0
3265,319,5,13948,0
3266,245,5,13871,0
3267,273,2,2045,0
3268,1015,2,2499,0
3269,64,7,12311,1
3270,50,8,17357,1
3271,163,9,28046,1
3272,33,6,17254,1
3273,134,6,15782,1
3274,89,6,19506,1
3275,201,5,17986,1
3276,160,7,16024,1
3277,148,7,15273,1
3278,166,4,11416,0
3279,79,5,18737,1
3280,523,7,20994,1
3281,160,2,7421,0
3282,471,7,17961,1
3283,2,3,7120,0
3284,259,2,8104,0
3285,29,8,24488,1
3286,39,8,23398,1
3287,288,5,12251,0
3288,962,3,13591,0
3289,287,5,14010,0
3290,331,2,5882,0
3291,321,9,30205,1
3292,292,7,22153,1
3293,248,8,29021,1
3294,78,5,13468,1
3295,663,6,17474,0
3296,384,4,5929,0
3297,437,4,8822,0
3298,382,7,17687,1
3299,83,7,16753,1
3300,107,3,13381,0
3301,192,6,17654,1
3302,152,6,17518,1
3303,272,5,15989,1
3304,234,7,6894,0
3305,1287,1,1470,0
3306,1168,1,4227,0
3307,108,7,11962,1
3308,474,4,6849,0
3309,31,12,32674,1
3310,386,5,12792,0
3311,588,3,9910,0
3312,489,6,14532,0
3313,428,2,8280,0
3314,23,6,14926,1
3315,509,2,3352,0
3316,100,9,33018,1
3317,379,3,3751,0
3318,388,5,14096,0
3319,176,5,6851,0
3320,851,4,10699,0
3321,126,9,18393,1
3322,189,3,10559,0
3323,991,2,5244,0
3324,381,4,6362,0
3325,75,3,6714,0
3326,83,9,19734,1
3327,41,12,37173,1
3328,826,4,11565,0
3329,78,4,13968,0
3330,30,5,12234,1
3331,107,11,30256,1
3332,124,9,19975,1
3333,343,4,8642,0
3334,100,3,9185,0
3335,10,7,17541,1
3336,175,5,13983,1
3337,238,8,27084,1
3338,77,6,16555,1
3339,107,4,10163,0
3340,187,5,18092,1
3341,77,7,20713,1
3342,370,1,3816,0
3343,35,7,20162,1
3344,859,4,13802,0
3345,484,1,1514,0
3346,60,2,5308,0
3347,795,2,5900,0
3348,97,3,6645,0
3349,779,4,15445,0
3350,110,8,21588,1
3351,266,6,17422,1
3352,60,5,19086,1
3353,281,9,19599,1
3354,115,6,11288,1
3355,58,4,2928,0
3356,161,4,11575,0
3357,125,10,30810,1
3358,217,3,9625,0
3359,194,7,20506,1
3360,201,2,7104,0
3361,482,1,1467,0
3362,306,6,15371,1
3363,86,7,22670,1
3364,17,9,27910,1
3365,582,3,12272,0
3366,971,4,8873,0
3367,204,5,11093,0
3368,307,3,5647,0
3369,156,7,19821,1
3370,86,7,16748,1
3371,367,5,17432,1
3372,863,2,3955,0
3373,74,7,21474,1
3374,103,3,7260,0
3375,569,3,6839,0
3376,403,5,22199,1
3377,125,8,15647,1
3378,472,4,7960,0
3379,499,2,5753,0
3380,468,3,11192,0
3381,6,4,10288,0
3382,826,2,5243,0
3383,116,9,16797,1
3384,145,5,8330,0
3385,336,6,17344,1
3386,289,4,13331,0
3387,195,6,19037,1
3388,439,4,9531,0
3389,127,10,25883,1
3390,8,8,24687,1
3391,77,10,23844,1
3392,186,7,20746,1
3393,2,3,3516,0
3394,170,7,19835,1
3395,23,4,3936,0
3396,311,4,11153,0
3397,361,2,918,0
3398,196,3,11490,0
3399,668,2,2122,0
3400,474,6,16913,1
3401,184,6,13603,1
3402,7,7,21683,1
3403,234,4,12341,0
3404,165,8,16494,1
3405,95,6,15449,1
3406,556,1,3919,0
3407,832,2,2139,0
3408,87,3,7148,0
3409,991,2,3184,0
3410,302,6,14291,1
3411,339,4,13567,0
3412,262,5,12323,0
3413,14,7,20484,1
3414,311,6,13201,1
3415,11,6,18606,1
3416,53,3,7868,0
3417,50,9,27710,1
3418,125,6,15476,1
3419,44,6,24190,1
3420,225,11,31752,1
3421,240,6,16083,1
3422,412,5,6941,0
3423,730,2,4426,0
3424,952,4,9273,0
3425,671,2,5915,0
3426,131,4,12373,0
3427,146,5,13795,1
3428,790,2,3584,0
3429,59,1,2741,0
3430,67,6,21327,1
3431,583,2,7440,0
3432,38,7,19457,1
3433,267,3,6656,0
3434,133,5,15926,1
3435,424,5,8687,0
3436,40,4,7784,0
3437,184,3,7391,0
3438,22,6,17153,1
3439,45,7,14834,1
3440,116,7,13073,1
3441,184,4,15905,0
3442,77,7,13772,1
3443,123,9,21503,1
3444,204,4,14092,0
3445,537,5,18910,0
3446,14,3,11543,0
3447,114,8,17534,1
3448,43,2,2169,0
3449,282,6,15300,1
3450,90,2,4422,0
3451,281,4,12798,0
3452,957,1,1815,0
3453,687,3,11474,0
3454,142,5,16397,1
3455,71,5,12368,1
3456,184,4,3867,0
3457,3,6,14992,1
3458,61,3,5590,0
3459,176,6,10105,0
3460,96,7,16111,1
3461,21,4,12502,0
3462,168,4,9868,0
3463,712,1,1445,0
3464,702,4,13721,0
3465,48,6,15478,1
3467,102,2,4088,0
3468,919,3,5653,0
3469,10,6,18641,1
3470,565,3,14251,0
3471,48,4,6681,0
3472,225,6,17651,1
3473,81,8,17659,1
3474,74,7,14033,1
3475,4,4,9355,0
3476,45,5,13158,1
3477,601,3,9370,0
3478,82,6,17639,1
3479,184,6,15975,1
3480,162,7,20289,1
3481,40,4,12100,0
3482,229,4,9958,0
3483,270,4,7965,0
3484,115,3,8074,0
3485,63,4,10036,0
3486,369,1,2571,0
3487,75,5,9952,0
3488,36,6,8086,0
3489,97,2,4088,0
3490,322,6,17588,1
3491,280,3,6777,0
3492,176,7,24343,1
3493,78,5,14720,1
3494,44,3,7983,0
3495,24,4,10084,0
3496,1009,1,5222,0
3497,230,5,11745,0
3498,322,5,18868,1
3499,8,5,13961,1
3500,132,10,30034,1
3501,352,3,10698,0
3502,263,9,18366,1
3503,168,6,15629,1
3504,270,6,14983,1
3505,88,5,12001,0
3506,585,5,15593,0
3507,121,7,19211,1
3508,330,7,23390,1
3509,351,8,22975,1
3510,382,6,23792,1
3511,6,1,371,0
3512,238,1,1602,0
3513,249,10,22413,1
3514,18,5,12569,1
3515,1262,2,3857,0
3516,47,6,10797,1
3517,68,8,21150,1
3518,11,7,17269,1
3519,386,8,20839,1
3520,154,10,28804,1
3521,451,7,22929,1
3522,22,5,8334,0
3523,226,5,9095,0
3524,407,6,19467,1
3525,20,4,10056,0
3526,7,10,19564,1
3527,182,6,15018,1
3528,809,2,7229,0
3529,354,7,26154,1
3530,97,6,11724,1
3531,88,7,25454,1
3532,294,6,14454,1
3533,127,3,7017,0
3534,151,10,27955,1
3535,88,9,31863,1
3536,118,7,21726,1
3537,150,5,11912,0
3538,326,5,17442,1
3539,563,4,8989,0
3540,102,12,24962,1
3541,571,5,19201,0
3542,152,5,15704,1
3543,142,5,16511,1
3544,124,6,17679,1
3545,246,3,6583,0
3546,564,4,12312,0
3547,316,6,15883,1
3548,410,6,16019,1
3549,345,7,15081,1
3550,39,10,28396,1
3551,161,2,6902,0
3552,45,6,18701,1
3553,78,9,24800,1
3554,289,4,12262,0
3555,875,2,4677,0
3556,191,7,19526,1
3557,214,6,17913,1
3558,20,6,19869,1
3559,74,4,6379,0
3560,45,5,13751,1
3561,183,6,13588,1
3562,443,8,21007,1
3563,21,8,21834,1
3564,7,9,23975,1
3565,219,5,12846,0
3566,405,4,6533,0
3567,129,8,17479,1
3568,90,9,30578,1
3569,81,6,26439,1
3570,206,5,13439,0
3571,118,5,18329,1
3572,16,7,17111,1
3573,304,4,15137,0
3574,107,8,24321,1
3575,8,4,15653,1
3576,243,14,46518,1
3577,199,4,9236,0
3578,37,5,13959,1
3579,91,5,7962,0
3580,322,6,20256,1
3581,667,4,8665,0
3582,48,6,21689,1
3583,380,2,7836,0
3584,191,8,21188,1
3585,4,6,11669,1
3586,244,7,24343,1
3587,741,2,9532,0
3588,129,4,12353,0
3589,68,6,15746,1
3590,499,5,13527,0
3591,838,4,10484,0
3592,249,5,14663,0
3593,30,7,13372,1
3594,376,2,1916,0
3595,381,6,12647,0
3596,1032,2,6215,0
3597,201,5,15707,1
3598,3,8,17622,1
3599,344,3,6390,0
3600,506,2,5205,0
3601,24,6,16168,1
3602,280,8,22952,1
3603,48,7,26657,1
3604,156,4,9137,0
3605,54,5,11451,0
3606,366,3,9213,0
3607,103,3,11979,0
3608,34,8,14105,1
3609,69,2,6348,0
3610,501,5,13984,0
3611,224,3,8266,0
3612,170,7,14552,1
3613,59,7,26161,1
3614,352,4,12351,0
3615,233,1,1756,0
3616,78,8,25330,1
3617,326,6,13014,1
3618,329,5,13580,0
3619,298,5,7610,0
3620,21,4,10058,0
3621,305,2,4096,0
3622,562,5,15188,0
3623,108,4,13385,0
3624,55,6,21745,1
3625,393,4,9400,0
3626,320,1,2734,0
3627,57,8,25207,1
3628,74,3,11575,0
3629,4,3,5942,0
3630,1149,4,10737,0
3631,248,4,11584,0
3632,38,3,6910,0
3633,353,3,11357,0
3634,114,8,22365,1
3635,897,2,1309,0
3636,297,1,1531,0
3637,571,4,15515,0
3638,120,5,8936,0
3639,529,4,7870,0
3640,50,7,23037,1
3641,40,4,9214,0
3642,106,2,4162,0
3643,35,5,11859,1
3644,261,8,27475,1
3645,55,7,15420,1
3646,614,5,17031,0
3647,427,3,8076,0
3648,6,2,7291,0
3649,424,3,3944,0
3650,24,8,23227,1
3651,606,5,12176,0
3652,261,7,19145,1
3653,172,5,14505,1
3654,374,3,10254,0
3655,244,5,10697,0
3656,374,5,19147,1
3657,471,4,8646,0
3658,427,2,6130,0
3659,176,7,15953,1
3660,80,9,22325,1
3661,85,6,17289,1
3662,43,6,18697,1
3663,173,5,13115,0
3664,108,5,10316,0
3665,18,9,26225,1
3666,598,1,1959,0
3667,33,5,18581,1
3668,26,8,24456,1
3669,654,4,13311,0
3670,408,7,28704,1
3671,390,8,24916,1
3672,296,4,15947,0
3673,640,5,14344,0
3674,113,4,13232,0
3675,63,5,10859,0
3676,112,6,12933,1
3677,55,10,31991,1
3678,536,4,7816,0
3679,198,4,11831,0
3680,450,7,15334,1
3681,97,7,19319,1
3682,1102,1,2264,0
3683,69,5,11574,0
3684,368,7,23558,1
3685,194,5,11444,0
3686,179,4,6047,0
3687,396,7,19830,1
3688,74,6,11332,1
3689,117,5,13534,1
3690,594,4,7319,0
3691,431,4,9973,0
3692,169,3,6554,0
3693,296,8,24994,1
3694,157,9,27194,1
3695,20,6,18263,1
3696,369,6,15678,1
3697,579,3,5391,0
3698,315,8,17106,1
3699,298,3,8023,0
3700,349,8,22740,1
3701,221,8,25518,1
3702,51,7,21100,1
3703,542,9,23106,1
3704,388,6,13938,1
3705,276,10,25677,1
3706,239,4,12685,0
3707,89,9,21302,1
3708,747,6,15007,0
3709,169,5,8822,0
3710,246,3,11480,0
3711,243,6,11539,1
3712,144,6,17011,1
3713,179,7,31065,1
3714,510,5,14338,0
3715,446,6,16346,1
3716,62,8,18637,1
3717,671,3,9927,0
3718,41,3,13814,0
3719,96,4,7083,0
3720,15,3,4584,0
3721,334,4,13094,0
3722,63,3,5401,0
3723,36,7,19915,1
3724,188,7,18318,1
3725,393,4,9608,0
3726,49,7,24244,1
3727,375,3,9727,0
3728,203,7,22231,1
3729,875,3,10267,0
3730,29,5,16166,1
3731,371,6,20172,1
3732,20,2,2249,0
3733,61,4,11099,0
3734,608,5,19860,0
3735,202,5,16183,1
3736,47,8,20990,1
3737,111,5,11868,0
3738,477,2,6515,0
3739,462,5,10740,0
3740,66,3,11282,0
3741,19,3,6863,0
3742,174,3,9029,0
3743,347,6,22939,1
3744,117,3,10933,0
3745,126,8,20247,1
3746,185,6,18857,1
3747,47,8,24124,1
3748,367,4,14173,0
3749,161,3,8693,0
3750,643,5,19158,0
3751,279,4,10286,0
3752,66,6,17416,1
3753,1221,2,6382,0
3754,33,4,13920,0
3755,97,7,26244,1
3756,318,3,12132,0
3757,75,4,10560,0
3758,22,7,24149,1
3759,64,8,26491,1
3760,255,7,18438,1
3761,861,4,16300,0
3762,361,3,8661,0
3763,211,5,15077,1
3764,31,6,18858,1
3765,176,5,12259,0
3766,11,6,18743,1
3767,293,4,9089,0
3768,211,4,8140,0
3769,63,4,9014,0
3770,282,4,9434,0
3771,373,2,1552,0
3772,184,4,9113,0
3773,65,7,15435,1
3774,295,5,11733,0
3775,555,5,12403,0
3776,368,3,6541,0
3777,295,6,12105,0
3778,292,7,17751,1
3779,55,8,17645,1
3780,583,6,14453,0
3781,212,4,7147,0
3782,70,6,20215,1
3783,87,8,26950,1
3784,9,7,17447,1
3785,144,4,3774,0
3786,158,8,26220,1
3787,42,7,26283,1
3788,117,9,27091,1
3789,140,8,22343,1
3790,856,2,5113,0
3791,91,5,8810,0
3792,441,2,4466,0
3793,681,2,6378,0
3794,11,9,27122,1
3795,32,8,14282,1
3796,57,2,5960,0
3797,456,4,6029,0
3798,520,2,8577,0
3799,84,5,15418,1
3800,129,6,18210,1
3801,362,9,22331,1
3802,178,5,7861,0
3803,22,5,11493,1
3804,729,4,11719,0
3805,90,5,11892,0
3806,17,5,9391,0
3807,203,8,20202,1
3808,133,5,10593,0
3809,121,10,36463,1
3810,301,4,6534,0
3811,128,10,25456,1
3812,429,4,9675,0
3813,280,4,10283,0
3814,98,6,18374,1
3815,74,3,7888,0
3816,224,5,6192,0
3817,144,8,27078,1
3818,72,5,16239,1
3819,580,1,2994,0
3820,315,8,27572,1
3821,38,2,6473,0
3822,180,7,18090,1
3823,93,6,16946,1
3824,116,3,9094,0
3825,204,12,35111,1
3826,1101,1,1364,0
3827,148,3,9810,0
3828,181,5,17027,1
3829,212,5,14786,1
3830,184,9,21517,1
3831,535,7,20381,1
3832,320,5,7824,0
3833,86,6,17010,1
3834,123,2,6843,0
3835,41,6,19564,1
3836,92,2,7371,0
3837,972,1,2431,0
3838,532,4,10834,0
3839,155,5,11649,0
3840,333,6,16512,1
3841,9,5,18859,1
3842,137,5,14613,1
3843,580,5,12807,0
3844,9,9,23110,1
3845,253,5,14741,0
3846,315,2,4017,0
3847,488,4,6955,0
3848,286,6,19776,1
3849,318,4,6603,0
3850,230,3,11383,0
3851,249,1,2105,0
3852,391,2,5683,0
3853,86,5,14790,1
3854,323,7,17398,1
3855,55,2,6121,0
3856,108,6,15154,1
3857,106,4,13770,0
3858,176,3,5060,0
3859,310,7,14510,1
3860,59,3,6115,0
3861,290,7,12069,1
3862,229,5,11178,0
3863,435,5,12579,0
3864,183,4,8251,0
3865,576,4,10854,0
3867,4,7,16309,1
3868,147,7,19586,1
3869,13,8,28497,1
3870,48,8,26694,1
3871,59,10,20471,1
3872,84,4,10857,0
3873,338,5,13810,0
3874,493,7,14505,1
3875,443,5,11318,0
3876,10,5,16072,1
3877,79,5,18880,1
3878,42,3,6142,0
3879,386,8,27333,1
3880,208,7,19963,1
3881,154,5,14926,1
3882,531,5,13080,0
3883,1320,1,2371,0
3884,161,7,18654,1
3885,50,5,13781,1
3886,48,5,17996,1
3887,508,2,2707,0
3888,294,8,28700,1
3889,355,6,16433,1
3890,824,4,6173,0
3891,198,4,11110,0
3892,32,3,10444,0
3893,221,5,21275,1
3894,203,6,21070,1
3895,53,5,15772,1
3896,39,6,19555,1
3897,31,7,19576,1
3898,223,4,6104,0
3899,16,6,14421,1
3900,318,2,3162,0
3901,9,5,15126,1
3902,4,8,23651,1
3903,329,1,3761,0
3904,75,7,18160,1
3905,1,5,12888,1
3906,267,3,5712,0
3907,29,9,23585,1
3908,305,8,20333,1
3909,26,7,19139,1
3910,122,5,13391,1
3911,13,8,19146,1
3912,246,5,16978,1
3913,146,7,19293,1
3914,292,6,14306,1
3915,180,4,11689,0
3916,132,4,9989,0
3917,25,11,28407,1
3918,7,6,12281,1
3919,48,6,17491,1
3920,96,8,17892,1
3921,278,6,17323,1
3922,170,7,12714,1
3923,366,3,11477,0
3924,249,7,19226,1
3925,58,6,17680,1
3926,832,3,11219,0
3927,690,1,2691,0
3928,107,3,9161,0
3929,161,7,22936,1
3930,161,7,14008,1
3931,305,5,9221,0
3932,135,5,13047,1
3933,540,2,4097,0
3934,398,5,15685,0
3935,136,8,22599,1
3936,658,6,11691,0
3937,222,4,8005,0
3938,394,5,17144,1
3939,243,6,17860,1
3940,304,3,8405,0
3941,28,7,13115,1
3942,171,7,13428,1
3943,45,5,15104,1
3944,1,4,8126,0
3945,582,6,19992,1
3946,818,4,8972,0
3947,30,9,32896,1
3948,111,5,17980,1
3949,678,4,7900,0
3950,1125,2,6766,0
3951,14,8,29263,1
3952,59,2,9638,0
3953,167,4,13877,0
3954,3,3,8375,0
3956,4,3,9421,0
3957,106,2,5797,0
3958,288,6,18970,1
3959,276,8,25145,1
3960,1146,1,4473,0
3961,215,7,14621,1
3962,473,3,8993,0
3963,578,4,13826,0
3964,226,4,14882,0
3965,173,5,13348,0
3966,572,2,5775,0
3967,291,5,10561,0
3968,223,6,18182,1
3969,154,7,16444,1
3970,301,4,18305,0
3971,375,4,9438,0
3972,265,5,11742,0
3973,102,9,18872,1
3974,230,4,12891,0
3975,701,3,6579,0
3976,92,8,17986,1
3977,185,7,17685,1
3978,148,5,17660,1
3979,224,4,8468,0
3980,415,5,14153,0
3981,37,9,28571,1
3982,83,4,10864,0
3983,364,2,4978,0
3984,212,8,20045,1
3985,603,6,17895,1
3986,7,7,20741,1
3987,945,3,4873,0
3988,110,7,17332,1
3989,393,5,14812,0
3990,65,10,23462,1
3991,4,9,19700,1
3992,146,8,16541,1
3993,171,4,5789,0
3994,63,6,15448,1
3995,314,4,7460,0
3996,633,2,5977,0
3997,55,3,7433,0
3998,341,5,11479,0
3999,1008,2,3444,0
4000,591,3,7978,0
4001,190,7,21854,1
4002,424,3,9778,0
4003,173,5,13919,1
4004,351,6,18559,1
4005,212,6,15504,1
4006,160,10,26866,1
4007,643,3,6877,0
4008,28,8,18484,1
4009,1143,1,4831,0
4010,328,6,15968,1
4011,157,9,27640,1
4013,83,7,17565,1
4014,283,8,15536,1
4015,141,6,16710,1
4016,127,7,22173,1
4017,535,8,19780,1
4018,281,3,7550,0
4019,97,5,11766,0
4020,253,7,18996,1
4021,430,3,8815,0
4022,32,7,15653,1
4023,323,5,15576,0
4024,311,4,13651,0
4025,1,2,2218,0
4026,133,4,9543,0
4027,528,3,3750,0
4028,662,5,11174,0
4029,210,3,10249,0
4030,357,3,8743,0
4031,140,5,13108,1
4032,252,3,9793,0
4033,336,5,19131,1
4034,191,6,18271,1
4035,725,1,2930,0
4036,313,5,17918,1
4037,94,5,16665,1
4038,275,3,9923,0
4039,554,4,2961,0
4040,337,6,18736,1
4041,364,6,14830,1
4042,112,7,17390,1
4043,93,2,3013,0
4044,245,3,7599,0
4045,117,5,14458,1
4046,290,7,22215,1
4047,309,5,13717,0
4048,1145,2,5462,0
4049,51,6,19055,1
4050,339,5,14745,0
4051,43,5,14811,1
4052,305,6,15218,1
4053,174,7,15535,1
4054,218,6,16521,1
4055,25,7,22111,1
4056,85,3,12652,0
4057,14,6,16947,1
4058,97,6,24346,1
4059,51,4,11445,0
4060,63,3,9202,0
4061,621,5,12890,0
4062,524,3,8348,0
4063,36,4,8745,0
4064,104,6,14679,1
4065,30,3,6167,0
4066,18,9,21508,1
4067,81,7,20609,1
4068,271,3,7192,0
4069,17,6,17080,1
4070,267,3,8584,0
4071,125,4,9792,0
4072,693,4,5754,0
4073,493,2,2895,0
4074,72,2,5980,0
4075,72,7,26649,1
4076,132,6,20901,1
4077,77,9,29391,1
4078,356,3,6557,0
4079,193,4,7189,0
4080,468,3,9125,0
4081,574,3,8468,0
4082,53,5,16481,1
4083,912,3,9452,0
4084,128,4,9537,0
4085,88,5,12837,1
4086,773,5,18205,0
4087,226,6,13559,1
4088,91,4,11231,0
4089,445,5,12591,0
4090,889,3,7982,0
4092,1243,1,1780,0
4093,418,2,6759,0
4094,88,5,15213,1
4095,138,5,15869,1
4096,65,4,14247,0
4097,150,3,10129,0
4098,95,11,36278,1
4099,779,5,10402,0
4100,321,6,16888,1
4101,69,5,9841,0
4102,7,2,7007,0
4103,523,4,9897,0
4104,269,4,13520,0
4105,66,5,18084,1
4106,48,7,19038,1
4107,138,6,17779,1
4108,386,4,8377,0
4109,822,3,6388,0
4110,650,2,1946,0
4111,148,6,18224,1
4112,83,8,23234,1
4113,130,4,10644,0
4114,46,3,4105,0
4115,68,7,16932,1
4116,1,11,22590,1
4117,224,1,4731,0
4118,281,8,19090,1
4119,179,7,20332,1
4120,7,6,16278,1
4121,368,9,26219,1
4122,90,5,17676,1
4123,783,2,5426,0
4124,152,9,29918,1
4125,594,3,10230,0
4126,88,8,27490,1
4127,1243,1,4026,0
4128,406,3,8391,0
4129,313,3,6327,0
4130,141,6,21568,1
4131,52,5,18446,1
4132,197,2,4201,0
4133,12,6,16263,1
4134,6,7,19821,1
4135,251,10,31943,1
4136,32,2,7741,0
4137,35,7,18246,1
4138,282,7,24160,1
4139,50,6,15606,1
4140,288,3,6499,0
4141,597,3,10959,0
4142,79,9,22856,1
4143,101,5,15700,1
4144,27,4,9275,0
4145,167,5,11462,0
4146,266,1,5003,0
4147,319,4,10942,0
4148,332,3,6872,0
4149,375,5,13357,0
4150,40,9,26912,1
4151,398,4,10764,0
4152,66,6,18375,1
4153,1298,1,2454,0
4154,249,3,7881,0
4155,34,9,27857,1
4156,33,5,15343,1
4157,94,6,18913,1
4158,645,2,5800,0
4159,817,3,7080,0
4160,45,4,16335,1
4161,609,4,9970,0
4162,2,4,6450,0
4163,7,6,18518,1
4164,592,4,14380,0
4165,337,4,9829,0
4166,89,8,28884,1
4167,246,5,10682,0
4168,138,4,7788,0
4169,191,4,6891,0
4170,571,4,15408,0
4171,167,6,16317,1
4172,187,6,16876,1
4173,707,5,14220,0
4174,503,3,13101,0
4175,163,6,11952,1
4176,36,5,13812,1
4177,161,8,19928,1
4179,112,4,11051,0
4180,34,4,8824,0
4181,123,7,16828,1
4182,218,3,4041,0
4183,191,4,10522,0
4184,38,7,13026,1
4185,2,7,25311,1
4186,328,4,12207,0
4187,191,2,2758,0
4188,143,6,12622,1
4189,564,2,8364,0
4190,460,3,5979,0
4191,115,6,14109,1
4192,124,7,23036,1
4193,45,6,18693,1
4194,863,6,20606,0
4195,253,3,5502,0
4196,37,7,22729,1
4197,232,2,7734,0
4198,118,9,17114,1
4199,348,3,9958,0
4200,154,6,17323,1
4201,1049,2,3472,0
4202,24,8,23655,1
4203,177,3,12238,0
4204,741,3,3887,0
4205,211,1,590,0
4206,107,7,19621,1
4207,160,10,30387,1
4208,368,5,16048,0
4209,122,7,18959,1
4210,419,5,14886,0
4211,271,4,10684,0
4212,18,5,15484,1
4213,14,6,11089,1
4214,518,6,16059,1
4215,328,5,11068,0
4216,149,2,6451,0
4217,856,3,4520,0
4218,186,5,14016,1
4219,58,6,12573,1
4220,8,2,8245,0
4221,112,6,14060,1
4222,492,7,21522,1
4223,514,3,8254,0
4224,28,5,14198,1
4225,374,3,7408,0
4226,27,6,19044,1
4227,150,5,18071,1
4228,237,6,20090,1
4229,602,4,10259,0
4230,1084,2,1650,0
4231,559,7,12574,0
4232,1260,1,1074,0
4233,244,4,10936,0
4234,87,3,5034,0
4235,47,5,14829,1
4236,352,3,11185,0
4237,283,3,11378,0
4238,577,3,6234,0
4239,119,6,18317,1
4240,617,5,13467,0
4241,504,3,10775,0
4242,60,2,6182,0
4243,604,4,11680,0
4244,13,8,18110,1
4245,824,2,4194,0
4246,246,4,11969,0
4247,141,4,10035,0
4248,524,3,9625,0
4249,224,1,1363,0
4250,41,6,14224,1
4251,219,9,26075,1
4252,12,4,14036,0
4253,56,3,13120,0
4254,5,13,42931,1
4255,236,5,13442,0
4256,106,9,27649,1
4257,227,5,11922,0
4258,94,11,31198,1
4259,800,2,7997,0
4260,480,1,4089,0
4261,395,1,3186,0
4262,93,5,19427,1
4263,77,5,16071,1
4264,35,6,21623,1
4265,63,6,13149,1
4266,565,1,3202,0
4267,23,6,12412,1
4268,112,9,15763,1
4269,213,3,10028,0
4270,91,1,601,0
4271,51,8,22178,1
4272,36,6,23119,1
4273,37,3,4751,0
4274,139,4,11912,0
4275,787,8,23678,1
4276,594,7,21349,1
4277,114,7,16463,1
4278,191,3,6300,0
4279,69,4,8367,0
4280,181,5,15197,1
4281,289,2,5048,0
4282,66,5,18180,1
4283,197,2,9345,0
4284,381,4,11044,0
4285,324,6,15024,1
4286,9,4,12559,0
4287,488,6,18540,1
4288,116,9,19392,1
4289,53,5,10493,0
4290,99,6,18676,1
4291,89,6,16112,1
4292,13,7,20366,1
4293,898,4,13523,0
4294,198,3,13680,0
4295,633,4,4746,0
4296,388,4,14671,0
4297,117,6,13281,1
4298,89,6,19340,1
4299,79,3,11864,0
4300,554,1,3879,0
4301,453,4,4905,0
4302,37,7,21096,1
4303,69,6,15995,1
4304,16,6,16761,1
4305,319,4,4282,0
4306,151,4,8575,0
4307,70,10,29988,1
4308,873,3,7138,0
4309,414,5,18056,1
4310,122,5,19160,1
4311,208,7,17273,1
4312,261,7,18869,1
4313,380,5,14125,0
4314,275,5,16438,1
4315,60,5,17850,1
4316,574,5,5813,0
4317,16,8,22875,1
4318,599,2,4677,0
4319,591,2,4502,0
4320,937,4,11667,0
4321,138,6,11945,1
4322,388,4,14511,0
4323,317,4,11917,0
4324,171,9,27847,1
4325,603,4,9437,0
4326,337,7,20300,1
4327,6,7,21509,1
4328,643,5,12250,0
4329,163,3,7552,0
4330,100,4,13100,0
4331,1023,2,3922,0
4332,22,4,12794,0
4333,449,6,11538,0
4334,677,3,13712,0
4335,52,6,17446,1
4336,147,5,13333,1
4337,462,5,12305,0
4338,297,3,8483,0
4339,269,3,9011,0
4340,164,8,24370,1
4341,795,3,6777,0
4342,58,8,17710,1
4343,202,6,13214,1
4344,448,2,5895,0
4345,282,5,14267,0
4346,183,3,6733,0
4347,247,4,11305,0
4348,422,9,25053,1
4349,43,7,22069,1
4350,562,2,9883,0
4351,183,5,13966,1
4352,331,5,16126,1
4353,349,6,17974,1
4354,59,6,16949,1
4355,247,6,12559,1
4356,126,7,16868,1
4357,605,3,2320,0
4358,51,6,17179,1
4359,27,2,1737,0
4360,168,5,13602,1
4361,427,3,5730,0
4362,182,8,24760,1
4363,38,7,16850,1
4364,393,6,14703,1
4365,101,6,17349,1
4366,52,6,11866,1
4367,119,3,6616,0
4368,200,2,4440,0
4369,98,10,30956,1
4370,151,7,22922,1
4371,314,6,13252,1
4372,399,2,6520,0
4373,115,3,5457,0
4374,699,3,5000,0
4375,1062,2,3863,0
4376,382,3,10466,0
4377,483,1,3304,0
4378,427,3,6176,0
4379,252,3,10773,0
4380,67,5,12569,1
4381,66,3,5799,0
4382,11,4,10816,0
4383,183,3,7800,0
4384,91,6,23207,1
4385,45,6,23233,1
4386,43,5,12653,1
4387,342,7,22593,1
4388,387,7,14805,1
4389,474,6,19532,1
4390,531,3,9994,0
4391,290,9,21514,1
4392,132,7,19776,1
4393,136,2,6723,0
4394,3,3,5596,0
4395,93,6,11888,1
4396,83,7,23402,1
4397,110,3,6184,0
4398,786,2,8933,0
4399,676,3,8803,0
4400,137,7,22828,1
4401,196,9,24757,1
4402,38,9,26667,1
4403,419,6,15146,1
4404,208,4,3989,0
4405,159,5,11566,0
4406,734,1,4788,0
4407,91,5,15404,1
4408,140,8,22976,1
4409,371,7,15130,1
4410,195,4,10444,0
4411,162,5,11758,0
4412,432,5,14823,0
4413,43,6,16353,1
4414,196,6,11878,1
4415,109,6,14386,1
4416,276,3,5450,0
4417,34,7,16370,1
4418,89,7,21675,1
4419,177,9,33795,1
4420,879,2,7295,0
4421,1031,1,4399,0
4422,191,4,10668,0
4423,83,4,9116,0
4424,75,4,11742,0
4425,209,3,11523,0
4426,76,6,16207,1
4427,103,5,11475,0
4428,616,5,17999,0
4429,264,5,12241,0
4430,705,1,637,0
4431,210,5,13878,0
4432,61,5,9931,0
4433,13,3,12383,0
4434,579,6,7607,0
4435,119,8,22480,1
4436,148,4,10878,0
4437,1030,4,11425,0
4438,885,5,13223,0
4439,211,7,18331,1
4440,45,3,10323,0
4441,253,4,9357,0
4442,473,6,13248,0
4443,755,1,347,0
4444,140,6,17517,1
4445,57,7,22358,1
4446,158,5,8877,0
4447,558,3,7879,0
4448,129,5,12985,1
4449,1341,1,2871,0
4450,77,6,19356,1
4451,221,7,16881,1
4452,95,5,12498,1
4453,232,3,3909,0
4454,299,4,11539,0
4455,86,7,18127,1
4456,46,6,13781,1
4457,397,3,7885,0
4458,40,9,35657,1
4459,306,3,7434,0
4460,498,4,11149,0
4461,283,5,17531,1
4462,549,5,14074,0
4463,139,5,15976,1
4464,367,5,13628,0
4465,215,3,9740,0
4466,880,2,6392,0
4467,447,4,11815,0
4468,27,6,17236,1
4469,6,6,17659,1
4470,516,3,9080,0
4471,142,4,16754,1
4472,100,7,21183,1
4473,187,4,12470,0
4474,99,9,26974,1
4475,68,4,11623,0
4476,94,9,26499,1
4477,81,5,10646,0
4478,239,8,22503,1
4479,544,2,5594,0
4480,52,5,14025,1
4481,126,4,9505,0
4482,396,6,18470,1
4484,445,5,22893,1
4485,84,8,19222,1
4486,126,4,12659,0
4487,626,3,4948,0
4488,357,3,7255,0
4489,164,8,22375,1
4490,77,4,13986,0
4491,564,3,6962,0
4492,112,4,10929,0
4493,251,3,5123,0
4494,276,4,11975,0
4495,159,4,12687,0
4496,373,4,4772,0
4497,100,5,7836,0
4498,55,11,26700,1
4499,216,6,17373,1
4500,155,4,14186,0
4501,684,3,8476,0
4502,680,6,16418,0
4503,756,4,12437,0
4504,107,6,20331,1
4505,225,9,23247,1
4506,690,5,12080,0
4507,124,4,16107,1
4508,443,4,12788,0
4509,528,4,10185,0
4510,35,4,11221,0
4511,34,3,10399,0
4512,388,2,1353,0
4513,325,1,1580,0
4514,287,7,21269,1
4515,468,4,11929,0
4516,19,4,12203,0
4517,54,7,15486,1
4518,170,8,21243,1
4519,366,4,9728,0
4520,82,5,18035,1
4521,203,7,19587,1
4522,464,2,4630,0
4523,80,5,11534,0
4524,718,3,8255,0
4525,183,3,8711,0
4526,131,5,11104,0
4527,412,2,7090,0
4528,69,4,15179,1
4529,100,8,18689,1
4530,218,4,10785,0
4531,138,6,13094,1
4532,47,3,5796,0
4533,603,3,6270,0
4534,792,2,8431,0
4535,212,7,15380,1
4536,25,9,26013,1
4537,409,4,11030,0
4538,193,5,17207,1
4539,10,7,21843,1
4540,175,3,7443,0
4541,109,5,5896,0
4542,490,3,10013,0
4543,167,6,15695,1
4544,197,3,8750,0
4545,73,6,13301,1
4546,217,5,13060,0
4547,46,3,7126,0
4548,359,6,18101,1
4549,509,3,7926,0
4550,108,6,11824,1
4551,292,9,23218,1
4552,58,4,12088,0
4553,72,7,16790,1
4554,156,8,18388,1
4555,131,3,7344,0
4556,581,6,19869,1
4557,434,6,14817,1
4558,120,6,22018,1
4559,173,5,15589,1
4560,296,3,6387,0
4561,6,4,7569,0
4562,311,6,12782,1
4563,617,3,7514,0
4564,401,5,16041,0
4565,484,6,20535,1
4566,108,5,7131,0
4567,222,7,26690,1
4568,393,4,12218,0
4569,309,4,10599,0
4570,22,9,24007,1
4571,74,6,16372,1
4572,263,6,15184,1
4573,97,4,16165,1
4574,195,6,16894,1
4575,1235,2,3478,0
4576,26,4,14579,1
4577,289,5,14725,0
4578,64,5,11103,0
4579,87,4,10569,0
4580,98,8,25260,1
4581,32,7,19298,1
4582,190,3,4389,0
4583,220,1,4270,0
4584,378,6,11724,0
4585,121,11,35122,1
4586,675,2,4580,0
4587,642,5,13366,0
4588,77,4,8578,0
4589,370,4,12728,0
4590,377,5,11975,0
4591,156,8,21181,1
4592,769,2,7037,0
4593,717,3,9564,0
4594,66,5,9875,0
4595,352,3,10737,0
4596,41,4,15172,1
4597,93,9,25021,1
4598,8,4,13454,0
4600,63,3,10518,0
4601,493,3,6854,0
4602,107,4,14083,0
4603,96,5,8108,0
4604,346,10,22474,1
4605,54,5,13272,1
4606,141,4,5468,0
4607,228,10,31015,1
4608,33,6,17702,1
4609,124,6,12485,1
4610,644,4,12562,0
4611,272,4,12420,0
4612,126,3,10401,0
4613,65,4,7654,0
4614,180,1,4552,0
4615,30,5,18436,1
4616,207,5,17579,1
4617,247,2,3610,0
4618,310,3,6648,0
4619,91,6,18222,1
4620,612,4,7828,0
4621,158,5,18087,1
4622,28,7,16978,1
4623,187,7,19043,1
4624,31,5,10141,0
4625,226,4,13617,0
4626,207,8,27146,1
4627,436,2,10004,0
4628,604,3,8188,0
4629,175,4,8396,0
4630,90,6,16859,1
4631,978,2,9129,0
4632,246,5,12267,0
4633,92,7,16344,1
4634,384,3,12069,0
4635,330,9,15080,1
4636,238,4,11878,0
4637,355,4,7697,0
4638,285,4,13140,0
4639,5,7,16929,1
4640,102,6,14379,1
4641,288,5,15667,1
4642,22,8,17638,1
4643,1010,4,15389,0
4644,544,2,5680,0
4645,100,5,10442,0
4646,276,4,15396,0
4647,47,9,29923,1
4648,116,6,17092,1
4649,369,3,10504,0
4650,878,3,9040,0
4651,53,4,12287,0
4652,166,2,3952,0
4653,611,2,4718,0
4654,1181,1,1676,0
4655,244,2,4026,0
4656,7,6,14036,1
4657,362,5,15100,0
4658,171,9,24644,1
4659,289,3,3180,0
4660,290,3,11264,0
4661,615,4,12827,0
4662,105,4,16749,1
4663,818,3,3677,0
4664,57,3,6761,0
4665,95,5,16219,1
4666,60,5,13884,1
4667,242,9,26057,1
4668,307,9,18184,1
4669,423,2,5752,0
4670,12,6,24907,1
4671,353,5,17476,1
4672,43,7,20692,1
4673,58,6,11543,1
4674,129,5,15460,1
4675,341,7,22434,1
4676,264,3,5503,0
4677,214,1,1089,0
4678,92,5,16540,1
4679,100,9,28755,1
4680,229,4,9214,0
4681,281,10,27159,1
4682,102,3,4875,0
4683,246,7,18479,1
4684,240,3,3876,0
4685,818,1,749,0
4686,579,4,8791,0
4687,255,6,15156,1
4688,2,9,32751,1
4689,233,5,13460,0
4690,14,6,14663,1
4691,87,3,5166,0
4692,80,5,15834,1
4693,97,5,11142,0
4694,518,3,3413,0
4695,199,5,18608,1
4696,216,5,10369,0
4697,10,6,15928,1
4698,147,7,18515,1
4699,330,7,15542,1
4700,21,3,11990,0
4701,385,9,27467,1
4702,430,4,13478,0
4703,245,4,9814,0
4704,125,3,11716,0
4705,173,2,6827,0
4706,36,7,18034,1
4707,40,5,15899,1
4708,132,4,11847,0
4709,570,6,12177,0
4710,112,7,18902,1
4711,1282,1,3715,0
4712,758,1,1511,0
4713,1004,2,5991,0
4714,137,5,16651,1
4715,278,5,13271,0
4716,133,4,11072,0
4717,227,5,11817,0
4718,125,2,4622,0
4719,10,5,11729,1
4720,257,5,22173,1
4721,513,3,11555,0
4722,387,8,12454,1
4723,576,3,8136,0
4724,318,8,17069,1
4725,468,6,13854,0
4726,13,12,35519,1
4727,339,5,12613,0
4728,409,4,11372,0
4729,364,7,18323,1
4730,327,5,15717,0
4731,43,7,16873,1
4732,146,5,15451,1
4733,6,10,31917,1
4734,105,8,30488,1
4735,923,4,14823,0
4736,57,10,21552,1
4737,31,8,17043,1
4738,57,6,17976,1
4739,671,2,5227,0
4741,529,6,11405,0
4742,27,4,16747,1
4743,503,1,735,0
4744,720,3,5521,0
4745,76,5,11929,0
4746,203,4,14188,0
4747,150,5,9621,0
4748,243,10,27416,1
4749,220,4,11117,0
4750,308,2,4819,0
4751,232,5,12315,0
4752,154,11,29364,1
4753,401,5,12044,0
4754,250,5,10698,0
4755,6,3,2582,0
4756,631,1,1041,0
4757,235,9,24244,1
4758,379,6,11601,0
4759,233,8,23401,1
4760,317,7,22033,1
4761,25,4,11254,0
4762,376,7,18192,1
4763,11,8,21751,1
4764,613,5,8213,0
4765,290,3,10659,0
4766,577,2,7339,0
4767,77,8,18065,1
4768,722,4,14701,0
4769,577,2,4894,0
4770,68,3,10243,0
4771,333,4,17092,0
4772,90,3,8490,0
4773,491,2,8681,0
4774,620,5,13938,0
4775,30,8,24576,1
4776,416,6,9582,0
4777,477,3,7495,0
4778,40,3,7018,0
4779,473,2,2166,0
4780,91,3,5675,0
4781,27,4,9922,0
4782,235,3,10521,0
4783,30,5,16790,1
4784,338,6,14955,1
4785,137,11,28750,1
4786,269,6,14544,1
4787,283,1,834,0
4788,527,8,19341,1
4789,108,7,20197,1
4790,153,4,8852,0
4791,6,4,15573,1
4792,279,6,12262,1
4793,64,5,17939,1
4794,17,4,10963,0
4795,101,7,18239,1
4796,515,6,11498,0
4797,177,6,27692,1
4798,534,3,5461,0
4799,433,5,11696,0
4800,419,4,5290,0
4801,353,3,9213,0
4802,416,4,9297,0
4803,134,6,16487,1
4804,172,5,15521,1
4805,435,4,11492,0
4806,694,2,1460,0
4807,285,5,6036,0
4808,108,6,18465,1
4809,195,3,5595,0
4810,32,9,33704,1
4811,1105,1,2156,0
4812,379,7,15564,1
4813,355,2,6703,0
4814,303,7,17768,1
4815,111,9,29054,1
4816,394,4,3317,0
4817,647,4,5728,0
4818,72,4,11888,0
4819,8,4,9718,0
4820,106,5,12425,0
4821,289,5,17037,1
4822,417,3,8902,0
4823,36,5,10475,0
4824,362,4,13443,0
4825,716,3,10375,0
4826,244,6,17871,1
4827,311,3,9343,0
4828,288,7,17059,1
4829,265,6,19419,1
4830,200,3,7246,0
4831,530,3,4982,0
4832,260,3,9232,0
4833,144,9,14117,1
4834,46,9,34231,1
4835,526,5,18565,0
4836,167,5,10668,0
4837,4,8,23922,1
4838,190,5,10434,0
4839,191,7,21271,1
4840,320,2,4703,0
4841,10,3,4572,0
4842,8,3,6455,0
4843,199,7,13832,1
4844,403,3,7523,0
4845,148,6,14460,1
4846,421,3,11796,0
4847,45,6,15031,1
4848,139,6,18984,1
4849,185,3,7775,0
4850,471,7,12810,1
4851,31,5,12229,1
4852,11,2,5956,0
4853,804,5,11845,0
4854,96,6,12681,1
4855,50,3,7028,0
4856,197,6,13748,1
4857,4,8,20606,1
4858,224,5,16797,1
4859,525,5,9568,0
4860,58,6,15581,1
4861,85,5,10337,0
4862,267,4,12434,0
4863,21,7,15315,1
4864,450,2,3632,0
4865,10,6,17964,1
4866,261,7,24947,1
4867,39,6,16892,1
4868,120,4,11007,0
4869,112,5,10127,0
4870,758,3,10240,0
4871,412,8,24159,1
4872,135,5,5626,0
4873,86,6,17151,1
4874,269,5,11406,0
4875,127,4,11473,0
4876,308,8,22780,1
4877,51,5,14635,1
4878,22,6,18475,1
4879,432,2,5349,0
4880,547,5,18405,0
4881,260,6,12322,1
4882,209,6,11865,1
4883,223,6,15175,1
4884,750,2,2919,0
4885,847,2,9344,0
4886,539,1,4694,0
4887,322,6,21611,1
4888,371,5,10066,0
4889,145,2,5420,0
4890,79,7,15019,1
4891,211,5,14586,1
4892,4,7,15621,1
4893,76,4,15313,1
4894,177,4,9683,0
4895,489,4,10110,0
4896,146,5,11259,0
4897,217,6,19877,1
4898,512,4,8438,0
4899,832,4,9537,0
4900,678,4,8296,0
4901,27,4,5502,0
4902,470,5,15586,0
4903,48,5,16671,1
4904,191,7,23551,1
4905,175,5,17144,1
4906,75,5,15487,1
4907,343,4,14327,0
4908,234,4,17778,1
4909,232,4,11088,0
4910,62,6,13866,1
4911,508,5,21471,1
4912,502,3,4659,0
4913,167,5,11239,0
4914,178,4,12260,0
4915,11,5,15853,1
4916,14,6,12756,1
4917,382,3,5550,0
4918,113,3,6137,0
4919,72,6,17950,1
4920,383,4,15127,0
4921,51,6,19841,1
4922,95,4,8386,0
4923,342,7,24145,1
4924,121,4,13536,0
4925,182,5,15167,1
4926,23,8,19061,1
4927,365,6,15243,1
4928,92,6,17322,1
4929,54,5,10157,0
4930,135,6,18639,1
4931,22,4,14371,1
4932,310,3,4432,0
4933,88,5,12722,1
4934,566,4,10882,0
4935,104,8,19487,1
4936,188,2,6708,0
4937,137,6,14946,1
4938,252,6,15208,1
4939,275,4,5188,0
4940,136,4,9518,0
4941,159,6,16507,1
4942,127,9,29690,1
4943,121,8,14286,1
4944,100,6,18443,1
4945,238,3,10112,0
4946,29,6,20895,1
4947,31,5,16101,1
4948,429,3,3247,0
4949,65,4,12665,0
4950,11,4,13860,0
4951,658,8,18768,1
4952,699,5,19380,0
4953,660,2,6327,0
4954,21,10,35104,1
4955,66,5,14014,1
4956,102,6,18115,1
4957,16,8,21903,1
4958,327,2,4919,0
4959,1200,1,4592,0
4960,381,3,7463,0
4961,211,3,8187,0
4962,93,5,14770,1
4963,218,5,7561,0
4964,198,6,13752,1
4965,158,4,9754,0
4966,512,5,17742,0
4967,233,8,19806,1
4968,305,3,5991,0
4969,1076,2,6358,0
4970,56,3,3912,0
4971,250,7,23082,1
4972,875,5,14319,0
4973,589,3,8365,0
4974,369,5,11248,0
4975,99,4,9422,0
4976,81,6,12770,1
4977,69,6,23515,1
4978,238,6,16159,1
4979,10,2,6649,0
4980,318,6,20962,1
4981,17,5,13751,1
4982,382,2,4461,0
4983,902,2,2511,0
4984,41,9,23371,1
4985,29,6,19738,1
4986,132,6,18911,1
4987,282,8,24979,1
4988,664,2,7764,0
4989,595,1,756,0
4990,111,3,11336,0
4991,189,6,17429,1
4992,57,6,11172,1
4993,37,2,7335,0
4994,797,1,3557,0
4995,60,6,15490,1
4996,284,4,13889,0
4997,277,5,14528,0
4998,739,3,6493,0
4999,499,2,3360,0
5000,95,9,18803,1
5001,35,6,12061,1
5002,198,2,5621,0
5003,199,4,6936,0
5004,127,4,10485,0
5005,156,6,22237,1
5006,29,12,26471,1
5007,277,1,4575,0
5008,551,2,3151,0
5009,610,3,10844,0
5010,111,5,10257,0
5011,296,2,6463,0
5012,462,3,8421,0
5013,183,7,15363,1
5014,101,8,11685,1
5015,87,7,18628,1
5016,88,6,15782,1
5017,42,4,12203,0
5018,1103,1,1866,0
5019,624,2,5503,0
5020,149,5,20195,1
5021,582,4,8780,0
5022,90,7,17021,1
5023,42,7,15024,1
5024,78,4,13606,0
5025,468,3,8012,0
5026,245,4,16384,0
5027,127,4,16266,1
5028,16,4,14558,1
5029,206,1,3358,0
5030,21,7,25474,1
5031,185,6,16956,1
5032,324,2,5203,0
5033,95,6,19021,1
5034,195,5,13702,0
5035,22,5,22332,1
5036,572,5,12369,0
5037,62,8,25103,1
5038,476,5,12360,0
5039,449,1,1707,0
5040,697,5,15958,0
5041,283,3,12393,0
5042,522,7,16837,1
5043,403,5,15615,0
5044,632,4,13517,0
5045,810,3,7647,0
5046,40,5,11785,1
5047,122,10,22551,1
5048,170,9,30705,1
5049,230,4,12358,0
5050,97,8,23213,1
5051,552,5,15881,0
5052,176,6,9109,0
5053,193,3,5993,0
5054,249,3,12708,0
5055,595,1,881,0
5056,62,7,22067,1
5057,371,3,11306,0
5058,123,4,11396,0
5059,1226,1,4603,0
5060,315,6,15054,1
5061,263,6,11536,0
5062,264,6,14513,1
5063,138,6,13401,1
5064,150,5,12331,0
5065,336,3,9343,0
5066,203,3,9376,0
5067,60,6,18052,1
5068,261,5,17058,1
5069,114,6,21787,1
5070,512,2,7022,0
5071,339,2,4092,0
5072,75,5,15586,1
5073,39,9,28485,1
5074,18,5,18792,1
5075,256,5,16813,1
5076,223,7,15142,1
5077,172,4,8523,0
5078,22,5,14005,1
5079,403,4,10249,0
5080,393,4,13127,0
5081,180,6,11092,1
5082,3,6,20374,1
5083,11,9,18917,1
5084,379,7,24090,1
5085,178,4,10099,0
5086,334,6,19869,1
5087,86,6,19399,1
5088,95,6,18594,1
5089,44,4,9622,0
5090,22,5,12594,1
5091,564,4,9000,0
5092,321,3,10630,0
5093,599,6,22717,1
5094,62,4,5963,0
5095,70,4,12892,0
5096,101,7,23628,1
5097,199,5,11538,0
5098,240,8,22995,1
5099,130,5,13814,1
5100,38,4,7558,0
5101,213,7,19233,1
5102,249,6,14320,1
5103,391,4,7696,0
5104,5,6,11560,1
5105,272,8,19344,1
5106,193,10,30231,1
5107,154,9,21950,1
5108,412,5,17921,1
5109,207,6,12212,1
5110,128,5,15764,1
5111,75,6,14313,1
5112,166,1,4560,0
5113,458,4,11765,0
5114,421,5,6173,0
5115,502,1,2265,0
5116,130,7,22988,1
5117,239,1,1625,0
5118,95,5,15236,1
5119,90,3,6379,0
5120,214,5,16458,1
5121,794,2,2259,0
5122,402,5,11775,0
5123,373,3,8904,0
5124,381,7,19065,1
5125,1333,2,4111,0
5127,993,1,4771,0
5128,312,6,21512,1
5129,160,4,8638,0
5130,164,6,11936,1
5131,87,7,16054,1
5132,53,1,3080,0
5133,332,3,7521,0
5134,500,5,19278,1
5135,64,3,7560,0
5136,66,3,12323,0
5137,404,4,8469,0
5138,126,4,16279,1
5139,729,2,7352,0
5140,128,6,20183,1
5141,969,2,6890,0
5142,112,4,11386,0
5143,394,5,6649,0
5144,204,4,9481,0
5145,606,5,11273,0
5146,113,3,8090,0
5147,367,6,10747,0
5148,546,5,12943,0
5149,145,3,8332,0
5150,43,3,8410,0
5151,214,6,15332,1
5152,426,6,16028,1
5153,81,4,15825,1
5154,246,6,19170,1
5155,614,4,6930,0
5156,55,9,19396,1
5157,10,6,14598,1
5158,102,5,11419,0
5159,143,4,8496,0
5160,24,5,12507,1
5161,20,5,20354,1
5162,864,2,2285,0
5163,83,7,8805,1
5164,222,5,16212,1
5165,749,4,11622,0
5166,118,4,12941,0
5167,317,7,18490,1
5168,270,3,9585,0
5169,37,6,12906,1
5170,358,3,7070,0
5171,150,3,6468,0
5172,43,5,12098,1
5173,541,7,21460,1
5174,484,1,2449,0
5175,111,3,5247,0
5176,763,2,6692,0
5177,274,6,19686,1
5178,206,6,15656,1
5179,335,4,8952,0
5180,398,6,9945,0
5181,607,5,18227,0
5182,152,6,15579,1
5183,126,4,7839,0
5184,704,2,7249,0
5185,64,2,6336,0
5186,81,3,8062,0
5187,401,2,6483,0
5188,321,5,14646,0
5189,7,9,23651,1
5190,218,3,2418,0
5191,167,4,8147,0
5192,285,4,8536,0
5193,458,3,5519,0
5194,808,6,17002,0
5195,584,2,5779,0
5196,76,7,15385,1
5197,1280,1,534,0
5198,654,5,7243,0
5199,577,3,7624,0
5200,173,6,17362,1
5201,401,7,22785,1
5202,485,5,12746,0
5203,183,6,21256,1
5204,441,5,17045,0
5205,487,6,19277,1
5206,200,3,7823,0
5207,77,5,15071,1
5208,309,7,17097,1
5209,511,4,9999,0
5210,385,8,24877,1
5211,136,6,13452,1
5212,38,6,16225,1
5213,26,5,12207,1
5214,276,5,19180,1
5215,257,4,14491,0
5216,77,4,13073,0
5217,98,5,13796,1
5218,173,4,11762,0
5219,701,4,9251,0
5220,1048,3,10019,0
5221,318,3,6179,0
5222,96,5,11319,0
5223,177,5,12431,0
5224,50,8,13748,1
5225,99,6,17258,1
5226,307,6,17820,1
5227,457,6,21001,1
5228,162,2,3717,0
5229,323,3,11250,0
5230,178,5,16487,1
5231,168,3,3647,0
5232,387,3,3845,0
5233,109,2,5578,0
5234,258,6,18529,1
5235,128,7,18729,1
5236,535,5,16257,0
5237,235,5,15350,1
5238,242,3,9643,0
5239,128,2,3889,0
5240,17,4,8051,0
5241,379,5,7361,0
5242,173,7,18816,1
5243,352,5,13809,0
5244,96,6,17891,1
5245,3,5,12428,1
5246,244,10,26348,1
5247,95,8,25363,1
5248,272,7,22834,1
5249,173,7,16585,1
5250,602,5,16355,0
5251,22,6,18023,1
5252,53,15,42137,1
5253,319,5,13969,0
5254,554,3,11466,0
5255,221,5,13517,0
5256,492,4,10299,0
5257,49,8,23252,1
5258,39,2,8056,0
5259,89,8,20897,1
5260,55,6,22797,1
5261,242,10,36298,1
5262,21,4,13649,0
5263,429,4,8344,0
5264,327,4,6562,0
5265,170,6,18665,1
5266,10,6,15903,1
5267,17,9,26443,1
5268,445,9,25430,1
5269,26,8,17854,1
5270,1,3,4502,0
5271,31,9,24337,1
5272,60,4,11023,0
5273,142,6,13770,1
5274,35,2,6497,0
5275,133,5,6491,0
5276,606,5,13996,0
5277,666,2,4443,0
5278,270,4,10274,0
5279,118,4,15155,0
5280,142,4,9276,0
5281,131,2,5076,0
5282,416,5,12906,0
5283,135,2,3410,0
5284,280,5,11447,0
5285,75,1,4501,0
5286,571,3,10785,0
5287,240,4,9050,0
5288,116,4,6585,0
5289,963,2,7666,0
5290,220,5,13367,0
5291,42,7,13743,1
5292,660,3,13483,0
5293,316,2,10203,0
5294,37,7,16769,1
5295,18,7,14544,1
5296,89,5,20040,1
5297,367,6,18476,1
5298,317,4,13241,0
5299,367,3,6762,0
5300,152,2,6443,0
5301,35,9,32806,1
5302,298,7,19338,1
5303,338,4,18011,0
5304,179,3,12144,0
5305,605,4,12419,0
5306,356,2,2158,0
5307,599,4,5166,0
5308,431,5,15122,0
5309,144,8,21283,1
5310,48,5,7864,0
5311,264,5,14092,0
5312,65,6,23346,1
5313,47,8,29258,1
5314,756,3,12230,0
5315,1023,2,4090,0
5316,231,6,19093,1
5317,281,4,6661,0
5318,288,5,14863,0
5319,18,3,4299,0
5320,492,3,1951,0
5321,381,1,5190,0
5322,244,2,1786,0
5323,58,4,13003,0
5324,63,6,18424,1
5325,107,4,7584,0
5326,28,3,8447,0
5327,122,6,15832,1
5328,105,4,14856,0
5329,197,10,28653,1
5330,483,6,17775,1
5331,378,7,20362,1
5332,245,4,11290,0
5333,752,4,15031,0
5334,1,8,24277,1
5335,12,8,19540,1
5336,131,8,22390,1
5337,675,4,8098,0
5338,459,5,11924,0
5339,112,8,16685,1
5340,105,7,23589,1
5341,201,4,11508,0
5342,107,5,12988,1
5343,94,4,9104,0
5344,201,6,14225,1
5345,324,5,10207,0
5346,1,6,17663,1
5347,427,2,5929,0
5348,426,5,13365,0
5349,123,4,14607,0
5350,113,5,12548,0
5351,36,6,9708,1
5352,713,2,4454,0
5353,44,5,11434,0
5354,116,3,6648,0
5355,68,8,18320,1
5356,156,8,22190,1
5357,104,2,4813,0
5358,123,6,16220,1
5359,91,5,19113,1
5360,523,4,10410,0
5361,301,4,10019,0
5362,218,4,9398,0
5363,597,6,13543,0
5364,355,5,13088,0
5365,563,11,22833,1
5366,418,3,9372,0
5367,15,5,8443,0
5368,510,3,4116,0
5369,151,5,14284,1
5370,403,3,6575,0
5371,36,7,26218,1
5372,46,7,18991,1
5373,3,5,14568,1
5374,22,8,19482,1
5375,48,5,9564,0
5376,657,4,12007,0
5377,52,10,17267,1
5378,506,5,12294,0
5379,76,4,11464,0
5380,350,5,15374,0
5381,612,2,6218,0
5382,9,3,7132,0
5383,34,5,13161,1
5384,178,4,4208,0
5385,295,2,6391,0
5386,856,3,9390,0
5387,28,5,16956,1
5388,102,5,10054,0
5389,590,7,20610,1
5390,292,2,4257,0
5391,221,3,7516,0
5392,556,3,5005,0
5393,52,9,21402,1
5394,193,7,19829,1
5395,70,5,13752,1
5396,916,3,5198,0
5397,514,5,14804,0
5398,34,5,15075,1
5399,134,6,14719,1
5400,142,7,26303,1
5401,385,7,10464,0
5402,128,6,18027,1
5403,296,6,11852,0
5404,6,5,14498,1
5405,196,6,15466,1
5406,2,7,15896,1
5407,3,5,12541,1
5408,93,10,27707,1
5409,178,14,43287,1
5410,24,6,11150,1
5411,335,3,6497,0
5412,78,5,11757,0
5413,138,3,8555,0
5414,32,8,18692,1
5416,541,4,7321,0
5417,11,7,17761,1
5418,19,7,15763,1
5419,29,7,15466,1
5420,564,3,8976,0
5421,17,5,15210,1
5422,5,5,17672,1
5423,212,7,22711,1
5424,31,7,21825,1
5425,68,5,12228,1
5426,124,4,12837,0
5427,90,3,3281,0
5428,1178,2,4099,0
5429,208,6,14876,1
5430,30,7,21509,1
5431,249,4,10176,0
5432,973,3,11321,0
5433,538,4,13710,0
5434,989,3,10991,0
5435,282,2,2344,0
5436,225,4,13164,0
5437,194,3,11195,0
5438,101,6,12614,1
5439,121,4,8754,0
5440,55,5,10642,0
5441,303,4,10019,0
5442,126,3,10355,0
5443,2,3,9656,0
5444,10,8,22088,1
5445,8,7,17913,1
5446,31,8,22948,1
5447,405,4,7180,0
5448,140,9,30702,1
5449,390,6,14401,1
5450,95,6,15209,1
5451,77,4,10646,0
5452,229,3,7011,0
5453,180,4,9124,0
5454,5,9,27684,1
5455,32,5,20328,1
5456,296,4,11106,0
5457,838,4,14379,0
5458,151,6,12856,1
5459,181,5,11433,0
5460,89,5,14425,1
5461,272,2,5520,0
5462,16,9,21180,1
5463,80,5,7620,0
5464,21,8,21915,1
5465,314,3,8344,0
5466,112,4,8486,0
5467,219,3,9060,0
5468,249,6,17987,1
5469,67,7,20842,1
5470,28,7,22147,1
5471,323,5,16324,1
5472,65,5,15621,1
5473,332,3,7930,0
5474,50,8,13693,1
5475,41,9,26627,1
5476,289,4,12638,0
5477,272,5,16008,1
5478,227,8,17646,1
5479,155,2,8400,0
5480,539,1,2962,0
5481,320,4,10470,0
5482,7,4,14402,1
5483,422,7,19385,1
5484,270,4,9974,0
5485,138,6,17790,1
5486,50,4,15456,1
5487,9,6,18934,1
5488,303,3,7517,0
5489,656,5,15284,0
5491,1093,3,8176,0
5492,439,2,4493,0
5493,110,8,24955,1
5494,151,8,20299,1
5495,151,8,25177,1
5496,386,5,11624,0
5497,83,6,12502,1
5498,364,4,16041,0
5499,323,4,11753,0
5500,272,4,11664,0
5501,814,4,12730,0
5502,32,6,14977,1
5503,18,3,6997,0
5504,110,4,9288,0
5505,67,4,15413,1
5506,97,4,9428,0
5507,42,6,12510,1
5508,251,5,11337,0
5509,31,9,22986,1
5510,324,6,17674,1
5511,140,8,21467,1
5512,137,5,12395,0
5513,56,7,13335,1
5514,609,6,13033,0
5515,692,5,11681,0
5516,120,4,7090,0
5517,51,5,9644,0
5518,195,4,7117,0
5519,415,6,20590,1
5520,243,5,12057,0
5521,692,3,7075,0
5522,733,4,12602,0
5523,332,5,15238,0
5524,124,2,5960,0
5525,595,5,11100,0
5526,16,8,21523,1
5527,166,5,12554,0
5528,259,4,8165,0
5529,599,3,10093,0
5530,582,5,13890,0
5531,178,6,15691,1
5532,282,3,5937,0
5533,85,3,9393,0
5534,201,1,2778,0
5535,563,6,21944,1
5536,428,6,12043,0
5537,39,7,16905,1
5538,165,5,17910,1
5539,145,7,17351,1
5540,52,7,14854,1
5541,231,5,17140,1
5542,53,4,13777,0
5543,110,4,13394,0
5544,216,4,5049,0
5545,440,4,11362,0
5546,151,3,5863,0
5547,11,4,12881,0
5548,248,4,15677,0
5549,125,4,12665,0
5550,89,5,13998,1
5551,142,2,4027,0
5552,268,3,8565,0
5553,113,6,16052,1
5554,423,5,11371,0
5555,833,3,5547,0
5556,100,4,9036,0
5557,158,8,17565,1
5558,640,2,7975,0
5559,109,9,24604,1
5560,40,6,13243,1
5561,644,1,3105,0
5562,234,6,21506,1
5563,227,2,4427,0
5564,91,5,17562,1
5565,736,4,14100,0
5566,248,5,11964,0
5567,531,1,3946,0
5568,298,6,16518,1
5569,18,4,14847,1
5570,137,12,26870,1
5571,602,4,7113,0
5572,419,4,12873,0
5573,180,5,19931,1
5574,18,9,32639,1
5575,576,6,10240,0
5576,100,4,9789,0
5577,357,7,17037,1
5578,78,5,7856,0
5579,698,5,16197,0
5580,706,2,7531,0
5581,112,4,8820,0
5582,479,7,24727,1
5583,452,6,14266,0
5584,33,5,7447,0
5585,451,2,9100,0
5586,153,7,30764,1
5587,211,7,14399,1
5588,39,4,11289,0
5589,305,3,8340,0
5590,286,3,11809,0
5591,1010,2,8459,0
5592,46,5,13761,1
5593,438,2,6772,0
5594,120,4,6277,0
5595,329,5,11697,0
5596,467,8,27545,1
5597,162,4,15148,0
5598,886,3,7710,0
5599,125,2,7850,0
5600,19,3,6497,0
5601,26,4,8671,0
5602,249,9,26858,1
5603,442,4,11826,0
5604,80,3,8633,0
5605,18,7,12015,1
5606,843,4,13369,0
5607,308,2,5229,0
5608,359,4,10497,0
5609,53,6,13926,1
5610,345,4,13429,0
5611,174,6,16385,1
5612,94,5,9645,0
5613,20,6,15422,1
5614,221,8,19481,1
5615,31,4,9373,0
5616,297,7,12689,1
5617,581,4,9958,0
5618,764,4,7005,0
5619,533,6,16016,1
5620,73,12,38503,1
5621,44,3,10458,0
5622,49,2,4899,0
5623,36,9,27443,1
5624,1205,3,6553,0
5625,321,4,15251,0
5626,813,2,5087,0
5627,33,10,21775,1
5628,122,4,15357,0
5629,29,5,11832,1
5630,71,13,40768,1
5631,139,5,9518,0
5632,309,5,19394,1
5633,558,5,19839,1
5634,56,9,27640,1
5635,116,7,20884,1
5636,455,4,9199,0
5637,78,8,18007,1
5638,47,5,13503,1
5639,162,3,12774,0
5640,651,6,22343,1
5641,104,7,21541,1
5642,376,4,10704,0
5643,514,2,9846,0
5644,483,3,10123,0
5645,415,1,2377,0
5646,207,3,5829,0
5647,57,4,11779,0
5648,7,4,10819,0
5649,395,8,15233,1
5650,378,5,11216,0
5651,141,4,8307,0
5652,65,4,11137,0
5653,68,8,25955,1
5654,2,5,8523,0
5655,674,4,6890,0
5656,551,6,19497,1
5657,224,3,6069,0
5658,814,3,11101,0
5659,80,2,5334,0
5660,43,6,15857,1
5661,7,6,12061,1
5662,121,4,10115,0
5663,774,3,10491,0
5664,167,4,11790,0
5665,18,6,9382,1
5666,245,4,6594,0
5667,614,1,1407,0
5668,361,4,8491,0
5669,225,3,5926,0
5670,169,6,14745,1
5671,340,4,9309,0
5672,88,5,11907,0
5673,104,8,18788,1
5674,103,4,12599,0
5675,90,11,29930,1
5676,197,2,4597,0
5677,136,3,9370,0
5678,232,8,15181,1
5679,53,4,8766,0
5680,388,5,16845,1
5681,107,9,23081,1
5682,62,8,25767,1
5683,211,7,19013,1
5684,59,7,16691,1
5685,151,5,10794,0
5686,581,4,8612,0
5687,1093,1,3523,0
5688,188,4,7288,0
5689,54,3,6787,0
5690,68,5,14715,1
5691,295,5,10093,0
5692,305,5,12220,0
5693,80,5,10166,0
5694,32,12,28996,1
5695,374,2,5745,0
5696,333,3,8762,0
5697,284,7,18245,1
5698,13,8,23767,1
5699,54,9,24904,1
5700,243,8,17732,1
5701,48,4,11676,0
5702,62,9,21518,1
5703,347,5,6045,0
5704,1050,4,13850,0
5705,2,5,13240,1
5706,485,5,11497,0
5707,555,5,11863,0
5708,363,6,19047,1
5709,21,4,6902,0
5710,393,4,13883,0
5711,43,5,16524,1
5712,163,4,12459,0
5713,25,6,15011,1
5714,252,10,30217,1
5715,215,7,20214,1
5716,220,7,17654,1
5717,391,3,12203,0
5718,151,5,14048,1
5719,583,4,12478,0
5720,907,2,983,0
5721,363,7,21365,1
5722,150,6,22221,1
5723,260,7,19293,1
5724,334,3,10634,0
5725,998,1,4539,0
5726,212,5,12929,0
5727,16,4,12342,0
5728,699,2,5166,0
5729,1151,2,1637,0
5731,38,10,28300,1
5732,135,6,16597,1
5733,399,2,5872,0
5734,18,3,9277,0
5736,921,2,4051,0
5737,72,7,18632,1
5738,536,6,18128,1
5739,50,7,24396,1
5740,91,6,22211,1
5741,289,6,11104,0
5742,204,10,23482,1
5743,321,6,15574,1
5744,117,4,17382,1
5745,145,3,7743,0
5746,303,5,17879,1
5747,314,3,8012,0
5748,904,2,6462,0
5749,387,4,6293,0
5750,522,1,1959,0
5751,196,7,18868,1
5752,348,5,12435,0
5753,371,2,8011,0
5754,38,5,7604,0
5755,111,5,11989,0
5756,717,3,5269,0
5757,563,1,3960,0
5758,436,5,11879,0
5759,174,6,21055,1
5760,122,10,37235,1
5761,698,5,9984,0
5762,754,3,8111,0
5763,105,9,31133,1
5764,86,5,8964,0
5765,125,7,20957,1
5766,135,6,15951,1
5767,119,5,11274,0
5768,38,6,18614,1
5769,387,3,5895,0
5770,210,5,14385,1
5771,145,7,21698,1
5772,599,3,7515,0
5773,58,5,20118,1
5774,530,3,7207,0
5775,117,7,11864,1
5776,124,3,10741,0
5777,218,5,9432,0
5778,152,4,10264,0
5780,109,4,9484,0
5781,1204,1,343,0
5782,201,8,24967,1
5783,31,6,15987,1
5784,338,7,15792,1
5785,428,2,3875,0
5786,294,6,22342,1
5787,221,8,16585,1
5788,461,6,9180,0
5789,365,5,11233,0
5790,105,1,3783,0
5791,473,5,17113,0
5792,208,7,15601,1
5793,220,3,8166,0
5794,886,5,14176,0
5795,38,3,7770,0
5796,166,6,16399,1
5797,791,2,2415,0
5798,81,6,15103,1
5799,149,9,17877,1
5800,252,7,21196,1
5801,54,5,19950,1
5802,1039,5,10910,0
5803,147,3,10178,0
5804,13,9,27140,1
5805,171,3,7712,0
5806,198,4,18578,1
5807,210,7,26136,1
5808,227,7,26064,1
5809,14,8,18971,1
5810,408,2,5570,0
5811,49,1,5050,0
5812,143,3,6856,0
5813,176,2,6134,0
5814,95,2,5853,0
5815,163,4,11896,0
5816,186,3,10986,0
5817,349,3,8469,0
5818,591,5,13926,0
5819,71,4,11838,0
5820,15,5,19032,1
5821,138,6,12768,1
5822,5,9,23038,1
5823,366,5,10886,0
5824,708,2,6000,0
5825,17,6,13960,1
5826,359,2,1148,0
5827,70,6,15053,1
5828,3,6,25198,1
5829,12,8,23266,1
5830,121,4,10800,0
5831,30,5,16900,1
5832,242,5,11554,0
5833,119,6,13625,1
5834,252,5,11846,0
5835,148,11,30748,1
5836,39,6,16668,1
5837,109,1,3882,0
5838,147,5,18293,1
5839,431,3,5420,0
5840,252,5,9560,0
5841,284,5,14429,0
5842,75,6,11112,1
5843,431,4,8716,0
5844,32,12,46541,1
5845,3,12,40737,1
5846,9,7,20100,1
5847,110,3,3164,0
5848,261,6,15059,1
5849,37,6,13174,1
5850,13,7,22623,1
5851,109,5,19404,1
5852,86,5,8743,0
5853,33,5,19159,1
5854,11,2,1701,0
5855,35,6,14815,1
5856,585,7,24129,1
5857,229,5,15011,1
5858,86,4,11603,0
5859,127,8,15547,1
5860,76,4,12872,0
5861,22,7,18653,1
5862,12,3,9246,0
5863,58,7,16648,1
5864,359,2,6274,0
5865,339,1,3037,0
5866,25,3,6580,0
5867,4,6,21547,1
5868,229,7,22461,1
5869,271,6,14099,1
5870,150,9,25300,1
5871,57,7,17436,1
5872,548,4,8669,0
5873,112,5,12693,1
5874,20,10,21242,1
5875,292,6,13942,1
5876,185,6,15780,1
5877,14,9,24822,1
5878,15,5,15464,1
5879,224,4,14663,0
5880,43,8,20059,1
5881,239,5,7438,0
5882,548,5,12616,0
5883,521,8,16589,1
5884,341,6,19061,1
5885,216,3,4914,0
5886,325,5,11293,0
5887,474,1,4590,0
5888,119,7,17318,1
5889,507,9,25733,1
5890,99,3,8088,0
5891,673,3,7968,0
5892,1137,2,6627,0
5893,284,6,15357,1
5894,661,5,6915,0
5895,268,4,8295,0
5896,1068,1,2959,0
5898,93,5,14593,1
5899,95,7,26538,1
5900,201,3,9729,0
5901,46,6,21145,1
5902,924,4,14008,0
5903,28,2,2355,0
5904,507,4,13513,0
5905,239,4,11391,0
5906,13,9,22431,1
5907,7,3,8331,0
5908,497,3,10386,0
5909,40,8,19087,1
5910,48,3,12403,0
5911,130,6,21065,1
5912,209,6,14992,1
5913,54,6,12870,1
5914,154,8,23203,1
5915,369,4,9861,0
5916,23,7,15435,1
5917,342,3,6523,0
5918,22,6,15568,1
5919,298,6,25286,1
5920,104,6,11137,1
5921,7,2,7252,0
5922,33,7,16374,1
5923,268,3,5517,0
5924,379,1,554,0
5925,138,8,27979,1
5926,234,6,16903,1
5927,80,3,8254,0
5928,184,7,16506,1
5929,387,6,16344,1
5930,3,8,17625,1
5931,105,7,14433,1
5932,56,7,11922,1
5933,519,4,11601,0
5934,226,4,13664,0
5935,191,5,14912,1
5936,171,6,16898,1
5937,267,5,10184,0
5938,47,6,23028,1
5939,1011,1,2914,0
5940,658,2,5350,0
5941,346,4,9482,0
5942,116,7,18384,1
5943,314,4,11899,0
5944,67,5,15247,1
5945,9,8,26532,1
5946,521,4,8424,0
5947,625,7,15792,1
5948,474,4,16047,0
5949,224,5,14372,1
5951,934,1,2418,0
5952,323,2,4528,0
5953,312,3,5193,0
5954,23,4,8605,0
5955,39,7,21220,1
5956,141,4,10963,0
5957,125,4,10885,0
5958,672,6,18036,1
5959,47,1,1023,0
5960,154,5,21186,1
5961,70,7,15031,1
5962,249,3,8421,0
5963,304,5,8753,0
5964,53,9,23658,1
5965,720,2,6371,0
5966,249,3,12265,0
5967,236,3,11282,0
5968,905,4,9797,0
5969,43,10,27113,1
5970,62,8,21757,1
5971,312,5,10972,0
5972,383,2,6576,0
5973,227,7,17705,1
5974,25,5,14244,1
5975,142,5,17753,1
5976,372,5,11673,0
5977,771,1,1064,0
5978,271,6,17368,1
5979,20,6,16647,1
5980,128,9,23723,1
5981,373,6,12577,0
5982,101,4,7413,0
5983,68,8,23018,1
5984,61,6,15940,1
5985,293,8,28927,1
5986,41,8,23947,1
5987,121,3,7062,0
5988,181,8,20171,1
5989,195,5,18559,1
5990,315,8,23022,1
5991,1034,2,2817,0
5992,286,2,6581,0
5993,450,5,17675,0
5994,114,4,14149,0
5995,225,4,11999,0
5996,39,6,15816,1
5997,87,7,20655,1
5998,379,6,11607,0
5999,38,5,9324,0
6000,788,2,5237,0
6001,24,4,9880,0
6002,226,5,13146,0
6003,285,5,7669,0
6004,411,3,6357,0
6005,218,6,14181,1
6006,2,7,25887,1
6007,838,2,3526,0
6008,234,6,18916,1
6009,191,3,6655,0
6010,118,4,12857,0
6011,811,1,2808,0
6012,706,3,7071,0
6013,5,5,14396,1
6014,468,3,6244,0
6015,509,2,5503,0
6016,69,5,12469,1
6017,1236,1,5156,0
6018,1,5,16134,1
6019,70,5,10434,0
6020,326,10,32766,1
6021,163,6,10897,1
6022,578,4,12201,0
6023,313,7,20952,1
6024,173,4,8679,0
6025,251,6,20377,1
6026,98,4,13363,0
6027,159,6,18893,1
6028,140,5,17500,1
6029,17,3,2567,0
6030,98,6,21218,1
6031,127,3,6308,0
6032,12,6,14944,1
6033,50,3,7566,0
6034,1,7,9452,1
6035,7,5,9044,0
6036,49,6,18143,1
6037,175,9,19262,1
6038,150,5,13207,1
6039,278,5,16231,1
6040,26,7,19068,1
6041,489,3,11653,0
6042,88,7,26047,1
6043,61,7,13136,1
6044,115,4,10357,0
6045,146,5,12629,0
6046,628,5,18001,0
6047,699,8,20770,1
6048,1005,1,3918,0
6049,357,2,6041,0
6050,211,4,7302,0
6051,57,2,7669,0
6052,131,3,9792,0
6053,402,3,7866,0
6054,534,3,10143,0
6055,758,2,5207,0
6056,239,4,9075,0
6057,175,7,20120,1
6058,242,2,1730,0
6059,308,3,11253,0
6060,85,9,26295,1
6061,253,4,13093,0
6062,440,5,15068,0
6063,476,2,5753,0
6064,32,8,22189,1
6065,277,6,10509,0
6066,68,10,21395,1
6067,129,8,21406,1
6068,193,7,23750,1
6069,400,6,19803,1
6070,7,7,20480,1
6071,743,4,8694,0
6072,55,5,11593,0
6073,76,5,16440,1
6074,83,5,9734,0
6075,27,6,14569,1
6076,533,6,20191,1
6077,785,2,8008,0
6078,982,5,21389,0
6079,212,7,24478,1
6080,221,9,25607,1
6081,139,2,3597,0
6082,707,4,8306,0
6083,161,4,14094,0
6084,596,4,9492,0
6085,82,8,27547,1
6086,162,3,9185,0
6087,156,7,14912,1
6088,65,5,11035,0
6089,115,10,26384,1
6090,240,5,9189,0
6091,309,3,5181,0
6092,289,6,16282,1
6093,98,7,19086,1
6094,286,3,10643,0
6095,20,7,19959,1
6096,245,4,13770,0
6097,393,5,6916,0
6098,215,4,12052,0
6099,163,5,15788,1
6100,73,6,12919,1
6101,71,9,29248,1
6102,234,8,12984,1
6103,163,2,9146,0
6104,208,2,9398,0
6105,93,7,20124,1
6106,297,6,21309,1
6107,42,8,29973,1
6108,89,8,23911,1
6109,183,7,23443,1
6110,12,9,20906,1
6111,43,4,17941,1
6112,12,9,17805,1
6113,141,5,15145,1
6114,23,6,18349,1
6115,152,5,10675,0
6116,901,2,10071,0
6117,421,4,5536,0
6118,476,4,10194,0
6119,450,5,16899,0
6120,392,7,18910,1
6121,178,4,13687,0
6122,139,4,12901,0
6123,18,9,28765,1
6124,404,5,12241,0
6125,526,4,10125,0
6126,84,3,8938,0
6127,13,7,16106,1
6128,91,8,20318,1
6129,66,5,12228,1
6130,75,6,11985,1
6131,80,9,23543,1
6132,86,6,11341,1
6133,80,11,24224,1
6134,480,6,14169,0
6135,59,5,16077,1
6136,8,4,13327,0
6137,624,2,8975,0
6138,244,6,14079,1
6139,152,7,16665,1
6140,234,3,3183,0
6141,667,1,4827,0
6142,148,11,27474,1
6143,261,2,5434,0
6144,313,4,12965,0
6145,51,7,20759,1
6146,575,3,10402,0
6147,234,11,28588,1
6148,13,3,8860,0
6149,137,8,14821,1
6150,324,7,19126,1
6151,98,3,11707,0
6152,288,7,17797,1
6153,376,5,11247,0
6154,36,7,21325,1
6155,191,4,11110,0
6156,530,2,2404,0
6157,875,2,2358,0
6158,166,4,12507,0
6159,94,3,7660,0
6160,260,4,10037,0
6161,233,3,9437,0
6162,491,3,8448,0
6163,144,5,11004,0
6164,163,5,15109,1
6165,52,4,7553,0
6166,12,5,13901,1
6167,666,2,5724,0
6168,378,5,12433,0
6169,423,2,806,0
6170,188,8,21774,1
6171,129,7,10306,1
6172,339,3,10286,0
6173,69,7,19116,1
6174,95,3,6983,0
6175,272,8,16751,1
6176,210,4,3956,0
6177,17,9,24583,1
6178,468,4,15550,0
6179,344,4,10647,0
6180,218,5,8099,0
6181,147,9,26609,1
6182,109,3,6843,0
6183,476,2,4978,0
6184,148,5,13678,1
6185,70,4,11145,0
6186,811,4,12068,0
6187,183,10,29293,1
6188,272,9,21898,1
6189,140,5,7663,0
6190,187,5,14509,1
6192,353,5,16825,1
6193,276,5,11740,0
6194,115,8,18989,1
6195,743,2,7441,0
6196,528,2,5072,0
6197,129,3,6855,0
6198,313,2,3379,0
6199,505,5,19218,1
6200,940,3,6859,0
6201,652,1,4118,0
6202,734,2,3083,0
6203,137,3,10325,0
6204,1015,4,11768,0
6205,220,8,13445,1
6206,57,7,16046,1
6207,214,6,19961,1
6208,288,5,12230,0
6209,174,2,4562,0
6210,22,6,14112,1
6211,150,2,7065,0
6212,157,7,21816,1
6213,697,5,15660,0
6214,108,4,14597,0
6215,106,5,16402,1
6216,58,9,29953,1
6217,241,5,10214,0
6218,531,3,7092,0
6219,255,5,15493,1
6220,374,7,19686,1
6221,64,7,19160,1
6222,257,4,12033,0
6223,85,5,13731,1
6224,96,4,14223,0
6225,107,4,10756,0
6226,187,11,28028,1
6227,30,4,12583,0
6228,76,3,2745,0
6229,205,4,10876,0
6230,493,7,19171,1
6231,27,9,21318,1
6232,93,4,10325,0
6233,592,3,6817,0
6234,745,6,11333,0
6235,823,4,11841,0
6236,100,3,5979,0
6237,202,6,11943,1
6238,434,3,7381,0
6239,206,8,21962,1
6240,41,8,23041,1
6241,296,4,12691,0
6242,272,5,14223,0
6243,161,3,9419,0
6244,864,3,9896,0
6245,141,10,25847,1
6246,78,7,21447,1
6247,85,8,20771,1
6248,630,2,9087,0
6249,206,6,14459,1
6250,142,5,10407,0
6251,891,6,15435,0
6252,5,5,10013,0
6253,90,5,16322,1
6254,238,5,10994,0
6255,462,3,7664,0
6256,35,5,15844,1
6257,251,5,9211,0
6258,16,7,15914,1
6259,78,6,16718,1
6260,251,4,13780,0
6261,513,3,9677,0
6262,186,5,8798,0
6263,51,9,28207,1
6264,102,3,7454,0
6265,241,4,6901,0
6266,34,6,12048,1
6267,125,9,16241,1
6268,650,4,3373,0
6269,104,4,14596,0
6270,45,2,2255,0
6271,226,4,10056,0
6272,72,3,7221,0
6273,329,6,16908,1
6274,283,4,11064,0
6275,592,4,12782,0
6276,220,1,4659,0
6277,237,5,10746,0
6278,1009,3,4515,0
6280,190,8,21970,1
6281,568,5,19256,0
6282,192,5,7042,0
6283,131,8,18173,1
6284,470,3,7413,0
6285,172,4,10505,0
6286,223,4,10264,0
6287,184,5,17903,1
6288,46,5,16340,1
6289,10,7,16767,1
6290,333,5,17916,1
6291,173,3,11349,0
6292,57,6,11446,1
6293,774,3,7736,0
6294,202,5,14478,1
6295,121,2,1303,0
6296,235,5,19773,1
6297,95,7,18984,1
6298,63,8,19281,1
6299,451,2,5193,0
6300,276,5,17035,1
6301,65,3,5647,0
6302,156,2,2273,0
6303,464,2,8115,0
6304,137,5,10143,0
6305,13,8,18620,1
6306,337,3,10590,0
6307,177,4,11616,0
6308,687,4,16917,0
6309,68,2,5044,0
6310,128,3,8041,0
6311,159,4,15481,0
6313,291,5,10491,0
6314,33,9,14357,1
6315,171,7,22485,1
6316,132,7,19322,1
6317,827,3,8880,0
6318,178,4,11936,0
6319,237,4,11367,0
6320,23,3,10042,0
6321,238,7,22794,1
6322,229,5,19550,1
6323,327,4,13131,0
6324,147,6,19080,1
6325,294,3,6648,0
6326,141,8,21385,1
6327,301,5,19864,1
6328,61,7,20800,1
6329,255,6,18596,1
6330,193,6,19134,1
6331,10,7,19548,1
6332,54,9,19898,1
6333,54,5,13040,1
6334,169,7,13485,1
6335,459,4,8775,0
6336,297,5,11338,0
6338,198,5,14304,1
6339,478,3,5780,0
6340,25,7,20117,1
6341,512,5,16579,0
6342,333,3,5910,0
6343,431,2,1654,0
6344,78,3,9456,0
6345,404,6,19961,1
6346,172,6,17083,1
6347,106,5,12543,1
6348,29,6,19859,1
6349,18,10,29075,1
6350,247,6,15122,1
6351,275,4,9644,0
6352,151,4,10892,0
6353,47,9,29609,1
6354,34,5,14429,1
6355,67,7,19865,1
6356,10,6,14745,1
6357,6,8,18353,1
6358,48,5,11027,0
6359,33,6,16104,1
6360,146,5,14848,1
6361,243,6,17303,1
6362,38,8,17041,1
6363,72,5,9917,0
6364,46,4,8446,0
6365,623,7,19721,1
6366,269,3,11705,0
6367,48,6,17960,1
6368,587,5,12193,0
6369,3,8,19002,1
6370,294,7,21887,1
6371,80,3,4421,0
6372,120,7,19409,1
6373,16,4,12163,0
6374,13,4,15235,1
6375,202,2,5477,0
6376,220,4,8535,0
6377,182,4,12928,0
6378,784,2,2666,0
6379,514,4,10337,0
6380,126,7,19615,1
6381,30,6,15901,1
6382,60,6,15892,1
6383,132,6,17266,1
6384,124,2,2351,0
6385,128,5,11724,0
6386,153,4,6092,0
6387,221,8,24889,1
6388,252,2,2042,0
6389,116,3,11203,0
6390,66,13,27096,1
6391,492,5,11817,0
6392,144,2,3520,0
6393,366,4,15381,0
6394,170,9,23106,1
6395,452,4,13650,0
6396,61,6,13794,1
6398,17,5,13252,1
6399,165,8,25835,1
6400,230,3,10136,0
6401,56,7,24959,1
6402,246,6,18597,1
6403,258,4,10014,0
6404,26,5,9252,0
6405,470,4,7804,0
6406,161,4,10060,0
6407,152,6,18482,1
6408,32,7,16610,1
6409,72,9,23430,1
6410,334,5,12206,0
6411,188,6,20598,1
6412,275,3,10562,0
6413,185,8,26709,1
6414,81,4,13640,0
6415,295,4,8976,0
6416,370,5,16087,0
6417,116,6,11206,1
6418,278,2,4433,0
6419,203,4,11157,0
6420,266,4,11226,0
6421,529,5,18571,0
6422,419,5,11922,0
6423,279,2,8925,0
6424,462,5,21765,1
6425,275,4,10793,0
6426,87,15,36241,1
6427,62,9,15177,1
6428,275,3,12179,0
6429,172,5,18914,1
6430,112,7,25845,1
6431,16,4,9826,0
6432,209,6,14330,1
6433,4,9,24631,1
6434,289,3,7960,0
6435,103,6,15899,1
6436,24,6,21288,1
6437,99,7,19477,1
6438,199,3,9828,0
6439,6,10,27832,1
6440,111,5,10201,0
6441,143,6,16305,1
6442,139,5,14233,1
6443,56,6,13525,1
6444,164,5,16992,1
6445,12,4,7289,0
6446,98,6,21071,1
6447,215,5,13115,0
6448,166,9,25209,1
6449,68,4,6774,0
6450,19,5,10309,0
6451,236,3,7713,0
6452,299,4,14326,0
6453,53,5,9921,0
6454,419,2,3321,0
6455,264,6,15976,1
6456,361,3,9886,0
6457,52,6,21554,1
6458,358,5,17946,1
6459,650,4,8630,0
6460,197,3,9178,0
6461,149,4,10261,0
6462,124,4,10000,0
6463,83,9,23211,1
6464,480,4,8345,0
6465,166,6,12800,1
6466,100,8,22367,1
6467,198,5,15145,1
6468,175,3,3300,0
6469,180,6,19217,1
6470,117,8,20857,1
6471,50,4,12198,0
6472,150,4,12434,0
6473,171,3,7505,0
6474,170,4,11633,0
6475,1208,2,4460,0
6476,78,5,10544,0
6477,285,4,6496,0
6478,182,8,20771,1
6480,16,10,25530,1
6481,160,3,7955,0
6482,316,8,21534,1
6483,542,3,9984,0
6484,110,3,6658,0
6485,474,3,12929,0
6486,333,5,12631,0
6487,208,5,11556,0
6488,62,5,14488,1
6490,154,6,17782,1
6491,124,5,16944,1
6492,223,4,11384,0
6493,569,3,6220,0
6494,192,2,6867,0
6495,17,7,27879,1
6496,175,2,4435,0
6497,455,5,10453,0
6498,80,6,18142,1
6499,611,1,1444,0
6500,267,5,8216,0
6501,227,6,15911,1
6502,217,9,20129,1
6503,296,4,4606,0
6504,124,4,14990,0
6505,7,6,12779,1
6506,84,9,21684,1
6507,99,4,9893,0
6508,60,9,16190,1
6509,11,6,17980,1
6510,181,5,15454,1
6511,237,6,19152,1
6512,310,6,13683,1
6513,1,5,12826,1
6514,116,2,4769,0
6515,342,5,13171,0
6516,968,2,6415,0
6517,8,5,16431,1
6518,381,5,15079,0
6519,301,5,15423,0
6520,312,3,10641,0
6521,121,6,13904,1
6522,32,9,25705,1
6523,537,5,9824,0
6524,189,6,15752,1
6525,78,7,16633,1
6526,503,3,9770,0
6527,137,4,9892,0
6528,15,5,11020,0
6529,305,8,22101,1
6530,260,3,11232,0
6531,72,8,22110,1
6532,17,7,15362,1
6533,478,3,5472,0
6534,45,7,19372,1
6535,221,2,4421,0
6536,220,5,11101,0
6537,32,9,29970,1
6538,39,8,18745,1
6539,846,2,7999,0
6540,89,5,19879,1
6541,701,5,16467,0
6542,431,4,7284,0
6543,491,6,18006,1
6544,102,7,20184,1
6545,176,6,14564,1
6546,133,4,5646,0
6547,759,3,6987,0
6548,57,4,10898,0
6549,920,3,13359,0
6550,167,7,26304,1
6551,395,5,15490,0
6552,640,4,11390,0
6553,19,5,10503,0
6554,127,8,13260,1
6555,253,8,24709,1
6556,178,5,12544,0
6557,162,2,4163,0
6558,148,3,6542,0
6559,13,7,25771,1
6560,533,3,6369,0
6561,7,4,5598,0
6562,514,3,7094,0
6563,245,3,5986,0
6564,87,6,17512,1
6565,162,8,16807,1
6566,2,6,22718,1
6567,337,6,17796,1
6568,39,6,19871,1
6569,154,4,9410,0
6570,171,2,8171,0
6571,206,9,22143,1
6572,46,8,18243,1
6573,77,1,4932,0
6574,221,1,3462,0
6575,350,4,11472,0
6576,420,1,4245,0
6577,277,3,8775,0
6578,642,5,7491,0
6579,207,3,13161,0
6580,92,5,11817,0
6581,223,7,14277,1
6582,344,7,19553,1
6583,266,4,17485,0
6584,16,9,28557,1
6585,455,2,8626,0
6586,171,4,13032,0
6587,569,3,7618,0
6588,449,4,10789,0
6589,170,5,19081,1
6590,175,2,5281,0
6591,305,9,29699,1
6592,542,3,2217,0
6593,11,5,9997,0
6594,504,3,8100,0
6595,17,4,12649,0
6596,146,3,7362,0
6597,108,4,14452,0
6598,118,4,7305,0
6599,287,4,14457,0
6600,204,2,5723,0
6601,282,4,13638,0
6602,457,5,22905,1
6603,197,4,10586,0
6604,345,5,15565,0
6605,410,5,13909,0
6606,41,6,18956,1
6607,162,7,13923,1
6608,71,4,8827,0
6609,682,4,9422,0
6610,585,3,5638,0
6611,320,4,8079,0
6612,158,4,13834,0
6613,205,6,16112,1
6614,925,2,5121,0
6615,298,6,25946,1
6616,119,6,15114,1
6617,47,7,12708,1
6618,402,5,14040,0
6619,77,5,16086,1
6620,184,9,28715,1
6621,253,6,14988,1
6622,226,6,14931,1
6623,112,8,24646,1
6624,605,7,17947,1
6625,53,7,15749,1
6626,468,4,11509,0
6627,48,3,8601,0
6628,8,7,24506,1
6629,223,10,23621,1
6630,79,5,12185,1
6632,208,6,20549,1
6633,68,4,7882,0
6635,58,7,17724,1
6636,168,6,14004,1
6637,13,5,14176,1
6638,16,9,24935,1
6639,93,4,9562,0
6640,37,6,15864,1
6641,318,2,4042,0
6642,11,5,13135,1
6643,234,3,10247,0
6644,349,3,5626,0
6645,386,5,14563,0
6646,68,5,15406,1
6647,578,2,5541,0
6648,147,4,7544,0
6649,787,3,7645,0
6650,175,7,21524,1
6651,539,3,8551,0
6652,629,4,12339,0
6653,86,6,16596,1
6654,266,4,9099,0
6655,32,12,32952,1
6656,399,2,2301,0
6657,199,4,9833,0
6658,244,7,29082,1
6659,176,11,23200,1
6660,548,5,14046,0
6661,23,7,23788,1
6662,168,11,26035,1
6663,183,6,11402,1
6665,888,5,15020,0
6666,7,8,27025,1
6667,156,3,4583,0
6668,170,8,21094,1
6669,354,8,20681,1
6670,97,7,15875,1
6671,198,6,15995,1
6672,296,6,15646,1
6673,275,3,5590,0
6674,994,3,10409,0
6675,1214,2,3889,0
6676,492,2,2973,0
6677,262,6,10769,0
6678,372,2,8342,0
6679,606,6,15612,0
6680,85,7,18030,1
6681,36,6,11774,1
6682,129,6,19543,1
6683,23,6,15429,1
6684,178,4,13556,0
6685,181,7,21119,1
6686,449,4,6021,0
6687,241,10,18909,1
6688,188,5,9649,0
6689,887,4,13426,0
6690,456,5,16392,0
6691,80,4,11007,0
6692,150,4,10734,0
6693,99,7,15052,1
6694,171,6,15471,1
6695,80,4,12028,0
6696,230,6,13074,1
6697,642,4,12424,0
6698,561,5,18312,0
6699,10,7,23193,1
6700,385,2,8290,0
6701,147,6,17968,1
6702,220,8,19169,1
6703,167,5,18653,1
6704,251,6,13967,1
6705,146,7,24236,1
6706,149,5,17321,1
6707,19,6,16984,1
6708,991,3,5282,0
6709,513,5,10696,0
6710,598,5,18979,0
6711,278,7,18308,1
6712,123,5,14322,1
6713,259,2,5251,0
6714,310,3,6619,0
6715,250,2,1684,0
6716,135,1,928,0
6717,20,5,10053,0
6718,802,4,13124,0
6719,244,5,11134,0
6720,647,3,9127,0
6721,302,4,15421,0
6722,189,6,12762,1
6723,52,5,16377,1
6724,59,6,14026,1
6725,74,6,18315,1
6726,134,9,23097,1
6727,163,7,19455,1
6728,66,8,19078,1
6729,199,3,12623,0
6730,202,6,16671,1
6731,220,5,13238,0
6732,265,3,11831,0
6733,8,10,29497,1
6734,89,6,22022,1
6735,359,4,13576,0
6736,11,9,24134,1
6737,26,7,21575,1
6738,65,10,29538,1
6739,109,3,9173,0
6740,55,8,21252,1
6741,270,8,28063,1
6742,153,4,13747,0
6743,30,5,15360,1
6744,835,5,13034,0
6745,412,5,14661,0
6746,467,4,10914,0
6747,832,6,11693,0
6748,86,7,20624,1
6749,517,3,8461,0
6750,731,5,13457,0
6751,425,4,16928,0
6752,157,5,12937,0
6753,197,5,11576,0
6754,904,3,5078,0
6755,445,4,7704,0
6756,277,8,23430,1
6757,364,5,9315,0
6758,95,3,6021,0
6759,129,6,14215,1
6760,116,8,24669,1
6761,655,4,10255,0
6762,300,2,6002,0
6763,667,6,11861,0
6764,114,6,13422,1
6765,217,2,8923,0
6766,310,8,19641,1
6767,860,3,8020,0
6768,695,4,9616,0
6769,250,9,19536,1
6770,133,4,11950,0
6771,177,7,22525,1
6772,394,2,9716,0
6773,529,8,25191,1
6774,295,7,17143,1
6775,37,7,15977,1
6776,504,5,7930,0
6777,383,7,10529,1
6778,965,1,1509,0
6779,1033,3,9903,0
6780,584,4,9061,0
6781,387,5,11311,0
6782,647,3,11336,0
6783,181,5,13806,1
6784,329,4,15568,0
6785,243,3,12617,0
6786,15,12,42385,1
6787,69,2,5314,0
6788,504,2,6436,0
6789,295,11,39574,1
6790,140,5,12684,0
6791,323,5,15282,0
6792,284,6,13304,1
6793,50,6,12278,1
6794,62,5,16192,1
6795,156,7,18820,1
6796,153,4,9712,0
6797,87,5,8837,0
6798,263,8,16502,1
6799,583,6,13011,0
6800,306,7,24467,1
6801,243,3,8395,0
6802,107,5,14054,1
6803,3,5,10188,0
6804,506,3,10989,0
6805,360,4,11185,0
6806,6,8,19951,1
6807,150,7,26686,1
6808,594,8,27843,1
6809,177,3,8651,0
6810,246,4,12472,0
6811,144,8,23575,1
6812,263,6,18698,1
6813,461,4,13851,0
6814,82,3,11140,0
6815,44,12,33833,1
6816,409,4,12677,0
6817,244,9,27580,1
6818,16,5,15274,1
6819,191,5,9057,0
6820,777,3,12252,0
6821,94,5,9907,0
6822,251,8,25948,1
6823,471,1,2461,0
6824,16,6,10330,1
6825,132,4,9018,0
6826,500,5,17406,0
6827,259,6,11827,1
6828,147,7,14491,1
6829,730,4,8490,0
6830,294,5,12668,0
6831,534,7,16759,1
6832,121,4,11289,0
6833,100,8,26754,1
6834,64,5,14664,1
6835,328,3,1949,0
6836,25,4,8267,0
6837,94,2,10017,0
6838,606,2,6046,0
6839,131,5,15995,1
6840,221,3,9644,0
6841,740,6,17561,0
6842,314,4,13652,0
6843,86,5,15870,1
6844,425,3,9263,0
6845,139,4,18521,1
6847,468,3,7462,0
6848,336,5,15295,0
6849,43,8,28393,1
6850,135,3,3523,0
6851,9,5,7510,0
6852,135,7,17251,1
6853,44,5,16350,1
6854,3,5,15550,1
6855,240,10,25474,1
6856,258,5,15573,1
6857,243,7,21441,1
6858,30,6,16024,1
6859,254,5,14486,0
6860,545,6,20721,1
6861,303,1,1325,0
6862,266,7,15672,1
6863,478,3,10858,0
6864,96,1,1543,0
6865,25,6,13498,1
6866,568,6,14333,0
6867,873,4,8630,0
6868,183,7,18738,1
6869,365,4,8094,0
6870,38,6,16456,1
6871,35,9,21869,1
6872,22,2,6362,0
6873,1274,2,5083,0
6874,50,8,20108,1
6875,219,7,14074,1
6876,360,12,25014,1
6877,205,8,12879,1
6878,77,5,6711,0
6879,38,2,6437,0
6880,325,4,13088,0
6881,423,4,13304,0
6882,401,9,24163,1
6883,105,1,4485,0
6884,119,8,19136,1
6885,128,8,16972,1
6886,305,4,9373,0
6887,291,4,13572,0
6888,202,6,21067,1
6889,367,6,18467,1
6890,105,5,13693,1
6891,1014,2,8270,0
6892,173,7,21872,1
6893,53,5,17277,1
6894,107,7,22756,1
6895,42,3,8692,0
6896,4,5,12627,1
6897,204,9,28435,1
6898,426,5,16134,0
6899,163,3,7625,0
6900,13,5,17286,1
6901,138,4,10464,0
6902,164,5,8417,0
6903,35,5,17359,1
6904,215,7,24496,1
6905,226,1,1464,0
6906,481,8,16433,1
6907,179,4,7864,0
6908,367,5,16054,0
6909,59,2,7463,0
6910,209,3,7912,0
6911,286,4,7847,0
6912,571,5,14580,0
6913,13,4,10219,0
6914,23,4,15653,1
6915,683,3,7531,0
6916,201,5,17641,1
6917,2,7,20630,1
6918,57,5,11463,0
6919,243,7,20256,1
6920,122,2,1513,0
6921,413,4,8872,0
6922,42,6,19346,1
6923,29,5,14707,1
6924,186,10,30259,1
6925,448,6,10327,0
6926,42,8,21775,1
6927,105,6,20042,1
6928,80,5,18612,1
6929,115,3,10309,0
6930,104,9,27888,1
6931,198,8,18711,1
6932,282,6,28199,1
6933,183,3,9359,0
6934,16,6,18138,1
6935,64,5,6569,0
6936,1088,1,2654,0
6937,150,5,11653,0
6938,91,5,16440,1
6939,70,9,20480,1
6940,163,8,23045,1
6941,2,9,29978,1
6942,15,6,15469,1
6943,15,1,2968,0
6944,1140,3,8163,0
6945,217,5,16004,1
6946,25,5,14787,1
6947,224,9,27704,1
6948,154,4,11528,0
6949,293,3,8813,0
6950,6,5,15137,1
6951,18,7,12504,1
6952,20,7,16727,1
6953,324,6,15298,1
6954,78,5,8882,0
6955,132,4,11971,0
6956,187,4,9503,0
6957,105,2,5786,0
6958,747,4,10245,0
6959,185,3,8816,0
6960,304,3,13431,0
6961,49,2,3259,0
6962,48,4,12272,0
6963,120,9,33358,1
6964,89,5,11629,0
6965,201,5,15153,1
6966,401,5,17124,1
6967,940,5,19840,0
6968,39,7,25716,1
6969,401,4,8256,0
6970,219,7,22342,1
6971,158,7,18809,1
6972,981,3,7504,0
6973,199,4,13814,0
6974,56,8,24070,1
6975,151,4,8162,0
6976,149,4,3464,0
6977,665,7,18811,1
6978,346,5,11573,0
6979,218,5,15866,1
6980,364,3,14117,0
6981,9,5,6855,0
6982,203,7,20999,1
6983,313,7,24717,1
6984,343,4,12941,0
6985,404,5,9941,0
6986,201,5,13559,0
6987,643,8,20923,1
6988,314,4,10623,0
6989,727,4,10079,0
6990,61,8,26421,1
6991,26,5,13757,1
6992,172,7,16465,1
6993,12,7,15787,1
6994,46,4,10687,0
6995,510,4,14192,0
6996,20,6,15976,1
6997,1346,1,2495,0
6998,45,5,11264,0
6999,192,7,19424,1
7000,249,4,9801,0
7001,425,10,32510,1
7002,299,7,13545,1
7003,320,5,8969,0
7004,114,3,10172,0
7005,341,2,5400,0
7006,88,5,19152,1
7007,76,5,13504,1
7008,88,1,1725,0
7009,139,6,16479,1
7010,24,4,15792,1
7011,371,4,8598,0
7012,100,7,17958,1
7013,331,4,10023,0
7014,679,2,4872,0
7015,644,9,31761,1
7016,363,5,16522,1
7017,209,2,9210,0
7018,87,10,28127,1
7019,99,6,11634,1
7020,334,2,3470,0
7021,22,6,18813,1
7022,36,9,20266,1
7023,329,4,12595,0
7024,151,8,22313,1
7025,295,6,17512,1
7026,119,3,4708,0
7027,48,8,23453,1
7028,172,7,23568,1
7029,88,8,27278,1
7030,19,6,26575,1
7031,1029,3,6310,0
7032,237,6,14345,1
7033,96,2,6306,0
7034,80,4,11045,0
7035,82,4,8659,0
7036,346,6,19472,1
7037,593,5,12886,0
7038,112,3,5524,0
7039,155,2,3151,0
7040,36,7,20334,1
7041,249,3,10854,0
7042,97,6,20607,1
7043,329,5,16081,1
7044,277,7,14842,1
7045,290,6,13774,1
7046,119,7,11810,1
7047,167,6,16717,1
7048,81,3,5916,0
7049,40,6,16668,1
7050,691,3,9631,0
7051,421,5,11571,0
7052,273,6,19749,1
7053,321,10,16269,1
7054,43,10,25607,1
7055,81,6,17287,1
7056,18,8,21192,1
7057,104,4,6677,0
7058,242,1,4821,0
7059,186,6,18547,1
7060,492,6,15705,1
7061,171,4,8676,0
7062,401,6,22004,1
7063,177,5,10920,0
7064,458,7,20732,1
7065,60,6,18622,1
7066,666,3,10924,0
7067,466,6,21061,1
7068,579,5,18082,0
7069,257,4,7758,0
7070,158,7,15965,1
7071,14,6,16913,1
7072,270,6,12024,1
7073,76,8,21429,1
7074,346,9,33519,1
7075,155,7,19187,1
7076,396,4,3565,0
7077,862,4,8541,0
7078,39,5,18468,1
7079,120,7,21012,1
7080,196,5,9620,0
7081,726,4,10781,0
7082,355,4,10176,0
7083,798,3,6099,0
7084,668,5,13393,0
7085,174,4,12361,0
7086,21,7,18959,1
7087,328,4,13434,0
7088,33,5,11318,0
7089,1206,1,4298,0
7090,163,4,12415,0
7091,180,4,12292,0
7092,17,7,24055,1
7093,124,5,14705,1
7094,40,5,16989,1
7095,513,4,10638,0
7096,208,4,10113,0
7097,158,3,13786,0
7098,790,4,14220,0
7099,30,7,20599,1
7100,102,4,15626,1
7101,499,4,14341,0
7102,348,9,29730,1
7103,93,4,9352,0
7104,138,5,13944,1
7105,69,10,19669,1
7106,429,3,6055,0
7107,120,5,9087,0
7108,319,8,17521,1
7109,131,5,14355,1
7110,656,4,11054,0
7111,185,4,7839,0
7112,305,7,18393,1
7113,32,7,19177,1
7114,281,4,7997,0
7115,89,7,19035,1
7116,57,4,15448,1
7117,63,5,13490,1
7118,357,5,12190,0
7119,148,6,17003,1
7120,156,5,14165,1
7121,213,5,10156,0
7122,490,1,1295,0
7123,254,5,12042,0
7124,153,6,15570,1
7125,448,4,8683,0
7126,9,8,23385,1
7127,272,6,16835,1
7128,670,2,4393,0
7129,64,9,25834,1
7130,354,4,14457,0
7131,543,4,5854,0
7132,51,5,8051,0
7133,119,11,34096,1
7134,691,2,2075,0
7135,116,6,19447,1
7136,99,3,7574,0
7137,5,4,8217,0
7138,55,4,7169,0
7139,67,7,24174,1
7140,693,4,6273,0
7141,31,6,16159,1
7142,180,6,15890,1
7143,1,6,17368,1
7144,492,2,5602,0
7145,1011,2,5785,0
7146,251,3,8800,0
7147,147,5,14273,1
7148,27,6,17635,1
7149,278,3,6373,0
7150,36,5,10547,0
7151,24,8,14284,1
7152,39,6,15188,1
7153,505,7,14051,1
7154,205,3,11586,0
7155,267,4,11141,0
7156,525,6,17562,1
7157,384,5,13716,0
7158,383,2,5136,0
7159,34,4,11933,0
7160,415,6,16298,1
7161,56,4,9034,0
7162,1,9,16421,1
7163,359,7,25629,1
7164,73,10,34567,1
7165,104,13,39937,1
7166,219,3,9963,0
7167,312,2,3966,0
7168,69,9,19027,1
7169,101,3,10971,0
7170,288,2,3322,0
7171,86,3,1835,0
7172,46,3,8746,0
7173,103,6,14122,1
7174,528,6,16622,1
7175,720,3,9059,0
7176,42,8,20141,1
7177,33,5,17557,1
7178,1237,1,4776,0
7179,415,6,18056,1
7180,64,5,13503,1
7181,134,5,7217,0
7182,147,7,12899,1
7183,69,5,12810,1
7184,739,1,1549,0
7185,143,8,24276,1
7186,156,7,25636,1
7187,450,2,6187,0
7188,69,4,7721,0
7189,347,7,17032,1
7190,80,8,26126,1
7191,4,7,13932,1
7192,1,6,10604,1
7193,363,8,18306,1
7194,13,10,24676,1
7195,9,4,12517,0
7196,78,6,15176,1
7197,267,5,10328,0
7198,150,5,13684,1
7199,225,4,6526,0
7200,344,5,18521,1
7201,259,4,8753,0
7202,99,5,11393,0
7203,39,8,18590,1
7204,56,7,22766,1
7205,254,3,7933,0
7206,162,9,14579,1
7207,282,3,12328,0
7208,843,2,8399,0
7209,289,9,21550,1
7210,645,4,6055,0
7211,133,4,7010,0
7212,234,5,12746,0
7213,159,6,19568,1
7214,231,5,20179,1
7215,33,8,20070,1
7216,23,6,11935,1
7217,129,4,14614,0
7218,417,4,13690,0
7219,85,5,17530,1
7220,149,6,15428,1
7221,345,4,15612,0
7222,21,7,22372,1
7223,103,6,16123,1
7224,50,6,17391,1
7226,224,4,8083,0
7227,94,4,10457,0
7228,469,7,15413,1
7229,195,8,23060,1
7230,60,12,30523,1
7231,73,8,19321,1
7232,36,8,21872,1
7233,221,2,5111,0
7234,188,7,20642,1
7235,264,3,8447,0
7236,434,5,9439,0
7237,21,9,23505,1
7238,96,9,20523,1
7239,270,6,18819,1
7240,49,8,20849,1
7241,183,8,18362,1
7242,184,6,16038,1
7243,79,5,15615,1
7244,1107,1,1493,0
7245,86,6,18992,1
7246,386,4,6857,0
7247,198,8,19569,1
7248,129,7,17330,1
7249,212,7,17534,1
7250,59,9,33515,1
7251,134,5,12503,0
7252,278,4,10719,0
7253,27,5,9165,0
7254,981,3,7410,0
7255,261,3,12995,0
7256,51,7,20893,1
7257,152,5,10002,0
7258,107,5,12902,1
7259,77,8,29801,1
7260,157,6,13951,1
7261,214,2,5222,0
7262,790,3,5578,0
7263,578,3,11255,0
7264,440,3,3862,0
7265,32,5,8596,0
7266,87,3,6709,0
7267,37,7,23098,1
7268,220,6,21585,1
7269,220,7,21550,1
7270,127,2,4037,0
7271,20,11,31041,1
7272,595,4,13890,0
7273,65,3,12280,0
7274,328,3,3736,0
7275,218,7,13608,1
7276,95,5,10747,0
7277,40,6,18936,1
7278,295,6,12272,1
7279,22,5,15244,1
7280,105,4,16120,1
7281,1052,2,9744,0
7282,34,4,8569,0
7283,26,8,16601,1
7284,688,4,5636,0
7285,23,4,11326,0
7286,161,4,7362,0
7287,578,5,13996,0
7288,537,3,5956,0
7289,26,7,21621,1
7290,187,5,9077,0
7291,9,7,13651,1
7292,52,5,17911,1
7293,187,10,25961,1
7294,473,5,15561,0
7295,28,4,14061,0
7296,211,3,9516,0
7297,117,6,14207,1
7298,453,2,3327,0
7299,41,13,33208,1
7300,25,8,22505,1
7301,815,3,10598,0
7302,349,7,21437,1
7303,303,6,15374,1
7304,103,7,17516,1
7305,218,4,19231,1
7306,304,4,15175,0
7307,140,6,15940,1
7308,121,9,27607,1
7309,220,4,10928,0
7310,197,5,15055,1
7311,143,7,22070,1
7312,361,5,12745,0
7313,142,4,11587,0
7314,324,4,10015,0
7315,70,4,13334,0
7316,266,4,13664,0
7317,110,5,12023,0
7318,366,5,12853,0
7319,267,4,11950,0
7320,233,5,13807,0
7321,209,4,11062,0
7322,266,4,13619,0
7323,67,8,23442,1
7324,127,1,767,0
7325,45,7,13234,1
7326,224,5,17006,1
7327,269,7,21448,1
7328,807,2,7590,0
7329,578,5,16471,0
7330,429,6,14208,0
7331,43,5,12880,1
7332,532,2,3066,0
7333,140,7,16180,1
7334,377,5,16260,0
7335,83,8,17990,1
7336,393,4,8686,0
7337,346,4,11878,0
7338,824,2,3837,0
7339,91,4,13017,0
7340,7,3,11399,0
7341,563,4,14401,0
7342,312,2,2647,0
7343,212,7,22610,1
7344,11,4,7571,0
7345,435,2,4583,0
7346,459,7,19475,1
7347,52,3,7920,0
7348,279,5,17707,1
7349,77,9,25317,1
7350,237,4,8358,0
7351,26,5,17647,1
7352,47,9,18960,1
7353,371,3,8304,0
7354,53,6,15873,1
7355,413,6,11594,0
7356,26,5,16306,1
7357,166,3,10281,0
7358,221,5,15947,1
7359,653,4,18206,0
7360,164,6,18255,1
7361,122,4,8999,0
7362,40,9,26268,1
7363,115,5,15480,1
7364,368,6,18194,1
7365,359,9,24406,1
7366,37,9,26401,1
7367,1024,2,4699,0
7368,51,1,1289,0
7369,99,9,25944,1
7370,138,8,18691,1
7371,54,4,16549,1
7372,220,3,9647,0
7373,367,5,12610,0
7374,1242,2,3094,0
7375,54,3,13051,0
7376,212,7,14935,1
7377,80,9,23302,1
7378,123,9,18648,1
7379,9,9,26383,1
7380,74,2,3449,0
7381,407,4,12070,0
7382,4,5,13389,1
7383,24,7,19493,1
7384,20,3,11349,0
7385,11,4,7191,0
7386,592,5,15938,0
7387,137,6,17841,1
7388,278,8,21615,1
7389,442,2,6077,0
7390,28,9,26033,1
7391,294,10,33411,1
7392,100,3,8378,0
7393,173,3,6380,0
7394,942,2,4227,0
7395,9,6,13048,1
7396,54,7,23914,1
7397,31,3,8423,0
7398,232,4,11136,0
7399,60,5,7414,0
7400,932,3,5908,0
7401,47,10,22633,1
7402,411,6,18419,1
7403,47,4,11753,0
7404,754,3,9770,0
7405,278,4,9207,0
7406,67,7,9738,1
7407,65,10,23492,1
7408,97,5,16486,1
7409,58,9,20948,1
7410,199,9,24741,1
7411,724,3,13189,0
7412,404,7,21203,1
7413,43,5,18481,1
7414,257,6,19537,1
7415,262,9,19229,1
7416,88,4,13193,0
7417,7,4,7215,0
7418,191,5,12236,0
7419,265,9,21241,1
7420,46,6,9470,1
7421,102,5,12915,1
7422,23,3,7301,0
7423,53,2,6328,0
7424,408,4,13590,0
7425,72,8,25984,1
7426,524,4,15314,0
7427,634,2,832,0
7428,245,6,18696,1
7429,163,7,17246,1
7430,39,6,16147,1
7431,204,4,12185,0
7432,480,3,8624,0
7433,2,10,27196,1
7434,91,6,18791,1
7435,447,5,13352,0
7436,76,6,15418,1
7437,121,5,13231,1
7438,377,5,12100,0
7439,41,7,19842,1
7440,316,6,14495,1
7441,50,6,13630,1
7442,39,13,28183,1
7443,5,3,7895,0
7444,135,3,8652,0
7445,98,6,16654,1
7446,381,4,10440,0
7447,273,4,11892,0
7448,498,5,11530,0
7449,92,7,13164,1
7450,4,8,23612,1
7451,514,7,19422,1
7452,9,7,18556,1
7453,277,5,17042,1
7454,19,4,13384,0
7455,12,4,7831,0
7456,338,4,10725,0
7457,642,6,13331,0
7458,115,6,15662,1
7459,485,1,4822,0
7460,310,4,8021,0
7461,413,4,6307,0
7462,196,3,7394,0
7463,1140,1,4173,0
7464,28,8,24439,1
7465,285,8,29051,1
7466,377,3,11086,0
7467,349,5,13081,0
7468,686,3,7816,0
7469,463,7,12370,1
7470,79,3,14555,0
7471,53,8,22034,1
7472,311,7,16132,1
7473,227,4,15133,0
7474,20,7,22528,1
7475,115,8,20186,1
7476,276,5,11846,0
7477,1120,1,2708,0
7478,159,6,14485,1
7479,429,3,5960,0
7480,237,4,11709,0
7481,197,6,14117,1
7482,157,6,17557,1
7483,738,4,8473,0
7484,19,6,13888,1
7485,368,5,11724,0
7486,330,4,11522,0
7487,159,4,17246,1
7488,5,3,8690,0
7489,15,8,18339,1
7490,42,5,15455,1
7491,212,8,23824,1
7492,174,4,11566,0
7493,155,4,8490,0
7494,138,7,19253,1
7495,221,6,17143,1
7496,77,5,19895,1
7497,44,8,18234,1
7498,23,4,12768,0
7499,170,3,8147,0
7500,4,3,12044,0
7501,31,5,13560,1
7502,401,6,20725,1
7503,166,3,6219,0
7504,91,4,9569,0
7505,110,3,7296,0
7506,91,4,9628,0
7507,291,4,14567,0
7508,45,4,11609,0
7509,889,5,9858,0
7510,22,9,15756,1
7511,454,2,4874,0
7512,44,3,9236,0
7513,345,5,12448,0
7514,315,2,7365,0
7515,38,6,19802,1
7516,126,6,14106,1
7517,15,4,13972,0
7518,453,4,12458,0
7519,159,10,24591,1
7520,400,5,18886,1
7521,210,3,7690,0
7522,224,6,11379,1
7523,3,6,20231,1
7524,105,10,28139,1
7525,66,5,14343,1
7526,747,4,16243,0
7527,530,3,11726,0
7528,28,6,15337,1
7529,774,3,5935,0
7530,81,1,1324,0
7531,1052,2,2772,0
7532,644,2,4942,0
7534,199,10,36999,1
7536,253,5,19514,1
7537,260,4,7948,0
7538,124,6,13697,1
7539,278,8,20752,1
7540,242,4,11494,0
7541,629,2,2192,0
7542,156,1,2744,0
7543,205,3,9472,0
7544,257,2,3414,0
7545,105,5,9635,0
7546,4,5,13719,1
7547,198,9,25406,1
7548,181,5,14915,1
7549,18,7,22364,1
7550,289,1,2987,0
7551,166,4,12423,0
7552,146,5,17033,1
7553,14,5,15371,1
7554,212,3,6482,0
7555,76,7,18955,1
7556,148,5,9906,0
7557,427,4,11051,0
7558,340,2,3032,0
7559,457,4,13930,0
7560,86,5,10388,0
7561,216,5,17213,1
7562,190,4,12538,0
7563,504,4,10040,0
7564,216,6,14041,1
7565,455,6,15997,1
7566,94,6,21806,1
7567,185,6,17868,1
7568,182,7,14187,1
7569,101,7,20642,1
7570,281,6,15024,1
7571,169,8,25342,1
7572,244,7,19934,1
7573,207,7,16771,1
7574,754,5,18037,0
7575,17,4,6603,0
7576,199,8,23902,1
7577,364,4,13201,0
7578,879,3,9890,0
7579,175,2,5457,0
7580,46,8,17224,1
7581,40,1,366,0
7582,63,5,19388,1
7583,495,9,27013,1
7584,108,8,20000,1
7585,176,5,21833,1
7586,283,4,10823,0
7587,64,3,6909,0
7588,319,5,17827,1
7589,459,3,3572,0
7590,459,2,4893,0
7591,153,4,8650,0
7592,926,3,7971,0
7593,144,2,9802,0
7594,78,4,13623,0
7595,277,7,21244,1
7596,52,3,4471,0
7597,620,2,2687,0
7598,132,5,11689,0
7599,266,7,24748,1
7600,453,6,18261,1
7601,26,8,20046,1
7602,102,4,10631,0
7603,321,4,9647,0
7604,22,5,11104,0
7605,51,6,22220,1
7606,70,8,18558,1
7607,247,7,22585,1
7608,430,6,16031,1
7609,204,3,5622,0
7610,128,5,10151,0
7611,205,7,21062,1
7612,170,8,24681,1
7613,256,3,7747,0
7614,36,5,13683,1
7615,93,4,8766,0
7616,849,3,9269,0
7617,833,1,3714,0
7618,129,6,14355,1
7619,322,1,2744,0
7620,38,4,7704,0
7621,989,2,8757,0
7622,94,6,17747,1
7623,329,5,17881,1
7624,848,2,3980,0
7625,72,5,13416,1
7626,10,3,7994,0
7627,444,6,18295,1
7628,52,3,9160,0
7629,363,3,4844,0
7630,511,9,23987,1
7631,310,7,20748,1
7632,204,4,9797,0
7633,52,4,13238,0
7634,551,3,8011,0
7635,164,4,9027,0
7636,975,2,8119,0
7637,310,4,10435,0
7638,228,3,11656,0
7639,437,6,16560,1
7640,209,7,19065,1
7641,795,2,1487,0
7642,139,6,11622,1
7643,190,6,17017,1
7644,34,4,11581,0
7645,323,8,22239,1
7646,65,4,10344,0
7647,19,6,16428,1
7648,65,6,21787,1
7649,445,3,3145,0
7650,271,7,21967,1
7651,23,7,27767,1
7652,296,4,8801,0
7653,124,6,10607,1
7654,204,7,10746,1
7655,972,2,1807,0
7656,698,6,13654,0
7657,412,7,16581,1
7658,21,12,36205,1
7659,411,4,8984,0
7660,334,5,15560,0
7661,42,4,10059,0
7662,236,5,15723,1
7663,48,4,9988,0
7664,133,8,22330,1
7665,136,4,13564,0
7666,200,4,9322,0
7667,28,8,21601,1
7668,74,6,15429,1
7669,111,2,8986,0
7670,13,6,10697,1
7671,51,3,8199,0
7672,399,4,16186,0
7673,225,5,11922,0
7674,64,9,21254,1
7675,118,2,7104,0
7676,577,3,10505,0
7677,120,4,13702,0
7678,271,6,20496,1
7679,27,7,25421,1
7680,287,6,14269,1
7681,265,6,13687,1
7682,86,8,11649,1
7683,183,4,10211,0
7684,231,3,10006,0
7685,579,5,12672,0
7686,88,5,7160,0
7687,104,8,25679,1
7688,331,9,21859,1
7689,149,8,24876,1
7690,1096,1,1984,0
7691,22,8,18671,1
7692,90,2,2445,0
7693,66,4,9066,0
7694,55,4,10434,0
7695,206,4,13403,0
7696,114,3,6783,0
7697,13,8,12049,1
7698,87,3,3093,0
7699,38,5,11553,1
7700,341,3,7861,0
7701,166,6,12727,1
7702,59,5,12504,1
7703,542,3,3831,0
7704,97,5,17041,1
7705,244,5,18674,1
7706,45,4,9810,0
7707,677,5,13152,0
7708,382,4,10352,0
7709,80,8,25901,1
7710,251,6,23315,1
7711,143,6,22540,1
7712,26,3,9715,0
7713,252,2,5170,0
7714,243,8,29686,1
7715,823,5,11967,0
7716,81,9,22203,1
7717,267,7,16348,1
7718,208,2,6073,0
7719,245,7,15503,1
7720,98,10,34051,1
7721,372,8,24457,1
7722,1039,2,4867,0
7723,39,4,8322,0
7724,382,1,2253,0
7725,48,4,5877,0
7726,391,3,11833,0
7727,216,3,6201,0
7728,126,9,27594,1
7729,211,9,21299,1
7730,365,5,10989,0
7731,29,6,6924,0
7732,460,7,19233,1
7733,82,4,12172,0
7734,443,5,17491,0
7735,42,5,13362,1
7736,119,5,19040,1
7737,361,6,17335,1
7738,481,5,19297,1
7739,589,5,13579,0
7740,536,4,15374,0
7741,157,5,9991,0
7742,135,6,14628,1
7743,108,7,17790,1
7744,112,4,10383,0
7745,10,8,15463,1
7746,381,6,15649,1
7747,80,7,23549,1
7748,630,3,10598,0
7749,597,1,4500,0
7750,165,7,18831,1
7751,491,7,25194,1
7752,51,2,4897,0
7753,175,6,15480,1
7754,240,7,27957,1
7755,467,4,10933,0
7756,198,7,23914,1
7757,483,5,10024,0
7758,352,5,11745,0
7759,86,6,14437,1
7760,281,8,24601,1
7761,439,4,10942,0
7762,10,9,20275,1
7763,384,6,13759,1
7764,355,5,12291,0
7765,71,5,11783,0
7766,451,8,19181,1
7767,299,4,13359,0
7768,149,8,18005,1
7769,880,3,4521,0
7770,135,5,13380,1
7771,19,8,19607,1
7772,68,5,15005,1
7773,543,5,13622,0
7774,608,7,18896,1
7775,42,8,26891,1
7776,383,3,6361,0
7777,292,4,13086,0
7778,3,9,27437,1
7779,110,5,20360,1
7780,150,5,15739,1
7781,31,4,6737,0
7782,57,9,28441,1
7783,860,2,4930,0
7784,201,2,6327,0
7785,13,7,22984,1
7786,58,6,10569,1
7787,294,7,26133,1
7788,77,5,16773,1
7789,174,5,15155,1
7790,175,9,19578,1
7791,179,4,17891,1
7792,423,3,13413,0
7793,116,1,2839,0
7794,261,3,7269,0
7795,152,9,27379,1
7796,508,5,17982,0
7797,71,3,6358,0
7798,123,11,27420,1
7799,74,10,21379,1
7800,149,7,14200,1
7801,74,4,12866,0
7802,63,6,22060,1
7803,195,4,11310,0
7804,9,8,26101,1
7805,336,3,8592,0
7806,256,4,7094,0
7807,45,5,16384,1
7808,68,7,23576,1
7809,289,8,25512,1
7810,22,6,17311,1
7811,139,7,11995,1
7812,242,7,21385,1
7813,277,6,9402,0
7814,215,6,19822,1
7815,515,3,9868,0
7816,411,5,17253,1
7817,143,3,7706,0
7818,254,12,34667,1
7819,297,6,7206,0
7820,2,3,8530,0
7821,33,8,26732,1
7822,404,4,7822,0
7823,30,5,13740,1
7824,126,6,16279,1
7825,97,4,8458,0
7826,440,2,8737,0
7827,179,4,9622,0
7828,133,3,2892,0
7829,40,5,15367,1
7830,431,7,23490,1
7831,89,2,7673,0
7832,611,4,17119,0
7833,428,8,18615,1
7834,38,7,22320,1
7835,32,8,22008,1
7837,102,5,13807,1
7838,255,5,15248,1
7839,599,4,11103,0
7840,36,4,12986,0
7841,1003,1,5288,0
7842,388,6,21839,1
7843,353,3,4446,0
7844,308,4,11842,0
7845,562,1,3050,0
7846,428,7,18547,1
7847,2,7,24085,1
7848,1242,1,3602,0
7849,54,4,7775,0
7850,50,3,10844,0
7851,120,10,30465,1
7852,687,4,11069,0
7853,609,4,15544,0
7854,154,5,4415,0
7855,88,4,10102,0
7856,162,6,14132,1
7857,216,3,8375,0
7858,311,2,9239,0
7859,306,8,23338,1
7860,327,5,13818,0
7861,10,7,16001,1
7862,299,4,12416,0
7863,138,3,5134,0
7864,897,1,995,0
7865,235,9,20893,1
7866,16,4,12666,0
7867,107,8,25686,1
7868,106,9,22963,1
7869,14,11,38375,1
7870,679,4,10409,0
7871,8,5,11584,1
7872,33,4,8840,0
7873,7,10,28286,1
7874,11,3,10911,0
7875,222,4,14398,0
7876,280,7,21364,1
7877,11,5,12226,1
7878,1306,1,3159,0
7879,794,1,3412,0
7880,242,7,18158,1
7881,271,5,19032,1
7882,28,5,11279,0
7883,254,4,11070,0
7884,26,8,22907,1
7885,220,7,15043,1
7886,224,1,3916,0
7887,33,8,21117,1
7888,215,6,15061,1
7889,418,4,12632,0
7890,47,10,30369,1
7891,55,5,13824,1
7892,304,5,13914,0
7893,397,1,4750,0
7894,184,3,7794,0
7895,220,3,5416,0
7896,93,6,20883,1
7897,138,6,8729,0
7898,22,5,12002,1
7899,49,5,16315,1
7900,501,6,18532,1
7901,464,8,23504,1
7902,498,2,6595,0
7903,993,3,6073,0
7904,254,6,17714,1
7905,511,2,5222,0
7906,90,9,25142,1
7907,1089,3,4509,0
7908,541,4,13831,0
7909,11,4,13889,0
7910,87,6,14993,1
7911,19,3,7642,0
7912,548,2,7326,0
7913,50,8,27294,1
7914,181,1,2320,0
7915,401,2,6725,0
7916,62,2,2798,0
7917,774,4,10505,0
7918,810,6,14871,0
7919,586,4,13410,0
7920,106,3,11418,0
7921,12,9,27522,1
7922,510,2,1147,0
7923,53,5,9814,0
7924,58,9,19421,1
7925,543,5,13035,0
7926,378,4,13664,0
7927,221,3,9057,0
7928,331,2,6009,0
7929,80,8,22577,1
7930,221,9,15797,1
7931,699,3,3924,0
7932,208,8,24470,1
7933,440,3,10115,0
7934,621,4,2870,0
7935,337,4,12316,0
7936,56,6,12380,1
7937,517,1,2743,0
7938,594,4,7922,0
7939,8,5,22481,1
7940,30,3,6456,0
7941,267,4,10964,0
7942,31,6,17349,1
7943,23,2,4051,0
7944,421,3,8206,0
7945,48,5,13490,1
7946,88,4,14931,0
7947,463,4,11125,0
7948,65,4,10608,0
7949,24,3,11383,0
7950,322,6,19349,1
7951,408,7,18658,1
7952,73,6,22657,1
7953,143,8,19403,1
7954,125,4,15536,0
7955,387,2,4790,0
7956,580,4,8144,0
7957,732,5,16678,0
7958,304,8,17284,1
7959,14,4,12223,0
7960,511,4,11808,0
7961,142,6,13506,1
7962,25,8,26364,1
7963,74,5,12788,1
7964,128,2,6791,0
7965,109,6,19061,1
7966,207,3,12573,0
7967,119,7,22450,1
7968,707,2,3558,0
7969,1004,1,1566,0
7970,296,6,13532,1
7971,140,6,16545,1
7972,31,5,10943,0
7973,63,7,22203,1
7974,336,4,13348,0
7975,7,4,14005,0
7976,502,9,20198,1
7977,377,3,9557,0
7978,73,5,12881,1
7979,108,3,8993,0
7980,257,2,3792,0
7981,23,7,23165,1
7982,141,4,12229,0
7983,48,5,13320,1
7984,202,5,15836,1
7985,60,6,22046,1
7986,66,5,19075,1
7987,23,6,17182,1
7988,77,6,18898,1
7989,163,7,18049,1
7990,183,7,18270,1
7991,437,4,5918,0
7992,122,6,17535,1
7993,116,8,21078,1
7994,319,4,12919,0
7995,605,4,10501,0
7996,444,7,14599,1
7997,11,3,12722,0
7998,354,5,14310,0
7999,321,5,15016,0
8000,392,6,11828,0
8001,274,3,11974,0
8002,76,2,2590,0
8003,46,3,4736,0
8004,111,4,12906,0
8005,175,10,22398,1
8006,195,11,32331,1
8007,216,7,19787,1
8008,404,5,13476,0
8009,123,7,14518,1
8010,12,7,23754,1
8011,380,7,13930,1
8012,92,6,14223,1
8013,117,5,12848,1
8014,39,5,15910,1
8015,105,6,10249,1
8016,354,5,17119,1
8017,51,11,28822,1
8018,129,3,7190,0
8019,99,3,6555,0
8020,685,1,1812,0
8021,396,3,3681,0
8022,165,4,14078,0
8023,3,4,14204,1
8024,58,3,9543,0
8025,168,7,16586,1
8026,126,3,3967,0
8027,30,3,3242,0
8028,6,6,20608,1
8029,203,5,12555,0
8030,73,5,13710,1
8031,237,3,8753,0
8032,219,3,5506,0
8033,876,1,3117,0
8034,193,5,16413,1
8035,391,5,11050,0
8036,199,6,11934,1
8037,149,6,11261,1
8038,372,3,8896,0
8039,176,2,3258,0
8040,78,5,16193,1
8041,19,10,19628,1
8042,187,1,4721,0
8043,446,3,7835,0
8044,616,4,6166,0
8045,300,2,4563,0
8046,25,7,19792,1
8047,271,6,22222,1
8048,1145,1,4544,0
8049,167,6,18552,1
8050,121,5,12175,0
8051,155,6,20997,1
8052,183,2,6402,0
8053,14,3,9997,0
8054,321,4,14487,0
8055,71,4,6795,0
8056,211,2,5429,0
8057,454,4,14610,0
8058,548,1,1300,0
8059,247,5,19213,1
8060,73,9,20275,1
8061,262,7,19163,1
8062,582,3,6679,0
8063,385,1,3683,0
8064,686,3,10246,0
8065,61,6,16870,1
8066,420,5,15974,0
8067,237,6,22484,1
8068,57,4,11761,0
8069,71,6,11935,1
8070,14,4,15348,1
8071,788,2,4306,0
8072,135,7,26891,1
8073,39,5,21308,1
8074,210,7,16359,1
8075,43,4,9186,0
8076,901,2,1663,0
8077,25,4,11621,0
8078,81,11,31550,1
8079,87,5,15277,1
8080,3,5,14555,1
8081,122,5,15350,1
8082,116,5,16944,1
8083,204,3,8880,0
8084,164,3,7909,0
8085,195,7,14259,1
8086,301,3,5354,0
8087,100,9,24858,1
8088,9,5,12865,1
8089,63,5,7763,0
8090,704,1,2958,0
8091,23,1,4814,0
8092,172,7,24226,1
8093,68,4,14781,0
8094,515,2,5659,0
8095,403,7,17804,1
8096,34,12,27747,1
8097,769,2,4495,0
8098,267,4,12369,0
8099,860,6,16973,0
8100,175,5,13168,0
8101,152,5,14903,1
8102,50,4,9147,0
8103,453,8,19406,1
8104,226,4,7468,0
8105,303,7,21645,1
8106,34,6,15851,1
8107,814,1,429,0
8108,191,8,17270,1
8109,68,6,19486,1
8110,548,4,14883,0
8111,4,4,9921,0
8112,586,4,8283,0
8113,18,2,3462,0
8114,183,4,5590,0
8115,497,6,16860,1
8116,594,7,16384,1
8117,71,5,11517,0
8118,33,6,14332,1
8119,82,3,6287,0
8120,120,4,10600,0
8121,166,3,9568,0
8122,51,3,8791,0
8123,213,3,8426,0
8124,160,6,11329,1
8125,13,6,16514,1
8126,135,5,17449,1
8127,38,6,20552,1
8128,578,2,7099,0
8129,590,5,7570,0
8130,779,4,15243,0
8131,661,3,5008,0
8132,102,6,17608,1
8133,26,4,16750,1
8134,351,6,21972,1
8135,261,3,11478,0
8136,242,6,10485,0
8137,185,5,8191,0
8138,474,5,17025,0
8139,445,6,19430,1
8140,25,9,21021,1
8141,45,5,10315,0
8142,163,5,18038,1
8143,275,7,25946,1
8144,162,2,8133,0
8145,314,5,17148,1
8146,274,7,13668,1
8147,115,9,29962,1
8148,101,8,21207,1
8149,310,3,9834,0
8150,88,6,17550,1
8151,844,6,12306,0
8152,227,6,17155,1
8153,152,4,11091,0
8154,629,5,11260,0
8155,171,6,11213,1
8156,71,6,20506,1
8157,64,9,23178,1
8158,11,5,6676,0
8159,363,4,2951,0
8160,8,4,9541,0
8161,252,9,20620,1
8162,534,6,25728,1
8163,852,2,7412,0
8164,489,5,15978,0
8165,230,3,3566,0
8166,320,6,19952,1
8167,68,9,26146,1
8168,311,6,16562,1
8169,425,3,6185,0
8170,118,3,10545,0
8171,552,5,14918,0
8172,144,6,10787,1
8173,159,8,9946,1
8174,180,6,16813,1
8175,1092,1,2049,0
8176,173,8,24965,1
8177,130,5,11189,0
8178,18,7,15082,1
8179,76,3,7094,0
8180,22,8,21728,1
8181,219,5,13692,0
8182,349,4,12266,0
8183,371,3,9223,0
8184,127,9,23431,1
8185,526,3,5208,0
8186,724,2,7419,0
8187,196,3,9224,0
8188,600,3,9553,0
8189,211,5,13612,0
8190,75,4,10549,0
8191,100,6,17229,1
8192,77,5,9141,0
8193,671,4,10295,0
8194,823,5,16080,0
8195,295,2,9087,0
8196,224,4,9288,0
8197,518,4,9437,0
8198,402,6,19608,1
8199,528,2,5625,0
8200,723,2,2018,0
8201,207,6,18364,1
8202,31,4,13373,0
8203,120,6,17237,1
8204,184,4,11213,0
8205,280,5,13362,0
8206,276,2,5436,0
8207,60,9,26604,1
8208,25,7,14094,1
8209,875,4,15252,0
8210,705,5,13664,0
8211,2,7,23011,1
8212,17,7,16039,1
8213,1351,1,5138,0
8214,200,4,10353,0
8215,79,5,15181,1
8216,2,5,10229,0
8217,79,6,16322,1
8218,39,7,17169,1
8219,356,3,11942,0
8220,431,3,10344,0
8221,199,7,23741,1
8222,45,5,16290,1
8223,320,3,9622,0
8224,757,5,15670,0
8225,246,4,15694,0
8226,95,8,15165,1
8227,89,7,13366,1
8228,650,3,8203,0
8229,27,5,19607,1
8230,104,4,15928,1
8231,99,2,6203,0
8232,358,8,22845,1
8233,916,2,7551,0
8234,121,4,11607,0
8235,202,6,9423,0
8236,257,5,10605,0
8237,360,6,9427,0
8238,92,2,2082,0
8239,618,1,559,0
8240,177,8,21569,1
8241,530,5,11612,0
8242,207,5,13681,0
8243,147,2,6761,0
8244,510,4,14018,0
8245,313,4,5996,0
8246,35,7,17040,1
8247,64,9,26024,1
8248,539,5,12104,0
8249,524,6,13387,0
8250,276,9,27781,1
8251,61,2,7204,0
8252,169,5,11281,0
8253,145,9,24674,1
8254,694,7,18435,1
8255,712,3,9202,0
8256,19,6,18380,1
8257,92,3,7738,0
8258,718,7,19776,1
8259,280,7,24533,1
8260,309,8,16695,1
8261,102,4,7627,0
8262,334,2,4421,0
8263,22,7,10309,1
8264,66,7,13420,1
8265,296,8,23029,1
8266,455,1,673,0
8267,49,6,14812,1
8268,31,3,7933,0
8269,304,8,25150,1
8270,180,7,19639,1
8271,60,4,7770,0
8272,98,4,13984,0
8273,115,3,9558,0
8274,15,5,14645,1
8275,789,2,9162,0
8276,399,3,4530,0
8277,93,4,11493,0
8278,134,7,20484,1
8279,174,9,20483,1
8280,424,4,15507,0
8281,252,7,22323,1
8282,298,2,7969,0
8283,25,5,12327,1
8284,37,2,3730,0
8285,395,2,6055,0
8286,629,4,15567,0
8287,199,9,24641,1
8288,828,3,4095,0
8289,148,6,22144,1
8290,151,4,14775,0
8291,1312,2,8301,0
8292,633,4,15928,0
8293,190,6,12717,1
8294,293,6,12954,1
8295,121,4,16361,1
8296,445,7,10316,0
8297,73,3,9851,0
8298,172,4,15126,0
8299,643,4,16042,0
8300,454,7,16215,1
8301,224,5,15021,1
8302,251,4,13437,0
8303,127,3,4059,0
8304,275,4,9257,0
8305,341,4,11939,0
8306,819,4,14422,0
8307,225,4,8861,0
8308,1261,2,6632,0
8309,72,4,11130,0
8310,115,2,4280,0
8311,257,7,18989,1
8312,140,2,3023,0
8313,410,4,13716,0
8314,535,7,13799,1
8315,173,5,17055,1
8316,128,5,15959,1
8317,735,4,9487,0
8318,40,6,14891,1
8319,75,3,3269,0
8320,121,7,17564,1
8321,208,4,9949,0
8322,107,6,17336,1
8323,163,7,13767,1
8324,651,7,15480,1
8325,4,7,22005,1
8326,175,4,9240,0
8327,93,5,18207,1
8328,178,4,15627,0
8329,473,6,23641,1
8330,259,5,11316,0
8331,1143,2,5265,0
8332,733,4,12349,0
8333,30,9,24234,1
8334,371,3,6363,0
8335,760,2,3471,0
8336,103,4,15385,0
8337,32,7,25230,1
8338,584,2,4141,0
8339,92,6,19125,1
8340,59,5,14595,1
8341,414,4,11760,0
8342,356,6,20170,1
8343,14,6,17751,1
8344,412,4,9795,0
8345,60,4,15699,1
8346,339,5,13737,0
8347,28,5,16723,1
8348,413,6,16936,1
8349,232,7,18866,1
8350,201,6,11477,1
8351,88,6,14541,1
8352,19,5,9547,0
8353,306,6,19624,1
8354,267,3,10375,0
8355,205,2,9716,0
8356,449,4,15221,0
8357,130,7,22348,1
8358,14,7,17643,1
8359,173,4,8433,0
8360,59,7,14414,1
8361,1289,1,3451,0
8362,142,4,11788,0
8363,125,1,4122,0
8364,75,5,13110,1
8365,161,7,17314,1
8366,377,6,16920,1
8367,427,2,3159,0
8368,774,3,10513,0
8369,141,6,16541,1
8370,251,5,9071,0
8371,29,9,25060,1
8372,413,4,13431,0
8373,696,2,2911,0
8374,9,9,28356,1
8375,1329,1,2328,0
8376,64,5,10189,0
8377,152,6,12940,1
8378,181,6,19136,1
8379,43,12,24944,1
8380,11,8,29668,1
8381,332,4,6985,0
8382,459,8,26434,1
8383,326,2,1788,0
8384,377,3,8620,0
8385,150,4,11311,0
8386,642,5,12694,0
8387,540,3,9930,0
8388,230,9,14154,1
8389,109,8,21271,1
8390,710,2,3457,0
8391,262,4,9874,0
8392,57,7,23483,1
8393,71,3,8255,0
8394,11,7,19583,1
8395,35,10,29118,1
8396,7,4,13989,0
8397,74,5,13203,1
8398,496,4,10070,0
8399,256,8,22705,1
8400,110,6,16287,1
8401,570,3,9491,0
8402,438,7,17008,1
8403,26,5,13824,1
8404,476,3,4898,0
8405,5,6,15544,1
8406,124,4,5405,0
8407,248,6,9295,0
8408,517,3,8215,0
8409,615,4,13348,0
8410,188,5,14223,1
8411,1,4,14774,1
8412,367,5,12872,0
8413,969,2,4507,0
8414,749,2,4062,0
8415,65,4,14274,0
8416,146,5,10780,0
8417,254,5,16623,1
8418,244,3,10001,0
8419,287,6,20152,1
8420,370,5,17175,1
8421,69,5,17455,1
8422,250,6,13076,1
8423,145,5,16131,1
8424,956,1,2320,0
8425,225,4,10680,0
8426,309,5,12060,0
8427,808,2,9003,0
8428,353,4,7266,0
8429,983,2,6066,0
8430,282,8,20697,1
8431,145,9,24429,1
8432,242,6,17752,1
8433,58,4,10981,0
8434,332,6,17624,1
8435,12,4,8829,0
8436,140,7,19220,1
8437,226,4,10274,0
8438,180,5,17285,1
8439,864,2,5177,0
8440,105,10,28531,1
8441,323,6,17569,1
8442,936,2,7350,0
8443,221,5,16816,1
8444,231,8,16604,1
8445,556,4,15793,0
8446,184,5,16194,1
8447,4,5,19571,1
8448,70,5,13389,1
8449,28,7,13719,1
8450,49,5,16987,1
8451,104,5,10392,0
8452,497,7,22994,1
8453,691,4,10971,0
8454,205,4,9158,0
8455,43,7,27093,1
8456,193,7,22159,1
8457,225,5,9899,0
8458,426,5,11795,0
8459,136,5,15493,1
8460,370,2,1016,0
8461,99,5,12588,1
8462,102,2,7274,0
8463,212,3,8756,0
8464,637,5,12573,0
8465,45,5,17882,1
8466,40,7,23559,1
8467,38,4,11422,0
8468,155,5,13486,1
8469,820,4,12040,0
8470,193,2,6424,0
8471,227,5,21029,1
8472,449,8,23995,1
8473,769,3,12892,0
8474,15,13,29782,1
8475,504,3,10417,0
8476,554,5,18363,0
8477,277,3,7545,0
8478,8,3,3934,0
8479,164,2,3200,0
8480,31,5,13323,1
8481,238,1,3025,0
8482,261,6,19661,1
8483,44,3,8591,0
8484,125,6,14616,1
8485,40,7,20688,1
8486,395,3,6761,0
8487,529,5,13889,0
8488,208,4,10934,0
8489,432,4,9212,0
8490,61,9,23631,1
8491,163,6,14226,1
8492,225,8,18439,1
8493,115,5,14475,1
8494,500,3,12072,0
8495,65,9,28096,1
8496,278,9,28425,1
8497,984,2,5431,0
8498,521,6,17468,1
8499,372,3,5913,0
8500,153,4,17080,1
8501,263,7,13171,1
8502,164,3,2284,0
8503,320,6,10263,0
8504,99,6,19649,1
8505,734,3,3755,0
8506,1341,1,5164,0
8507,143,10,29367,1
8508,88,5,11409,0
8509,180,4,10583,0
8510,85,4,12440,0
8511,28,3,8902,0
8512,489,2,5396,0
8513,330,3,9459,0
8514,560,5,13457,0
8517,139,4,7683,0
8518,298,5,9563,0
8519,132,9,32538,1
8520,165,6,18534,1
8521,78,4,5195,0
8522,46,6,20212,1
8523,46,7,20817,1
8524,38,3,6033,0
8525,62,6,14714,1
8526,67,4,13532,0
8527,293,3,6922,0
8528,46,9,27226,1
8529,79,5,16973,1
8530,64,7,21756,1
8531,461,6,18500,1
8532,103,2,5847,0
8533,313,2,5463,0
8534,77,7,18814,1
8535,302,3,11546,0
8536,133,6,12580,1
8537,699,2,5431,0
8538,450,3,2832,0
8539,131,6,17220,1
8540,99,6,14297,1
8541,80,4,12955,0
8542,202,5,11991,0
8543,344,3,8844,0
8544,207,5,11001,0
8545,59,6,18400,1
8546,313,7,23142,1
8547,195,9,28443,1
8548,409,8,20901,1
8549,378,4,8477,0
8550,1023,2,6878,0
8551,48,5,14678,1
8552,83,6,12888,1
8553,612,3,4028,0
8554,287,5,13202,0
8555,339,3,7755,0
8556,306,3,12788,0
8557,362,4,9104,0
8558,476,6,24500,1
8559,451,5,11458,0
8560,92,5,14518,1
8561,8,10,24052,1
8562,21,4,15766,1
8563,363,4,15913,0
8564,248,6,27436,1
8565,340,7,16048,1
8566,315,5,8054,0
8567,40,7,20599,1
8568,858,3,7037,0
8569,41,3,10608,0
8570,464,5,16424,0
8571,469,4,10334,0
8572,426,9,29241,1
8573,755,6,17984,0
8574,58,7,17287,1
8575,1121,1,2717,0
8576,21,5,9933,0
8577,135,5,18896,1
8578,372,4,12995,0
8579,52,5,14928,1
8580,397,4,11151,0
8581,70,6,11459,1
8582,120,4,7152,0
8583,18,5,11535,1
8584,121,4,12871,0
8585,307,1,3750,0
8586,323,10,22724,1
8587,905,3,10218,0
8588,412,3,15539,0
8589,239,6,20544,1
8590,433,6,16997,1
8591,190,4,13269,0
8592,337,3,7908,0
8593,87,6,17768,1
8594,56,2,4874,0
8595,302,5,11989,0
8596,31,8,25115,1
8597,419,4,13885,0
8598,98,3,2494,0
8599,1,3,6256,0
8600,122,9,27031,1
8601,437,5,17477,0
8602,210,6,18605,1
8603,368,6,15647,1
8604,407,5,19333,1
8605,7,6,16126,1
8606,121,2,6246,0
8607,509,4,11846,0
8608,23,6,21228,1
8609,184,10,19860,1
8610,232,8,16958,1
8611,610,2,5320,0
8612,330,4,14906,0
8613,168,3,11431,0
8614,436,5,9558,0
8615,876,4,11806,0
8616,592,6,19744,1
8617,588,2,2385,0
8618,7,2,4530,0
8619,104,11,30319,1
8620,444,3,5241,0
8621,136,6,15526,1
8622,148,3,7559,0
8623,190,4,13227,0
8624,285,6,19832,1
8625,12,4,13909,0
8626,72,8,24626,1
8627,352,5,14417,0
8628,625,3,7089,0
8629,240,3,9153,0
8630,488,2,8244,0
8631,122,7,19384,1
8632,201,4,15693,0
8633,73,6,14573,1
8634,10,6,15889,1
8635,15,5,10010,0
8636,836,1,1132,0
8637,702,2,3952,0
8638,195,7,22097,1
8639,145,4,4423,0
8640,314,4,7550,0
8641,309,6,15885,1
8642,221,10,30510,1
8643,411,3,12704,0
8644,169,2,7784,0
8645,220,5,9371,0
8646,67,4,11198,0
8647,793,2,9716,0
8648,376,5,12824,0
8649,108,7,15876,1
8650,232,4,13285,0
8651,200,2,3123,0
8652,880,3,10801,0
8653,56,6,18595,1
8654,45,10,28174,1
8655,169,9,17583,1
8656,29,4,9499,0
8657,77,4,16163,1
8658,241,4,8034,0
8659,552,4,11060,0
8660,61,5,9824,0
8661,70,3,8846,0
8662,1103,2,6824,0
8663,169,3,12997,0
8664,15,9,20331,1
8665,593,4,8997,0
8666,133,9,21192,1
8667,407,3,10011,0
8668,164,5,13840,1
8669,4,8,21489,1
8670,61,3,7206,0
8671,426,2,9498,0
8672,112,6,9218,0
8673,312,4,7732,0
8674,207,7,18467,1
8675,154,8,23169,1
8676,223,2,5866,0
8677,95,9,19442,1
8678,377,7,20444,1
8679,117,6,19721,1
8680,295,3,7734,0
8681,575,5,16549,0
8682,23,7,13700,1
8683,328,4,5795,0
8684,499,8,20371,1
8685,152,9,23686,1
8686,181,7,16696,1
8687,103,7,26209,1
8688,153,6,17692,1
8689,128,8,27385,1
8690,399,4,18784,0
8691,67,5,10636,0
8692,187,8,19977,1
8693,223,7,23127,1
8694,10,7,16370,1
8695,196,2,4169,0
8696,200,9,20480,1
8697,255,6,20477,1
8698,329,5,13614,0
8699,375,7,18348,1
8700,92,5,10939,0
8701,74,7,20800,1
8702,324,6,14300,1
8703,593,3,14386,0
8704,189,4,11441,0
8705,256,2,6748,0
8706,161,9,28318,1
8707,172,4,10092,0
8708,276,4,13041,0
8709,311,6,13180,1
8710,717,4,9149,0
8711,206,6,13225,1
8712,221,5,13566,0
8713,98,5,7743,0
8714,665,2,9947,0
8715,42,4,11191,0
8716,43,8,18050,1
8717,310,4,11817,0
8718,378,1,1644,0
8719,353,4,11105,0
8720,452,6,16306,1
8721,145,8,25089,1
8722,90,3,6886,0
8723,188,5,18702,1
8724,1260,1,1347,0
8725,72,4,10050,0
8726,340,6,18203,1
8727,746,5,17671,0
8728,7,7,22893,1
8729,146,9,23509,1
8730,478,2,3051,0
8731,72,6,11928,1
8732,22,5,18287,1
8733,158,3,13313,0
8734,214,5,10352,0
8735,176,7,18219,1
8736,236,6,18441,1
8737,288,5,8665,0
8738,224,6,11791,1
8739,300,3,4554,0
8740,430,9,24967,1
8741,287,3,8725,0
8742,113,3,8120,0
8743,90,8,17554,1
8744,602,6,14218,0
8745,235,7,14868,1
8746,129,6,14542,1
8747,532,5,12273,0
8748,776,2,2349,0
8749,51,6,18751,1
8750,522,6,15869,1
8751,4,9,21258,1
8752,676,5,12845,0
8753,135,7,17309,1
8754,756,6,14206,0
8755,1140,2,6713,0
8756,65,7,17403,1
8757,358,4,13051,0
8758,73,9,31459,1
8759,559,5,16028,0
8760,281,6,11667,0
8761,647,10,33434,1
8762,110,4,14983,0
8763,164,5,14406,1
8764,135,6,13574,1
8765,73,9,15052,1
8766,98,6,19174,1
8767,125,4,11342,0
8768,982,4,17962,0
8769,127,3,9654,0
8770,122,8,27517,1
8771,324,3,9581,0
8772,268,8,24789,1
8773,883,3,11558,0
8774,363,5,9049,0
8775,242,9,23424,1
8776,338,8,23070,1
8777,35,5,18444,1
8778,460,6,15117,1
8779,392,5,17388,1
8780,211,3,9655,0
8781,471,3,7332,0
8782,125,6,20391,1
8783,568,2,6194,0
8784,243,4,5799,0
8785,186,5,13510,0
8786,179,6,16231,1
8787,535,3,5556,0
8788,146,4,9864,0
8789,302,5,18018,1
8790,322,4,10689,0
8791,205,5,16953,1
8792,311,9,21761,1
8793,267,8,21533,1
8794,120,6,21356,1
8795,55,3,11060,0
8796,677,1,1033,0
8797,6,5,14918,1
8798,793,2,7301,0
8799,368,6,14336,1
8800,105,7,22983,1
8801,432,3,3615,0
8802,24,3,2750,0
8803,82,5,7738,0
8804,11,7,16727,1
8805,571,5,9163,0
8806,477,4,8210,0
8807,511,3,7461,0
8808,457,6,18811,1
8809,270,7,20491,1
8810,78,5,9693,0
8811,713,4,3626,0
8812,190,9,28773,1
8813,10,5,12472,1
8814,135,5,8035,0
8815,5,4,9679,0
8816,65,8,25063,1
8817,777,2,8290,0
8818,630,3,5899,0
8819,29,3,9382,0
8820,36,8,21469,1
8821,315,5,8413,0
8822,758,5,12259,0
8823,170,5,13063,0
8824,301,9,16037,1
8825,26,5,14859,1
8826,1,2,3598,0
8827,170,8,29443,1
8828,663,2,3182,0
8829,391,6,23130,1
8830,395,2,6535,0
8831,309,3,5251,0
8832,589,6,14354,0
8833,355,4,10936,0
8834,50,7,19114,1
8835,940,4,7636,0
8836,558,3,8627,0
8837,50,4,12050,0
8838,416,5,10341,0
8839,168,6,18926,1
8840,45,10,29726,1
8841,36,5,17721,1
8842,90,4,3024,0
8843,273,7,25814,1
8844,382,5,18832,1
8846,399,2,5742,0
8847,141,7,15533,1
8848,285,5,15409,1
8849,208,5,8801,0
8850,72,6,16293,1
8851,196,3,3051,0
8852,312,5,12270,0
8853,234,7,18655,1
8854,63,7,23673,1
8855,149,6,20379,1
8856,889,5,12412,0
8857,174,3,6416,0
8858,252,3,6037,0
8859,763,4,11009,0
8860,1,12,33596,1
8861,203,7,20507,1
8862,300,8,20978,1
8863,343,6,15044,1
8864,45,9,23686,1
8865,361,4,13719,0
8866,632,3,7611,0
8867,190,8,25339,1
8868,220,6,17981,1
8869,468,2,7109,0
8870,91,7,18615,1
8871,6,7,24094,1
8872,19,3,4999,0
8873,97,3,5439,0
8875,6,6,16732,1
8876,1258,1,614,0
8877,414,4,15033,0
8878,14,3,8702,0
8879,234,5,15058,1
8880,161,8,23590,1
8881,336,4,9956,0
8882,148,5,19214,1
8883,66,5,18744,1
8884,104,7,29825,1
8885,210,10,28719,1
8886,46,4,8261,0
8887,341,7,10561,1
8888,523,4,5319,0
8889,28,5,17605,1
8890,250,5,14194,0
8891,180,8,17591,1
8892,314,5,18469,1
8893,531,2,5590,0
8894,888,1,5149,0
8895,159,6,17425,1
8896,302,3,8719,0
8897,120,7,15296,1
8898,78,8,17804,1
8899,49,3,6927,0
8900,80,5,14177,1
8901,469,2,5375,0
8902,368,5,13419,0
8903,134,4,9148,0
8904,551,2,3723,0
8905,247,4,10668,0
8906,79,7,24538,1
8907,69,6,22250,1
8908,36,12,37846,1
8909,89,10,23402,1
8910,345,1,467,0
8911,153,4,3600,0
8912,317,3,9002,0
8913,210,7,10441,1
8914,130,6,16051,1
8915,63,11,23121,1
8916,128,4,11873,0
8917,25,8,20609,1
8918,130,5,14195,1
8919,191,5,17049,1
8920,1270,2,6590,0
8921,231,7,17483,1
8922,797,3,6756,0
8923,41,4,7877,0
8924,1026,2,2168,0
8925,27,6,13301,1
8926,176,7,21200,1
8927,182,6,17646,1
8928,442,6,16564,1
8929,118,4,17366,1
8930,491,6,12272,0
8931,75,7,14244,1
8932,38,3,2781,0
8933,477,3,9120,0
8934,12,7,20548,1
8935,115,7,19830,1
8936,68,8,17468,1
8937,262,7,19847,1
8938,3,7,17441,1
8939,184,9,22981,1
8940,117,8,25020,1
8941,30,6,23317,1
8942,66,5,9598,0
8943,187,6,14086,1
8944,205,11,22568,1
8945,4,5,18127,1
8946,105,6,15602,1
8947,87,6,8574,0
8948,254,6,16306,1
8949,36,8,23887,1
8950,243,8,20927,1
8951,124,4,13347,0
8952,106,4,15203,0
8953,87,7,17109,1
8954,457,3,7594,0
8955,277,3,8317,0
8956,348,5,14526,0
8957,72,6,13462,1
8958,72,10,29361,1
8959,84,6,13971,1
8960,66,6,18541,1
8961,209,6,13139,1
8962,755,4,5515,0
8963,7,3,10741,0
8964,400,3,11625,0
8965,51,2,7590,0
8966,58,6,17446,1
8967,1340,1,1294,0
8968,178,4,14317,0
8969,193,2,7258,0
8970,776,5,14363,0
8971,29,5,17313,1
8972,161,6,19044,1
8973,319,8,21412,1
8974,161,3,5283,0
8975,722,5,14362,0
8976,65,8,26737,1
8977,82,3,5384,0
8978,119,5,12069,0
8979,374,3,8426,0
8980,611,2,5513,0
8981,27,4,8580,0
8982,399,3,11070,0
8983,22,4,16561,1
8984,136,9,26148,1
8985,164,6,16068,1
8986,406,1,2952,0
8987,218,6,12951,1
8988,129,2,5290,0
8989,223,8,23589,1
8990,6,5,16604,1
8991,103,3,5504,0
8992,314,4,7047,0
8993,60,7,18433,1
8994,518,2,9894,0
8995,41,5,8288,0
8996,534,2,8139,0
8997,327,6,14737,1
8998,1163,2,5145,0
8999,162,6,14880,1
9000,278,4,11184,0
9001,144,9,23912,1
9002,42,5,13981,1
9003,686,3,11895,0
9004,294,2,5493,0
9005,329,6,17818,1
9006,268,4,8431,0
9007,594,5,3200,0
9008,196,5,14643,1
9009,595,5,12976,0
9010,608,2,1438,0
9011,25,4,10739,0
9012,397,5,13303,0
9013,62,5,7237,0
9014,651,1,4323,0
9015,146,6,14614,1
9016,26,7,15472,1
9017,28,4,9306,0
9018,140,6,10310,1
9019,411,2,4208,0
9020,363,6,15351,1
9021,56,6,17277,1
9022,111,5,10273,0
9023,54,7,23508,1
9024,234,9,23314,1
9025,556,4,12104,0
9026,238,1,1527,0
9027,993,1,1559,0
9028,353,5,14326,0
9029,159,6,16314,1
9030,135,6,11382,1
9031,39,6,14697,1
9032,174,10,28544,1
9033,162,4,11439,0
9034,91,3,10615,0
9035,228,6,17836,1
9036,58,6,14742,1
9037,120,4,7859,0
9038,260,4,12939,0
9039,123,4,9552,0
9040,195,6,22452,1
9041,62,8,17854,1
9042,645,5,17814,0
9043,84,8,19640,1
9044,170,4,7078,0
9045,32,11,33168,1
9046,110,6,10339,1
9047,68,5,15359,1
9048,32,11,28053,1
9049,133,4,7560,0
9050,10,7,19504,1
9051,70,5,13788,1
9052,220,6,12398,1
9053,298,5,18090,1
9054,304,5,13078,0
9055,2,5,12476,1
9056,470,5,16982,0
9057,33,9,26531,1
9059,748,2,2620,0
9060,752,5,12837,0
9061,330,5,14324,0
9062,170,5,12243,0
9063,384,4,10013,0
9064,257,6,18365,1
9065,944,2,4179,0
9066,49,5,12667,1
9067,101,8,25492,1
9068,272,3,9728,0
9069,272,2,5736,0
9070,68,4,11388,0
9071,236,5,20121,1
9072,311,3,5255,0
9073,568,7,17632,1
9074,162,3,7450,0
9075,135,6,14833,1
9076,335,4,10386,0
9077,40,7,25248,1
9078,230,4,8487,0
9079,112,5,16737,1
9080,19,5,12520,1
9081,1300,1,3380,0
9082,95,5,16747,1
9083,4,9,22435,1
9084,43,5,10659,0
9085,132,2,6580,0
9086,201,2,7384,0
9087,275,3,9122,0
9088,480,4,15832,0
9089,48,8,21489,1
9090,223,7,20567,1
9091,745,4,8144,0
9092,221,4,10595,0
9093,868,1,4599,0
9094,273,4,12255,0
9095,865,2,2080,0
9096,212,7,17728,1
9097,29,7,20249,1
9098,327,4,15891,0
9099,27,3,9450,0
9100,160,4,6408,0
9101,239,7,22440,1
9102,18,8,25381,1
9103,38,6,13346,1
9104,1127,2,2829,0
9105,96,7,22391,1
9106,173,2,5154,0
9107,158,3,6762,0
9108,44,7,17500,1
9109,119,7,18934,1
9110,234,7,15767,1
9111,20,3,7388,0
9112,1,9,25500,1
9113,255,9,27297,1
9114,313,6,15185,1
9115,502,8,28140,1
9116,172,7,15588,1
9117,275,8,13522,1
9118,139,5,12444,0
9119,566,3,8303,0
9120,42,4,7822,0
9121,291,2,7681,0
9122,191,2,4614,0
9123,393,2,5372,0
9124,324,3,7349,0
9125,90,3,8245,0
9126,224,3,11660,0
9127,602,2,7604,0
9128,323,4,6755,0
9129,665,2,4717,0
9130,161,3,8505,0
9131,33,7,20033,1
9132,109,10,24972,1
9133,92,4,10674,0
9134,137,8,24092,1
9135,354,3,9222,0
9136,895,2,5034,0
9137,27,6,21405,1
9138,109,3,7540,0
9139,389,3,6709,0
9140,236,7,19952,1
9141,79,4,8988,0
9142,336,6,19102,1
9143,234,4,6156,0
9144,471,4,12594,0
9145,41,4,13485,0
9146,22,6,14252,1
9147,426,5,13765,0
9148,98,7,22930,1
9149,415,6,21641,1
9150,27,8,24099,1
9151,193,5,10447,0
9152,167,5,8660,0
9153,48,5,9992,0
9154,1065,3,4655,0
9155,232,4,14723,0
9156,119,5,8596,0
9157,369,6,15212,1
9158,159,7,18935,1
9159,512,4,6911,0
9160,174,8,21419,1
9161,265,5,14625,0
9162,556,4,8088,0
9163,116,7,18732,1
9164,65,3,7736,0
9165,319,10,27063,1
9166,503,4,10094,0
9167,34,8,22441,1
9168,340,4,10590,0
9169,110,2,6167,0
9170,254,5,13275,0
9171,873,1,4910,0
9172,1014,2,4179,0
9173,89,6,18181,1
9174,71,8,17795,1
9175,299,3,10522,0
9176,159,6,19531,1
9177,173,4,11824,0
9178,346,8,21707,1
9179,322,3,10744,0
9180,506,6,9008,0
9181,69,3,4565,0
9182,167,1,3263,0
9183,427,3,11657,0
9184,188,5,14973,1
9185,243,6,12213,1
9186,183,5,10852,0
9187,459,3,11869,0
9188,257,4,10576,0
9189,173,5,16016,1
9190,428,3,9945,0
9191,1139,1,2995,0
9192,806,2,3545,0
9193,346,7,17527,1
9194,150,2,8427,0
9195,77,2,7301,0
9196,425,6,17244,1
9197,142,6,23389,1
9198,198,8,31950,1
9199,356,3,9399,0
9200,40,9,32922,1
9201,39,3,6440,0
9202,123,5,15533,1
9203,68,7,22365,1
9204,157,4,12617,0
9205,17,4,8838,0
9206,208,8,16882,1
9207,301,5,16101,1
9208,98,6,17187,1
9209,703,2,6845,0
9210,16,3,6306,0
9211,227,4,10496,0
9212,305,7,18517,1
9213,201,1,3861,0
9214,317,4,15277,0
9215,85,7,19480,1
9216,248,6,13437,1
9217,440,3,3086,0
9218,22,3,5218,0
9219,378,7,15507,1
9220,65,10,25272,1
9221,206,2,7464,0
9222,13,6,18579,1
9223,8,5,17320,1
9224,24,4,8178,0
9225,202,4,8605,0
9226,26,6,17310,1
9227,230,6,9326,0
9228,18,5,18144,1
9229,202,3,6376,0
9230,201,4,15229,0
9231,220,7,19602,1
9232,433,5,13026,0
9233,474,4,11397,0
9234,408,8,23442,1
9235,773,2,2896,0
9236,185,7,17336,1
9237,210,3,6568,0
9238,326,6,16890,1
9239,100,4,9486,0
9240,965,2,4260,0
9242,8,5,14346,1
9243,276,3,6424,0
9244,502,2,7313,0
9245,84,7,17303,1
9246,817,3,5580,0
9248,161,4,17456,1
9249,185,6,16771,1
9250,118,3,10302,0
9251,295,2,5802,0
9252,142,4,10866,0
9253,48,9,29458,1
9254,479,3,8936,0
9255,5,4,8283,0
9256,167,4,13114,0
9257,235,3,6705,0
9258,783,3,8558,0
9259,484,3,9121,0
9260,773,3,5840,0
9261,702,4,9190,0
9262,109,3,6760,0
9263,14,5,11766,1
9264,26,3,8122,0
9265,10,8,17365,1
9266,47,8,21401,1
9267,75,8,21660,1
9268,515,3,4704,0
9269,257,2,7723,0
9270,980,1,2817,0
9271,120,5,19366,1
9272,170,6,22840,1
9273,50,3,8679,0
9274,142,9,23769,1
9275,103,5,17368,1
9276,60,6,17639,1
9277,58,6,23382,1
9278,360,4,10454,0
9279,28,5,14136,1
9280,227,5,15449,1
9281,564,8,20065,1
9282,316,8,21021,1
9283,99,12,40102,1
9284,72,5,12438,1
9285,104,3,5477,0
9286,367,2,7734,0
9287,628,5,13409,0
9288,1124,1,3099,0
9289,189,7,19159,1
9290,312,6,18563,1
9291,752,3,10437,0
9292,106,7,25435,1
9293,84,8,22649,1
9294,308,5,13566,0
9295,2,5,8024,0
9296,180,2,5791,0
9297,274,7,25373,1
9298,464,2,8571,0
9299,137,4,9412,0
9300,34,4,10709,0
9301,110,6,20121,1
9302,212,5,12224,0
9303,195,6,17862,1
9304,362,5,8601,0
9305,551,2,5895,0
9306,260,5,18259,1
9307,68,5,14206,1
9308,3,3,4537,0
9309,462,2,7390,0
9310,127,5,11773,0
9311,400,6,13382,0
9312,301,7,20706,1
9313,491,2,2838,0
9314,528,9,26099,1
9315,143,8,22255,1
9316,337,7,21943,1
9317,470,6,15288,1
9318,197,9,24803,1
9319,273,7,18750,1
9320,69,9,28029,1
9321,130,5,13131,1
9322,65,8,18513,1
9323,286,5,13246,0
9324,618,1,2888,0
9325,196,7,14935,1
9326,74,7,18430,1
9327,210,5,13746,0
9328,405,6,12274,0
9329,291,6,21852,1
9330,688,4,12527,0
9331,341,7,18422,1
9332,55,2,5554,0
9333,44,7,19171,1
9334,56,10,27362,1
9335,283,3,10003,0
9336,514,2,1711,0
9337,67,6,17563,1
9338,97,5,10113,0
9339,364,6,15591,1
9340,1055,1,5099,0
9341,342,4,8690,0
9342,142,7,20820,1
9343,351,3,9186,0
9344,66,2,5273,0
9345,242,2,7010,0
9346,219,5,21014,1
9347,457,4,11919,0
9348,412,4,13820,0
9349,601,4,10117,0
9350,146,8,17260,1
9351,734,5,17204,0
9352,74,4,13293,0
9353,43,8,27577,1
9354,190,3,12289,0
9355,137,4,16361,1
9356,244,2,4911,0
9357,379,4,14218,0
9358,108,5,9745,0
9359,132,5,11192,0
9360,358,4,14397,0
9361,131,4,7350,0
9362,195,3,8365,0
9363,245,4,13918,0
9364,121,3,8897,0
9365,114,3,11632,0
9366,62,6,12736,1
9367,553,2,4017,0
9368,326,6,16376,1
9369,212,7,18073,1
9370,455,3,9319,0
9371,818,3,6274,0
9372,76,7,15930,1
9373,54,3,10523,0
9374,175,4,7572,0
9375,586,6,19257,1
9376,249,6,17357,1
9377,256,7,21585,1
9378,80,6,19560,1
9379,430,3,7258,0
9380,892,4,12707,0
9381,14,5,12588,1
9382,233,4,13679,0
9383,115,6,13578,1
9384,26,6,12753,1
9385,790,4,7897,0
9386,218,4,11648,0
9387,64,3,7829,0
9388,455,4,7608,0
9389,566,3,4983,0
9390,21,4,7580,0
9391,157,3,7860,0
9392,47,3,13938,0
9393,627,3,5008,0
9394,117,3,1745,0
9395,118,4,14469,0
9396,636,3,6023,0
9397,135,4,5924,0
9398,427,3,3292,0
9399,217,3,7482,0
9400,66,6,14950,1
9401,781,2,7759,0
9402,60,9,24743,1
9403,109,7,14573,1
9404,184,2,5800,0
9405,83,11,42479,1
9406,651,4,12866,0
9407,536,4,12368,0
9408,96,6,18136,1
9409,23,2,2990,0
9410,110,5,14372,1
9411,222,2,6433,0
9412,16,5,13605,1
9413,75,4,7799,0
9414,659,1,4797,0
9415,1351,1,4423,0
9416,307,8,27733,1
9417,156,7,23935,1
9418,223,8,19581,1
9419,20,8,27550,1
9420,13,4,13498,0
9421,89,4,10932,0
9422,3,6,15256,1
9423,85,4,15378,1
9424,645,3,6232,0
9425,5,10,33263,1
9426,527,3,12865,0
9427,164,6,15483,1
9428,342,6,18913,1
9429,306,8,20877,1
9430,220,3,6879,0
9431,358,5,9425,0
9432,208,3,12319,0
9433,24,6,17118,1
9434,163,4,13354,0
9435,791,1,2325,0
9436,141,9,26743,1
9437,182,5,17897,1
9438,207,10,27674,1
9439,633,5,15661,0
9440,186,3,10094,0
9441,199,9,30464,1
9442,43,5,10247,0
9443,833,3,7369,0
9444,75,4,10382,0
9445,1,7,21495,1
9446,80,7,18060,1
9447,38,3,6827,0
9448,222,7,24668,1
9449,479,3,5998,0
9450,3,3,8249,0
9451,59,4,12850,0
9452,20,4,10586,0
9453,705,1,3160,0
9454,147,8,23208,1
9455,14,4,7399,0
9456,10,3,9165,0
9457,181,6,19893,1
9458,628,2,7566,0
9459,124,5,15299,1
9460,154,11,34969,1
9461,306,3,8504,0
9462,242,4,11497,0
9463,191,6,19295,1
9464,326,3,5897,0
9465,956,2,7103,0
9466,7,7,26308,1
9467,311,2,7542,0
9468,745,3,9374,0
9469,560,3,5172,0
9470,951,4,12749,0
9471,295,4,9937,0
9472,64,8,21694,1
9473,30,6,13255,1
9474,212,2,3660,0
9475,296,7,24784,1
9476,495,3,10848,0
9477,342,5,11146,0
9478,555,4,10685,0
9479,53,8,22369,1
9480,1063,4,7724,0
9481,604,6,22077,1
9482,649,6,20280,1
9483,22,5,13820,1
9484,210,6,16855,1
9485,260,4,6375,0
9486,654,4,9244,0
9487,406,2,3521,0
9488,226,5,19311,1
9489,114,4,11925,0
9490,32,4,9850,0
9491,147,4,8679,0
9492,309,8,23652,1
9493,477,4,13980,0
9494,114,7,21643,1
9495,242,4,13149,0
9496,753,3,10768,0
9497,706,2,6459,0
9498,29,7,20947,1
9499,245,5,16358,1
9500,733,1,3849,0
9501,126,4,11537,0
9502,408,6,16452,1
9503,994,3,12448,0
9504,482,3,5198,0
9505,174,7,17147,1
9506,525,5,12043,0
9507,375,10,28090,1
9508,49,4,9890,0
9509,113,5,17381,1
9510,763,4,10135,0
9511,566,5,11222,0
9512,13,4,6732,0
9513,108,10,33913,1
9514,207,3,8725,0
9515,511,4,12451,0
9516,539,3,8511,0
9517,758,3,6068,0
9518,350,3,8737,0
9519,118,11,22092,1
9520,90,4,13405,0
9521,153,5,17648,1
9522,113,5,13150,1
9523,99,3,14654,0
9524,80,9,22605,1
9525,30,3,10404,0
9526,204,3,6252,0
9527,189,4,9797,0
9528,136,2,4843,0
9529,228,2,8079,0
9530,419,3,6595,0
9531,213,11,32265,1
9532,178,8,15264,1
9533,124,7,19442,1
9534,42,6,19825,1
9535,62,8,19222,1
9536,194,8,25829,1
9537,134,6,16734,1
9538,60,8,26735,1
9539,35,8,20139,1
9540,469,5,18772,1
9541,87,6,19104,1
9542,111,3,7133,0
9543,130,9,21600,1
9544,124,7,19628,1
9545,189,8,21002,1
9546,51,4,12476,0
9547,79,7,18384,1
9548,338,5,14916,0
9549,242,5,15882,1
9550,181,4,15264,0
9551,64,1,3631,0
9552,35,7,13943,1
9553,205,2,6171,0
9554,456,4,18895,0
9555,36,3,12183,0
9556,108,2,3844,0
9557,82,7,11462,1
9558,280,6,21278,1
9559,805,3,9517,0
9560,80,4,11493,0
9561,380,3,7876,0
9562,53,3,6408,0
9563,243,3,10980,0
9564,135,6,13325,1
9565,144,3,7234,0
9566,854,2,6813,0
9567,92,4,14330,0
9568,174,10,27912,1
9569,183,2,5737,0
9570,327,4,13331,0
9571,120,5,9282,0
9572,276,4,5307,0
9573,756,2,3261,0
9574,262,6,16287,1
9575,367,10,27648,1
9576,123,4,8118,0
9577,132,3,8397,0
9578,197,2,5242,0
9579,120,3,9656,0
9580,18,5,18336,1
9581,248,6,19896,1
9582,137,5,9242,0
9583,122,8,21390,1
9584,342,4,10889,0
9585,35,7,23577,1
9586,190,4,7359,0
9587,234,6,19507,1
9588,39,7,12939,1
9589,48,5,16588,1
9590,293,4,6760,0
9591,272,7,13864,1
9592,7,4,15281,1
9593,373,5,13888,0
9594,14,9,29161,1
9595,43,5,12853,1
9596,275,8,22773,1
9597,345,3,10580,0
9598,77,5,11218,0
9599,239,3,8216,0
9600,111,4,10993,0
9601,227,7,24623,1
9602,344,5,12301,0
9603,244,4,7332,0
9604,2,8,18583,1
9605,625,5,11844,0
9606,462,3,6698,0
9607,717,3,8896,0
9608,134,5,12096,0
9609,49,7,17217,1
9610,221,4,7681,0
9611,35,5,10464,0
9612,122,8,21563,1
9613,243,8,22374,1
9614,222,6,16966,1
9615,265,8,21804,1
9616,180,6,20917,1
9617,862,4,6901,0
9618,115,6,14805,1
9619,423,6,8757,0
9620,37,9,25703,1
9621,880,2,2789,0
9622,163,3,6172,0
9623,88,6,15824,1
9624,160,6,8125,0
9625,37,11,25616,1
9626,185,5,9654,0
9627,275,4,7723,0
9628,289,5,18543,1
9629,261,2,3998,0
9630,16,4,14754,1
9631,73,3,3554,0
9632,412,4,12415,0
9633,49,5,10188,0
9634,424,4,10427,0
9635,38,6,15583,1
9636,99,4,4520,0
9637,17,6,19131,1
9638,624,4,10273,0
9639,45,5,16792,1
9640,98,6,12313,1
9641,19,5,12501,1
9642,19,9,25928,1
9643,117,10,25954,1
9644,85,10,30024,1
9645,11,13,39255,1
9646,110,5,12179,0
9647,735,7,17498,1
9648,755,2,4674,0
9649,252,1,4859,0
9650,104,5,18929,1
9651,192,3,8408,0
9652,478,3,8594,0
9653,133,2,5064,0
9654,192,5,18308,1
9655,35,6,13558,1
9656,174,4,15604,0
9657,91,2,7215,0
9658,691,1,2921,0
9659,107,7,20421,1
9660,50,4,11860,0
9661,5,7,16778,1
9662,261,7,23166,1
9663,163,7,8046,1
9664,238,2,3492,0
9665,11,5,18422,1
9666,29,7,11172,1
9667,689,8,22483,1
9668,41,7,15977,1
9669,422,3,12370,0
9670,212,5,16200,1
9671,296,2,4036,0
9672,386,4,11844,0
9673,165,6,18651,1
9674,222,2,5721,0
9675,463,6,13802,0
9676,46,7,18109,1
9677,99,2,4857,0
9678,14,4,8404,0
9679,443,4,11477,0
9680,68,4,13402,0
9681,87,6,22383,1
9682,776,4,8048,0
9683,429,5,16530,0
9684,52,8,15948,1
9685,462,5,20533,1
9686,177,5,12243,0
9687,231,6,18125,1
9688,416,5,13685,0
9689,67,8,27909,1
9690,165,6,16500,1
9691,1085,2,5715,0
9692,29,4,11736,0
9693,177,6,17219,1
9694,483,3,10249,0
9695,477,3,7220,0
9696,173,5,10424,0
9697,534,6,10291,0
9698,24,2,5295,0
9699,145,7,20181,1
9700,434,7,21927,1
9701,101,7,16930,1
9702,88,3,5368,0
9703,1113,5,15244,0
9704,94,6,18694,1
9705,264,6,13881,1
9706,285,2,3945,0
9707,1100,2,7192,0
9708,480,3,13471,0
9709,57,4,10012,0
9710,303,1,4692,0
9711,19,7,14543,1
9712,367,4,7015,0
9713,314,4,10804,0
9714,12,4,11825,0
9715,180,5,12040,0
9716,135,6,11851,1
9717,157,6,13555,1
9718,144,5,14118,1
9719,684,3,10380,0
9720,12,6,18168,1
9721,117,6,16972,1
9722,443,2,3946,0
9723,58,6,18826,1
9724,146,3,11203,0
9725,78,3,8289,0
9726,498,4,14186,0
9727,634,3,5930,0
9728,500,1,3260,0
9729,65,12,32713,1
9730,514,4,10847,0
9731,316,2,3956,0
9732,45,10,30183,1
9733,673,2,5742,0
9734,432,6,21702,1
9735,956,1,4341,0
9736,9,6,9986,1
9737,237,9,21298,1
9738,232,6,13964,1
9739,191,3,2004,0
9740,99,7,14739,1
9741,488,4,9151,0
9742,76,4,13173,0
9743,3,6,14594,1
9744,110,8,27470,1
9745,309,1,2619,0
9746,29,7,20842,1
9747,36,6,19014,1
9748,1076,1,4080,0
9749,45,10,28929,1
9750,322,5,16894,1
9751,759,3,6713,0
9752,150,7,23031,1
9753,19,1,3024,0
9754,40,3,5807,0
9755,99,8,22426,1
9756,190,3,8069,0
9757,168,9,17334,1
9758,38,6,19206,1
9759,387,5,14469,0
9760,90,4,8238,0
9761,156,4,8138,0
9762,34,13,33409,1
9763,232,7,16653,1
9764,111,5,16799,1
9765,673,8,26659,1
9766,20,8,23994,1
9767,150,7,25502,1
9768,137,3,10112,0
9769,909,3,10036,0
9770,399,3,11565,0
9771,852,3,7093,0
9772,90,4,17087,1
9773,32,4,9308,0
9774,330,2,6274,0
9775,381,11,36166,1
9776,62,3,9603,0
9777,179,4,12189,0
9778,348,7,16034,1
9779,355,4,10937,0
9780,356,3,10510,0
9781,30,5,13053,1
9782,134,6,13436,1
9783,173,4,6906,0
9784,134,6,17741,1
9785,472,3,6056,0
9786,95,11,29087,1
9787,170,6,11762,1
9788,14,8,19534,1
9789,8,6,17335,1
9790,25,4,8136,0
9791,186,5,13328,0
9792,187,2,5951,0
9793,183,3,12293,0
9794,319,9,27084,1
9795,39,4,15570,1
9796,13,3,9918,0
9797,93,6,17781,1
9798,30,3,9448,0
9799,122,3,8396,0
9800,580,3,7190,0
9801,310,4,9091,0
9802,161,5,13719,1
9803,6,2,6385,0
9804,420,5,11541,0
9805,99,4,4839,0
9806,1,5,13306,1
9807,478,4,11348,0
9808,42,4,6682,0
9809,135,5,12526,0
9810,711,2,5960,0
9811,325,7,21462,1
9812,700,1,4807,0
9813,185,3,8616,0
9814,997,2,8923,0
9815,547,6,20946,1
9816,163,4,11812,0
9817,155,8,23482,1
9818,446,4,11605,0
9819,51,6,16257,1
9820,27,2,8177,0
9821,151,6,15636,1
9822,181,5,12168,0
9823,31,4,7892,0
9824,330,5,10929,0
9825,174,6,18775,1
9826,131,5,13698,1
9827,107,4,7762,0
9828,315,10,35793,1
9829,108,12,37282,1
9830,308,4,10373,0
9831,50,6,21964,1
9832,124,8,23801,1
9833,3,7,19204,1
9834,185,8,22610,1
9835,647,3,2741,0
9836,705,1,4748,0
9837,440,8,18144,1
9838,12,9,30093,1
9839,692,3,9108,0
9840,269,6,19875,1
9841,385,4,10153,0
9842,405,5,14995,0
9843,453,5,12629,0
9844,121,10,30614,1
9845,65,3,9378,0
9846,83,6,22989,1
9847,439,6,13350,0
9848,26,4,11083,0
9849,97,7,20981,1
9850,55,6,14245,1
9851,620,4,7498,0
9852,232,3,5088,0
9853,154,5,13415,1
9854,299,6,15547,1
9855,379,4,8094,0
9856,278,4,18070,0
9857,438,5,9374,0
9858,536,3,11008,0
9859,150,8,19437,1
9860,14,6,18452,1
9861,28,4,10397,0
9862,144,8,23487,1
9863,339,4,13481,0
9864,119,7,22207,1
9866,11,8,26269,1
9867,208,8,20654,1
9868,1067,6,18368,0
9869,25,13,35978,1
9870,135,6,13235,1
9871,245,5,13507,0
9872,28,5,13075,1
9873,316,5,13322,0
9874,751,2,6907,0
9875,746,3,5033,0
9876,43,4,12233,0
9877,92,4,10558,0
9878,1117,1,3220,0
9879,199,4,10979,0
9880,601,2,7568,0
9881,146,4,16019,0
9882,277,11,28506,1
9883,261,3,10444,0
9884,73,3,9035,0
9885,301,4,14570,0
9886,345,6,17859,1
9887,191,5,10209,0
9888,558,3,7814,0
9889,117,8,26214,1
9890,195,8,30218,1
9891,170,6,10662,1
9892,439,5,11171,0
9893,237,10,20328,1
9894,232,6,20890,1
9895,224,5,17394,1
9896,49,4,9842,0
9897,24,6,21298,1
9898,501,3,8729,0
9899,75,6,16032,1
9900,85,3,9912,0
9901,10,5,9796,0
9902,125,6,15268,1
9903,383,3,7372,0
9904,853,2,5827,0
9905,348,8,22397,1
9906,109,6,16334,1
9907,259,7,18597,1
9908,644,4,12758,0
9909,738,4,10693,0
9910,22,7,15479,1
9911,36,4,13951,0
9912,74,4,9246,0
9913,16,7,18556,1
9914,139,4,9615,0
9915,413,6,13567,0
9916,64,10,25983,1
9917,71,5,13812,1
9918,547,4,17396,0
9919,487,4,13800,0
9920,33,8,14416,1
9921,93,7,19819,1
9922,570,3,5298,0
9923,172,4,14338,0
9924,231,5,13675,0
9925,388,4,9700,0
9926,338,3,4951,0
9927,256,9,18169,1
9928,391,4,8833,0
9929,303,8,17560,1
9930,257,4,11280,0
9931,83,4,10773,0
9932,465,5,16176,0
9933,112,4,9075,0
9934,122,9,24669,1
9935,2,5,8865,0
9936,306,5,14477,0
9937,614,3,8378,0
9938,756,3,8513,0
9939,89,9,23647,1
9940,154,6,13712,1
9941,456,8,24563,1
9942,132,7,21648,1
9943,70,7,22634,1
9944,231,7,18872,1
9945,452,4,8205,0
9946,184,4,12663,0
9947,795,2,3960,0
9948,97,11,31890,1
9949,147,7,22542,1
9950,394,7,9046,0
9951,133,7,23643,1
9952,12,7,20943,1
9953,302,3,8203,0
9954,456,4,12064,0
9955,18,4,9846,0
9956,435,6,14297,0
9957,409,6,13417,0
9958,43,8,16515,1
9959,305,4,14321,0
9960,286,5,12464,0
9961,45,4,10612,0
9962,19,7,27926,1
9963,92,5,14823,1
9964,567,3,9941,0
9965,7,8,23001,1
9966,608,9,19175,1
9967,978,6,15606,0
9968,538,7,15142,1
9969,353,3,9623,0
9970,84,5,14119,1
9971,627,2,1545,0
9972,42,3,6154,0
9973,434,4,15094,0
9974,511,3,6515,0
9975,89,4,10928,0
9976,254,7,18117,1
9977,821,2,8854,0
9978,832,6,12704,0
9979,36,6,16199,1
9980,229,5,18525,1
9981,50,7,16895,1
9982,31,7,19787,1
9983,1078,3,8345,0
9984,363,5,16222,0
9985,282,6,14927,1
9986,5,3,6753,0
9987,450,3,9791,0
9988,14,4,8753,0
9989,17,2,7213,0
9990,109,8,18567,1
9991,210,6,16013,1
9992,97,6,7417,0
9993,42,7,17232,1
9994,241,7,22032,1
9995,108,9,25260,1
9996,140,3,5665,0
9997,562,5,12705,0
9998,270,7,17730,1
9999,21,11,27022,1
10000,207,5,16117,1
10001,432,2,6520,0
10002,51,3,7495,0
10003,133,8,21034,1
10004,194,6,20630,1
10005,24,3,10481,0
10006,100,7,20481,1
10007,14,6,19184,1
10008,1085,3,7584,0
10009,368,6,13574,1
10010,251,4,14110,0
10011,848,3,9924,0
10012,80,5,14148,1
10013,142,7,21264,1
10014,289,4,17769,0
10015,307,5,11649,0
10016,129,5,8614,0
10017,446,6,14695,1
10018,521,6,14412,0
10019,8,6,16664,1
10020,37,6,20221,1
10021,62,4,13754,0
10022,547,5,15625,0
10023,153,9,25121,1
10024,73,6,16617,1
10025,40,6,21366,1
10026,823,5,19334,0
10027,147,4,12354,0
10028,566,3,10929,0
10029,1029,2,5100,0
10030,115,7,22819,1
10031,420,4,15170,0
10032,215,10,21394,1
10033,108,5,10948,0
10034,112,2,4746,0
10035,92,8,15486,1
10036,420,4,9501,0
10037,34,5,13835,1
10038,869,2,6159,0
10039,279,9,21283,1
10040,87,3,9226,0
10041,296,6,13742,1
10042,69,4,11107,0
10043,227,5,12045,0
10044,65,5,10202,0
10045,90,3,6260,0
10046,223,5,18349,1
10047,98,7,20938,1
10048,575,4,13256,0
10049,50,9,23734,1
10050,164,8,23751,1
10051,561,3,6922,0
10052,87,7,13265,1
10053,993,1,3876,0
10054,264,9,26034,1
10055,420,8,23964,1
10056,325,6,9755,0
10057,48,7,21631,1
10058,68,4,10981,0
10059,224,3,5616,0
10060,306,1,1871,0
10061,805,3,8382,0
10062,216,4,16207,0
10063,34,7,19185,1
10064,221,4,9251,0
10065,288,5,14742,0
10066,149,12,26793,1
10067,126,3,10498,0
10068,185,5,19412,1
10069,51,5,18296,1
10070,182,6,16286,1
10071,327,5,17253,1
10072,48,8,28940,1
10073,86,9,17469,1
10074,100,5,13302,1
10075,357,3,7226,0
10076,455,2,5774,0
10077,24,2,6032,0
10078,669,6,15395,0
10079,142,3,6546,0
10080,60,4,11053,0
10081,103,7,20755,1
10082,306,4,11848,0
10083,761,4,10914,0
10084,210,7,14041,1
10085,39,6,15340,1
10086,324,2,4158,0
10087,100,4,10991,0
10088,68,7,13353,1
10089,366,9,24148,1
10090,168,4,7554,0
10091,68,12,32067,1
10092,39,10,28775,1
10093,184,8,20563,1
10094,113,7,19344,1
10095,321,4,13540,0
10096,555,5,13509,0
10097,24,5,11925,1
10098,49,4,12031,0
10099,467,2,6318,0
10100,15,3,6963,0
10102,126,10,32504,1
10103,642,3,5267,0
10104,1081,1,3157,0
10105,340,3,13587,0
10106,48,4,12388,0
10107,75,5,15637,1
10108,401,4,11470,0
10109,236,5,11504,0
10110,113,5,11211,0
10111,53,9,24567,1
10112,164,7,19582,1
10113,267,5,14807,0
10114,178,7,22449,1
10115,15,9,19461,1
10116,53,13,40804,1
10117,541,2,5630,0
10118,63,3,9110,0
10119,38,8,18246,1
10120,493,3,9697,0
10121,26,10,22367,1
10122,306,6,14977,1
10123,204,4,4739,0
10124,3,4,16413,1
10125,77,4,8360,0
10126,218,5,17484,1
10127,759,2,7970,0
10128,23,8,28940,1
10129,580,7,11364,0
10130,153,4,9008,0
10131,306,4,12258,0
10132,98,3,10842,0
10133,182,6,14396,1
10134,403,6,15593,1
10135,292,6,18010,1
10136,537,8,22314,1
10137,203,5,14539,1
10138,72,6,14717,1
10139,165,1,3075,0
10140,10,5,9502,0
10141,163,7,16106,1
10142,15,4,4847,0
10143,39,10,27912,1
10144,709,1,1292,0
10145,137,5,16121,1
10146,74,3,5357,0
10147,545,3,5840,0
10148,31,5,12312,1
10149,208,7,19721,1
10150,224,2,2300,0
10151,849,2,7357,0
10152,363,4,12789,0
10153,93,3,9224,0
10154,156,4,10994,0
10155,88,4,3353,0
10156,127,5,13960,1
10157,288,4,13419,0
10158,121,12,31343,1
10159,403,4,14080,0
10160,299,6,19752,1
10161,768,4,9478,0
10162,236,8,24778,1
10163,207,2,4553,0
10164,18,6,13885,1
10165,362,3,8411,0
10166,711,2,4449,0
10167,182,6,23637,1
10168,342,2,5309,0
10169,20,8,21911,1
10170,69,3,10005,0
10171,33,7,20978,1
10172,39,4,9288,0
10173,51,6,18649,1
10174,143,4,12464,0
10175,12,5,15375,1
10176,395,8,20933,1
10177,144,3,12306,0
10178,753,2,5134,0
10179,22,4,10591,0
10180,25,7,13993,1
10181,384,7,27562,1
10182,6,3,8897,0
10183,211,6,10175,0
10184,18,8,22069,1
10185,153,11,22672,1
10186,599,8,19778,1
10187,41,5,12049,1
10188,111,5,10329,0
10189,222,4,11987,0
10190,58,4,8841,0
10191,195,1,2242,0
10192,27,7,17709,1
10193,91,4,9642,0
10194,129,7,16644,1
10195,58,7,11756,1
10196,200,3,10592,0
10197,6,6,23894,1
10198,159,4,15187,0
10199,243,5,16503,1
10200,546,5,15955,0
10201,556,4,13308,0
10203,84,4,9396,0
10204,71,8,30146,1
10205,938,1,4020,0
10206,71,5,12769,1
10207,4,6,17570,1
10208,704,4,12119,0
10209,124,3,10575,0
10210,252,6,12958,1
10211,238,2,6449,0
10212,34,6,14405,1
10213,19,2,5165,0
10214,52,5,15039,1
10215,2,6,22930,1
10216,163,4,10125,0
10217,705,3,7001,0
10218,110,7,24220,1
10219,469,3,12014,0
10220,56,3,3215,0
10221,370,5,15353,0
10222,211,4,13201,0
10223,489,4,2501,0
10224,131,3,2500,0
10225,292,4,6714,0
10226,82,5,11707,0
10227,301,6,15846,1
10228,129,10,31388,1
10229,666,2,4592,0
10230,801,2,5992,0
10231,467,4,11090,0
10232,52,6,22473,1
10233,595,4,11334,0
10235,201,4,12874,0
10236,135,2,6019,0
10237,231,6,14508,1
10238,200,7,22466,1
10239,767,3,8352,0
10240,44,5,7466,0
10241,41,8,17546,1
10242,18,10,25846,1
10243,436,5,22887,1
10244,675,2,4413,0
10245,98,9,22473,1
10246,531,4,12973,0
10247,33,2,9259,0
10248,73,4,11957,0
10249,94,9,24694,1
10250,80,4,10142,0
10251,11,4,6603,0
10252,145,4,11337,0
10253,85,9,29064,1
10254,64,3,10035,0
10255,22,5,8975,0
10256,238,3,6816,0
10257,287,3,12530,0
10258,174,5,19789,1
10259,988,1,2224,0
10260,183,6,19071,1
10261,449,4,11161,0
10262,83,8,12991,1
10263,103,4,6207,0
10264,255,10,21223,1
10265,1029,1,2272,0
10266,634,3,9663,0
10267,346,4,16532,0
10268,316,5,12324,0
10269,21,7,20996,1
10270,21,5,14359,1
10271,201,6,13407,1
10272,379,5,11664,0
10273,148,6,19877,1
10274,25,6,15822,1
10275,112,6,17625,1
10276,54,6,19230,1
10277,2,11,21785,1
10278,148,2,6575,0
10279,129,7,14754,1
10280,66,5,12885,1
10281,37,7,24334,1
10282,394,2,6788,0
10283,332,5,20510,1
10284,30,5,9655,0
10285,885,2,6628,0
10286,545,4,15252,0
10287,23,5,7880,0
10288,271,5,19638,1
10289,132,4,12244,0
10290,61,3,11467,0
10291,947,1,1996,0
10292,569,5,12397,0
10293,64,5,16005,1
10294,70,5,16860,1
10295,142,6,12557,1
10296,324,3,6058,0
10297,208,3,7367,0
10298,486,4,11819,0
10299,38,5,20320,1
10300,712,2,9291,0
10301,39,6,18643,1
10302,36,4,8863,0
10303,988,2,5613,0
10304,95,3,7505,0
10305,1342,1,1774,0
10306,255,5,9782,0
10307,138,2,6906,0
10308,130,2,6112,0
10309,43,4,12422,0
10310,129,4,8024,0
10311,119,6,20228,1
10312,25,2,3178,0
10313,173,5,13151,0
10314,595,4,9752,0
10315,431,2,6824,0
10316,583,2,8395,0
10317,53,5,11350,0
10318,419,5,13832,0
10319,149,6,11236,1
10320,206,4,15630,0
10321,63,4,12818,0
10322,94,6,10003,1
10323,161,5,8739,0
10324,386,6,20269,1
10325,154,7,21987,1
10326,1212,1,3657,0
10327,37,5,14309,1
10328,99,5,6603,0
10329,154,8,19153,1
10330,1148,4,14455,0
10331,21,7,21403,1
10332,101,6,19306,1
10333,78,4,12937,0
10334,156,4,10543,0
10335,178,3,8299,0
10336,104,5,15459,1
10337,143,7,19635,1
10338,233,7,11241,1
10339,197,6,19008,1
10340,781,5,12826,0
10341,570,4,13418,0
10342,466,3,5776,0
10343,91,11,23605,1
10344,160,7,19462,1
10345,72,5,15016,1
10346,102,4,12427,0
10347,145,2,8927,0
10348,129,8,21445,1
10349,447,3,12810,0
10350,496,3,9695,0
10351,205,5,13904,0
10352,252,4,13131,0
10353,409,3,5327,0
10354,510,7,24190,1
10355,242,5,12058,0
10356,151,6,19856,1
10357,413,5,10341,0
10358,182,6,15717,1
10359,156,5,11399,0
10360,42,6,21389,1
10361,28,3,8514,0
10362,19,4,10646,0
10363,217,4,9733,0
10364,165,7,19893,1
10365,14,6,18699,1
10366,712,1,4524,0
10367,285,2,8624,0
10368,454,1,2744,0
10369,82,6,13192,1
10370,1,3,11108,0
10371,304,6,20318,1
10372,33,3,7312,0
10373,6,6,16826,1
10374,281,5,13693,0
10375,74,7,23013,1
10376,401,6,17198,1
10377,220,9,25617,1
10378,176,3,9191,0
10379,194,2,5191,0
10380,227,6,11676,1
10381,286,5,9506,0
10382,354,5,16737,1
10383,105,7,22936,1
10384,116,6,16936,1
10385,727,2,7362,0
10386,123,6,18941,1
10387,262,7,17584,1
10388,134,3,9081,0
10389,57,4,5071,0
10390,634,5,17447,0
10391,631,3,12842,0
10392,53,6,13659,1
10393,417,6,17466,1
10394,17,7,14300,1
10395,461,6,19918,1
10396,129,6,18184,1
10397,466,5,16319,0
10398,20,7,23040,1
10399,40,8,17350,1
10400,26,6,19349,1
10401,127,8,20500,1
10402,133,8,25134,1
10403,389,5,16088,0
10404,142,5,10802,0
10405,531,3,7844,0
10406,563,3,7977,0
10407,385,8,19570,1
10408,50,7,18106,1
10409,391,7,15431,1
10410,202,7,13035,1
10411,54,4,8763,0
10412,222,7,12280,1
10413,463,4,8191,0
10414,55,5,12157,1
10415,40,7,18940,1
10416,90,5,7648,0
10417,53,3,7810,0
10418,47,6,7266,0
10419,45,4,10283,0
10420,303,7,14523,1
10421,58,2,2837,0
10422,255,7,18954,1
10423,479,5,11424,0
10424,87,7,14170,1
10425,25,4,14909,1
10426,250,3,12141,0
10427,37,3,7503,0
10428,240,3,7063,0
10429,349,2,7087,0
10430,256,5,12281,0
10431,75,8,20523,1
10432,10,7,11693,1
10433,743,3,8508,0
10434,202,3,2227,0
10435,247,7,15724,1
10436,429,6,17354,1
10437,30,5,12909,1
10438,137,9,23232,1
10439,25,8,26772,1
10440,401,3,6912,0
10441,168,5,10122,0
10442,342,2,5245,0
10443,110,8,19738,1
10444,626,5,15194,0
10445,164,5,14111,1
10446,75,6,17401,1
10447,690,3,8771,0
10448,481,4,12782,0
10449,55,7,15603,1
10450,17,4,12704,0
10451,795,1,616,0
10452,22,5,12782,1
10453,622,6,18001,1
10454,524,5,14510,0
10455,104,6,15040,1
10456,136,3,9015,0
10457,226,2,7204,0
10458,216,6,19705,1
10459,152,6,15348,1
10460,353,2,5297,0
10461,31,8,24416,1
10462,296,6,17511,1
10463,319,4,9365,0
10464,94,4,5827,0
10465,199,3,3591,0
10466,145,2,4840,0
10467,451,5,15927,0
10468,69,7,24880,1
10469,58,9,35004,1
10470,137,5,12679,0
10471,71,5,12635,1
10472,568,5,18969,0
10473,275,5,20709,1
10474,96,6,16373,1
10475,16,5,12574,1
10476,176,7,20876,1
10477,275,5,14778,0
10478,36,5,13242,1
10479,99,6,12463,1
10480,270,2,7148,0
10481,42,8,18966,1
10482,2,5,13220,1
10483,124,4,9240,0
10484,165,8,16170,1
10485,221,5,13326,0
10486,350,4,9525,0
10487,34,6,11581,1
10488,46,6,14544,1
10489,522,8,22712,1
10490,97,7,17174,1
10491,149,5,14292,1
10492,189,7,14622,1
10493,664,1,2423,0
10494,23,6,20576,1
10495,158,6,15037,1
10496,76,4,10271,0
10497,527,5,16671,0
10498,68,5,13458,1
10499,338,5,13983,0
10500,58,8,18274,1
10501,179,6,15910,1
10502,27,5,6909,0
10503,240,3,8603,0
10504,92,5,16964,1
10506,229,6,13325,1
10507,79,3,5316,0
10508,156,5,12715,0
10509,4,2,5255,0
10510,105,4,6324,0
10511,4,2,3448,0
10512,48,8,19629,1
10513,1038,1,379,0
10514,109,9,30015,1
10515,74,5,15728,1
10516,803,1,534,0
10517,384,3,2993,0
10518,308,8,21551,1
10519,46,6,12465,1
10520,61,8,26437,1
10521,30,10,24364,1
10522,1074,4,7220,0
10523,202,2,5897,0
10524,387,5,17511,1
10525,160,7,15015,1
10526,254,10,27525,1
10527,38,3,9622,0
10528,153,4,13356,0
10529,107,5,11700,0
10530,270,6,16912,1
10531,311,5,12289,0
10532,391,3,10760,0
10533,702,1,4139,0
10534,67,5,12080,1
10535,458,4,14759,0
10536,53,4,14781,0
10537,608,6,9286,0
10538,51,7,19518,1
10539,278,3,3327,0
10540,227,1,1824,0
10541,403,6,11665,0
10542,162,10,23126,1
10543,269,5,12792,0
10544,29,7,15432,1
10545,196,7,20252,1
10546,194,5,13766,0
10547,404,5,14862,0
10548,91,3,7980,0
10549,92,5,11825,0
10550,25,3,4167,0
10551,392,4,11987,0
10552,100,5,18619,1
10553,222,11,27358,1
10554,66,5,9336,0
10555,360,3,8885,0
10556,266,4,13335,0
10557,75,7,23594,1
10558,20,4,8708,0
10559,428,6,20501,1
10560,522,4,11617,0
10561,51,5,17093,1
10562,800,2,6466,0
10563,165,11,23534,1
10564,268,6,15243,1
10565,7,4,7036,0
10566,504,1,1983,0
10567,159,4,6292,0
10568,391,4,9692,0
10569,449,5,20397,1
10570,112,4,10890,0
10571,131,5,13065,1
10572,111,4,9237,0
10573,122,8,21185,1
10574,179,6,22421,1
10575,782,4,12573,0
10576,26,4,5349,0
10577,18,7,14571,1
10578,452,3,9316,0
10579,200,5,11196,0
10580,296,6,14463,1
10581,221,5,13102,0
10582,26,10,32612,1
10583,140,9,19208,1
10584,75,10,30534,1
10585,19,5,16813,1
10586,126,9,26441,1
10587,256,5,18480,1
10588,78,8,23053,1
10589,194,7,20394,1
10590,79,6,17200,1
10591,297,4,10887,0
10592,145,9,26134,1
10593,40,3,7395,0
10594,60,3,8647,0
10595,162,7,7992,1
10596,398,3,7041,0
10597,603,2,6207,0
10598,111,7,17876,1
10599,14,6,15330,1
10600,16,5,14661,1
10601,223,6,13456,1
10602,30,5,15011,1
10603,633,2,6101,0
10604,6,8,21437,1
10605,229,4,14335,0
10606,923,2,1627,0
10607,394,8,19886,1
10608,692,2,3845,0
10609,258,4,13577,0
10610,516,2,5722,0
10611,192,5,16676,1
10612,115,7,19381,1
10613,731,1,331,0
10614,318,6,18356,1
10615,205,5,15425,1
10616,691,5,14167,0
10617,348,3,11025,0
10618,32,6,14147,1
10619,2,3,11087,0
10620,240,5,17886,1
10621,414,2,7510,0
10622,374,4,7427,0
10623,702,1,2718,0
10624,396,4,11626,0
10625,104,8,30945,1
10626,12,10,27148,1
10627,332,8,18544,1
10628,109,6,11420,1
10629,324,9,27445,1
10630,110,5,12458,0
10631,493,4,18078,0
10632,239,5,14393,0
10633,235,8,27466,1
10634,198,4,12198,0
10635,140,4,11256,0
10636,564,5,13222,0
10637,182,6,18188,1
10638,110,4,11096,0
10639,670,2,4441,0
10640,84,6,23533,1
10641,117,6,14814,1
10642,276,8,24179,1
10643,68,10,24360,1
10644,104,8,22211,1
10645,301,8,19257,1
10646,288,8,22905,1
10647,132,8,20554,1
10648,62,5,9416,0
10649,91,9,23834,1
10650,12,2,7711,0
10651,737,7,15588,0
10652,57,5,16178,1
10653,190,4,10118,0
10654,127,7,19260,1
10655,204,6,12390,1
10656,83,6,22234,1
10657,15,6,20110,1
10658,33,7,25897,1
10659,527,2,2783,0
10660,29,5,15013,1
10661,270,6,21386,1
10662,538,5,8040,0
10663,477,4,8568,0
10664,476,3,5509,0
10665,580,2,9877,0
10666,672,3,3285,0
10667,137,8,20268,1
10668,53,5,17508,1
10669,688,4,2696,0
10670,186,3,5793,0
10671,329,7,18894,1
10672,476,5,18336,1
10673,202,4,10438,0
10674,234,4,8314,0
10675,754,5,7972,0
10676,81,4,7519,0
10677,499,2,2754,0
10678,99,7,15217,1
10679,186,4,12889,0
10680,71,5,11623,0
10681,77,4,14194,0
10682,101,6,21754,1
10683,90,10,28878,1
10684,314,3,4082,0
10685,64,8,25951,1
10686,103,4,7485,0
10687,221,5,14131,0
10688,242,5,12519,0
10689,42,4,11445,0
10690,212,3,6557,0
10691,645,2,6897,0
10692,623,3,4164,0
10693,201,5,14286,1
10694,486,6,15426,1
10695,125,6,8876,0
10696,223,5,17849,1
10697,160,6,17836,1
10698,242,9,24877,1
10699,40,7,14621,1
10700,15,7,18036,1
10701,90,7,18056,1
10702,236,4,9330,0
10703,567,4,6438,0
10704,596,5,12643,0
10705,125,7,20708,1
10706,18,6,14526,1
10707,110,4,11073,0
10708,153,11,24172,1
10709,346,3,4256,0
10710,234,3,12224,0
10711,790,5,15541,0
10712,112,7,18297,1
10713,904,3,9922,0
10714,412,5,12965,0
10715,91,5,20481,1
10716,170,6,18076,1
10717,780,2,4684,0
10718,197,5,12079,0
10719,100,4,11719,0
10720,2,5,10619,0
10721,86,3,6107,0
10722,175,4,11909,0
10723,50,3,11193,0
10724,225,6,11818,1
10725,9,5,16591,1
10726,68,2,2923,0
10727,20,8,23506,1
10728,224,5,17148,1
10729,852,2,4763,0
10730,197,3,5215,0
10731,131,4,7629,0
10732,112,7,20017,1
10733,158,3,1944,0
10734,253,3,8703,0
10735,563,4,9165,0
10736,98,7,20560,1
10737,444,4,8026,0
10738,122,6,15546,1
10739,153,9,28870,1
10740,46,7,20452,1
10741,257,7,22847,1
10742,386,3,8899,0
10743,338,3,4074,0
10744,119,6,13525,1
10745,82,9,22523,1
10746,160,8,21776,1
10747,187,3,10178,0
10748,646,3,6651,0
10749,84,4,14265,0
10750,264,6,13762,1
10751,282,3,8580,0
10752,68,5,12640,1
10753,392,3,9348,0
10754,426,2,7435,0
10755,162,6,13364,1
10756,448,4,10884,0
10757,77,3,6636,0
10758,150,11,24497,1
10759,757,4,14143,0
10760,184,6,9078,0
10761,154,5,12004,0
10762,235,3,10841,0
10763,145,5,12821,0
10764,146,5,9690,0
10765,160,3,7265,0
10766,190,5,14517,1
10767,314,5,14021,0
10768,316,4,11447,0
10769,78,3,11541,0
10770,117,7,21014,1
10771,459,5,11620,0
10772,139,9,25443,1
10773,342,5,14450,0
10774,252,3,5901,0
10775,180,8,21885,1
10776,250,3,6965,0
10777,98,8,15505,1
10778,412,5,11961,0
10779,705,3,6742,0
10780,26,12,30389,1
10781,398,6,15117,1
10782,309,3,7381,0
10783,50,9,22910,1
10784,78,4,13748,0
10785,119,8,28622,1
10786,808,4,12712,0
10787,149,4,11793,0
10788,132,4,16679,1
10789,647,4,8562,0
10790,159,8,21315,1
10791,418,6,17645,1
10792,112,5,8102,0
10793,602,5,12854,0
10794,16,7,21525,1
10795,101,8,18506,1
10796,176,3,8097,0
10797,23,5,8998,0
10799,593,5,19137,0
10800,610,5,9602,0
10801,37,7,17486,1
10802,47,4,9557,0
10803,259,3,9244,0
10804,379,4,10069,0
10805,329,4,17124,0
10806,385,5,16816,1
10807,356,3,8528,0
10808,70,3,11511,0
10809,322,4,12342,0
10810,119,7,24146,1
10811,64,5,15156,1
10812,1109,1,2762,0
10813,480,2,3419,0
10814,91,7,20108,1
10815,108,4,15257,0
10816,17,4,10106,0
10817,18,4,12252,0
10818,138,4,16504,1
10819,205,5,12604,0
10820,213,3,7941,0
10821,704,1,610,0
10822,17,6,16465,1
10823,140,4,12360,0
10824,410,5,12064,0
10825,695,5,14406,0
10826,444,3,4982,0
10827,117,7,15822,1
10828,73,2,7169,0
10829,944,2,3969,0
10830,302,8,23461,1
10831,425,5,13864,0
10832,390,5,7268,0
10833,383,3,10850,0
10834,631,2,4464,0
10835,120,4,6268,0
10836,14,5,9783,0
10837,112,4,11561,0
10838,68,11,34163,1
10839,93,7,20044,1
10840,52,6,14320,1
10841,292,7,20854,1
10842,606,5,22333,1
10843,365,4,6004,0
10844,149,5,17213,1
10845,131,5,19357,1
10846,609,5,11996,0
10847,64,3,10083,0
10848,423,3,5559,0
10849,318,5,8711,0
10850,33,3,9775,0
10851,179,3,4028,0
10852,27,7,12574,1
10853,252,6,16455,1
10854,490,5,13810,0
10855,95,7,22264,1
10856,426,4,11898,0
10857,233,2,5488,0
10858,409,4,13006,0
10859,91,3,10439,0
10860,275,2,5093,0
10861,262,3,4661,0
10862,96,4,8141,0
10863,397,5,14834,0
10864,726,3,5654,0
10865,806,3,6222,0
10866,320,2,5631,0
10867,44,6,22587,1
10868,99,7,13087,1
10869,275,8,22679,1
10870,220,3,6768,0
10871,69,7,27102,1
10872,72,3,7906,0
10873,27,7,23440,1
10874,253,6,15294,1
10875,169,7,15023,1
10876,93,6,13623,1
10877,330,4,9254,0
10878,475,6,16150,1
10879,158,4,13832,0
10880,223,1,2488,0
10881,51,7,18165,1
10882,70,8,14932,1
10883,323,9,21899,1
10884,228,7,18020,1
10885,138,7,22195,1
10886,104,4,13234,0
10887,361,3,5011,0
10888,323,5,14637,0
10889,343,3,5801,0
10890,346,3,8156,0
10892,804,2,6381,0
10893,64,6,14227,1
10894,111,7,15367,1
10895,173,4,8805,0
10896,524,6,7768,0
10897,132,6,15598,1
10898,100,6,18851,1
10899,262,5,10540,0
10900,707,7,17994,1
10901,471,7,14710,1
10902,9,6,15108,1
10903,54,4,9490,0
10904,334,5,15764,0
10905,269,6,11545,0
10906,84,6,22521,1
10907,52,3,9682,0
10908,433,9,22138,1
10909,732,3,14047,0
10910,39,7,24793,1
10911,322,6,17916,1
10912,259,4,13676,0
10913,549,3,11542,0
10914,230,7,20811,1
10915,527,8,20192,1
10916,157,6,11406,1
10917,266,4,8853,0
10918,308,4,10536,0
10919,28,3,11201,0
10920,159,6,17005,1
10921,64,4,10994,0
10922,189,8,20126,1
10923,98,9,21033,1
10924,12,4,8945,0
10925,27,3,10710,0
10926,11,4,14201,1
10927,474,3,9947,0
10928,13,9,28551,1
10929,448,4,10549,0
10930,133,5,11362,0
10931,547,1,3472,0
10932,736,4,8288,0
10933,53,7,19690,1
10934,55,9,29367,1
10935,65,6,11122,1
10936,288,4,6082,0
10937,441,6,9849,0
10938,174,5,11843,0
10939,838,3,6908,0
10940,554,6,16854,1
10941,164,8,22599,1
10942,102,3,7983,0
10943,173,4,6999,0
10944,195,2,7929,0
10945,364,4,13081,0
10946,563,2,5001,0
10947,272,8,17210,1
10948,264,6,19126,1
10949,494,3,10896,0
10950,62,6,16667,1
10951,152,3,11068,0
10952,589,2,5790,0
10953,207,3,10294,0
10954,103,9,20031,1
10955,10,5,15411,1
10956,1044,2,3539,0
10957,48,11,32957,1
10958,14,8,24447,1
10959,512,4,6942,0
10960,83,6,23345,1
10961,336,5,7751,0
10962,80,8,19159,1
10963,1342,1,2843,0
10964,310,4,13380,0
10965,199,2,3415,0
10967,226,5,12814,0
10968,169,2,5847,0
10969,164,3,9698,0
10970,150,7,14083,1
10971,78,5,8339,0
10972,395,7,17657,1
10973,168,5,6727,0
10974,26,6,19045,1
10975,287,10,21731,1
10976,518,4,4664,0
10977,78,5,20091,1
10978,4,8,22164,1
10979,23,6,14919,1
10980,590,4,8894,0
10981,644,2,4544,0
10982,35,6,18957,1
10983,700,5,13363,0
10984,677,7,22046,1
10985,46,8,20100,1
10986,809,5,11596,0
10987,635,2,5568,0
10988,780,3,8061,0
10989,141,5,13586,1
10990,301,5,13887,0
10991,160,10,23208,1
10992,100,5,10888,0
10993,21,5,11759,1
10994,162,5,13338,0
10995,281,7,17218,1
10996,24,4,15101,1
10997,200,5,15211,1
10998,686,6,16564,0
10999,418,2,5094,0
11000,341,5,16550,1
11001,101,6,16258,1
11002,263,7,16647,1
11003,483,6,10991,0
11004,7,5,14992,1
11005,89,5,10581,0
11006,528,3,4338,0
11007,181,5,11579,0
11008,1339,2,9361,0
11009,216,5,16101,1
11010,1312,1,577,0
11011,602,1,3963,0
11012,393,5,10116,0
11013,165,4,10260,0
11014,17,11,26525,1
11015,130,6,17649,1
11016,151,4,10294,0
11017,258,4,15568,0
11018,103,2,5751,0
11019,40,5,9041,0
11020,120,4,10966,0
11021,718,4,7530,0
11022,512,4,15288,0
11023,263,8,17726,1
11024,99,3,7303,0
11025,511,7,26104,1
11026,21,5,15945,1
11027,497,5,8702,0
11028,26,4,17289,1
11029,1107,2,7564,0
11030,115,4,11592,0
11031,39,7,19651,1
11032,535,8,17432,1
11033,280,5,17708,1
11034,789,4,10372,0
11035,170,7,15677,1
11036,193,2,9491,0
11037,144,5,17303,1
11038,586,4,10945,0
11039,50,5,6432,0
11040,34,8,27704,1
11041,17,3,6774,0
11042,352,4,8993,0
11043,359,3,5295,0
11044,191,5,12530,0
11045,609,3,8780,0
11046,164,4,13010,0
11047,179,9,19832,1
11048,160,7,18741,1
11049,39,7,15517,1
11050,302,3,6147,0
11051,160,4,9083,0
11052,134,4,15964,0
11053,129,4,15192,0
11054,42,4,14330,0
11055,2,6,16932,1
11056,51,10,29334,1
11057,264,6,13044,1
11058,122,7,24561,1
11059,256,2,8347,0
11060,75,9,22583,1
11061,65,5,9483,0
11062,226,7,20845,1
11063,80,7,15886,1
11064,102,8,17574,1
11065,282,4,8292,0
11066,139,1,4709,0
11067,305,5,12836,0
11068,350,4,11110,0
11069,129,8,22108,1
11070,639,1,1036,0
11071,90,6,11272,1
11072,115,8,15739,1
11073,868,2,1614,0
11074,129,3,6315,0
11075,117,3,6153,0
11076,358,3,10071,0
11077,233,4,13190,0
11078,12,8,20121,1
11079,217,4,11647,0
11080,32,6,22161,1
11081,781,2,5003,0
11082,98,7,16883,1
11083,209,6,17087,1
11084,79,4,6633,0
11085,124,6,12836,1
11086,98,5,10318,0
11087,154,5,14110,1
11088,331,5,15437,0
11089,70,6,15127,1
11090,163,4,3899,0
11091,14,6,8975,1
11092,668,5,13991,0
11093,123,7,23454,1
11094,150,3,10374,0
11095,258,8,24333,1
11096,66,7,20758,1
11097,142,2,8652,0
11098,252,6,11517,0
11099,295,6,18151,1
11100,243,3,9162,0
11101,500,3,7036,0
11102,287,6,8340,0
11103,67,4,16443,1
11104,70,3,7270,0
11105,17,8,20775,1
11106,313,6,15088,1
11107,208,5,8330,0
11108,305,3,12160,0
11109,771,5,12186,0
11110,314,3,7809,0
11111,23,7,19751,1
11112,97,7,17470,1
11113,205,4,9857,0
11114,208,4,11668,0
11115,636,2,4627,0
11116,12,9,28908,1
11117,50,5,13890,1
11118,337,5,13862,0
11119,57,3,10738,0
11120,162,8,23738,1
11121,102,4,15448,0
11122,377,1,1736,0
11123,196,13,31918,1
11124,453,7,20497,1
11125,11,6,18654,1
11126,240,4,12402,0
11127,288,5,13585,0
11128,91,10,26937,1
11129,59,6,11280,1
11130,34,4,14186,0
11131,256,8,20294,1
11132,285,3,7404,0
11133,11,2,5905,0
11134,433,7,14452,1
11135,782,2,4781,0
11136,93,6,10102,1
11137,239,5,15902,1
11138,393,2,4294,0
11139,154,7,23038,1
11140,511,2,4512,0
11141,181,3,6723,0
11142,35,7,18218,1
11143,97,3,4381,0
11144,190,6,18254,1
11145,117,3,3368,0
11146,683,5,7847,0
11147,111,6,10888,1
11148,146,4,7180,0
11149,233,6,18428,1
11150,62,6,22119,1
11151,180,8,22234,1
11152,640,5,10853,0
11153,6,4,9594,0
11154,100,7,21326,1
11155,55,3,5745,0
11156,639,5,11778,0
11157,70,8,25308,1
11158,559,3,9344,0
11159,113,8,25374,1
11160,79,8,31689,1
11161,477,6,12590,0
11162,22,6,21574,1
11163,155,4,7831,0
11164,737,2,8148,0
11165,233,11,33891,1
11166,1253,2,4844,0
11167,162,6,14852,1
11168,420,4,5645,0
11169,45,3,2223,0
11170,1177,1,440,0
11171,82,7,16521,1
11172,113,8,20277,1
11173,197,7,21106,1
11174,297,3,12613,0
11175,87,6,19546,1
11176,73,2,4495,0
11177,281,4,15653,0
11178,405,5,18062,1
11179,210,7,18052,1
11180,207,5,13142,0
11181,21,3,9607,0
11182,51,5,12931,1
11183,808,1,2447,0
11184,30,7,17173,1
11185,633,3,7077,0
11186,55,6,15615,1
11187,92,4,12505,0
11188,90,4,11401,0
11189,122,3,7574,0
11190,83,5,12058,0
11191,921,1,1505,0
11192,177,4,14510,0
11193,102,9,21182,1
11194,221,3,6619,0
11195,31,6,12682,1
11196,861,5,7748,0
11197,10,13,38162,1
11198,154,6,17736,1
11199,282,10,20539,1
11200,11,6,13076,1
11201,143,9,32025,1
11202,74,4,9795,0
11203,45,4,10580,0
11204,458,8,12017,1
11205,239,6,12775,1
11206,1,7,19794,1
11207,44,8,23540,1
11208,37,7,22125,1
11209,1,3,12571,0
11210,79,3,10524,0
11211,22,5,15333,1
11212,17,7,22196,1
11213,127,4,8962,0
11214,116,4,8836,0
11215,113,6,11776,1
11216,204,5,15299,1
11217,191,5,11910,0
11218,12,3,11370,0
11219,315,2,3728,0
11220,595,5,10365,0
11221,133,2,3601,0
11222,625,1,1011,0
11223,322,5,11338,0
11224,623,5,17143,0
11225,257,6,17405,1
11226,460,3,2600,0
11227,102,6,17363,1
11228,103,5,8548,0
11229,345,5,15595,0
11230,8,5,18401,1
11231,281,6,13066,1
11232,95,5,17621,1
11233,167,10,30329,1
11234,128,6,17012,1
11235,21,8,19102,1
11236,292,4,8296,0
11237,723,2,2622,0
11238,190,9,28509,1
11239,369,5,17533,1
11240,13,7,23110,1
11241,164,3,7073,0
11242,4,5,9805,0
11243,241,5,16129,1
11244,237,7,19465,1
11245,54,3,7891,0
11246,95,5,9801,0
11247,91,8,16896,1
11248,1064,2,6579,0
11249,660,6,21426,1
11250,15,7,19021,1
11251,38,8,24392,1
11252,137,3,7800,0
11254,386,11,37233,1
11255,53,5,15037,1
11256,346,7,20100,1
11257,867,2,7973,0
11258,108,7,15838,1
11259,204,6,8411,0
11260,94,6,17154,1
11261,45,9,25518,1
11262,605,2,6360,0
11263,162,9,20079,1
11264,332,6,11351,0
11265,34,10,32530,1
11266,307,7,16026,1
11267,114,4,11258,0
11268,40,7,19680,1
11269,170,6,14666,1
11270,284,5,12974,0
11271,150,4,11880,0
11272,278,6,16165,1
11273,197,3,7771,0
11274,353,5,13698,0
11275,421,2,1771,0
11276,33,3,4060,0
11277,857,1,751,0
11278,188,4,8057,0
11279,28,2,3716,0
11280,468,6,16546,1
11281,19,5,14662,1
11282,61,10,19877,1
11283,282,8,20892,1
11284,50,9,25874,1
11285,124,9,20681,1
11286,211,3,10118,0
11287,152,9,22073,1
11288,223,6,15081,1
11289,96,3,6565,0
11290,264,3,4067,0
11291,39,4,11281,0
11292,430,4,10171,0
11293,132,5,13973,1
11294,115,4,11773,0
11295,15,11,28074,1
11296,7,4,8265,0
11297,27,4,8351,0
11298,72,8,29631,1
11299,154,5,18807,1
11300,42,8,30092,1
11301,1196,3,6118,0
11302,225,5,14903,1
11303,5,6,20992,1
11304,550,6,20780,1
11305,127,3,13341,0
11306,159,8,24738,1
11307,52,7,12514,1
11308,113,5,17120,1
11309,326,7,19255,1
11310,668,3,5973,0
11311,205,3,5701,0
11312,246,7,19044,1
11313,347,7,19841,1
11314,235,5,8936,0
11315,215,6,20453,1
11316,71,4,14058,0
11317,247,4,9789,0
11318,56,6,12718,1
11319,444,3,7616,0
11320,233,6,14567,1
11321,69,6,20374,1
11322,208,7,22148,1
11323,196,4,14206,0
11324,513,4,9525,0
11325,194,5,18564,1
11326,213,6,21075,1
11327,114,4,6894,0
11328,432,5,9935,0
11329,459,8,16430,1
11330,227,4,7548,0
11331,213,3,2424,0
11332,92,4,7069,0
11333,35,6,17854,1
11334,107,6,18722,1
11335,424,5,11665,0
11336,370,5,14227,0
11337,157,2,4932,0
11338,224,5,14913,1
11339,287,5,12540,0
11340,6,3,10140,0
11341,362,2,5787,0
11342,361,4,9901,0
11343,793,5,9906,0
11344,203,4,9634,0
11345,260,4,12485,0
11346,899,1,2812,0
11347,40,8,18782,1
11348,98,6,15232,1
11349,69,5,14080,1
11350,127,5,7839,0
11351,410,9,21225,1
11352,613,2,3369,0
11353,41,3,6824,0
11354,462,5,12366,0
11355,7,4,6410,0
11356,22,7,17717,1
11357,48,7,17391,1
11358,37,5,10432,0
11359,315,1,3622,0
11360,3,9,30093,1
11361,391,3,7057,0
11362,220,4,13301,0
11363,246,7,19260,1
11364,100,3,9033,0
11365,37,10,25788,1
11366,544,4,12050,0
11367,135,5,7794,0
11368,89,5,16075,1
11369,113,5,18504,1
11370,103,9,27551,1
11371,24,7,20156,1
11372,298,6,19941,1
11373,6,5,17967,1
11374,9,2,5017,0
11375,168,5,12161,0
11376,23,7,15974,1
11377,84,6,17373,1
11378,80,5,11564,0
11379,604,1,1886,0
11380,832,3,10571,0
11381,62,3,4409,0
11382,149,8,21749,1
11383,572,4,13925,0
11384,187,7,20135,1
11385,8,8,23782,1
11386,264,6,18601,1
11387,130,6,13575,1
11388,287,11,26881,1
11389,157,8,22229,1
11390,387,11,29146,1
11391,85,5,13573,1
11392,353,3,3608,0
11393,56,4,15329,1
11394,266,3,6247,0
11395,207,3,8832,0
11396,1089,3,8822,0
11397,185,9,23926,1
11398,192,2,8021,0
11399,904,2,8357,0
11400,407,4,8883,0
11401,32,3,4319,0
11402,99,5,12487,1
11403,159,5,11812,0
11404,555,2,7098,0
11405,141,2,6112,0
11406,150,6,18149,1
11407,289,4,5626,0
11408,563,5,14751,0
11409,405,4,14832,0
11410,342,6,17673,1
11411,855,2,9622,0
11412,57,5,15522,1
11413,21,4,15512,1
11414,515,6,16112,1
11415,444,6,15453,1
11416,272,8,16281,1
11417,119,6,22198,1
11418,5,4,12772,0
11419,94,5,7671,0
11420,198,2,4814,0
11421,30,6,12197,1
11422,264,5,12504,0
11423,154,9,18495,1
11424,132,8,29113,1
11425,929,2,5286,0
11426,321,4,11133,0
11427,658,2,6139,0
11428,87,5,9145,0
11429,93,4,10882,0
11430,18,6,15397,1
11431,529,4,12493,0
11432,232,4,11503,0
11433,367,3,8586,0
11434,285,5,19808,1
11435,593,4,10350,0
11436,482,4,10921,0
11437,6,6,14818,1
11438,462,4,10425,0
11439,10,8,24589,1
11440,18,5,13971,1
11441,19,9,25609,1
11442,648,5,8017,0
11443,31,3,8208,0
11444,23,4,9306,0
11445,119,7,20335,1
11446,11,6,17918,1
11447,92,7,13635,1
11448,60,4,14602,0
11449,471,7,20442,1
11450,328,2,4394,0
11451,130,10,29478,1
11452,111,3,9106,0
11453,294,3,8787,0
11454,63,3,5241,0
11455,13,7,18071,1
11456,432,8,24644,1
11457,458,2,3607,0
11458,342,2,6058,0
11459,2,7,26150,1
11460,60,8,22305,1
11461,353,6,9567,0
11462,200,6,9293,0
11463,87,5,13979,1
11464,275,5,10928,0
11465,526,4,8769,0
11466,83,3,6860,0
11467,3,8,21463,1
11468,242,8,18298,1
11469,69,3,9874,0
11470,96,5,15402,1
11471,279,3,10009,0
11472,703,3,9222,0
11473,385,4,9672,0
11474,138,8,25841,1
11475,385,4,7668,0
11476,812,1,652,0
11477,117,6,24049,1
11478,714,3,5158,0
11479,163,4,12221,0
11480,4,4,13003,0
11481,161,6,13088,1
11482,53,7,17302,1
11483,122,5,10612,0
11484,869,3,8946,0
11485,181,4,13472,0
11486,833,3,4437,0
11487,595,3,6918,0
11488,106,4,9375,0
11489,321,4,13389,0
11490,199,7,22958,1
11491,350,4,10036,0
11492,658,1,2497,0
11493,110,5,13202,1
11494,273,7,15537,1
11495,248,7,23259,1
11496,265,8,24069,1
11497,103,4,13352,0
11498,25,6,18294,1
11499,301,6,11294,0
11500,98,9,14796,1
11501,105,6,12691,1
11502,471,2,3785,0
11503,10,13,32056,1
11504,62,10,28155,1
11505,228,8,19383,1
11506,718,6,21169,1
11507,770,3,6872,0
11508,282,6,15620,1
11509,388,7,28718,1
11510,110,5,15136,1
11511,123,6,20702,1
11512,282,8,14012,1
11513,601,2,7290,0
11514,2,5,15692,1
11515,37,2,5675,0
11516,912,5,18586,0
11517,602,2,3103,0
11518,213,4,12047,0
11519,37,7,10608,1
11520,75,5,14838,1
11521,25,4,13522,0
11522,221,4,8097,0
11523,95,11,24870,1
11524,151,10,23926,1
11525,140,6,20276,1
11526,84,8,13574,1
11527,113,5,16268,1
11528,147,3,6706,0
11529,181,3,7432,0
11530,160,3,9712,0
11531,114,6,19045,1
11532,153,3,8981,0
11533,198,6,18215,1
11534,103,2,9055,0
11535,116,6,18319,1
11536,44,12,27088,1
11537,94,4,12896,0
11538,37,4,5340,0
11539,698,3,9329,0
11540,287,5,17984,1
11541,104,4,12102,0
11542,433,4,10251,0
11543,832,1,1951,0
11544,152,4,11094,0
11545,225,5,13298,0
11546,321,1,1978,0
11547,31,7,17583,1
11548,151,7,19642,1
11549,190,6,15990,1
11550,29,4,11091,0
11551,333,3,11459,0
11552,50,4,12708,0
11553,61,6,15921,1
11554,10,8,24312,1
11555,176,7,22167,1
11556,137,10,29616,1
11557,354,5,10927,0
11558,206,3,9034,0
11559,574,3,7443,0
11560,185,6,20817,1
11561,232,9,20398,1
11562,71,13,33513,1
11563,88,5,17764,1
11564,707,3,11512,0
11565,165,6,13035,1
11566,55,5,19834,1
11567,18,7,16181,1
11568,422,4,7099,0
11569,302,5,11809,0
11570,49,3,9399,0
11571,185,6,12756,1
11572,2,4,11734,0
11573,142,4,9836,0
11574,915,2,5280,0
11575,121,6,11443,1
11576,762,4,8077,0
11577,125,5,11163,0
11578,735,3,4535,0
11579,175,5,15083,1
11580,954,4,13226,0
11581,251,6,19303,1
11582,167,6,21559,1
11583,365,6,8526,0
11584,70,5,12831,1
11585,86,8,23617,1
11586,412,7,22332,1
11587,33,7,24101,1
11588,34,8,20823,1
11589,46,7,24120,1
11590,291,5,11040,0
11591,12,6,9335,1
11592,49,8,26248,1
11593,602,4,10492,0
11594,206,4,15078,0
11595,274,3,10314,0
11596,70,7,16582,1
11597,8,8,24591,1
11598,181,3,3776,0
11599,581,4,7335,0
11600,128,4,13156,0
11601,354,2,5657,0
11602,300,3,10430,0
11603,245,6,12545,1
11604,242,3,6666,0
11605,116,3,9946,0
11606,101,6,24508,1
11607,178,4,3805,0
11608,71,4,14105,0
11609,188,5,15408,1
11610,121,6,8192,0
11611,10,6,16953,1
11612,385,2,5844,0
11613,214,6,15707,1
11614,68,6,16516,1
11615,47,4,10199,0
11616,126,3,9152,0
11617,1277,1,796,0
11618,17,10,27283,1
11619,245,8,20859,1
11620,414,3,8550,0
11621,185,4,6697,0
11622,14,7,15554,1
11623,782,1,5080,0
11624,21,8,23257,1
11625,12,8,23492,1
11626,159,10,32631,1
11627,124,6,15396,1
11628,607,4,7902,0
11629,299,2,6812,0
11630,76,3,4140,0
11631,225,3,6730,0
11632,922,3,7010,0
11633,158,8,15657,1
11634,203,4,8664,0
11635,8,4,9399,0
11636,313,2,3897,0
11637,354,3,9162,0
11638,429,1,3435,0
11639,121,7,22832,1
11640,183,5,20121,1
11641,358,7,24333,1
11642,241,3,5980,0
11643,197,4,9185,0
11644,150,5,14539,1
11645,29,5,7952,0
11646,78,9,23064,1
11647,182,2,5874,0
11648,198,4,11950,0
11649,257,5,12291,0
11650,240,4,9434,0
11651,1054,2,6019,0
11652,123,4,13960,0
11653,99,8,20855,1
11654,255,6,20560,1
11655,136,5,12150,0
11656,83,9,24389,1
11657,208,6,18523,1
11658,390,2,5989,0
11659,1028,2,5759,0
11660,43,4,9204,0
11661,122,10,35099,1
11662,65,3,10753,0
11663,68,4,9887,0
11664,344,1,4600,0
11665,938,2,6492,0
11666,294,5,6997,0
11667,87,8,26606,1
11668,240,9,24460,1
11669,216,7,18279,1
11670,538,5,13587,0
11671,389,4,9980,0
11672,331,3,8508,0
11673,374,5,13475,0
11674,625,3,11881,0
11675,237,12,32356,1
11676,472,4,9150,0
11677,170,7,20150,1
11678,282,5,12568,0
11679,588,2,5932,0
11680,757,4,11538,0
11681,75,5,12964,1
11682,564,4,11596,0
11683,28,6,23270,1
11684,536,4,16197,0
11685,312,4,14882,0
11686,44,7,17581,1
11687,453,4,13944,0
11688,181,7,10463,1
11689,581,1,3366,0
11690,53,4,9655,0
11691,667,4,7308,0
11692,132,4,13000,0
11693,48,3,5451,0
11694,413,2,8615,0
11695,83,9,23047,1
11696,98,6,21367,1
11697,31,4,7870,0
11698,609,5,17187,0
11699,225,3,6842,0
11700,118,3,7296,0
11701,585,5,16214,0
11702,801,4,10453,0
11703,105,7,21298,1
11704,1132,2,8115,0
11705,758,3,7479,0
11706,656,4,10355,0
11707,91,4,9495,0
11708,749,2,1926,0
11709,157,4,11439,0
11710,9,9,26167,1
11711,168,3,7810,0
11712,76,6,22249,1
11713,300,5,17364,1
11714,303,2,7366,0
11715,219,8,29665,1
11716,327,8,22877,1
11717,1185,3,7701,0
11718,58,11,26567,1
11719,58,5,12083,1
11720,648,3,13707,0
11721,53,8,22869,1
11722,2,7,22262,1
11723,120,6,20599,1
11724,589,4,4607,0
11726,361,4,11518,0
11727,245,7,17910,1
11728,345,8,26702,1
11729,426,6,19927,1
11730,8,2,8349,0
11731,575,3,9832,0
11732,25,10,24011,1
11733,108,4,10286,0
11734,7,8,28734,1
11735,149,2,2790,0
11736,399,4,5968,0
11737,61,2,3910,0
11738,340,5,19438,1
11739,28,7,19389,1
11740,115,4,10628,0
11741,299,3,10543,0
11742,2,4,10030,0
11743,442,7,16641,1
11744,297,2,5591,0
11745,742,2,4556,0
11746,612,2,3877,0
11747,304,4,10722,0
11748,9,4,8276,0
11749,22,6,12530,1
11750,805,3,7878,0
11751,740,7,18642,1
11752,268,4,7595,0
11753,464,4,14691,0
11754,24,6,17550,1
11755,116,8,21498,1
11756,427,3,5950,0
11757,754,3,9578,0
11758,312,9,29362,1
11759,136,5,17868,1
11760,29,6,20930,1
11761,211,2,2933,0
11762,22,9,25260,1
11763,124,4,10049,0
11764,138,3,6669,0
11765,605,3,4378,0
11766,304,9,27031,1
11767,138,6,15183,1
11768,150,6,17028,1
11769,682,4,6419,0
11770,46,5,14667,1
11771,135,7,20101,1
11772,447,3,7489,0
11773,73,9,20014,1
11774,645,8,22408,1
11775,52,4,8209,0
11776,135,4,10445,0
11777,76,3,6660,0
11778,579,1,2744,0
11779,475,5,12293,0
11780,153,5,12028,0
11781,243,8,24473,1
11782,57,8,16013,1
11783,22,3,11910,0
11784,98,11,31649,1
11785,43,7,19962,1
11786,810,3,8015,0
11787,261,4,14281,0
11788,103,2,6119,0
11789,451,3,10546,0
11790,717,3,10775,0
11791,245,1,470,0
11792,55,2,6984,0
11793,93,5,10718,0
11794,700,2,4862,0
11795,48,7,15063,1
11796,503,6,17202,1
11797,255,5,12048,0
11798,114,7,18872,1
11799,350,5,19152,1
11800,51,7,23479,1
11801,26,6,15609,1
11802,453,8,25629,1
11803,253,4,8496,0
11804,475,5,6663,0
11805,538,5,7735,0
11806,34,4,14535,1
11807,30,3,8490,0
11808,120,7,15376,1
11809,130,6,20528,1
11810,951,1,1790,0
11811,325,7,22776,1
11812,69,5,10020,0
11813,113,6,17263,1
11814,57,6,16290,1
11815,147,4,15212,0
11816,151,3,8329,0
11817,446,3,9428,0
11818,134,4,16079,1
11819,367,2,8719,0
11820,272,6,11970,1
11821,49,4,12017,0
11822,15,3,6148,0
11823,975,2,5747,0
11824,31,8,27262,1
11825,1079,2,7671,0
11826,113,2,7161,0
11827,83,6,15453,1
11828,17,4,10486,0
11829,444,4,9489,0
11830,36,5,14092,1
11831,62,3,10017,0
11832,676,2,9656,0
11833,354,5,11206,0
11834,250,4,11082,0
11835,212,9,19065,1
11836,300,5,10509,0
11837,100,2,7334,0
11838,730,3,7595,0
11839,443,4,9754,0
11840,321,3,4929,0
11841,197,5,9933,0
11842,61,10,27805,1
11843,60,4,4893,0
11844,86,4,7112,0
11845,102,5,13663,1
11846,290,5,10777,0
11847,81,6,15178,1
11848,14,5,12071,1
11849,134,5,12054,0
11850,102,8,25756,1
11851,214,3,6058,0
11852,7,6,16650,1
11853,3,6,18691,1
11854,62,5,14421,1
11855,137,3,7755,0
11856,672,2,4381,0
11857,416,3,8832,0
11858,328,6,11634,0
11859,225,9,22426,1
11860,424,1,4883,0
11861,224,2,7744,0
11862,713,2,4692,0
11863,395,5,12676,0
11864,337,3,10870,0
11865,553,6,17780,1
11866,191,5,19931,1
11867,583,3,3655,0
11868,3,6,13732,1
11869,65,6,10869,1
11870,206,7,18873,1
11871,133,4,8345,0
11872,32,3,3967,0
11873,361,2,7522,0
11874,145,2,6397,0
11875,150,2,3557,0
11876,399,5,14453,0
11877,496,5,7795,0
11878,768,4,9668,0
11879,34,6,19493,1
11880,109,6,16209,1
11881,38,10,21857,1
11882,34,5,15376,1
11883,263,2,3535,0
11884,103,4,13508,0
11885,198,5,8710,0
11886,246,8,20323,1
11887,858,2,6359,0
11888,1005,4,13477,0
11889,485,4,14856,0
11890,333,5,17056,1
11891,93,8,17581,1
11892,518,1,2655,0
11893,532,9,18962,1
11894,404,8,22623,1
11895,454,8,20305,1
11896,80,6,13627,1
11897,84,7,18389,1
11898,394,2,3624,0
11899,5,7,16157,1
11900,17,5,18005,1
11901,58,10,29568,1
11902,262,2,9342,0
11903,71,9,26026,1
11904,983,1,4204,0
11905,829,2,6515,0
11906,542,2,2279,0
11907,182,4,13285,0
11908,55,6,14027,1
11909,77,6,23897,1
11910,908,2,6209,0
11911,454,5,21139,1
11912,661,5,11331,0
11913,1302,1,2612,0
11915,73,7,18754,1
11916,2,5,12121,1
11917,69,3,7226,0
11918,564,6,12978,0
11919,31,6,14074,1
11920,141,6,11722,1
11921,90,3,5003,0
11922,251,9,20645,1
11923,522,5,10389,0
11924,310,3,9993,0
11925,41,5,12124,1
11926,108,10,26136,1
11927,182,3,10174,0
11928,68,9,22801,1
11929,330,7,18451,1
11930,117,10,35254,1
11931,12,9,27749,1
11932,184,6,13732,1
11933,132,7,15578,1
11934,127,4,15621,0
11935,53,4,8638,0
11936,274,3,10906,0
11937,86,6,16191,1
11938,298,3,4973,0
11939,68,10,34844,1
11940,60,8,25048,1
11941,81,6,11017,1
11942,29,5,14411,1
11943,38,5,12043,1
11944,329,7,21296,1
11945,240,4,13129,0
11946,458,5,12362,0
11947,236,7,15530,1
11948,99,2,3508,0
11949,193,5,11142,0
11950,139,5,14023,1
11951,629,4,10587,0
11952,720,2,4429,0
11953,777,2,8169,0
11954,42,7,18953,1
11956,302,4,12491,0
11957,55,2,4428,0
11958,135,6,10231,1
11959,6,6,13158,1
11960,470,6,17644,1
11961,583,4,10353,0
11962,42,4,11938,0
11963,46,6,20525,1
11964,50,5,12437,1
11965,203,3,5807,0
11966,145,5,17745,1
11967,1207,2,6943,0
11968,131,4,11048,0
11969,987,2,7695,0
11970,103,4,7473,0
11971,57,5,15780,1
11972,307,3,11358,0
11973,680,6,17419,0
11974,261,6,9921,0
11975,180,7,19162,1
11976,5,4,8093,0
11977,101,7,18304,1
11978,239,5,16657,1
11979,532,5,16055,0
11980,611,4,12791,0
11981,64,4,12326,0
11982,331,2,8570,0
11983,85,9,20949,1
11984,227,6,13146,1
11985,675,2,7347,0
11986,48,5,13865,1
11987,221,3,8905,0
11988,234,3,5280,0
11989,449,2,8266,0
11990,631,5,14490,0
11991,406,3,5675,0
11992,572,2,5717,0
11993,32,7,17658,1
11994,121,4,11487,0
11995,405,4,13566,0
11996,690,7,21814,1
11997,43,5,10021,0
11998,310,5,11684,0
11999,161,8,26609,1
12000,215,4,12058,0
12001,147,5,15555,1
12002,441,4,11037,0
12003,67,4,15800,1
12004,646,5,12565,0
12005,32,5,9433,0
12006,337,2,4561,0
12007,856,4,9234,0
12008,280,3,7143,0
12009,8,2,10149,0
12010,544,2,8614,0
12011,637,3,7391,0
12012,102,4,7653,0
12013,69,5,13290,1
12014,571,3,6257,0
12015,1,3,10697,0
12016,1316,1,443,0
12017,13,10,25981,1
12018,2,8,23985,1
12019,378,3,5753,0
12020,43,7,20523,1
12021,529,3,7270,0
12022,54,11,23360,1
12023,954,4,12558,0
12024,10,3,7581,0
12025,29,8,11922,1
12026,495,4,8524,0
12027,695,1,4769,0
12028,30,3,7015,0
12029,144,4,12117,0
12030,140,2,2731,0
12031,213,8,27148,1
12032,1126,1,3974,0
12033,52,5,16927,1
12034,179,2,5134,0
12035,128,5,16115,1
12036,107,10,33891,1
12037,75,7,12896,1
12038,832,4,3720,0
12039,447,4,10526,0
12040,741,1,1217,0
12041,237,6,13890,1
12042,139,9,24491,1
12043,388,2,7885,0
12044,169,8,14428,1
12045,1292,1,1558,0
12046,253,2,6110,0
12047,354,7,17693,1
12048,96,4,7924,0
12049,129,9,23288,1
12050,56,9,27364,1
12051,399,4,13239,0
12052,98,11,37403,1
12053,792,4,7656,0
12054,357,4,12128,0
12055,9,6,21688,1
12056,135,6,17514,1
12057,19,11,24584,1
12058,92,6,18280,1
12059,705,2,8155,0
12060,108,3,4694,0
12061,77,8,22111,1
12062,95,3,9886,0
12063,116,5,12491,0
12064,93,2,2999,0
12065,146,9,31383,1
12066,335,3,9085,0
12067,94,4,6236,0
12068,402,2,2878,0
12069,179,2,3115,0
12070,45,5,15630,1
12071,120,4,6294,0
12072,51,5,21140,1
12073,29,5,12627,1
12074,68,4,8053,0
12075,257,3,11438,0
12076,535,1,437,0
12077,309,3,3310,0
12078,4,3,5184,0
12079,150,5,17432,1
12080,394,7,24297,1
12081,86,4,9815,0
12082,8,6,18378,1
12083,251,4,11495,0
12084,278,3,7992,0
12085,520,2,6716,0
12086,91,10,30964,1
12087,1087,2,6554,0
12088,788,1,4800,0
12089,300,5,14345,0
12090,270,12,34411,1
12091,585,2,5124,0
12092,94,7,20382,1
12093,678,2,3565,0
12094,38,6,21040,1
12095,165,6,11959,1
12096,603,5,15707,0
12097,209,7,17107,1
12098,384,4,10821,0
12099,17,8,17875,1
12100,756,3,7346,0
12101,329,2,4316,0
12102,311,5,14355,0
12103,74,5,13748,1
12104,255,3,8226,0
12105,227,5,12023,0
12106,85,8,24736,1
12107,24,3,6132,0
12108,62,6,20968,1
12109,302,4,14583,0
12110,301,7,12396,1
12111,110,4,12638,0
12112,512,3,7360,0
12113,712,5,10924,0
12114,318,4,12735,0
12115,111,4,10951,0
12116,27,5,17142,1
12117,229,5,11797,0
12118,100,4,10105,0
12119,324,2,4433,0
12120,36,3,7668,0
12121,148,9,22768,1
12122,148,5,12985,0
12123,183,6,19357,1
12124,650,2,6032,0
12125,1200,2,3580,0
12126,52,4,13314,0
12127,285,4,13432,0
12128,332,6,13837,1
12129,210,6,23440,1
12130,420,6,15694,1
12131,116,1,1235,0
12132,562,6,14851,0
12133,208,8,19051,1
12134,31,4,10181,0
12135,250,6,21202,1
12136,282,7,23253,1
12137,158,6,15721,1
12138,194,4,8030,0
12139,65,5,15599,1
12140,27,9,20200,1
12141,293,5,13721,0
12142,502,1,4520,0
12143,247,7,21773,1
12144,124,6,13782,1
12145,388,5,11341,0
12146,57,6,21299,1
12147,651,5,13712,0
12148,168,7,23967,1
12149,487,3,12197,0
12150,771,3,14094,0
12151,5,7,22368,1
12152,300,2,7082,0
12153,168,3,6607,0
12154,277,5,14952,0
12155,454,3,11270,0
12156,56,3,7893,0
12157,9,11,29333,1
12158,338,6,13668,1
12159,241,5,15986,1
12160,127,6,11033,1
12161,330,6,13336,1
12162,558,7,18610,1
12163,69,9,13421,1
12164,542,3,11875,0
12165,110,7,21086,1
12166,112,6,21127,1
12167,136,4,9935,0
12168,125,7,17669,1
12169,38,7,17252,1
12170,7,9,23644,1
12171,560,4,7173,0
12172,109,8,22650,1
12173,4,3,6039,0
12174,97,5,11562,0
12175,301,6,18700,1
12176,112,6,14303,1
12177,191,13,36670,1
12178,219,3,7035,0
12179,423,8,23520,1
12180,18,4,8794,0
12181,417,5,17871,1
12182,113,5,8737,0
12183,402,3,11791,0
12184,38,8,23901,1
12185,28,3,7480,0
12186,73,9,29854,1
12187,31,4,12623,0
12188,550,1,1063,0
12189,418,7,19987,1
12190,101,6,13326,1
12191,319,6,16187,1
12192,635,3,4981,0
12193,287,5,15833,1
12195,304,4,9434,0
12196,585,3,8390,0
12197,37,9,29215,1
12198,311,6,13255,1
12199,549,2,6766,0
12200,1141,2,9477,0
12201,72,4,6457,0
12202,14,11,19727,1
12203,36,3,8460,0
12204,74,5,17768,1
12205,70,6,11832,1
12206,6,4,11334,0
12207,497,9,29404,1
12208,24,7,24593,1
12209,788,4,12414,0
12210,171,4,11861,0
12211,88,5,14393,1
12212,9,5,16144,1
12213,475,2,5961,0
12214,91,7,23175,1
12215,297,6,13870,1
12216,571,1,2275,0
12217,208,4,11121,0
12218,44,8,17672,1
12219,82,4,11185,0
12220,358,2,4885,0
12221,627,3,11326,0
12222,119,5,16235,1
12223,1269,1,5125,0
12224,166,3,7168,0
12225,852,3,9270,0
12226,710,6,13689,0
12227,628,3,5074,0
12228,151,5,14205,1
12229,1086,3,7828,0
12230,24,7,24214,1
12231,14,8,21144,1
12232,254,7,20732,1
12233,460,6,11778,0
12234,331,6,19465,1
12235,120,5,12628,0
12236,57,6,21692,1
12237,445,3,14092,0
12238,295,7,16912,1
12239,28,3,6510,0
12240,114,5,12745,1
12241,846,5,12660,0
12242,142,6,12442,1
12243,23,3,10702,0
12244,34,9,27032,1
12246,175,10,27265,1
12247,308,2,6840,0
12248,175,10,25568,1
12249,2,9,31530,1
12250,263,4,7937,0
12251,86,5,14688,1
12252,466,4,11776,0
12253,186,6,20800,1
12254,1305,1,4094,0
12255,16,5,3980,0
12256,55,7,15265,1
12257,295,6,14112,1
12258,444,3,8409,0
12259,71,4,10454,0
12260,364,4,9204,0
12261,10,3,4183,0
12262,13,7,21085,1
12263,16,5,18732,1
12264,280,8,18215,1
12265,339,10,31475,1
12266,289,3,7640,0
12267,378,5,6656,0
12268,201,4,8357,0
12269,53,5,15737,1
12270,13,7,24504,1
12271,8,9,24743,1
12272,159,7,21031,1
12273,876,4,10823,0
12274,234,2,7711,0
12275,108,3,10001,0
12276,269,6,15396,1
12277,559,2,4255,0
12278,333,2,8737,0
12279,223,7,17530,1
12280,48,3,9488,0
12281,526,5,16327,0
12282,168,5,13054,0
12283,174,6,17527,1
12284,543,4,10575,0
12285,619,5,15374,0
12286,769,2,5941,0
12287,177,5,16200,1
12288,45,4,10394,0
12289,206,4,9901,0
12290,487,4,12613,0
12291,149,8,21419,1
12292,172,6,11179,1
12293,1332,1,3426,0
12294,151,4,8711,0
12295,430,4,6261,0
12296,9,11,28951,1
12297,526,5,17518,0
12298,376,9,22264,1
12299,322,5,15009,0
12300,8,6,10406,1
12301,259,4,10023,0
12302,459,3,6369,0
12303,48,2,1763,0
12304,31,7,20034,1
12305,325,5,11570,0
12306,290,5,18143,1
12307,4,3,10754,0
12308,104,6,13365,1
12309,620,3,11540,0
12310,107,3,3857,0
12311,164,4,19565,1
12312,303,6,19235,1
12313,412,4,10325,0
12314,34,9,22864,1
12315,259,1,4062,0
12316,85,8,27012,1
12317,329,6,19110,1
12318,333,2,5123,0
12319,283,5,15220,1
12320,177,5,8912,0
12321,341,2,3635,0
12322,63,6,8227,0
12323,327,9,23596,1
12324,44,11,37480,1
12325,71,1,3468,0
12326,378,8,24648,1
12327,59,5,10979,0
12328,121,2,4969,0
12329,45,6,19866,1
12330,138,4,8134,0
12331,112,6,15475,1
12332,147,6,23757,1
12333,103,7,22316,1
12334,1134,2,7343,0
12335,455,5,12395,0
12336,3,3,10787,0
12337,272,8,28214,1
12338,70,5,14855,1
12339,386,2,4302,0
12340,321,4,9299,0
12341,298,3,7260,0
12342,33,4,9332,0
12343,10,7,17855,1
12344,352,6,11602,0
12345,706,3,6809,0
12346,108,5,13630,1
12347,243,3,8963,0
12348,59,5,11349,0
12349,14,6,15407,1
12350,1282,1,1402,0
12351,185,6,19228,1
12352,85,6,9123,1
12353,2,4,11935,0
12354,379,5,14794,0
12355,31,4,8647,0
12356,264,2,6655,0
12357,186,4,7516,0
12358,164,5,13528,1
12359,53,7,18883,1
12360,126,6,19360,1
12361,165,2,8052,0
12362,53,5,18831,1
12363,405,3,8877,0
12364,22,5,17488,1
12365,40,10,28097,1
12366,71,3,8524,0
12367,353,12,29590,1
12368,19,4,15925,1
12369,53,8,22727,1
12370,67,5,15159,1
12371,43,4,13618,0
12372,25,7,19380,1
12373,52,3,10654,0
12374,312,8,18228,1
12375,477,10,26538,1
12376,114,6,12424,1
12377,25,8,22892,1
12378,64,6,12897,1
12379,134,4,11808,0
12380,328,5,11673,0
12381,108,2,4962,0
12382,311,5,13197,0
12383,138,8,25517,1
12384,143,8,22541,1
12385,11,7,20815,1
12386,18,6,8427,1
12387,401,2,5527,0
12388,794,1,3395,0
12389,145,8,26404,1
12390,550,2,8793,0
12391,75,6,17528,1
12392,267,2,5106,0
12393,199,5,12337,0
12394,319,3,8348,0
12395,47,7,23127,1
12396,27,8,23036,1
12397,110,7,20970,1
12398,57,4,11330,0
12399,398,5,11420,0
12400,286,2,3915,0
12401,326,4,7286,0
12402,878,4,15596,0
12403,434,5,18940,1
12404,154,6,14371,1
12405,455,3,9878,0
12406,174,3,8425,0
12407,435,7,16820,1
12408,131,4,14047,0
12409,71,3,9535,0
12410,27,2,4571,0
12411,72,5,14865,1
12412,272,5,13807,0
12413,455,2,8390,0
12414,502,1,5046,0
12415,226,5,13063,0
12416,281,8,18503,1
12417,673,5,14861,0
12418,2,6,17190,1
12419,913,4,11301,0
12420,685,3,9902,0
12421,284,3,9098,0
12422,390,3,5775,0
12423,95,4,10706,0
12424,17,7,16118,1
12425,130,2,4711,0
12426,18,8,28441,1
12427,321,4,12986,0
12428,513,5,18563,0
12429,133,2,8851,0
12430,66,2,5190,0
12431,298,5,11901,0
12432,27,6,18338,1
12433,707,1,1044,0
12434,370,6,18224,1
12435,272,4,13701,0
12436,986,1,3435,0
12437,198,6,9272,0
12438,21,7,27008,1
12439,15,5,13240,1
12440,224,10,27336,1
12441,84,8,16652,1
12442,93,5,12155,0
12443,113,4,11557,0
12444,74,5,20865,1
12445,517,3,7298,0
12446,239,6,11255,0
12447,57,6,21655,1
12448,510,3,7723,0
12449,570,3,6414,0
12450,13,9,20098,1
12451,268,4,5941,0
12452,93,5,10880,0
12453,964,2,4882,0
12454,274,3,10705,0
12455,14,5,13973,1
12456,370,4,10177,0
12457,151,6,14945,1
12458,598,4,10981,0
12459,270,5,16244,1
12460,94,6,14966,1
12461,36,11,31377,1
12462,129,10,20408,1
12463,317,6,20600,1
12464,12,3,7432,0
12465,399,5,15459,0
12466,56,7,19357,1
12467,323,7,17771,1
12468,341,1,1242,0
12469,453,5,15306,0
12470,209,3,5586,0
12471,560,5,17237,0
12472,29,4,9118,0
12473,520,1,4040,0
12474,35,10,30481,1
12475,4,8,29403,1
12476,179,5,13419,0
12477,110,8,17058,1
12478,250,7,23231,1
12479,95,4,11640,0
12480,1123,1,3444,0
12481,464,5,16802,0
12482,71,5,17347,1
12483,85,8,27258,1
12484,200,3,5674,0
12485,9,8,15935,1
12486,320,6,19107,1
12487,702,2,6902,0
12488,731,3,12780,0
12489,265,2,4575,0
12490,851,3,9668,0
12491,76,3,8967,0
12492,10,6,24972,1
12493,358,2,9072,0
12494,516,3,5716,0
12495,82,4,11017,0
12496,353,4,13847,0
12497,167,6,16813,1
12498,48,13,34970,1
12499,267,8,23618,1
12500,212,5,11130,0
12501,299,3,8549,0
12502,354,3,7273,0
12503,259,5,12350,0
12504,767,2,8391,0
12505,347,4,10857,0
12506,885,2,3116,0
12507,55,7,14917,1
12508,226,6,18297,1
12509,260,4,13060,0
12510,686,7,21402,1
12511,151,4,9934,0
12512,190,7,21188,1
12513,852,1,2279,0
12514,407,1,3013,0
12515,504,1,1824,0
12516,220,5,19929,1
12517,584,1,1214,0
12518,272,7,22314,1
12519,880,4,15487,0
12520,182,6,24739,1
12521,111,5,15843,1
12522,165,7,17682,1
12523,560,5,13569,0
12524,121,5,8587,0
12525,51,5,14274,1
12526,78,6,11632,1
12527,434,4,13385,0
12528,19,5,15543,1
12529,19,15,35671,1
12530,53,2,6760,0
12531,58,7,29152,1
12532,282,5,8690,0
12533,319,5,13356,0
12534,44,3,6743,0
12535,52,3,7906,0
12536,742,5,11799,0
12537,179,9,25022,1
12538,30,3,11932,0
12539,304,3,9620,0
12540,253,5,13616,0
12541,276,5,9436,0
12542,142,5,12304,0
12543,364,6,15107,1
12544,26,4,13787,0
12545,52,4,14942,1
12546,35,9,24047,1
12547,495,5,13643,0
12548,227,10,28574,1
12549,51,6,16827,1
12550,142,7,19127,1
12551,343,6,17789,1
12552,7,6,19470,1
12553,115,6,22933,1
12554,34,4,9031,0
12555,204,4,10249,0
12556,4,8,22075,1
12557,111,4,9383,0
12558,214,7,22691,1
12559,386,2,9197,0
12560,36,5,19025,1
12561,289,6,14845,1
12562,80,7,12953,1
12563,262,4,14781,0
12564,135,6,24386,1
12565,42,4,9251,0
12566,71,3,8440,0
12567,447,5,10544,0
12568,384,4,11063,0
12569,551,2,2331,0
12570,189,3,7433,0
12571,176,6,18302,1
12572,81,4,10012,0
12573,23,10,32079,1
12574,135,3,5453,0
12575,736,2,1079,0
12576,12,5,7941,0
12577,220,7,21395,1
12578,140,6,15821,1
12579,454,1,1724,0
12580,163,7,22784,1
12581,61,8,19588,1
12582,1054,5,15411,0
12583,52,6,14848,1
12584,434,6,13944,0
12585,41,7,19622,1
12586,4,10,25775,1
12587,19,3,3466,0
12588,494,2,997,0
12589,399,2,3822,0
12590,13,5,11234,1
12591,80,2,5786,0
12592,68,8,19415,1
12593,64,6,16736,1
12594,614,3,5847,0
12596,28,6,12637,1
12597,238,7,23618,1
12598,22,8,16050,1
12599,295,3,8279,0
12600,137,5,17855,1
12601,321,3,1271,0
12602,4,7,17946,1
12603,784,2,5436,0
12604,169,7,15268,1
12605,501,7,22418,1
12606,390,5,15093,0
12607,159,4,11449,0
12608,703,2,7819,0
12609,94,12,30047,1
12610,289,6,14507,1
12611,31,12,42804,1
12612,115,4,13219,0
12613,134,9,30725,1
12614,448,2,6965,0
12615,102,4,6573,0
12616,1001,3,10757,0
12617,252,6,12648,1
12618,470,4,11034,0
12619,41,9,27538,1
12620,3,7,18606,1
12621,74,8,21605,1
12622,153,2,3236,0
12623,63,6,18930,1
12624,458,5,17153,0
12625,102,5,16202,1
12626,378,1,3575,0
12627,706,5,17729,0
12628,455,2,6105,0
12629,492,3,8189,0
12630,324,2,4128,0
12631,236,6,16322,1
12632,375,5,10364,0
12633,406,5,18867,1
12634,158,5,8762,0
12635,919,3,4860,0
12636,121,8,23680,1
12637,18,4,12562,0
12638,80,5,5808,0
12639,962,3,10474,0
12640,437,6,11460,0
12641,165,6,14017,1
12642,34,4,12053,0
12643,33,8,12169,1
12644,146,6,16084,1
12645,282,7,10716,1
12646,1030,2,5897,0
12647,15,5,21456,1
12648,604,4,8962,0
12649,531,5,10779,0
12650,467,5,16935,0
12651,695,3,6036,0
12652,337,5,9166,0
12653,92,6,18598,1
12654,111,6,23892,1
12655,79,8,20524,1
12656,232,4,10166,0
12657,19,5,15054,1
12658,655,5,11317,0
12659,102,8,21658,1
12660,365,3,10824,0
12661,304,4,17155,0
12662,71,5,12968,1
12663,26,5,16811,1
12664,111,11,28167,1
12665,129,3,12330,0
12666,291,3,4674,0
12667,83,5,9087,0
12668,143,6,19118,1
12669,78,3,6871,0
12670,330,3,4957,0
12671,85,3,12903,0
12672,341,4,11233,0
12673,308,4,9666,0
12674,175,4,11986,0
12675,86,2,5899,0
12676,37,6,11753,1
12677,360,6,19116,1
12678,141,5,15210,1
12679,23,6,18373,1
12680,120,6,17699,1
12681,496,2,1501,0
12682,218,4,11936,0
12683,254,6,17700,1
12684,247,3,10170,0
12685,148,1,1362,0
12686,26,8,25313,1
12687,303,5,14973,0
12688,50,1,2061,0
12689,46,5,11428,0
12690,160,6,12391,1
12691,11,6,14763,1
12692,810,2,7103,0
12693,634,5,9555,0
12694,736,2,7812,0
12695,8,7,20555,1
12696,393,6,16875,1
12697,87,8,24711,1
12698,88,6,17794,1
12699,2,8,20706,1
12700,95,5,16658,1
12701,391,5,14052,0
12702,1105,2,4727,0
12703,269,3,7911,0
12704,220,7,18682,1
12705,832,3,6802,0
12706,67,6,12861,1
12707,70,4,12483,0
12708,53,6,15338,1
12709,63,9,25294,1
12710,59,3,8917,0
12711,54,4,11397,0
12712,640,3,9212,0
12713,332,3,8421,0
12714,688,3,10725,0
12715,64,5,18844,1
12716,616,1,3813,0
12717,123,2,7911,0
12718,223,3,3851,0
12719,5,6,10918,1
12720,49,5,11000,0
12721,521,5,16713,0
12722,69,2,7758,0
12723,39,5,14207,1
12724,81,4,8355,0
12725,69,7,26392,1
12726,150,7,20703,1
12727,225,5,15163,1
12728,225,6,13888,1
12729,49,4,14713,0
12730,145,5,8610,0
12731,845,4,8919,0
12732,69,5,16124,1
12733,21,5,13357,1
12734,40,8,21092,1
12735,22,3,10790,0
12736,523,6,16142,1
12737,168,5,9098,0
12738,294,8,21544,1
12739,84,5,12793,1
12740,195,3,5397,0
12741,324,4,15890,0
12742,24,8,30868,1
12743,74,11,30769,1
12744,222,2,8952,0
12745,105,8,27709,1
12746,112,7,25324,1
12747,194,4,8284,0
12748,262,5,16371,1
12749,341,6,16319,1
12750,499,6,17238,1
12751,482,7,16894,1
12752,524,3,6985,0
12753,105,9,28817,1
12754,461,3,7144,0
12755,421,5,11989,0
12756,32,6,17914,1
12757,363,4,14869,0
12758,139,7,16393,1
12759,132,2,4268,0
12760,87,5,12677,1
12761,141,9,26092,1
12762,2,7,14400,1
12763,46,6,14323,1
12764,122,7,23607,1
12765,365,3,7883,0
12766,144,6,9938,1
12767,560,2,3498,0
12768,661,3,4244,0
12769,77,7,23375,1
12770,19,5,15353,1
12771,206,5,17518,1
12772,819,2,8098,0
12773,217,6,13048,1
12774,117,3,11117,0
12775,371,6,15724,1
12776,294,3,6089,0
12777,5,8,21512,1
12778,260,4,17001,0
12779,1025,2,4312,0
12780,496,4,9431,0
12781,10,9,20708,1
12782,212,3,6303,0
12783,61,3,6310,0
12784,673,4,7217,0
12785,307,10,32514,1
12786,94,7,16732,1
12787,509,3,8723,0
12788,296,6,12683,1
12789,92,6,20029,1
12790,367,3,11665,0
12791,633,2,4630,0
12792,113,3,11450,0
12793,11,2,7764,0
12794,596,2,7638,0
12795,123,8,17997,1
12796,244,6,14951,1
12797,115,8,17468,1
12798,299,5,15558,1
12799,235,3,7397,0
12800,142,5,12062,0
12801,64,7,23400,1
12802,21,9,31180,1
12803,278,2,6693,0
12804,320,5,17602,1
12805,318,2,7585,0
12806,322,2,4506,0
12807,73,4,12342,0
12808,206,4,15145,0
12809,198,4,13635,0
12810,659,2,4796,0
12811,134,3,9209,0
12812,18,4,12745,0
12813,118,3,7609,0
12814,599,5,13743,0
12815,75,7,23120,1
12816,46,8,23369,1
12817,393,4,5994,0
12818,419,4,5364,0
12819,204,6,16568,1
12820,368,4,11251,0
12821,434,4,11790,0
12822,9,12,25511,1
12823,196,5,6969,0
12824,258,4,10905,0
12825,148,8,22703,1
12826,435,3,12723,0
12827,591,6,15977,0
12828,763,6,16198,0
12829,110,3,5755,0
12830,296,2,6824,0
12831,404,3,9148,0
12832,55,5,12557,1
12833,27,1,1677,0
12834,114,4,9466,0
12835,174,3,9843,0
12836,324,5,9950,0
12837,49,4,12791,0
12838,457,2,5542,0
12839,82,9,21635,1
12840,51,9,22641,1
12841,182,6,11599,1
12842,313,2,7986,0
12843,269,8,18236,1
12844,125,7,19477,1
12846,74,3,5823,0
12847,58,5,10884,0
12848,1177,2,3091,0
12849,17,5,16808,1
12850,92,4,12881,0
12851,509,2,6963,0
12852,100,4,9640,0
12853,295,5,11235,0
12854,58,12,31727,1
12855,71,8,27411,1
12856,118,4,13948,0
12857,122,5,15154,1
12858,38,3,7792,0
12859,243,4,10327,0
12860,221,3,10614,0
12861,751,2,3476,0
12862,100,6,18469,1
12863,19,6,18813,1
12864,46,6,14910,1
12865,259,3,9419,0
12866,300,8,21655,1
12867,25,9,29494,1
12868,303,6,18851,1
12869,699,4,14929,0
12870,437,5,16776,0
12871,240,8,18912,1
12872,514,3,7424,0
12873,435,4,11130,0
12874,558,6,17262,1
12875,127,6,20028,1
12876,601,2,5450,0
12877,52,6,16295,1
12878,30,6,10126,1
12879,358,5,13422,0
12880,68,6,12087,1
12881,152,5,14646,1
12882,48,7,17152,1
12883,91,8,14783,1
12884,1340,1,5193,0
12885,489,5,14280,0
12886,258,1,2067,0
12887,1228,2,2706,0
12888,31,7,21308,1
12889,12,5,16228,1
12890,16,3,6005,0
12891,142,4,12276,0
12892,148,6,20998,1
12893,1130,1,2774,0
12894,274,7,21310,1
12895,60,2,6193,0
12896,86,5,8921,0
12897,116,6,18887,1
12898,206,7,17531,1
12899,58,7,14102,1
12900,252,2,5827,0
12901,190,10,21333,1
12902,355,4,11166,0
12903,207,5,17647,1
12904,166,7,25686,1
12906,62,6,23594,1
12907,152,6,13658,1
12908,48,8,24497,1
12909,87,5,13092,1
12910,95,2,5879,0
12911,816,6,16502,0
12912,189,5,16794,1
12913,21,8,25842,1
12914,110,5,16525,1
12915,1008,1,2138,0
12916,128,6,15049,1
12917,4,5,18551,1
12918,270,3,11534,0
12919,155,7,30878,1
12920,135,10,28562,1
12921,25,8,18455,1
12922,32,7,17933,1
12923,814,2,3807,0
12924,302,6,9575,0
12925,7,2,4107,0
12926,176,4,5898,0
12927,104,6,17885,1
12928,24,5,15052,1
12929,14,9,34126,1
12930,187,5,9546,0
12931,178,4,11505,0
12932,11,3,5421,0
12933,508,3,6576,0
12935,108,10,21948,1
12936,27,3,3746,0
12937,135,4,11170,0
12938,6,6,15430,1
12939,537,3,5098,0
12940,124,6,10100,1
12941,473,3,6973,0
12942,60,9,24475,1
12943,371,3,7873,0
12944,676,5,14767,0
12945,151,2,3725,0
12946,858,5,16982,0
12947,186,7,22145,1
12948,101,5,13503,1
12949,156,3,11506,0
12950,73,6,15428,1
12951,91,6,12605,1
12952,12,4,8011,0
12953,14,7,20055,1
12954,337,2,8536,0
12955,337,1,1253,0
12956,22,9,9297,1
12957,87,9,24519,1
12958,233,4,8690,0
12959,100,6,20077,1
12960,312,4,9191,0
12961,192,5,15839,1
12962,25,8,14533,1
12963,511,7,18991,1
12964,446,4,9513,0
12965,14,8,19372,1
12966,340,5,14989,0
12967,2,5,17199,1
12968,647,7,23681,1
12969,663,5,15355,0
12970,56,5,15292,1
12971,57,4,10474,0
12972,42,5,9740,0
12973,80,5,20321,1
12974,111,5,12746,1
12975,41,10,36722,1
12976,60,6,18336,1
12977,186,6,18242,1
12978,67,6,14700,1
12979,305,6,12327,0
12980,13,5,13446,1
12981,52,8,18165,1
12982,259,2,4226,0
12983,433,5,11929,0
12984,928,3,8402,0
12985,503,4,8350,0
12986,583,1,806,0
12987,206,6,17365,1
12988,153,8,25807,1
12989,520,4,13249,0
12990,23,5,11708,1
12991,703,2,6672,0
12992,4,6,17886,1
12993,127,9,26126,1
12994,10,7,13150,1
12995,122,5,13825,1
12996,314,2,7637,0
12997,409,3,5048,0
12998,379,2,6979,0
12999,216,6,23070,1
13000,155,2,4295,0
13001,222,6,23638,1
13002,349,4,9895,0
13003,6,12,38687,1
13004,114,5,14104,1
13005,535,6,13602,0
13006,25,5,10625,0
13007,334,7,21104,1
13008,106,4,8659,0
13009,135,3,11841,0
13010,70,8,24537,1
13011,19,9,27732,1
13012,68,5,15729,1
13013,697,3,4340,0
13014,252,4,13172,0
13015,422,4,8507,0
13016,200,4,14859,0
13017,11,7,20402,1
13018,757,3,12278,0
13019,1082,2,4125,0
13020,183,5,11627,0
13021,170,5,12623,0
13022,386,7,15221,1
13023,111,7,14150,1
13024,249,5,7501,0
13025,117,6,12813,1
13026,3,7,22911,1
13027,385,3,11630,0
13028,12,7,14491,1
13029,85,2,3493,0
13030,335,3,9452,0
13031,449,6,20720,1
13032,28,5,7680,0
13033,226,3,11892,0
13034,13,6,11760,1
13035,564,5,9018,0
13036,76,4,14592,0
13037,142,7,14019,1
13038,143,10,29023,1
13039,83,11,34868,1
13040,60,9,26032,1
13041,612,2,5302,0
13042,158,1,1510,0
13043,128,10,27065,1
13044,34,3,9190,0
13045,103,5,14288,1
13046,775,3,6370,0
13047,103,9,21146,1
13048,67,6,14323,1
13049,736,5,13840,0
13050,275,3,8273,0
13051,201,4,7584,0
13052,1158,1,4279,0
13053,244,6,13806,1
13054,403,5,14906,0
13055,639,8,19304,1
13056,159,6,14868,1
13057,194,8,23053,1
13058,29,2,6244,0
13059,393,9,30066,1
13060,99,8,22173,1
13061,201,4,8938,0
13062,23,6,14330,1
13064,185,5,18163,1
13065,24,7,23074,1
13066,373,2,8155,0
13067,263,5,14476,0
13068,260,3,8557,0
13069,319,8,16939,1
13070,71,5,15540,1
13071,20,9,15168,1
13072,127,6,9301,0
13073,115,5,13656,1
13074,146,6,21666,1
13075,321,1,4790,0
13076,496,5,17401,0
13077,120,6,18606,1
13078,152,6,12216,1
13079,112,3,9720,0
13080,139,5,14762,1
13081,565,3,3939,0
13082,730,3,11170,0
13083,292,4,11457,0
13084,1259,1,3031,0
13085,249,4,7998,0
13086,155,6,14419,1
13087,538,1,1781,0
13088,67,5,14690,1
13089,667,2,7894,0
13090,33,8,22928,1
13091,6,3,8067,0
13092,459,6,17794,1
13093,236,11,23667,1
13094,95,6,15108,1
13095,301,6,15180,1
13096,45,2,7372,0
13097,107,5,11754,0
13098,60,3,6923,0
13099,89,4,16260,1
13100,338,7,16638,1
13101,565,6,24068,1
13102,170,8,23432,1
13103,25,2,7613,0
13104,87,3,8906,0
13105,42,2,4386,0
13106,248,7,25948,1
13107,69,10,27232,1
13108,405,7,24998,1
13109,95,5,11591,0
13110,293,4,14732,0
13111,6,4,13109,0
13112,556,4,11163,0
13113,126,9,25513,1
13114,25,6,20206,1
13115,1088,2,3412,0
13116,102,8,17201,1
13117,452,6,20746,1
13118,188,7,19192,1
13119,144,5,8891,0
13120,67,3,9838,0
13121,329,3,8900,0
13122,982,2,5229,0
13123,893,3,8138,0
13124,888,4,14235,0
13125,876,1,503,0
13126,37,7,11270,1
13128,82,5,12310,1
13130,203,5,16110,1
13131,360,5,9993,0
13132,200,4,10319,0
13133,223,3,6216,0
13134,84,9,21174,1
13135,84,4,12916,0
13136,36,5,10927,0
13137,71,10,37841,1
13138,88,3,9228,0
13139,51,7,14187,1
13140,38,8,24723,1
13141,489,3,8256,0
13142,18,3,6967,0
13143,152,10,27763,1
13144,232,4,11234,0
13145,29,7,21532,1
13146,286,6,17108,1
13147,151,4,7195,0
13148,128,4,15611,0
13149,256,5,14152,0
13150,132,6,15111,1
13151,70,6,16373,1
13152,477,2,7280,0
13153,43,7,27574,1
13154,60,6,21143,1
13155,126,6,17225,1
13156,543,2,3835,0
13157,100,7,27072,1
13158,72,7,21168,1
13159,22,6,13831,1
13160,397,5,16491,0
13161,464,4,10101,0
13162,27,8,28208,1
13163,1151,1,3696,0
13164,445,5,15716,0
13165,70,6,18508,1
13166,44,5,13247,1
13167,247,1,4004,0
13168,358,2,8847,0
13169,71,7,17026,1
13170,3,4,6697,0
13171,819,4,14141,0
13172,179,2,2841,0
13173,1044,2,5089,0
13174,409,4,12526,0
13175,245,6,16878,1
13176,324,7,16772,1
13177,388,8,23351,1
13178,347,8,21232,1
13179,41,3,7334,0
13180,233,3,10936,0
13181,32,8,18335,1
13182,14,6,20093,1
13183,744,3,9340,0
13184,14,9,20341,1
13185,80,9,20685,1
13186,847,1,4116,0
13187,85,6,19540,1
13188,8,9,23127,1
13190,29,4,10345,0
13191,200,2,3897,0
13192,70,6,19725,1
13193,259,5,13449,0
13194,752,6,10645,0
13195,70,2,8217,0
13196,146,6,24676,1
13197,9,5,14114,1
13198,18,9,22235,1
13199,77,8,17647,1
13200,756,3,12246,0
13201,138,4,9646,0
13202,670,4,5777,0
13203,112,5,15162,1
13204,98,6,19921,1
13205,216,7,23126,1
13206,519,5,10857,0
13207,755,2,8370,0
13208,123,5,8998,0
13209,234,4,8377,0
13210,104,8,17927,1
13211,417,1,4408,0
13212,81,5,12771,1
13213,295,3,8135,0
13214,137,6,16485,1
13215,90,3,9182,0
13216,280,3,11362,0
13217,140,4,9061,0
13218,156,8,26075,1
13219,105,11,33496,1
13220,15,5,18265,1
13221,480,5,9659,0
13222,154,3,8200,0
13223,246,6,17805,1
13224,5,2,3966,0
13225,275,7,20368,1
13226,227,3,13184,0
13227,134,7,16437,1
13228,289,4,12462,0
13229,181,5,13031,0
13230,164,6,17796,1
13231,36,6,18865,1
13232,607,3,8344,0
13233,546,5,16340,0
13234,99,5,12365,0
13235,180,4,13159,0
13236,614,4,15823,0
13237,138,2,4182,0
13238,372,4,11414,0
13239,691,2,4509,0
13240,2,5,8596,0
13241,46,9,24517,1
13242,54,7,25543,1
13243,120,5,13394,1
13244,714,3,9554,0
13246,106,5,17015,1
13247,98,7,16433,1
13248,26,6,17523,1
13249,653,4,9830,0
13250,799,3,8063,0
13251,55,5,9603,0
13252,65,8,18501,1
13253,125,4,10120,0
13254,401,4,9584,0
13255,10,10,25804,1
13256,386,6,14165,1
13257,435,2,9032,0
13258,899,2,8126,0
13259,40,4,9107,0
13260,300,3,10991,0
13261,9,11,34352,1
13262,70,5,14289,1
13263,117,6,17280,1
13264,49,6,19061,1
13265,376,4,12905,0
13266,49,7,15373,1
13267,4,5,8127,0
13268,525,4,8604,0
13269,535,7,10975,0
13270,452,2,4996,0
13271,293,7,20082,1
13272,161,2,7914,0
13273,26,7,24752,1
13274,186,5,12735,0
13275,128,7,13220,1
13276,212,5,21119,1
13277,225,6,18735,1
13278,121,5,15662,1
13279,375,3,8916,0
13280,123,5,16841,1
13281,101,6,13848,1
13282,361,7,23267,1
13283,29,11,28872,1
13284,560,1,4217,0
13285,71,5,17121,1
13286,86,3,5270,0
13287,380,4,11263,0
13288,51,5,16373,1
13289,147,4,16282,1
13290,219,6,17566,1
13291,165,6,17260,1
13292,29,8,21638,1
13293,354,4,8065,0
13294,1002,3,5672,0
13295,18,5,15838,1
13296,45,4,11162,0
13297,231,1,157,0
13298,17,10,28517,1
13299,242,6,23407,1
13300,382,4,10867,0
13301,50,4,13939,0
13302,742,3,8614,0
13303,527,5,8888,0
13304,381,2,8030,0
13305,174,10,30292,1
13306,223,3,11931,0
13307,253,3,11383,0
13308,200,5,13007,0
13309,77,13,35032,1
13310,467,3,9670,0
13311,723,1,4499,0
13312,416,4,5195,0
13313,487,3,10781,0
13314,160,5,15423,1
13315,23,10,34072,1
13316,431,5,9578,0
13317,205,3,7141,0
13318,290,7,18635,1
13319,174,4,17095,1
13320,395,2,2767,0
13321,29,4,12415,0
13322,878,4,9963,0
13323,39,4,12971,0
13324,194,5,12036,0
13325,171,3,7051,0
13326,340,5,12679,0
13327,186,1,2557,0
13328,20,4,6142,0
13329,171,2,1409,0
13330,9,7,13468,1
13331,362,1,3279,0
13332,77,3,5599,0
13333,954,3,9243,0
13334,87,5,17728,1
13335,136,5,12874,0
13336,549,3,10299,0
13337,324,6,14125,1
13338,308,6,20861,1
13339,115,5,10437,0
13340,294,7,15525,1
13341,48,3,11148,0
13342,92,7,21495,1
13343,191,3,7481,0
13344,1195,1,2081,0
13345,83,9,23432,1
13346,330,4,11894,0
13347,552,1,1792,0
13348,71,3,10794,0
13349,96,7,26860,1
13350,13,4,8541,0
13351,141,5,18894,1
13352,104,4,8849,0
13353,128,11,29249,1
13354,21,8,15583,1
13355,156,5,10882,0
13356,19,3,3932,0
13357,669,2,6059,0
13358,108,3,9138,0
13359,41,5,13232,1
13360,347,6,10136,0
13361,177,4,11533,0
13362,334,6,18498,1
13363,87,6,18889,1
13364,7,6,19003,1
13365,87,6,15678,1
13366,137,6,18198,1
13367,490,4,13834,0
13368,55,4,14923,1
13369,393,5,12408,0
13370,157,7,21654,1
13371,62,8,15842,1
13372,247,3,4422,0
13373,140,5,8867,0
13374,133,3,8801,0
13375,473,8,16615,1
13376,140,6,16109,1
13377,11,4,10788,0
13378,224,3,12431,0
13379,1261,1,3289,0
13380,251,6,14479,1
13381,119,5,15153,1
13382,274,4,16555,0
13383,1347,1,1505,0
13384,737,2,9666,0
13385,538,2,3788,0
13386,27,8,24100,1
13387,159,7,20783,1
13388,994,1,4266,0
13389,186,6,16373,1
13390,374,5,14804,0
13391,236,3,4907,0
13392,6,2,8923,0
13393,251,7,21495,1
13394,450,5,15550,0
13395,24,2,8087,0
13396,403,1,4705,0
13397,198,1,4308,0
13398,183,8,21467,1
13399,481,5,11719,0
13400,200,7,19056,1
13401,418,3,8207,0
13402,29,6,13746,1
13403,292,3,11605,0
13404,90,7,19576,1
13405,138,4,9834,0
13406,596,6,7876,0
13407,437,5,11362,0
13408,782,3,8354,0
13409,71,6,20471,1
13410,117,5,13945,1
13411,496,3,7781,0
13412,546,2,8020,0
13413,289,4,6342,0
13414,216,7,19493,1
13415,182,7,21435,1
13416,61,7,18878,1
13417,488,5,12429,0
13418,73,7,13953,1
13419,141,4,8141,0
13420,30,7,17712,1
13421,158,4,8624,0
13422,161,5,13929,1
13423,147,6,13637,1
13424,85,5,18352,1
13425,140,2,6407,0
13426,61,4,11347,0
13427,136,5,17263,1
13428,86,4,12404,0
13429,844,4,4662,0
13430,191,5,13533,0
13431,150,3,8662,0
13432,90,2,2978,0
13433,468,4,9128,0
13434,11,6,17100,1
13435,409,4,8995,0
13436,181,6,12554,1
13437,239,7,21019,1
13438,78,5,12487,1
13439,342,5,7156,0
13440,13,5,18312,1
13441,312,7,19033,1
13442,57,5,17070,1
13443,547,5,14520,0
13444,111,7,22183,1
13445,45,6,16261,1
13446,115,5,15030,1
13447,638,2,7616,0
13448,664,8,19557,1
13449,293,6,18490,1
13450,140,5,13574,1
13451,82,9,17237,1
13452,257,9,20689,1
13453,76,6,18921,1
13454,299,6,10028,0
13455,117,4,15511,0
13456,383,9,16594,1
13457,73,6,18659,1
13458,81,6,12612,1
13459,335,5,17375,1
13460,169,8,19635,1
13461,347,4,9543,0
13462,175,3,3844,0
13463,240,6,15740,1
13464,82,6,14240,1
13465,27,4,12410,0
13466,554,7,20286,1
13467,238,3,9257,0
13468,196,8,28602,1
13469,249,3,11439,0
13470,257,5,11209,0
13471,153,8,18259,1
13472,195,4,11299,0
13473,239,5,10651,0
13474,14,9,19759,1
13475,128,2,3918,0
13476,613,2,4729,0
13477,84,7,21037,1
13478,174,5,10567,0
13479,120,3,11540,0
13480,51,5,9713,0
13481,463,3,11625,0
13482,273,4,15347,0
13483,45,6,18985,1
13484,152,3,5785,0
13485,546,3,6623,0
13486,51,2,5266,0
13487,907,4,9811,0
13488,57,8,24609,1
13489,466,3,3712,0
13490,643,6,11645,0
13491,11,11,25163,1
13492,234,6,19647,1
13493,649,4,13968,0
13494,944,2,3107,0
13495,90,5,14921,1
13496,56,6,19012,1
13497,615,3,8868,0
13498,54,5,13545,1
13499,191,3,7821,0
13500,260,6,8830,0
13501,159,5,17338,1
13502,433,6,17109,1
13503,114,4,8485,0
13504,212,7,16393,1
13505,307,8,24157,1
13506,364,7,14832,1
13507,83,8,24031,1
13508,35,6,19634,1
13509,21,7,18941,1
13510,458,3,9998,0
13511,135,2,4780,0
13512,48,7,17140,1
13513,114,5,20026,1
13514,141,7,20753,1
13515,129,8,20457,1
13516,11,6,13762,1
13517,364,6,13165,0
13518,508,9,20653,1
13519,117,7,20160,1
13520,3,4,12083,0
13521,42,9,20749,1
13522,520,7,12184,0
13523,241,7,19899,1
13524,248,4,10066,0
13525,366,5,14673,0
13526,172,4,13860,0
13527,120,5,17232,1
13528,389,4,10881,0
13529,213,12,33860,1
13530,186,3,5837,0
13532,25,4,13567,0
13533,189,7,13733,1
13534,17,4,12556,0
13535,297,8,20374,1
13536,81,6,12259,1
13537,467,4,7843,0
13538,118,5,12584,0
13539,457,5,13080,0
13540,1085,2,6564,0
13541,45,5,13667,1
13542,714,5,10642,0
13543,87,5,20184,1
13544,112,8,25894,1
13545,133,5,15847,1
13546,54,4,10998,0
13547,518,3,5793,0
13548,719,7,15957,1
13549,225,6,21689,1
13550,128,8,25001,1
13551,106,7,17583,1
13552,127,7,21999,1
13553,129,5,9875,0
13554,143,7,19416,1
13555,836,3,7139,0
13556,109,9,19604,1
13557,99,1,4714,0
13558,489,3,6108,0
13559,69,7,16193,1
13560,318,4,10954,0
13561,249,6,7285,0
13562,618,2,5058,0
13563,312,2,3212,0
13564,171,5,19385,1
13565,112,5,15242,1
13566,97,3,8646,0
13567,326,6,20651,1
13568,173,6,11253,1
13569,45,5,13505,1
13570,42,3,5525,0
13571,94,6,14671,1
13572,98,5,17289,1
13573,19,3,13915,0
13574,69,4,13290,0
13575,28,5,12364,1
13576,50,3,10655,0
13577,371,6,11218,0
13578,27,5,16564,1
13579,555,3,5822,0
13580,37,4,10447,0
13581,181,5,6785,0
13582,33,11,29092,1
13583,799,3,5597,0
13584,320,5,9897,0
13585,189,5,16010,1
13586,186,1,1068,0
13587,444,4,9835,0
13588,180,1,1490,0
13589,142,5,15051,1
13590,537,3,7090,0
13591,142,7,17409,1
13592,627,2,945,0
13593,154,5,12223,0
13594,498,7,24726,1
13595,45,7,17520,1
13596,97,3,5387,0
13597,84,4,11564,0
13599,125,2,9012,0
13600,239,4,11469,0
13601,58,6,13824,1
13602,257,3,10336,0
13603,231,12,33141,1
13604,272,3,3971,0
13605,1,5,15057,1
13606,206,5,16077,1
13607,78,3,7732,0
13608,53,4,12743,0
13609,129,3,7011,0
13610,197,4,13013,0
13611,916,5,14100,0
13612,337,1,4031,0
13613,68,2,8805,0
13614,155,6,13752,1
13615,238,6,14638,1
13616,704,6,15979,0
13617,956,2,6497,0
13618,76,2,2531,0
13619,246,5,19133,1
13620,109,5,9378,0
13621,58,5,20459,1
13622,308,4,14536,0
13623,162,7,20388,1
13624,100,6,17077,1
13625,131,4,11464,0
13626,308,3,8451,0
13627,250,6,13614,1
13628,283,5,11459,0
13629,279,5,10333,0
13630,204,8,19552,1
13631,67,4,13685,0
13632,647,4,12215,0
13633,441,3,7147,0
13634,3,3,9773,0
13635,339,2,6106,0
13636,189,6,15830,1
13637,223,2,3293,0
13638,1083,2,2417,0
13639,104,7,17278,1
13640,299,4,11351,0
13641,31,10,13605,1
13642,194,8,19957,1
13643,969,3,8125,0
13644,69,6,10870,1
13645,84,6,20359,1
13646,272,4,14544,0
13647,79,6,18315,1
13648,1159,1,3485,0
13649,171,4,16729,1
13650,116,5,14185,1
13651,113,4,8160,0
13652,517,3,9581,0
13653,305,9,16112,1
13654,48,3,7951,0
13655,196,7,15014,1
13656,23,4,13533,0
13657,238,4,11192,0
13658,154,7,17303,1
13659,110,4,12376,0
13660,333,5,11025,0
13661,598,2,7912,0
13662,121,5,16130,1
13663,18,6,22100,1
13664,51,9,20619,1
13665,555,3,3169,0
13666,120,8,25842,1
13667,558,5,9761,0
13668,122,5,17304,1
13669,478,5,16706,0
13670,1,6,10976,1
13671,182,4,11271,0
13672,330,3,8002,0
13673,1093,2,8407,0
13674,506,3,8664,0
13675,64,5,9017,0
13676,192,3,11082,0
13677,88,7,22045,1
13678,145,4,10062,0
13679,49,5,16269,1
13680,150,6,13737,1
13681,373,11,26399,1
13682,401,7,20172,1
13683,10,9,18803,1
13684,60,9,18006,1
13685,115,4,14202,0
13686,180,4,11405,0
13687,533,6,10807,0
13688,145,5,14807,1
13689,1243,2,3315,0
13690,20,5,15287,1
13691,824,2,5429,0
13692,29,5,14911,1
13693,349,4,11357,0
13694,6,9,27331,1
13695,102,6,14920,1
13696,532,5,12026,0
13697,29,6,13030,1
13698,71,7,20584,1
13699,41,6,19422,1
13700,127,12,37176,1
13701,28,5,18416,1
13702,384,7,23908,1
13703,129,5,8278,0
13704,113,5,15707,1
13705,75,5,15419,1
13706,347,4,17365,0
13707,91,6,13958,1
13708,218,5,9180,0
13709,186,7,16810,1
13710,566,4,17075,0
13711,71,1,228,0
13712,250,7,20637,1
13713,145,5,8163,0
13714,436,3,5745,0
13715,24,5,15125,1
13716,281,3,7171,0
13717,20,4,10094,0
13718,157,7,16614,1
13719,1,10,31815,1
13720,40,4,14545,0
13721,301,5,18652,1
13722,169,13,31969,1
13723,174,4,13544,0
13724,526,4,11101,0
13725,87,1,1173,0
13726,389,5,18303,1
13727,125,9,24183,1
13728,377,6,19322,1
13729,62,7,17714,1
13730,373,3,4342,0
13731,281,4,16477,0
13732,740,7,13527,0
13733,566,3,7964,0
13734,136,5,7211,0
13735,109,4,11802,0
13736,425,5,10501,0
13737,119,4,12532,0
13738,909,3,11898,0
13739,53,4,11996,0
13740,56,8,24465,1
13741,303,2,5494,0
13742,8,4,11929,0
13743,833,4,13414,0
13744,148,4,11739,0
13745,612,2,4960,0
13746,154,4,8205,0
13747,2,5,20443,1
13748,13,4,4861,0
13749,403,5,12514,0
13750,151,3,11241,0
13751,10,2,3680,0
13752,443,9,20145,1
13753,918,3,5975,0
13754,66,3,8202,0
13755,489,2,6657,0
13756,9,8,23491,1
13757,100,3,11828,0
13758,133,6,8865,0
13759,3,8,15127,1
13760,911,2,5342,0
13761,226,7,20956,1
13762,668,4,15326,0
13763,328,4,10790,0
13764,168,9,28477,1
13765,585,4,11535,0
13766,7,5,15546,1
13767,297,6,17013,1
13768,479,4,5933,0
13769,79,7,18922,1
13770,128,5,16136,1
13771,268,4,12678,0
13772,276,6,13986,1
13773,9,5,11913,1
13774,107,5,18138,1
13775,78,7,15134,1
13776,542,3,8799,0
13777,846,4,9981,0
13778,844,2,2857,0
13779,559,7,19633,1
13780,85,3,9837,0
13781,203,6,15878,1
13782,122,6,13412,1
13783,119,7,15517,1
13784,141,7,17815,1
13785,154,7,18852,1
13786,621,4,12466,0
13787,79,8,24029,1
13788,74,7,14420,1
13789,46,5,13259,1
13790,18,10,25910,1
13791,78,5,17231,1
13792,18,8,19307,1
13793,330,2,6008,0
13794,784,3,6541,0
13795,688,4,15378,0
13796,437,1,765,0
13797,613,6,18096,1
13798,84,2,6164,0
13799,42,6,11606,1
13800,51,6,16334,1
13801,546,3,6762,0
13802,17,13,46464,1
13803,927,1,313,0
13804,616,4,10265,0
13805,57,6,10793,1
13806,453,5,17321,0
13807,229,3,11526,0
13808,122,7,15314,1
13809,18,6,14735,1
13810,170,5,15397,1
13811,124,9,24050,1
13812,199,7,16809,1
13813,1049,1,2326,0
13814,323,5,11930,0
13815,776,1,2442,0
13816,578,2,3495,0
13817,10,4,11769,0
13818,184,5,14410,1
13819,78,10,22606,1
13820,432,7,10939,0
13821,619,3,8509,0
13822,19,9,26304,1
13823,611,3,5933,0
13824,12,3,7864,0
13825,118,4,7851,0
13826,119,12,32214,1
13827,340,2,5826,0
13828,78,4,8495,0
13829,540,5,8744,0
13830,500,6,25105,1
13831,114,6,16831,1
13832,19,7,20894,1
13833,169,6,19120,1
13834,132,3,3324,0
13835,217,3,9586,0
13836,160,5,16166,1
13837,273,2,9535,0
13838,41,8,20656,1
13839,390,4,15175,0
13840,293,8,23243,1
13841,191,6,14732,1
13842,126,8,14987,1
13843,600,3,9073,0
13844,375,3,6227,0
13845,136,7,20057,1
13846,30,7,15467,1
13847,482,5,8529,0
13848,128,6,14707,1
13849,229,3,6592,0
13850,108,11,34702,1
13851,40,7,17460,1
13852,417,5,10663,0
13853,741,4,11145,0
13854,41,10,28195,1
13855,24,7,12662,1
13856,1259,1,2583,0
13857,602,3,8295,0
13858,570,3,10699,0
13859,284,5,12015,0
13860,292,3,5676,0
13861,50,6,12906,1
13862,393,9,30822,1
13863,423,3,12208,0
13864,679,7,24996,1
13865,163,2,8324,0
13866,71,8,20630,1
13867,10,4,5790,0
13868,198,9,23493,1
13869,121,3,9318,0
13870,206,4,7634,0
13871,49,6,18695,1
13872,123,4,10976,0
13873,2,10,31913,1
13874,368,8,25068,1
13875,126,5,15847,1
13876,212,5,10270,0
13877,389,4,13771,0
13878,736,5,14337,0
13879,394,7,16703,1
13880,19,10,31646,1
13881,319,4,10303,0
13882,51,2,2683,0
13883,601,4,9484,0
13884,229,5,16215,1
13885,617,1,4593,0
13886,138,7,19151,1
13887,211,5,15607,1
13888,117,2,6741,0
13889,451,2,7313,0
13890,164,8,16773,1
13891,105,6,10157,1
13892,69,4,10589,0
13893,638,6,20752,1
13894,524,5,10250,0
13895,126,4,9133,0
13896,343,4,16490,0
13897,29,6,18392,1
13899,264,3,5791,0
13900,312,6,16384,1
13901,54,5,15071,1
13902,419,6,16526,1
13903,225,8,22131,1
13904,302,5,7238,0
13905,94,7,22254,1
13906,160,4,11692,0
13907,572,5,9879,0
13908,558,3,9206,0
13909,49,4,12716,0
13911,71,3,6765,0
13912,842,2,5240,0
13913,190,5,13348,0
13914,34,4,9091,0
13915,192,3,6269,0
13916,171,6,13278,1
13917,653,5,10735,0
13918,85,4,8709,0
13919,158,7,17041,1
13920,887,2,7243,0
13921,1271,1,2103,0
13922,150,6,12843,1
13923,336,5,10026,0
13924,59,5,12988,1
13925,342,6,17704,1
13926,152,5,19177,1
13927,131,3,5126,0
13928,679,4,12018,0
13929,412,8,15712,1
13930,227,5,15009,1
13931,33,7,14710,1
13932,819,1,2378,0
13933,122,5,8120,0
13934,781,3,9627,0
13935,86,4,7004,0
13936,1273,1,2711,0
13938,109,4,14957,0
13939,98,4,12966,0
13940,251,6,14763,1
13941,161,6,10542,1
13942,635,5,15511,0
13943,273,3,11415,0
13944,173,7,21600,1
13945,648,6,15973,0
13946,343,4,11135,0
13947,292,7,21705,1
13948,76,5,15472,1
13949,285,6,11274,0
13950,23,7,19624,1
13951,600,8,15133,1
13952,142,6,14777,1
13953,54,1,1367,0
13954,292,8,20035,1
13955,429,6,12284,0
13956,463,2,6035,0
13957,53,5,17391,1
13958,31,7,22383,1
13959,12,8,14383,1
13960,248,7,20312,1
13961,97,7,16037,1
13962,129,7,22746,1
13963,357,6,19110,1
13964,21,5,16038,1
13965,128,10,29934,1
13966,262,7,15949,1
13967,299,5,12888,0
13968,1320,1,4838,0
13969,400,3,9917,0
13970,663,4,11973,0
13971,56,4,10184,0
13972,20,4,9820,0
13973,165,9,20432,1
13974,325,2,3135,0
13975,8,9,30678,1
13976,44,9,22133,1
13977,885,3,8037,0
13978,61,4,12933,0
13979,128,7,20876,1
13980,231,8,21582,1
13981,118,3,5683,0
13982,245,4,4333,0
13983,271,5,13232,0
13984,188,7,25660,1
13985,621,3,5959,0
13986,43,5,13191,1
13987,489,7,12733,1
13988,180,3,6776,0
13989,344,5,10726,0
13990,145,9,17346,1
13991,46,5,12158,1
13992,123,8,24285,1
13993,405,6,16440,1
13994,264,6,19511,1
13995,766,3,8305,0
13996,131,6,16513,1
13997,64,2,3944,0
13998,68,4,11009,0
13999,184,5,6716,0
14000,488,5,6429,0
14001,27,6,22534,1
14002,86,6,18100,1
14003,348,5,9275,0
14004,103,8,12204,1
14005,389,5,13790,0
14006,400,7,21027,1
14007,23,5,12160,1
14008,502,5,19976,1
14009,69,6,18443,1
14010,192,5,17194,1
14011,391,3,5807,0
14012,106,7,24259,1
14013,39,8,20638,1
14014,151,9,30375,1
14015,107,8,20110,1
14016,28,5,17632,1
14017,273,6,17840,1
14018,158,4,11398,0
14019,76,7,18341,1
14020,631,5,13641,0
14021,146,5,12582,0
14022,210,5,11809,0
14023,155,4,10247,0
14024,33,1,2997,0
14025,499,6,15284,0
14026,109,5,11913,0
14027,524,2,4463,0
14028,44,3,6599,0
14029,618,4,13685,0
14030,182,3,10434,0
14031,282,4,11303,0
14032,213,6,16587,1
14033,542,5,9501,0
14034,392,4,10484,0
14035,267,6,18547,1
14036,666,2,6540,0
14037,115,8,18108,1
14038,161,5,10092,0
14039,429,5,16005,0
14040,496,3,9437,0
14041,279,3,7286,0
14042,37,4,12807,0
14043,397,2,7098,0
14044,410,8,23453,1
14045,178,2,3379,0
14046,205,6,18120,1
14047,4,7,12719,1
14048,28,8,25738,1
14049,712,3,3658,0
14050,124,8,22468,1
14051,393,3,7738,0
14052,170,4,11503,0
14053,692,5,18452,0
14054,371,3,5514,0
14055,70,5,14865,1
14056,274,6,22670,1
14057,180,6,18996,1
14058,59,3,4725,0
14059,239,4,8098,0
14060,693,1,2132,0
14061,494,8,18102,1
14062,495,3,5595,0
14063,71,5,12188,1
14064,393,3,5568,0
14065,221,4,14217,0
14066,40,3,12023,0
14067,24,7,14473,1
14068,8,5,21347,1
14069,189,6,10773,1
14070,2,5,10329,0
14071,645,3,7184,0
14072,501,3,9021,0
14073,176,7,19253,1
14074,48,4,10120,0
14075,192,2,4677,0
14076,82,5,7666,0
14077,51,10,26417,1
14078,553,9,25173,1
14079,68,5,14738,1
14080,393,3,10374,0
14081,832,2,5289,0
14082,1,4,7131,0
14083,439,4,10632,0
14084,35,3,7758,0
14085,417,2,2412,0
14086,716,2,6731,0
14087,23,4,10866,0
14088,32,7,22134,1
14089,85,5,12240,1
14090,108,3,7482,0
14091,183,3,5844,0
14092,293,4,12321,0
14093,42,6,18605,1
14094,39,5,16159,1
14095,13,3,7571,0
14096,646,4,8411,0
14097,335,5,17390,1
14098,274,4,15416,0
14099,269,7,20395,1
14100,39,5,10361,0
14101,55,8,25112,1
14102,784,2,3001,0
14103,23,3,6570,0
14104,555,4,11348,0
14105,515,5,17737,0
14106,37,11,29637,1
14107,368,3,8770,0
14108,316,6,14803,1
14109,290,7,17116,1
14110,264,4,11827,0
14111,517,7,20095,1
14112,125,3,8957,0
14113,1124,1,344,0
14114,275,8,29886,1
14115,644,2,1241,0
14116,178,4,10806,0
14117,787,2,4489,0
14118,65,6,8145,0
14119,662,2,8418,0
14120,695,2,8607,0
14121,109,4,12266,0
14122,350,2,5312,0
14123,136,8,19874,1
14124,65,5,14991,1
14125,19,5,12359,1
14126,204,6,11683,1
14127,303,5,15944,1
14128,89,8,25398,1
14129,1052,2,4840,0
14130,79,6,20529,1
14131,145,8,20492,1
14132,7,8,19108,1
14133,707,2,6271,0
14134,149,6,9639,0
14135,40,4,9881,0
14136,1105,2,3913,0
14137,312,2,7221,0
14138,397,3,8465,0
14139,453,7,15704,1
14140,120,6,11690,1
14141,107,3,6853,0
14142,53,4,11386,0
14143,55,6,16469,1
14144,477,3,12173,0
14145,395,2,6120,0
14146,54,6,13883,1
14147,277,5,12157,0
14148,92,8,24933,1
14149,305,6,13991,1
14150,13,7,23858,1
14151,254,2,8481,0
14152,176,5,11403,0
14153,252,5,13461,0
14154,787,2,6359,0
14155,97,6,11045,1
14156,249,4,9846,0
14157,35,5,15215,1
14158,51,4,6761,0
14159,110,7,20019,1
14160,320,3,8762,0
14161,2,10,29264,1
14162,224,6,18328,1
14163,185,2,6187,0
14164,997,2,5055,0
14165,206,7,18838,1
14166,282,6,20967,1
14167,56,6,16633,1
14168,42,6,14270,1
14169,96,6,16869,1
14170,60,3,10039,0
14171,15,9,22255,1
14172,133,6,15941,1
14173,21,4,12187,0
14174,317,5,8547,0
14175,617,5,13029,0
14176,48,5,9553,0
14177,503,6,11898,0
14178,149,3,5711,0
14179,82,4,11967,0
14180,88,4,12200,0
14181,264,3,11142,0
14182,165,4,16377,0
14183,509,5,16301,0
14184,2,7,25373,1
14185,173,7,20115,1
14186,118,5,15780,1
14187,179,13,29514,1
14188,564,3,10324,0
14189,276,3,7624,0
14190,366,5,18193,1
14191,240,5,12365,0
14192,328,3,7005,0
14193,211,2,5352,0
14194,224,5,11158,0
14195,451,3,7247,0
14196,119,3,11028,0
14197,87,7,14408,1
14198,1,5,16412,1
14199,121,4,15720,0
14200,218,9,19945,1
14201,283,4,12142,0
14202,21,5,13552,1
14203,287,4,10856,0
14204,470,3,11677,0
14205,253,2,4992,0
14206,342,3,6298,0
14207,370,5,14140,0
14208,92,5,13134,1
14209,429,2,7376,0
14210,146,7,26423,1
14211,588,3,8724,0
14212,44,7,21356,1
14213,393,6,13693,0
14214,28,8,23667,1
14215,14,8,19710,1
14216,245,7,16485,1
14217,34,8,17399,1
14218,14,7,15633,1
14219,61,2,9292,0
14220,72,4,14313,0
14221,336,8,22597,1
14222,23,4,10638,0
14223,36,9,25279,1
14224,54,5,16389,1
14225,84,5,11538,0
14226,70,5,10968,0
14227,913,3,5828,0
14228,11,4,4344,0
14229,25,4,9668,0
14230,76,4,14636,0
14231,416,8,18691,1
14232,715,4,14006,0
14233,438,1,499,0
14234,61,8,24050,1
14235,275,10,26541,1
14236,571,3,5421,0
14237,29,9,27172,1
14238,393,5,12587,0
14239,410,5,11093,0
14240,61,9,24046,1
14241,216,11,32959,1
14242,14,6,13315,1
14243,173,4,12325,0
14244,377,5,17688,1
14245,239,2,6845,0
14246,10,6,9290,1
14247,111,12,37842,1
14248,42,9,21086,1
14249,133,10,32528,1
14250,529,6,15986,1
14251,54,4,6442,0
14252,340,7,18741,1
14253,68,6,16499,1
14254,126,10,30247,1
14255,73,6,13402,1
14256,490,3,13171,0
14257,63,4,9219,0
14258,459,7,14398,1
14259,120,5,12036,0
14260,486,4,6162,0
14261,317,4,7489,0
14262,133,3,7961,0
14263,299,6,14721,1
14264,927,1,2399,0
14265,94,4,13306,0
14266,288,5,13636,0
14267,22,6,23704,1
14268,695,2,3231,0
14269,250,2,6097,0
14270,139,7,22112,1
14271,457,6,13254,0
14272,115,4,12764,0
14273,255,7,17804,1
14274,467,4,6825,0
14275,7,4,14622,1
14276,54,3,8895,0
14277,118,2,5012,0
14278,310,9,23697,1
14279,142,7,17795,1
14280,164,5,10846,0
14281,341,4,14028,0
14282,435,7,22226,1
14283,166,5,16071,1
14284,100,4,16766,1
14285,187,5,10643,0
14286,15,5,9131,0
14287,506,4,12564,0
14288,54,3,10048,0
14289,165,5,18257,1
14290,41,4,15467,1
14291,206,2,7511,0
14292,11,6,8071,1
14293,518,1,3932,0
14294,273,5,12854,0
14295,373,6,11374,0
14296,177,6,8240,0
14297,33,4,5534,0
14298,223,7,16806,1
14299,126,9,30150,1
14300,317,2,6813,0
14301,450,8,26318,1
14302,4,3,10065,0
14303,199,5,8756,0
14304,38,6,14032,1
14305,600,4,11040,0
14306,124,8,19886,1
14307,257,2,6048,0
14308,186,2,5572,0
14309,501,4,12289,0
14310,251,6,11478,0
14311,2,6,15328,1
14312,230,2,6685,0
14313,59,5,15123,1
14314,30,4,8756,0
14315,977,2,4773,0
14316,228,5,19654,1
14317,1,8,17006,1
14318,163,7,19001,1
14319,17,5,6531,0
14320,1116,2,7849,0
14321,1055,3,5166,0
14322,28,5,12079,1
14323,12,4,12135,0
14324,296,4,8612,0
14325,281,1,4931,0
14326,360,4,14240,0
14327,47,3,8287,0
14328,12,3,7964,0
14329,69,7,22184,1
14330,82,8,26670,1
14331,240,7,22896,1
14332,407,10,25690,1
14333,220,5,17252,1
14334,585,8,16256,1
14335,136,4,11112,0
14336,287,2,3216,0
14337,201,4,9228,0
14338,302,3,9517,0
14339,98,5,14534,1
14340,301,5,11135,0
14341,22,7,17192,1
14342,11,9,25398,1
14343,168,8,18937,1
14344,111,4,10182,0
14345,24,4,15707,1
14346,334,7,15719,1
14347,82,5,11754,0
14348,94,4,14359,0
14349,157,2,2276,0
14350,240,4,10706,0
14351,520,2,2880,0
14352,56,4,12075,0
14353,303,4,12583,0
14354,264,5,13563,0
14355,50,8,24592,1
14356,686,3,7328,0
14357,436,8,28863,1
14358,13,4,10930,0
14359,51,5,19183,1
14360,74,9,30617,1
14361,567,2,5327,0
14362,209,6,18127,1
14363,90,6,14691,1
14364,82,6,20931,1
14365,263,6,17138,1
14366,131,10,37239,1
14367,49,5,11652,1
14368,78,6,14323,1
14369,156,5,14186,1
14370,48,3,10389,0
14371,506,3,6836,0
14372,192,3,3076,0
14373,817,2,5456,0
14374,1160,1,4419,0
14375,184,6,16245,1
14376,215,6,16365,1
14377,37,4,8454,0
14378,449,5,11116,0
14379,522,2,5602,0
14380,496,3,11538,0
14381,292,3,6296,0
14382,30,3,6104,0
14383,160,3,8572,0
14384,384,4,13680,0
14385,160,4,9831,0
14386,541,3,6456,0
14387,289,5,17319,1
14388,267,7,14436,1
14389,60,6,19172,1
14390,93,5,8201,0
14391,159,4,6898,0
14392,53,6,14334,1
14393,46,3,8499,0
14394,95,2,5087,0
14395,22,1,2685,0
14396,99,9,20680,1
14397,10,9,30166,1
14398,469,4,10259,0
14399,42,5,13699,1
14400,84,15,45334,1
14401,550,2,4877,0
14402,398,4,6266,0
14403,123,2,8809,0
14404,267,5,16408,1
14405,97,9,24285,1
14406,84,10,30304,1
14407,207,6,19207,1
14408,419,8,15897,1
14409,220,5,19445,1
14410,465,3,9294,0
14411,140,6,11030,1
14412,387,4,13629,0
14413,114,4,5605,0
14414,144,4,11182,0
14415,382,5,12726,0
14416,369,4,13543,0
14417,699,2,4731,0
14418,505,2,4299,0
14419,380,4,13467,0
14420,660,6,13932,0
14421,187,3,7199,0
14422,23,3,4818,0
14423,213,4,8882,0
14424,51,4,11518,0
14425,52,7,24575,1
14426,874,2,5538,0
14427,256,4,9883,0
14428,1,8,16969,1
14429,188,6,17141,1
14430,14,7,20873,1
14431,176,4,7812,0
14432,51,5,15712,1
14433,569,3,11912,0
14434,10,4,10593,0
14435,394,8,25160,1
14436,15,11,31211,1
14437,51,4,12713,0
14438,128,5,13526,1
14439,193,7,27073,1
14440,116,4,6583,0
14441,112,4,5992,0
14442,150,5,13253,1
14443,63,5,12358,1
14444,727,6,15888,0
14445,643,3,8900,0
14446,454,2,5572,0
14447,450,2,5072,0
14448,421,5,9221,0
14449,410,5,18449,1
14450,137,7,21395,1
14451,6,7,20952,1
14452,36,6,12139,1
14453,246,5,15382,1
14454,242,5,15583,1
14455,273,2,7283,0
14456,157,7,24133,1
14457,110,2,2900,0
14458,18,12,35728,1
14459,309,5,10346,0
14460,236,6,10385,0
14461,423,3,5234,0
14462,61,5,19997,1
14463,257,7,21737,1
14464,1140,1,5029,0
14465,240,7,18194,1
14466,593,2,5007,0
14467,815,3,9523,0
14468,38,8,19982,1
14469,698,1,3385,0
14470,733,4,9192,0
14471,119,7,23402,1
14472,265,2,5417,0
14473,267,4,15398,0
14474,313,5,18476,1
14475,834,1,2325,0
14476,9,9,31312,1
14477,494,4,8510,0
14478,56,8,24391,1
14479,57,8,25761,1
14480,1030,2,3493,0
14481,25,3,5264,0
14482,88,6,19223,1
14483,3,5,17050,1
14484,260,5,13768,0
14485,244,6,19627,1
14486,521,6,17025,1
14487,200,3,9392,0
14489,10,7,23757,1
14490,293,5,17036,1
14491,245,7,23102,1
14492,329,1,3864,0
14493,428,4,10676,0
14494,150,6,10158,1
14495,166,3,10301,0
14496,315,1,3821,0
14497,564,4,4776,0
14498,45,5,14505,1
14499,34,7,16497,1
14500,1280,1,4621,0
14501,341,5,16169,1
14502,328,4,6576,0
14503,7,3,12131,0
14504,572,3,8720,0
14505,350,2,6885,0
14506,277,6,15503,1
14507,646,4,5356,0
14508,235,6,17493,1
14509,7,7,15395,1
14510,617,4,17063,0
14511,96,6,16070,1
14512,340,4,8374,0
14513,45,5,16258,1
14514,90,4,6687,0
14515,357,2,961,0
14516,289,4,13736,0
14517,199,7,19741,1
14518,373,3,8833,0
14519,14,5,15326,1
14520,245,8,22786,1
14521,516,5,14549,0
14522,4,5,6595,0
14523,202,4,8605,0
14524,48,6,13788,1
14525,275,2,3759,0
14526,56,6,16915,1
14527,329,6,17060,1
14528,189,3,7888,0
14529,73,8,21867,1
14530,123,4,7680,0
14531,782,1,2155,0
14532,41,4,10820,0
14533,15,9,10485,1
14534,242,4,10664,0
14535,101,5,9075,0
14536,34,9,26937,1
14537,124,7,19030,1
14538,558,6,21744,1
14539,78,10,28295,1
14540,13,5,16192,1
14541,55,7,15569,1
14542,67,5,15422,1
14543,98,3,8367,0
14544,738,1,1830,0
14545,529,3,12239,0
14546,7,7,17446,1
14547,76,9,24349,1
14548,68,3,10447,0
14549,788,3,9385,0
14550,29,3,5771,0
14551,83,5,18329,1
14552,391,3,9698,0
14553,372,4,10316,0
14554,339,5,8576,0
14555,190,8,19826,1
14556,20,9,24439,1
14557,13,6,20656,1
14558,224,5,17549,1
14559,351,2,9186,0
14560,50,8,24651,1
14561,53,10,28240,1
14562,41,4,9871,0
14563,406,3,12669,0
14564,307,6,15903,1
14565,385,3,6568,0
14566,402,6,18550,1
14567,56,6,10583,1
14568,82,3,6598,0
14569,235,1,2353,0
14570,569,2,6870,0
14571,303,6,10340,0
14572,226,4,6092,0
14573,48,8,29071,1
14574,52,3,10483,0
14575,109,7,23212,1
14576,163,9,22672,1
14577,112,7,17869,1
14578,84,5,14365,1
14579,103,5,15606,1
14580,384,5,14618,0
14581,192,5,11311,0
14582,504,1,4467,0
14583,9,4,12461,0
14584,54,10,18320,1
14585,665,4,13072,0
14586,312,4,9146,0
14587,323,3,4604,0
14588,154,6,15477,1
14589,17,5,13964,1
14590,98,6,18279,1
14591,135,9,25323,1
14592,316,7,18494,1
14593,293,5,12402,0
14594,122,3,10051,0
14595,681,4,9703,0
14596,198,5,15926,1
14597,526,4,15227,0
14598,250,9,26459,1
14599,312,7,19001,1
14600,276,7,25175,1
14601,171,4,12395,0
14602,529,2,2818,0
14603,328,2,5038,0
14604,784,2,7026,0
14605,562,3,6862,0
14606,68,4,10293,0
14607,244,2,7206,0
14608,219,3,6787,0
14609,87,4,10846,0
14610,48,6,13377,1
14611,45,5,18388,1
14612,206,2,7130,0
14613,73,8,12263,1
14614,91,3,10017,0
14615,667,2,1321,0
14616,536,5,15632,0
14617,219,2,4872,0
14618,51,2,7219,0
14619,352,3,9069,0
14620,102,3,8530,0
14621,198,5,11923,0
14622,3,6,11383,1
14623,1268,2,6986,0
14624,365,4,5734,0
14625,299,4,14377,0
14626,336,9,19797,1
14627,182,5,8975,0
14628,122,5,13699,1
14629,133,7,16400,1
14630,369,4,7572,0
14631,397,7,16345,1
14632,535,6,15201,0
14633,429,5,18857,1
14634,187,5,18808,1
14635,339,6,20663,1
14636,383,5,13480,0
14637,207,4,8997,0
14638,23,5,11767,1
14639,9,9,21493,1
14640,142,6,20119,1
14641,259,7,14388,1
14642,311,4,3885,0
14643,12,3,6066,0
14644,449,2,5593,0
14645,32,6,18242,1
14646,66,4,10256,0
14647,157,3,6777,0
14648,4,2,6038,0
14649,384,6,14014,1
14650,127,7,20109,1
14651,437,7,23684,1
14652,43,7,17343,1
14653,29,6,15371,1
14654,435,3,8223,0
14655,71,7,25034,1
14656,27,6,15802,1
14657,658,2,7986,0
14658,882,2,3366,0
14659,17,6,19511,1
14660,324,10,18704,1
14661,167,7,16110,1
14662,206,2,6791,0
14663,102,2,3937,0
14664,263,4,8622,0
14665,625,6,14201,0
14666,92,4,14400,0
14667,42,8,16269,1
14668,34,7,21912,1
14669,112,4,10613,0
14670,172,5,10341,0
14671,852,3,6587,0
14672,92,3,11615,0
14673,170,3,8636,0
14674,176,12,25597,1
14675,435,7,18200,1
14676,640,3,7288,0
14677,252,4,15907,0
14678,721,3,12869,0
14679,310,9,15846,1
14680,459,3,11685,0
14681,61,5,9003,0
14682,76,5,14254,1
14683,53,4,8716,0
14684,274,4,14120,0
14685,2,6,17768,1
14686,921,3,4882,0
14687,467,5,14970,0
14688,251,7,23827,1
14689,299,7,15455,1
14690,155,5,16474,1
14691,17,9,20551,1
14692,76,2,6712,0
14693,145,5,14806,1
14694,5,8,24393,1
14695,344,3,7880,0
14696,10,5,7705,0
14697,614,2,5260,0
14698,511,5,7637,0
14699,174,2,1868,0
14700,776,3,14053,0
14701,168,6,15502,1
14702,431,8,26309,1
14703,283,6,17571,1
14704,81,7,21429,1
14705,186,7,14255,1
14706,211,2,3904,0
14707,783,4,15383,0
14708,252,3,11079,0
14709,364,5,18039,1
14710,42,5,15731,1
14711,22,5,10466,0
14712,162,7,24496,1
14713,354,9,20443,1
14714,1082,1,1940,0
14715,407,5,17537,1
14716,24,3,6160,0
14717,24,6,16998,1
14718,341,5,17359,1
14719,111,6,18953,1
14720,262,2,4537,0
14721,32,7,12059,1
14722,962,2,5657,0
14723,1103,3,10082,0
14724,202,2,8286,0
14725,716,3,5159,0
14726,5,7,18604,1
14727,20,5,13115,1
14728,307,5,10665,0
14729,696,2,3657,0
14730,44,4,11147,0
14731,81,3,8002,0
14732,44,12,35385,1
14733,17,7,19378,1
14734,414,7,22356,1
14735,3,6,17804,1
14736,155,5,15170,1
14737,2,7,14811,1
14738,416,5,13438,0
14739,361,9,20973,1
14740,882,3,12996,0
14741,794,4,10531,0
14742,106,10,17642,1
14743,304,3,6949,0
14744,27,3,6159,0
14745,209,8,25046,1
14746,2,3,4815,0
14747,1063,2,2751,0
14748,94,7,13076,1
14749,689,4,14204,0
14750,36,9,21641,1
14751,514,2,9957,0
14752,87,7,16978,1
14753,641,6,11569,0
14754,563,2,5908,0
14755,222,3,9946,0
14756,205,4,11516,0
14757,26,5,12767,1
14758,251,5,14716,1
14759,50,7,23505,1
14760,149,7,21125,1
14761,64,2,8095,0
14762,587,2,5609,0
14763,1186,1,4848,0
14764,442,3,11723,0
14765,130,4,13748,0
14766,205,5,9432,0
14767,283,7,15974,1
14768,398,4,8168,0
14769,72,5,15580,1
14770,26,6,24142,1
14771,83,6,20260,1
14772,62,3,8793,0
14773,87,5,14692,1
14774,261,4,13382,0
14775,670,4,12336,0
14776,103,8,26903,1
14777,453,3,5703,0
14778,135,5,7077,0
14779,611,3,3868,0
14780,70,5,13916,1
14781,357,3,9525,0
14782,23,4,7978,0
14783,167,4,13119,0
14784,379,3,8584,0
14785,217,3,5594,0
14786,22,2,4940,0
14787,605,4,10997,0
14788,586,2,5189,0
14789,598,3,9718,0
14790,373,8,23363,1
14791,222,3,3558,0
14792,98,3,8559,0
14793,391,3,10399,0
14794,83,4,12536,0
14795,20,5,19902,1
14796,60,5,19758,1
14797,253,5,15840,1
14798,134,4,10343,0
14799,130,8,11005,1
14800,284,5,4985,0
14801,111,7,17460,1
14802,459,2,5520,0
14803,293,6,13673,1
14804,5,8,18231,1
14805,23,5,18521,1
14806,462,3,5735,0
14807,79,7,16775,1
14808,96,12,30835,1
14809,64,5,9750,0
14810,84,8,23907,1
14811,128,6,19389,1
14812,435,6,16919,1
14813,18,2,4789,0
14814,391,6,19106,1
14815,740,2,2498,0
14816,93,10,36783,1
14818,375,3,9816,0
14819,365,7,19777,1
14820,658,3,7119,0
14821,316,5,11507,0
14822,75,4,11511,0
14823,78,7,17562,1
14824,721,3,10812,0
14825,157,4,8316,0
14826,38,7,18157,1
14827,165,4,8910,0
14828,62,10,19987,1
14829,214,3,13085,0
14830,69,4,9474,0
14831,89,3,5971,0
14832,27,2,2968,0
14833,49,4,7963,0
14834,782,2,4233,0
14835,728,2,6897,0
14836,143,3,7116,0
14837,859,3,5185,0
14838,435,6,14018,0
14839,328,5,13981,0
14840,512,3,7810,0
14841,406,6,21868,1
14842,215,6,18242,1
14843,258,5,19747,1
14844,109,3,5044,0
14845,132,5,12107,0
14846,710,5,10233,0
14847,222,8,19100,1
14848,37,8,15024,1
14849,602,2,5148,0
14850,50,5,13109,1
14851,879,2,6996,0
14852,199,6,17962,1
14853,714,4,12803,0
14854,118,7,21968,1
14855,42,7,19615,1
14856,1030,2,3620,0
14857,41,7,20213,1
14858,96,6,18465,1
14859,129,8,26189,1
14860,348,2,7354,0
14861,15,4,8814,0
14862,17,7,22661,1
14863,122,3,9196,0
14864,72,4,12723,0
14865,158,2,4778,0
14866,24,6,19021,1
14867,63,5,12894,1
14868,8,6,16243,1
14869,56,8,22025,1
14870,264,4,13989,0
14871,76,5,16742,1
14872,151,2,10238,0
14873,984,2,7795,0
14874,405,7,17910,1
14875,36,12,32869,1
14876,345,4,5218,0
14877,172,7,19762,1
14878,199,4,12977,0
14879,166,9,24501,1
14880,37,10,31029,1
14881,44,3,9548,0
14882,128,5,18979,1
14883,25,5,10736,0
14884,1113,3,5112,0
14885,173,7,20150,1
14886,364,4,11875,0
14887,80,6,13768,1
14888,804,3,5650,0
14889,127,2,3311,0
14890,25,2,7155,0
14891,135,5,11373,0
14892,65,4,13684,0
14893,35,7,17566,1
14894,509,6,16221,1
14895,232,3,6107,0
14896,554,6,22218,1
14897,180,6,16586,1
14898,465,4,9272,0
14899,473,6,12976,0
14900,12,6,20456,1
14901,493,3,11991,0
14902,847,2,4799,0
14903,70,6,14134,1
14904,525,4,5784,0
14905,255,3,12207,0
14906,6,5,17583,1
14907,461,5,11732,0
14908,146,4,6940,0
14909,679,4,11994,0
14910,336,4,8634,0
14911,83,3,11243,0
14912,290,7,13364,1
14913,152,1,3673,0
14914,95,10,27822,1
14915,226,3,7521,0
14916,495,7,19828,1
14917,201,5,13950,1
14918,277,9,26549,1
14919,128,5,17141,1
14920,205,2,3749,0
14921,1,4,3253,0
14922,261,5,15826,1
14923,198,4,7628,0
14924,97,10,24324,1
14925,157,2,3103,0
14926,813,4,13697,0
14927,449,3,8304,0
14928,178,5,14750,1
14929,560,2,3916,0
14930,34,4,10744,0
14931,1153,1,879,0
14932,142,12,26176,1
14933,829,4,8756,0
14934,133,6,16729,1
14935,134,4,8897,0
14936,2,4,10189,0
14937,271,8,15419,1
14938,23,3,7237,0
14939,49,8,18702,1
14940,127,3,7296,0
14941,376,2,5251,0
14942,399,3,3668,0
14943,19,7,25452,1
14944,129,5,7863,0
14945,158,2,7939,0
14946,10,7,13469,1
14947,667,3,7549,0
14948,5,5,18012,1
14949,46,9,30030,1
14950,147,8,23833,1
14951,66,4,10554,0
14952,265,7,13489,1
14953,22,10,28850,1
14954,23,4,9427,0
14955,96,6,15587,1
14956,239,5,12842,0
14957,11,5,16536,1
14958,90,2,4132,0
14959,67,6,20125,1
14960,52,5,10182,0
14961,243,2,6343,0
14962,318,5,18451,1
14963,61,3,9285,0
14964,159,7,17153,1
14965,76,6,13787,1
14966,385,2,5771,0
14967,353,1,4356,0
14968,314,8,23623,1
14969,103,6,12526,1
14970,405,2,2450,0
14971,55,8,24022,1
14972,148,8,29049,1
14973,914,1,3559,0
14974,136,3,6769,0
14975,44,4,8881,0
14976,113,6,18774,1
14977,276,4,10556,0
14978,1124,2,4175,0
14979,109,3,8127,0
14980,395,6,15155,1
14981,107,4,6318,0
14982,267,5,14044,0
14983,431,2,1613,0
14984,102,6,17973,1
14985,261,6,19107,1
14986,1032,2,7697,0
14987,203,6,12499,1
14988,1124,1,3240,0
14989,7,6,17396,1
14990,146,2,7184,0
14991,233,4,12204,0
14992,108,5,18929,1
14993,40,9,20106,1
14994,325,4,14370,0
14995,590,4,11322,0
14996,694,5,15719,0
14997,20,7,17517,1
14998,229,3,6466,0
14999,698,7,21494,1
15000,201,3,12243,0
15001,482,2,1547,0
15002,242,6,18345,1
15003,569,4,9936,0
15004,298,6,12575,1
15005,284,5,10455,0
15006,141,7,23065,1
15007,632,3,5323,0
15008,300,7,18475,1
15009,322,2,2569,0
15010,374,3,10576,0
15011,886,4,13511,0
15012,100,7,16803,1
15013,42,6,12269,1
15014,88,3,7222,0
15015,157,8,20735,1
15016,108,5,13914,1
15017,109,11,31146,1
15018,943,3,9694,0
15019,240,8,23779,1
15020,77,5,8712,0
15021,113,5,13612,1
15022,45,4,11554,0
15023,192,5,10925,0
15024,380,7,23358,1
15025,314,3,9161,0
15026,202,8,19814,1
15027,126,8,16541,1
15028,184,6,21720,1
15029,641,2,874,0
15030,292,4,9616,0
15031,352,5,13682,0
15032,313,2,2173,0
15033,355,5,15432,0
15034,92,4,11408,0
15035,129,1,1902,0
15036,13,7,23989,1
15037,569,4,14205,0
15038,21,7,26292,1
15039,11,7,17173,1
15040,246,3,7083,0
15041,361,4,14895,0
15042,259,2,1298,0
15043,283,10,28024,1
15044,1,6,20641,1
15045,25,5,9915,0
15046,83,4,11354,0
15047,247,7,11901,1
15048,257,6,15540,1
15049,443,4,8974,0
15050,164,5,16257,1
15051,23,9,35039,1
15052,1,7,18437,1
15053,109,10,20240,1
15054,207,7,20795,1
15055,47,8,20506,1
15056,318,8,22818,1
15057,601,4,14460,0
15058,293,6,15055,1
15059,10,7,21752,1
15060,28,6,11707,1
15061,95,10,22631,1
15062,515,6,16544,1
15063,453,6,16761,1
15064,417,3,8919,0
15065,499,6,18524,1
15066,93,7,18508,1
15067,154,10,32135,1
15068,231,5,13423,0
15069,120,4,13195,0
15070,14,7,21967,1
15071,57,10,31779,1
15072,104,6,14988,1
15073,222,6,16465,1
15074,189,10,26901,1
15075,768,1,869,0
15076,170,5,18015,1
15077,398,4,6901,0
15078,575,4,6467,0
15079,823,2,3562,0
15080,156,6,15774,1
15081,447,5,13279,0
15082,72,9,24040,1
15083,119,4,11501,0
15084,395,4,9567,0
15085,125,5,10668,0
15086,210,4,10370,0
15087,955,1,3476,0
15088,670,6,11951,0
15089,95,8,20999,1
15090,96,9,25867,1
15091,252,3,8803,0
15092,1129,3,5543,0
15093,203,3,5158,0
15094,58,6,12759,1
15095,87,5,14978,1
15096,54,2,6959,0
15097,422,3,6096,0
15098,352,5,14306,0
15099,180,7,19088,1
15100,80,5,15431,1
15101,9,4,10062,0
15102,115,7,23412,1
15103,25,10,30734,1
15104,102,2,3394,0
15105,291,4,9114,0
15106,76,4,9046,0
15107,68,2,4353,0
15108,46,4,12426,0
15109,835,3,7274,0
15110,245,6,23203,1
15111,221,8,22326,1
15112,112,3,8994,0
15113,427,6,16371,1
15114,227,4,12176,0
15115,135,4,11973,0
15116,75,9,29123,1
15117,102,7,11516,1
15118,90,8,21294,1
15119,699,3,8465,0
15120,212,8,19758,1
15121,2,12,25112,1
15122,148,2,3833,0
15123,251,3,10431,0
15124,76,6,18531,1
15125,358,10,29516,1
15126,119,9,34413,1
15127,72,6,11670,1
15128,488,4,10829,0
15129,46,4,7792,0
15130,575,3,8334,0
15131,25,7,18163,1
15132,188,8,19462,1
15133,67,4,16336,1
15134,551,2,2877,0
15135,78,8,17571,1
15136,139,8,25381,1
15137,481,6,14439,0
15138,115,8,21399,1
15139,108,2,5962,0
15140,287,2,985,0
15141,614,4,12868,0
15142,169,7,24825,1
15143,595,2,4922,0
15144,15,7,18824,1
15145,395,2,3438,0
15146,383,5,20437,1
15147,696,4,9695,0
15148,287,3,9035,0
15149,114,5,9894,0
15150,507,2,7112,0
15151,98,5,15561,1
15152,229,7,14417,1
15153,302,3,10381,0
15154,24,4,10337,0
15155,109,1,1836,0
15156,2,3,7598,0
15157,17,5,12905,1
15158,16,7,23480,1
15159,834,2,3667,0
15160,87,4,12896,0
15161,405,6,14232,1
15162,111,6,17095,1
15163,459,8,9778,1
15164,20,9,24677,1
15166,144,7,16873,1
15167,163,10,25921,1
15168,389,7,12926,1
15169,199,6,11811,1
15170,74,5,11711,0
15171,12,6,16813,1
15172,595,4,9494,0
15173,771,5,16279,0
15174,265,6,19456,1
15175,90,8,19295,1
15176,396,2,7254,0
15177,722,4,11932,0
15178,430,3,3561,0
15179,380,3,8810,0
15180,436,5,16210,0
15181,817,5,18458,0
15182,171,3,10381,0
15183,363,2,5843,0
15184,727,1,5279,0
15185,175,3,9253,0
15186,229,8,21217,1
15187,77,4,9511,0
15188,50,6,22939,1
15189,95,8,24036,1
15190,262,4,9191,0
15191,790,3,3220,0
15192,449,4,8095,0
15193,501,2,7358,0
15194,268,4,11558,0
15195,293,6,11785,0
15196,156,1,3865,0
15197,369,4,9293,0
15198,409,4,8700,0
15199,465,4,6015,0
15200,179,8,24540,1
15201,596,3,12374,0
15202,30,4,8641,0
15203,494,3,7638,0
15204,88,6,17853,1
15205,138,10,28153,1
15206,161,8,18576,1
15207,180,5,11599,0
15208,108,5,10718,0
15209,464,6,13320,0
15210,448,9,14610,1
15211,458,1,2069,0
15212,389,9,22268,1
15213,42,5,8365,0
15214,125,4,7578,0
15215,253,4,11736,0
15216,74,6,17623,1
15217,567,6,10605,0
15218,335,8,23337,1
15219,102,5,12174,0
15220,31,5,15669,1
15221,671,3,14289,0
15222,169,4,10754,0
15223,122,6,12254,1
15224,291,4,14490,0
15225,54,3,8257,0
15226,90,4,9560,0
15227,69,5,13828,1
15228,26,8,21280,1
15229,420,3,6308,0
15230,21,7,21795,1
15231,108,3,10155,0
15232,54,5,17655,1
15233,289,4,7724,0
15234,536,3,9113,0
15235,182,4,13017,0
15236,85,2,9884,0
15237,14,7,11135,1
15238,61,6,17551,1
15239,1014,5,12533,0
15240,410,6,22805,1
15241,949,3,8224,0
15242,84,5,14462,1
15243,258,6,18356,1
15244,36,11,26137,1
15245,253,6,21398,1
15246,76,3,7531,0
15247,658,4,9510,0
15248,489,4,14411,0
15249,560,3,9986,0
15250,283,3,10062,0
15251,310,6,14243,1
15252,60,6,15874,1
15253,727,1,4155,0
15254,428,4,13098,0
15255,563,2,4684,0
15256,688,3,8018,0
15257,119,4,3733,0
15258,130,7,16358,1
15259,2,6,18664,1
15260,610,2,5960,0
15261,43,6,16344,1
15262,290,7,21925,1
15263,121,9,27163,1
15264,190,5,14347,1
15265,145,5,11835,0
15266,35,5,15907,1
15267,528,2,4972,0
15269,23,7,18588,1
15270,494,2,6690,0
15271,167,5,13732,1
15272,486,8,17169,1
15273,344,4,11973,0
15274,93,10,26036,1
15275,167,3,6395,0
15276,115,4,14316,0
15277,227,2,5438,0
15278,810,4,11693,0
15279,166,4,16276,0
15280,18,7,14233,1
15281,730,1,4785,0
15282,180,4,11884,0
15283,260,7,17515,1
15284,96,6,16111,1
15285,597,6,18674,1
15286,501,4,3307,0
15287,152,7,21520,1
15288,11,5,13320,1
15289,73,4,10750,0
15290,86,4,9678,0
15291,53,2,4673,0
15292,409,4,8812,0
15293,864,2,3460,0
15294,310,4,8443,0
15295,519,5,6049,0
15296,171,6,13116,1
15297,11,6,15459,1
15298,193,3,9217,0
15299,23,5,12335,1
15300,86,5,12275,1
15301,180,4,11104,0
15302,33,10,15214,1
15303,460,2,7009,0
15304,213,8,24533,1
15305,109,4,9921,0
15306,108,2,7217,0
15307,233,3,11043,0
15308,907,4,13393,0
15309,431,6,24262,1
15310,167,1,4030,0
15311,489,4,10280,0
15312,135,5,15202,1
15313,46,8,20334,1
15314,12,4,8899,0
15315,381,5,14874,0
15316,880,4,12384,0
15317,941,4,8526,0
15318,50,9,24627,1
15319,195,5,12414,0
15320,251,5,15007,1
15321,8,8,29635,1
15322,216,4,8362,0
15323,374,3,8931,0
15324,137,13,31419,1
15325,610,2,7088,0
15326,407,4,10518,0
15327,260,6,14937,1
15328,146,8,13724,1
15329,315,5,10337,0
15330,90,6,16516,1
15331,6,3,12163,0
15332,59,5,13374,1
15333,72,2,4059,0
15334,21,7,20962,1
15335,98,5,14507,1
15336,610,4,12010,0
15337,795,3,10842,0
15338,446,4,15389,0
15339,640,1,2436,0
15340,614,2,7335,0
15341,240,4,10768,0
15342,58,7,12674,1
15343,302,5,15534,1
15344,291,9,21391,1
15345,14,5,11062,0
15346,295,3,3394,0
15347,228,4,10707,0
15348,552,5,13884,0
15349,62,2,4514,0
15350,424,4,15150,0
15351,52,9,19170,1
15352,153,3,7953,0
15353,198,4,14950,0
15354,205,4,13942,0
15355,563,4,12800,0
15356,298,3,9134,0
15357,49,8,15084,1
15358,11,6,16528,1
15359,660,2,6122,0
15360,60,5,15324,1
15361,283,1,4298,0
15362,6,2,6287,0
15363,41,4,13269,0
15364,11,9,23256,1
15365,157,9,27606,1
15366,487,5,12020,0
15367,749,2,3129,0
15368,121,4,11002,0
15369,207,8,28079,1
15370,84,3,8785,0
15371,289,4,13340,0
15372,226,4,8958,0
15373,719,5,13082,0
15374,73,3,3458,0
15375,182,5,12711,0
15376,59,7,24294,1
15377,1241,1,2544,0
15378,250,3,7017,0
15379,124,12,31977,1
15380,192,5,16983,1
15381,442,5,8029,0
15382,411,8,22398,1
15383,208,3,6352,0
15384,32,3,7388,0
15385,149,8,21290,1
15386,145,6,18870,1
15387,39,6,18134,1
15388,204,5,13886,0
15389,87,5,20453,1
15390,798,8,23560,1
15391,297,4,7041,0
15392,192,12,25283,1
15393,400,2,3941,0
15394,19,12,42695,1
15395,245,4,13826,0
15396,156,5,10856,0
15397,76,3,6022,0
15398,34,4,11633,0
15399,468,2,6825,0
15400,659,4,4851,0
15401,243,7,18950,1
15402,190,8,17118,1
15403,279,3,12928,0
15404,143,7,14541,1
15405,916,5,15181,0
15406,81,5,9827,0
15407,240,4,10211,0
15408,704,2,6483,0
15409,177,7,14680,1
15410,708,6,14695,0
15411,1070,1,4225,0
15412,89,4,6469,0
15413,117,8,25342,1
15414,237,6,11474,1
15415,249,3,8886,0
15416,118,5,9672,0
15417,249,6,16134,1
15418,173,6,22157,1
15419,126,3,7558,0
15420,822,3,10906,0
15421,224,4,10181,0
15422,24,5,15626,1
15423,310,5,16188,1
15424,256,5,11977,0
15425,772,4,15348,0
15426,15,7,19797,1
15427,113,3,11118,0
15428,281,1,1843,0
15429,221,4,13368,0
15430,57,3,3061,0
15431,462,2,3677,0
15432,140,5,12826,0
15433,198,2,3651,0
15434,615,4,8214,0
15435,106,4,8678,0
15436,144,6,16152,1
15437,874,3,7910,0
15438,396,6,11622,0
15439,282,4,11248,0
15440,367,2,7718,0
15441,293,7,31002,1
15442,162,5,14074,1
15443,164,6,17903,1
15444,106,6,16537,1
15445,171,3,7406,0
15446,388,7,19632,1
15447,97,6,15596,1
15448,55,8,11865,1
15449,387,7,17786,1
15450,126,6,14151,1
15451,416,1,2248,0
15452,133,5,2747,0
15453,610,4,15957,0
15454,18,9,18034,1
15455,177,4,8140,0
15456,366,3,5720,0
15457,525,2,6486,0
15458,326,6,18214,1
15459,82,9,22196,1
15460,61,8,15504,1
15461,455,3,13847,0
15462,6,4,12060,0
15463,264,3,8431,0
15464,33,4,9679,0
15465,12,6,16375,1
15466,52,7,15659,1
15467,123,2,6400,0
15468,610,2,5729,0
15469,60,5,9042,0
15470,278,5,16260,1
15471,7,2,5965,0
15472,142,4,10766,0
15473,190,7,19773,1
15474,210,4,12529,0
15475,281,4,14006,0
15476,48,5,14518,1
15477,78,5,7963,0
15478,152,6,10931,1
15479,197,5,6553,0
15480,142,7,13676,1
15481,43,8,26262,1
15482,34,4,7411,0
15483,51,6,10153,1
15484,289,7,21921,1
15485,207,5,13627,0
15486,880,4,13081,0
15487,309,5,15619,1
15488,399,4,7681,0
15489,112,11,39275,1
15490,147,6,22490,1
15491,93,6,10456,1
15492,251,4,8999,0
15493,288,7,20504,1
15494,132,5,13657,1
15495,87,4,13675,0
15496,182,10,28430,1
15497,872,1,1942,0
15498,750,6,17510,0
15499,126,4,13017,0
15500,56,4,8627,0
15501,46,7,23245,1
15502,38,3,5223,0
15503,98,8,25693,1
15504,360,3,7397,0
15505,310,7,21078,1
15506,321,3,6271,0
15507,112,6,11212,1
15508,181,7,16189,1
15509,304,5,15123,0
15510,418,2,2300,0
15511,528,2,5684,0
15512,6,2,5934,0
15513,334,6,16048,1
15514,57,8,21464,1
15515,480,1,928,0
15516,142,3,7358,0
15517,49,8,23655,1
15518,628,6,18896,1
15519,214,4,15104,0
15520,31,7,25345,1
15521,1252,1,4914,0
15522,215,8,21859,1
15523,60,5,13052,1
15524,276,4,16241,0
15525,339,2,5551,0
15526,75,5,15617,1
15527,159,4,13884,0
15528,356,3,10298,0
15529,129,7,11301,1
15530,406,4,9846,0
15531,157,3,6516,0
15532,125,7,14296,1
15533,129,3,8381,0
15534,99,9,31342,1
15535,187,6,18655,1
15536,372,6,18462,1
15537,133,6,13097,1
15538,179,7,22493,1
15539,81,6,17436,1
15540,124,5,11102,0
15541,455,3,8386,0
15542,117,9,24335,1
15543,676,5,18642,0
15544,312,2,4633,0
15545,287,6,16405,1
15546,351,3,7491,0
15547,64,8,14491,1
15548,14,5,7222,0
15549,19,8,20086,1
15550,300,3,6332,0
15551,177,6,14356,1
15552,166,9,29470,1
15553,167,5,13612,1
15554,168,7,24907,1
15555,112,5,14395,1
15556,135,5,15693,1
15557,506,2,5216,0
15558,93,4,8607,0
15559,679,4,12012,0
15560,58,4,15267,1
15561,68,5,7846,0
15562,12,2,3832,0
15563,21,4,9057,0
15564,671,2,7423,0
15565,554,6,16029,0
15566,215,5,13029,0
15567,406,7,18724,1
15568,276,3,6332,0
15569,223,2,1266,0
15570,173,8,29474,1
15571,644,5,16350,0
15572,276,5,15466,1
15573,169,5,15218,1
15574,62,8,18955,1
15575,612,4,10762,0
15576,5,5,13806,1
15577,54,2,4888,0
15578,315,4,4922,0
15579,131,5,13828,1
15580,250,4,9179,0
15581,326,5,19652,1
15582,97,7,22894,1
15583,99,11,30923,1
15584,590,2,5594,0
15585,43,6,16813,1
15586,509,4,12082,0
15587,287,7,27781,1
15588,217,6,11841,1
15589,150,5,8220,0
15590,31,4,9927,0
15591,200,4,11123,0
15592,416,3,5658,0
15593,193,6,13243,1
15594,71,5,7243,0
15595,328,3,7732,0
15596,190,3,10756,0
15597,71,13,31311,1
15598,218,3,8842,0
15599,316,5,15805,1
15600,52,5,14292,1
15601,111,8,23242,1
15603,384,5,13327,0
15604,5,4,6233,0
15605,329,8,28135,1
15606,109,5,17211,1
15607,14,9,28437,1
15608,356,3,6165,0
15609,128,6,18185,1
15610,1039,1,2034,0
15611,615,1,536,0
15613,360,3,8482,0
15614,68,6,15495,1
15615,227,3,8382,0
15616,191,3,12273,0
15617,189,5,14296,1
15618,303,3,10333,0
15619,46,9,27550,1
15620,134,4,16411,1
15621,674,3,11860,0
15622,327,3,7274,0
15623,131,2,5154,0
15624,398,6,18122,1
15625,132,7,18549,1
15626,313,3,5191,0
15627,154,3,8866,0
15628,423,5,10607,0
15629,123,4,8453,0
15630,183,3,7162,0
15631,142,7,23303,1
15632,76,8,24280,1
15633,83,6,18511,1
15634,57,3,7383,0
15635,393,2,1220,0
15636,549,3,8201,0
15637,275,2,5622,0
15638,256,4,10382,0
15639,874,4,4970,0
15640,338,3,5168,0
15641,84,6,19547,1
15642,1121,1,4927,0
15643,90,3,3449,0
15644,28,5,9996,0
15645,49,5,14216,1
15646,597,3,4461,0
15647,60,4,13004,0
15648,585,2,1503,0
15649,81,4,11768,0
15650,334,8,22172,1
15651,36,8,21764,1
15652,15,5,17933,1
15653,209,6,10317,0
15654,124,7,21430,1
15655,134,3,6593,0
15656,337,6,19423,1
15657,602,6,17522,1
15658,451,5,14018,0
15659,48,9,28428,1
15660,213,4,11941,0
15661,354,6,14047,1
15662,18,2,2278,0
15663,127,5,19671,1
15664,464,4,9561,0
15665,3,6,20419,1
15666,590,1,1275,0
15667,351,5,15915,0
15668,158,4,10989,0
15669,367,2,7733,0
15670,217,3,7861,0
15671,47,4,8136,0
15672,566,3,7951,0
15673,294,4,9914,0
15674,341,10,24589,1
15675,202,6,15879,1
15676,390,3,9454,0
15677,543,5,18293,0
15678,426,4,8787,0
15679,834,2,4966,0
15680,155,4,13495,0
15681,208,4,12659,0
15682,277,5,10705,0
15683,117,6,14978,1
15684,117,5,16890,1
15685,526,3,8639,0
15686,3,6,20395,1
15687,35,2,8115,0
15688,247,1,4115,0
15689,49,13,33900,1
15690,143,5,13157,1
15691,123,5,11564,0
15692,147,4,14092,0
15693,186,3,10061,0
15694,177,2,5194,0
15695,231,4,10244,0
15696,166,4,12633,0
15697,531,5,15615,0
15698,912,2,3525,0
15699,239,4,10547,0
15700,25,3,8566,0
15701,276,5,11128,0
15702,1031,2,6488,0
15703,12,3,6739,0
15704,473,5,19680,1
15705,207,6,19259,1
15706,555,2,7055,0
15707,205,4,11670,0
15708,33,7,22322,1
15709,475,4,9424,0
15710,301,6,8240,0
15711,384,3,11037,0
15712,591,6,18480,1
15713,169,5,13809,1
15714,147,5,13045,0
15715,464,2,4045,0
15716,966,5,13717,0
15717,31,2,5329,0
15718,685,8,28391,1
15719,39,4,11475,0
15720,506,3,11104,0
15721,162,4,12216,0
15722,11,4,12106,0
15723,96,5,15408,1
15724,40,6,17818,1
15725,74,7,22480,1
15726,691,5,11348,0
15727,66,5,11294,0
15728,166,8,25193,1
15729,375,7,25344,1
15730,551,3,7240,0
15731,93,9,28195,1
15732,100,4,12105,0
15733,496,6,17977,1
15734,162,3,12258,0
15735,285,7,20540,1
15736,229,4,9782,0
15737,740,3,7898,0
15738,1,4,10121,0
15739,39,3,7146,0
15740,248,6,15054,1
15741,35,9,24914,1
15742,436,7,16329,1
15743,751,3,4147,0
15744,379,5,12241,0
15745,68,4,5892,0
15746,284,4,13984,0
15747,319,1,2881,0
15748,26,11,27666,1
15749,785,2,1235,0
15750,167,6,11363,1
15751,99,6,19811,1
15752,201,4,7137,0
15753,608,6,18686,1
15754,358,7,13643,1
15755,84,6,22575,1
15756,357,5,20937,1
15757,129,5,16117,1
15758,372,4,10098,0
15759,180,6,17129,1
15760,787,4,8053,0
15761,167,3,6765,0
15762,555,3,12410,0
15763,292,3,6571,0
15764,64,6,18858,1
15765,83,4,15989,1
15766,425,4,8327,0
15767,23,3,10604,0
15768,823,1,2197,0
15769,7,8,26112,1
15770,14,5,9334,0
15771,57,6,12422,1
15772,596,5,5574,0
15773,683,2,9810,0
15774,422,6,14064,0
15775,219,3,9878,0
15776,482,3,7351,0
15777,375,7,17777,1
15778,295,5,14088,0
15779,53,5,13332,1
15780,43,11,25354,1
15781,48,2,6175,0
15782,806,2,3083,0
15783,98,4,9261,0
15784,100,5,13251,1
15785,172,4,12416,0
15786,23,2,1239,0
15787,2,6,20140,1
15788,124,6,11922,1
15789,193,4,9403,0
15790,150,3,7247,0
15791,91,4,10583,0
15792,55,6,15637,1
15793,27,6,21659,1
15794,14,5,10874,0
15795,329,2,3820,0
15796,292,5,17628,1
15797,162,10,30104,1
15798,250,4,4482,0
15799,32,5,17468,1
15800,45,6,17887,1
15801,759,2,3952,0
15802,76,7,13179,1
15803,429,5,7285,0
15804,162,3,9107,0
15805,41,6,15863,1
15806,104,6,14944,1
15807,283,6,22326,1
15808,375,7,16691,1
15810,433,5,11963,0
15811,170,6,16819,1
15812,171,5,14463,1
15813,344,5,12282,0
15814,33,7,18290,1
15815,516,4,11158,0
15816,437,6,18713,1
15817,61,4,6793,0
15818,338,3,7295,0
15819,312,8,18397,1
15820,157,6,18364,1
15821,87,6,15241,1
15822,496,6,21875,1
15823,24,8,20031,1
15824,705,4,9201,0
15825,27,5,13619,1
15826,66,5,14978,1
15827,10,3,1272,0
15828,706,4,8197,0
15829,768,1,4109,0
15830,194,3,3958,0
15831,375,5,14598,0
15832,71,4,8258,0
15833,82,2,4397,0
15834,86,8,23139,1
15835,1033,1,5004,0
15836,179,7,19188,1
15837,570,6,16078,0
15838,41,6,18087,1
15839,466,3,10017,0
15840,420,1,983,0
15841,49,6,17055,1
15842,201,4,14193,0
15843,5,4,6787,0
15844,265,6,12163,1
15845,246,9,34015,1
15846,398,3,3031,0
15847,3,9,20922,1
15848,298,3,6706,0
15849,303,7,18417,1
15850,68,9,22919,1
15851,9,6,13110,1
15852,103,10,31942,1
15853,279,3,12605,0
15854,556,5,18488,0
15855,20,3,7669,0
15856,14,6,16388,1
15857,141,8,16678,1
15858,203,6,17981,1
15859,79,3,11419,0
15860,498,4,11231,0
15861,31,6,18125,1
15862,595,2,3630,0
15863,101,6,17237,1
15864,92,3,4309,0
15865,190,7,20066,1
15866,19,7,18838,1
15867,837,3,4255,0
15868,222,10,24828,1
15869,1157,1,3103,0
15870,246,1,1941,0
15871,88,7,21731,1
15872,98,4,11509,0
15873,17,6,15034,1
15874,368,7,8848,0
15875,87,6,18318,1
15876,1065,3,9856,0
15877,330,5,15143,0
15878,112,6,16604,1
15879,126,9,22375,1
15880,236,3,6052,0
15881,43,5,17803,1
15882,31,5,12842,1
15883,124,3,11089,0
15884,192,5,10512,0
15885,236,5,15392,1
15886,88,6,13394,1
15887,129,5,16287,1
15889,341,9,18186,1
15890,307,5,8644,0
15891,989,2,6408,0
15892,175,8,23186,1
15893,620,5,12939,0
15894,155,5,14305,1
15895,39,3,11773,0
15896,237,8,26046,1
15897,127,7,13255,1
15898,416,2,1732,0
15899,381,4,11529,0
15900,320,4,11634,0
15901,457,3,8847,0
15902,42,5,11072,0
15903,233,5,15911,1
15904,559,5,14659,0
15905,168,4,14227,0
15906,108,9,24080,1
15907,118,7,23996,1
15908,568,3,6042,0
15909,54,2,5516,0
15910,45,3,7369,0
15911,485,2,3502,0
15912,84,5,14033,1
15913,165,6,11164,1
15914,102,6,22581,1
15915,181,7,16627,1
15916,121,4,9155,0
15917,379,3,6567,0
15918,119,7,14823,1
15919,88,7,20561,1
15920,123,2,2338,0
15921,350,1,4372,0
15922,411,4,12586,0
15923,77,7,21768,1
15924,290,8,15568,1
15925,215,3,13109,0
15926,159,6,14412,1
15927,671,3,5704,0
15928,2,5,17055,1
15929,230,3,8403,0
15930,464,2,1542,0
15931,53,7,14386,1
15932,28,3,5376,0
15933,49,8,22595,1
15934,217,7,24138,1
15935,107,10,27819,1
15936,232,3,9957,0
15937,139,10,25840,1
15938,64,5,12694,1
15939,436,5,16710,0
15940,121,8,19346,1
15941,156,9,23103,1
15942,78,6,14965,1
15943,162,4,8677,0
15944,321,2,2776,0
15945,263,8,20076,1
15946,101,6,12291,1
15947,138,3,8060,0
15948,319,7,12767,1
15949,117,8,27965,1
15950,471,4,12224,0
15951,427,7,16450,1
15952,29,6,16062,1
15953,357,6,17233,1
15954,46,6,16969,1
15955,134,4,7749,0
15956,70,10,27925,1
15957,156,4,10697,0
15958,20,4,12192,0
15959,160,3,10863,0
15960,1203,3,9292,0
15961,25,3,9166,0
15962,247,5,13541,0
15963,22,5,16192,1
15964,60,6,15946,1
15965,521,5,17194,0
15966,363,5,15371,0
15967,55,2,3599,0
15968,60,2,6355,0
15969,488,2,10035,0
15970,93,6,19037,1
15971,580,3,6454,0
15972,57,2,1453,0
15973,254,5,13716,0
15974,296,7,18182,1
15975,276,5,19218,1
15976,183,6,10093,0
15977,110,3,7556,0
15978,624,3,6497,0
15979,346,8,24174,1
15980,88,2,4725,0
15981,44,9,33597,1
15982,87,3,6335,0
15983,987,1,493,0
15984,119,4,10496,0
15985,125,3,7463,0
15986,122,7,16585,1
15987,523,4,11363,0
15988,317,3,10085,0
15989,496,5,18449,0
15990,244,6,15206,1
15991,213,5,10675,0
15992,5,7,28142,1
15993,519,4,10556,0
15994,27,6,20296,1
15995,107,7,14980,1
15996,512,4,10552,0
15997,127,3,7921,0
15998,352,9,23462,1
15999,61,8,18514,1
16000,252,5,13454,0
16001,179,3,14027,0
16002,383,4,5779,0
16003,256,4,9023,0
16004,96,5,14215,1
16005,174,4,10926,0
16006,127,12,35051,1
16007,1228,1,2683,0
16008,85,11,24177,1
16009,156,4,13007,0
16010,366,5,8042,0
16011,588,3,8173,0
16012,195,7,19671,1
16013,105,6,11888,1
16014,82,6,11398,1
16015,60,5,17120,1
16016,75,2,6357,0
16017,199,7,12857,1
16018,47,4,13013,0
16019,663,4,6879,0
16020,57,5,13065,1
16021,123,4,6892,0
16022,176,8,18838,1
16023,171,7,20927,1
16024,229,5,13886,0
16025,35,2,3248,0
16026,148,3,10206,0
16027,326,7,20978,1
16028,15,8,18625,1
16029,27,7,18669,1
16030,279,5,14664,0
16031,236,4,13748,0
16032,111,3,3742,0
16033,29,5,9466,0
16034,10,7,17039,1
16035,1,8,9353,1
16036,776,1,260,0
16037,313,5,16305,1
16038,357,3,9615,0
16039,89,4,14637,0
16040,435,7,18892,1
16041,42,5,10623,0
16042,90,5,9155,0
16043,195,4,5737,0
16044,603,5,17647,0
16045,536,5,13839,0
16046,106,3,6022,0
16047,66,2,4352,0
16048,489,4,5273,0
16049,256,4,10267,0
16050,193,4,12332,0
16051,389,5,13926,0
16052,45,2,3230,0
16053,450,4,11214,0
16054,921,3,6939,0
16055,2,9,20837,1
16056,411,4,8334,0
16057,52,7,11024,1
16058,201,3,11785,0
16059,304,5,9680,0
16060,28,7,22970,1
16061,394,3,5323,0
16062,206,9,27515,1
16063,323,7,20592,1
16064,246,7,20231,1
16065,440,5,9987,0
16066,83,5,13632,1
16067,600,5,12651,0
16068,104,6,23409,1
16069,209,8,24501,1
16070,87,6,12488,1
16071,60,7,11737,1
16072,334,4,4541,0
16073,190,8,24001,1
16074,287,7,16166,1
16075,71,9,21048,1
16076,597,7,14697,1
16077,203,9,20774,1
16078,43,4,10899,0
16079,210,3,10434,0
16080,597,5,11118,0
16081,129,4,11553,0
16082,795,2,3166,0
16083,15,7,11151,1
16084,128,9,22683,1
16085,259,10,33454,1
16086,533,5,13578,0
16087,618,2,2729,0
16088,668,3,7530,0
16089,627,3,8620,0
16090,174,4,10072,0
16091,108,3,5268,0
16092,189,4,9289,0
16093,326,4,15439,0
16094,142,4,11177,0
16095,225,8,25773,1
16096,75,4,8827,0
16097,168,3,7396,0
16098,192,6,13239,1
16099,222,1,2401,0
16100,53,4,12733,0
16101,69,4,10873,0
16102,289,7,20759,1
16103,581,3,12598,0
16104,130,5,9196,0
16105,687,2,5994,0
16106,627,3,9101,0
16107,102,4,8397,0
16108,425,3,7352,0
16109,392,5,15178,0
16110,117,7,19414,1
16111,323,4,6556,0
16112,36,4,12113,0
16113,541,2,8182,0
16114,324,2,5931,0
16115,94,7,20560,1
16116,28,13,35800,1
16117,646,2,5042,0
16118,128,7,23657,1
16119,41,5,17054,1
16120,824,1,3334,0
16121,178,4,14059,0
16122,177,7,17566,1
16123,238,8,17855,1
16124,72,4,14880,0
16125,352,2,4719,0
16126,1214,1,2455,0
16127,116,5,12707,1
16128,1003,5,5049,0
16129,117,1,1201,0
16130,474,3,7784,0
16131,77,2,8049,0
16132,29,5,13459,1
16133,329,5,15519,0
16134,4,6,23245,1
16135,1007,2,4919,0
16136,152,4,13736,0
16137,16,8,21093,1
16138,118,5,8518,0
16139,579,3,10716,0
16140,93,6,8469,0
16141,72,4,14790,0
16142,175,2,2775,0
16143,472,4,7860,0
16144,64,10,25013,1
16145,324,4,12294,0
16146,60,6,19685,1
16147,151,6,16959,1
16148,284,1,4015,0
16149,31,6,20351,1
16150,93,6,17438,1
16151,202,8,15227,1
16152,1066,1,1667,0
16153,133,6,21600,1
16154,34,7,24272,1
16155,190,3,6317,0
16156,52,4,14096,0
16157,205,5,10620,0
16158,338,2,4184,0
16159,3,6,20601,1
16160,247,5,13678,0
16161,503,6,23247,1
16162,524,5,13897,0
16163,185,2,3575,0
16164,467,7,20042,1
16165,9,6,11859,1
16166,304,7,20721,1
16167,44,3,10263,0
16168,70,5,13090,1
16169,305,3,4594,0
16170,55,7,26670,1
16171,63,6,13323,1
16172,140,3,5796,0
16173,124,8,24032,1
16174,14,5,14390,1
16175,60,5,15872,1
16176,28,11,30655,1
16177,5,11,25874,1
16178,910,4,10287,0
16179,101,5,22231,1
16180,124,8,23376,1
16181,29,5,22201,1
16182,257,9,24024,1
16183,9,6,20362,1
16184,637,5,11660,0
16185,299,5,20323,1
16186,148,6,19950,1
16187,444,2,8077,0
16188,311,9,19392,1
16189,265,4,10917,0
16190,14,2,2025,0
16192,95,4,5989,0
16193,30,6,17656,1
16194,146,5,14939,1
16195,1238,1,4060,0
16196,113,5,10301,0
16197,27,3,2929,0
16198,362,2,7239,0
16199,217,7,18409,1
16200,672,4,10713,0
16201,99,3,6752,0
16202,226,4,12147,0
16203,357,3,10805,0
16204,980,2,7135,0
16205,67,4,11647,0
16206,305,2,4475,0
16207,830,1,1131,0
16208,58,6,16773,1
16209,403,6,20944,1
16210,103,6,14785,1
16211,154,4,11709,0
16212,99,6,14956,1
16213,162,7,21353,1
16214,334,5,16887,1
16215,5,10,32583,1
16216,172,7,13428,1
16217,450,2,3534,0
16218,665,4,10580,0
16219,182,1,3150,0
16220,1055,2,3246,0
16221,227,9,31541,1
16222,358,4,12451,0
16223,508,6,20153,1
16224,73,7,15050,1
16225,2,8,19740,1
16226,41,3,6517,0
16227,569,3,5512,0
16228,201,9,28016,1
16229,127,7,12100,1
16230,492,4,12456,0
16231,42,6,14142,1
16232,3,5,14008,1
16233,635,4,10807,0
16234,19,8,29785,1
16235,539,4,9292,0
16236,242,2,2695,0
16237,1056,2,5856,0
16238,153,4,7563,0
16239,215,10,23252,1
16240,112,5,13247,1
16241,1097,1,2002,0
16242,128,5,16672,1
16243,76,2,2491,0
16244,309,8,21445,1
16246,338,3,8003,0
16247,172,7,22456,1
16248,353,3,9713,0
16249,130,6,18305,1
16250,298,2,7403,0
16251,266,5,8747,0
16252,328,5,13448,0
16253,275,8,22056,1
16254,20,7,27098,1
16255,317,3,6322,0
16256,592,4,8911,0
16257,38,6,18346,1
16258,66,3,9183,0
16259,442,7,17874,1
16260,281,6,13666,1
16261,13,9,24780,1
16262,562,5,9122,0
16263,193,3,5239,0
16264,250,5,12937,0
16265,272,4,15513,0
16266,557,5,13872,0
16267,247,4,8546,0
16268,21,9,26064,1
16269,29,11,33037,1
16270,93,4,7711,0
16271,204,6,21383,1
16272,611,2,3102,0
16273,39,7,17348,1
16274,190,5,11965,0
16275,620,2,4520,0
16276,447,2,5945,0
16277,613,2,1974,0
16278,4,6,12747,1
16279,252,6,17801,1
16280,732,7,20217,1
16281,146,7,23816,1
16282,714,3,8544,0
16284,1262,1,438,0
16285,122,11,25314,1
16286,224,6,17858,1
16287,96,7,18967,1
16288,88,5,9779,0
16289,14,2,5961,0
16290,83,9,26266,1
16291,125,7,21903,1
16292,1023,2,4808,0
16293,734,5,11499,0
16294,49,3,11242,0
16295,240,6,23182,1
16296,236,4,10567,0
16297,11,2,2634,0
16298,103,6,19099,1
16299,434,3,5165,0
16300,466,2,1333,0
16301,86,5,19533,1
16302,195,7,19740,1
16303,299,5,9052,0
16304,154,6,19253,1
16305,986,4,15777,0
16306,262,7,19300,1
16307,698,3,10963,0
16308,107,3,6795,0
16309,52,9,24101,1
16310,212,6,18726,1
16311,117,4,8454,0
16312,132,4,8613,0
16313,4,6,16152,1
16315,637,3,10411,0
16316,21,4,10491,0
16317,203,6,16324,1
16318,971,3,8108,0
16319,855,2,5899,0
16320,139,4,13473,0
16321,929,2,5571,0
16322,352,2,6847,0
16323,441,5,4620,0
16324,102,4,18312,1
16325,101,6,13347,1
16326,381,6,10488,0
16327,243,3,9585,0
16328,507,8,18503,1
16329,739,3,7878,0
16331,10,7,17194,1
16332,137,4,14384,0
16333,379,3,8482,0
16334,55,6,12670,1
16335,133,5,9924,0
16336,89,5,13587,1
16337,10,9,23755,1
16338,91,4,11279,0
16339,126,5,8098,0
16340,86,6,16404,1
16341,117,3,8734,0
16342,360,3,9618,0
16343,389,8,26477,1
16344,371,3,10724,0
16345,69,4,8634,0
16346,29,5,12981,1
16347,78,8,18769,1
16348,8,4,10997,0
16349,312,3,9464,0
16350,23,11,29353,1
16351,463,5,19589,1
16352,230,4,10178,0
16353,220,6,19163,1
16354,195,3,9494,0
16355,512,4,12899,0
16356,465,4,9570,0
16357,145,4,11407,0
16358,110,3,8099,0
16359,785,1,2656,0
16360,351,3,9663,0
16361,304,6,23456,1
16362,60,5,16566,1
16363,358,8,17878,1
16364,661,5,15016,0
16365,236,3,11119,0
16366,561,4,9899,0
16367,185,6,15407,1
16368,53,6,20665,1
16369,1160,2,6562,0
16370,680,4,11351,0
16371,787,3,12469,0
16372,118,8,32497,1
16373,307,4,12467,0
16374,479,3,9451,0
16375,191,6,21457,1
16376,266,4,11135,0
16377,48,6,17271,1
16378,610,2,6892,0
16379,135,4,12288,0
16380,50,5,18608,1
16381,458,4,9064,0
16382,58,9,21677,1
16383,300,4,4024,0
16384,692,6,12646,0
16385,40,9,17415,1
16386,40,6,13811,1
16387,491,4,11164,0
16388,238,7,19247,1
16389,421,5,12733,0
16390,115,3,7988,0
16391,185,7,22672,1
16392,145,2,5253,0
16393,191,7,19751,1
16394,684,4,10716,0
16395,20,2,3896,0
16396,314,6,20699,1
16397,548,3,8217,0
16398,91,6,11188,1
16399,46,5,12604,1
16400,485,2,5615,0
16401,213,11,33213,1
16402,276,3,8383,0
16403,555,4,10049,0
16404,322,4,11746,0
16405,36,9,26941,1
16406,354,1,3244,0
16407,216,7,21172,1
16408,908,2,8145,0
16409,10,5,14458,1
16410,35,7,23329,1
16411,199,5,8956,0
16412,998,2,5190,0
16413,150,5,12876,0
16414,350,5,16893,1
16415,232,7,14919,1
16416,590,5,16383,0
16417,403,7,19686,1
16418,196,8,23498,1
16419,210,4,6587,0
16420,318,7,23189,1
16421,213,2,7232,0
16422,42,8,25902,1
16423,202,3,11718,0
16424,570,3,12301,0
16425,339,8,16809,1
16426,14,13,28286,1
16427,228,4,10185,0
16428,220,8,22211,1
16429,349,5,15487,0
16430,52,7,22092,1
16431,186,2,5359,0
16432,232,6,14814,1
16434,755,2,5298,0
16435,300,4,14932,0
16436,159,6,19955,1
16437,39,8,23015,1
16438,54,7,20590,1
16439,157,5,15448,1
16440,254,3,12863,0
16441,268,5,14131,0
16442,96,5,10248,0
16443,85,5,15975,1
16444,719,2,7434,0
16445,158,6,9988,0
16446,51,5,12161,1
16447,341,5,14947,0
16448,419,4,7853,0
16449,15,10,23405,1
16450,89,4,11135,0
16451,261,7,16343,1
16452,54,3,5120,0
16453,335,5,18530,1
16454,33,5,9742,0
16455,77,5,12693,1
16456,319,5,9890,0
16457,99,4,13186,0
16458,393,2,1668,0
16459,228,5,15394,1
16460,449,7,20031,1
16461,363,4,15330,0
16462,130,6,13305,1
16463,234,5,14455,1
16464,860,3,10352,0
16465,127,3,9274,0
16466,102,5,14057,1
16467,133,3,10389,0
16468,291,7,16233,1
16469,484,5,15288,0
16470,170,7,17165,1
16471,236,6,17360,1
16472,55,5,15086,1
16473,51,6,12020,1
16474,22,7,17385,1
16475,858,2,5629,0
16476,122,4,7698,0
16477,315,4,7993,0
16478,371,2,6074,0
16479,117,5,16822,1
16480,453,4,11613,0
16481,346,3,8967,0
16482,539,2,758,0
16483,785,5,9360,0
16484,598,5,15913,0
16485,522,3,4810,0
16486,559,3,9447,0
16487,141,5,14722,1
16488,868,1,1400,0
16489,979,1,1775,0
16490,835,3,7847,0
16491,63,7,8151,1
16492,429,4,10715,0
16493,324,5,17465,1
16494,437,4,9976,0
16495,76,5,13502,1
16496,76,2,4289,0
16497,62,4,12124,0
16498,97,8,22796,1
16499,34,7,14412,1
16500,43,6,16483,1
16501,393,4,13267,0
16502,409,7,21826,1
16503,139,5,15041,1
16504,98,5,11571,0
16505,638,4,11837,0
16506,19,4,11875,0
16507,100,6,15570,1
16508,199,3,12906,0
16509,1,8,24220,1
16510,632,5,14148,0
16511,144,4,9790,0
16512,378,4,13281,0
16513,15,4,13248,0
16514,120,3,6251,0
16515,647,3,9708,0
16516,232,5,13098,0
16517,748,3,7221,0
16518,7,6,16576,1
16519,260,4,11222,0
16520,219,5,10407,0
16521,218,8,22256,1
16522,277,7,20234,1
16523,516,4,13405,0
16524,240,6,13979,1
16525,310,8,21275,1
16526,389,5,14828,0
16527,90,5,15617,1
16528,132,9,24124,1
16529,69,11,28002,1
16530,315,4,9934,0
16531,257,10,33317,1
16532,178,5,14145,1
16533,25,3,7947,0
16534,24,3,10288,0
16535,275,2,5748,0
16536,371,5,9664,0
16537,318,4,9112,0
16538,654,1,1279,0
16539,787,5,14908,0
16540,135,4,5699,0
16541,314,6,18091,1
16542,68,7,16031,1
16543,994,4,12939,0
16544,276,4,11891,0
16545,237,2,2593,0
16546,518,7,21060,1
16547,452,7,17106,1
16548,45,7,26200,1
16549,1,2,4393,0
16550,38,3,8134,0
16551,139,7,16636,1
16552,114,3,12471,0
16553,639,2,2399,0
16554,472,5,18130,1
16555,165,4,13064,0
16556,257,2,7909,0
16557,1,5,18185,1
16558,143,2,9370,0
16559,349,4,14224,0
16560,285,7,25825,1
16561,159,5,15019,1
16562,730,3,10004,0
16563,260,5,17019,1
16564,164,7,17038,1
16565,693,6,20490,1
16566,211,4,10857,0
16567,171,9,25534,1
16568,183,2,1195,0
16569,43,7,19420,1
16570,264,6,16295,1
16571,147,8,19757,1
16572,1301,2,6025,0
16573,77,9,25203,1
16574,182,11,35325,1
16575,74,4,10801,0
16576,31,6,7676,0
16577,54,6,18224,1
16578,1343,1,1332,0
16579,135,3,10020,0
16580,335,3,5139,0
16581,203,5,16012,1
16582,28,7,15242,1
16583,144,6,11324,1
16584,152,2,6293,0
16585,5,4,13271,0
16586,2,3,8512,0
16587,430,3,8444,0
16588,20,8,23586,1
16589,38,6,20943,1
16590,187,5,11092,0
16591,264,4,16178,0
16592,342,2,4256,0
16593,57,5,13901,1
16594,1,1,5015,0
16595,152,7,16994,1
16596,171,4,16278,0
16597,92,7,19418,1
16598,41,11,29322,1
16599,35,2,2971,0
16600,39,4,10376,0
16601,55,9,21225,1
16602,264,4,11150,0
16603,386,3,7489,0
16604,1043,3,11541,0
16605,993,1,5139,0
16606,330,3,11913,0
16607,361,3,7392,0
16608,334,5,14644,0
16609,26,9,28527,1
16610,230,4,12672,0
16611,82,8,25665,1
16612,1148,1,201,0
16613,198,6,12730,1
16614,506,1,1203,0
16615,466,2,5977,0
16616,392,6,22614,1
16617,42,8,18731,1
16618,188,5,13722,0
16619,103,5,11047,0
16620,474,6,7942,0
16621,32,5,11361,1
16622,703,4,10443,0
16623,290,2,3600,0
16624,319,4,9649,0
16625,200,5,12680,0
16626,732,2,6821,0
16627,234,3,9137,0
16628,598,4,6573,0
16629,230,7,15797,1
16630,71,4,8999,0
16631,511,5,10821,0
16632,1026,3,5552,0
16633,293,2,7033,0
16634,60,6,17771,1
16635,2,10,25212,1
16636,570,6,13406,0
16637,22,4,11712,0
16638,359,6,19815,1
16639,554,3,11090,0
16640,48,4,14624,0
16641,381,5,11721,0
16642,74,5,7028,0
16643,72,9,25444,1
16644,461,5,16635,0
16645,365,5,19558,1
16646,83,7,18977,1
16647,682,6,14254,0
16648,890,5,15564,0
16649,168,7,14934,1
16650,262,3,10623,0
16651,54,6,13103,1
16652,46,11,26012,1
16653,222,5,6448,0
16654,248,4,10149,0
16655,219,6,20975,1
16656,99,7,11506,1
16657,789,2,5839,0
16658,611,3,6562,0
16659,115,4,11365,0
16660,97,5,15846,1
16661,173,8,19427,1
16662,572,2,3413,0
16663,68,4,10410,0
16664,278,4,9467,0
16665,181,8,26195,1
16666,22,5,13811,1
16667,366,4,11944,0
16668,265,5,14304,0
16669,88,5,14011,1
16670,114,7,20084,1
16671,59,3,7491,0
16672,46,3,11038,0
16673,346,5,10801,0
16674,128,5,9272,0
16675,581,4,11169,0
16676,165,3,7065,0
16677,33,6,16357,1
16678,94,1,3510,0
16679,173,8,18195,1
16680,127,3,6192,0
16681,67,10,31160,1
16682,416,6,18953,1
16683,398,2,3467,0
16684,23,10,23423,1
16685,239,4,15597,0
16686,84,4,9695,0
16687,18,5,17226,1
16688,86,5,13229,1
16690,10,6,10159,1
16691,162,2,5195,0
16692,149,5,11151,0
16693,65,9,19903,1
16694,623,2,2975,0
16695,11,3,2625,0
16696,1,3,6222,0
16697,14,5,18860,1
16698,385,4,16587,0
16699,70,6,12383,1
16700,103,9,22428,1
16701,332,6,14588,1
16702,37,6,17448,1
16703,2,8,17584,1
16704,17,6,16377,1
16705,337,2,6483,0
16706,245,4,12402,0
16707,30,7,16540,1
16708,158,4,10002,0
16709,355,3,6485,0
16710,212,4,10473,0
16711,58,3,13596,0
16712,233,6,18013,1
16713,191,7,15811,1
16714,2,10,32842,1
16715,260,5,16315,1
16716,359,3,5328,0
16717,230,6,15668,1
16718,22,6,13525,1
16719,418,8,22477,1
16720,516,5,13209,0
16721,621,5,16309,0
16722,27,5,13299,1
16723,112,7,22828,1
16724,113,5,14539,1
16725,172,7,17829,1
16726,60,2,9586,0
16727,63,6,19026,1
16728,76,4,10674,0
16730,22,5,19088,1
16731,418,9,25970,1
16732,298,6,17538,1
16733,228,2,4319,0
16734,341,3,11358,0
16735,165,8,17641,1
16736,46,6,18206,1
16737,95,7,28905,1
16738,17,6,19692,1
16739,351,5,14281,0
16740,25,7,27561,1
16741,352,4,13197,0
16742,899,2,2716,0
16743,270,2,4294,0
16744,85,8,15414,1
16745,178,3,10727,0
16746,1061,1,2081,0
16747,45,6,16572,1
16748,760,4,12711,0
16749,363,3,7380,0
16750,83,5,9470,0
16751,793,3,9218,0
16752,6,10,25054,1
16753,12,6,14932,1
16754,177,5,13368,0
16755,339,5,13540,0
16756,72,5,13652,1
16757,422,7,23930,1
16758,542,2,4802,0
16760,54,7,19294,1
16761,78,5,12601,1
16762,229,2,3964,0
16763,99,4,8717,0
16764,368,2,5655,0
16765,917,2,6296,0
16766,315,7,22196,1
16767,72,5,17704,1
16768,189,5,18246,1
16769,123,11,32092,1
16770,435,6,18840,1
16771,51,7,14081,1
16772,681,1,4241,0
16773,204,5,12998,0
16774,237,5,15198,1
16775,31,4,10516,0
16776,640,3,1452,0
16777,39,7,20510,1
16778,205,6,10307,0
16779,483,3,6003,0
16780,102,5,12743,1
16781,145,6,14331,1
16782,194,7,16808,1
16783,451,3,5060,0
16784,112,8,20075,1
16785,296,4,9063,0
16786,337,7,23933,1
16787,308,3,5716,0
16788,136,5,16287,1
16789,512,2,4210,0
16790,48,9,31685,1
16791,539,2,5924,0
16792,302,3,8093,0
16793,64,3,8821,0
16794,173,3,6615,0
16795,514,2,7540,0
16796,61,4,13001,0
16797,73,6,15408,1
16798,888,3,13822,0
16799,460,7,18713,1
16800,161,5,13895,1
16801,155,6,21128,1
16802,429,4,9886,0
16803,648,1,1084,0
16804,127,4,6323,0
16805,210,5,13940,0
16806,152,5,16450,1
16807,556,5,14341,0
16808,535,4,7700,0
16809,24,5,12106,1
16810,56,7,17802,1
16811,253,4,9816,0
16812,345,5,10314,0
16813,769,4,10844,0
16814,6,7,20311,1
16815,44,7,13352,1
16816,160,6,9086,0
16817,603,5,13044,0
16818,113,3,11062,0
16819,388,1,4172,0
16820,144,9,29211,1
16821,53,6,14269,1
16822,21,4,13397,0
16823,59,5,13947,1
16824,53,10,26527,1
16825,14,8,15416,1
16826,874,4,17807,0
16827,318,5,15770,1
16828,67,4,11841,0
16829,331,3,9946,0
16830,849,2,6511,0
16831,78,5,15311,1
16832,40,7,17683,1
16833,93,8,22734,1
16834,256,5,15807,1
16835,192,3,5806,0
16836,18,7,20849,1
16837,385,6,17029,1
16838,235,10,29765,1
16839,87,6,14458,1
16840,47,6,12051,1
16841,389,4,11582,0
16842,991,3,6189,0
16843,434,5,12495,0
16844,26,5,15312,1
16845,22,5,4610,0
16846,960,1,4614,0
16847,595,4,9671,0
16848,65,7,11499,1
16849,303,5,14602,0
16850,443,5,16179,0
16851,35,2,4779,0
16852,286,2,5129,0
16853,145,6,24051,1
16854,103,5,10170,0
16855,278,4,6039,0
16856,487,4,17899,0
16857,140,1,1552,0
16858,515,4,6956,0
16859,741,2,5189,0
16860,333,9,20368,1
16861,80,5,13346,1
16862,39,7,15743,1
16863,10,4,9348,0
16864,99,3,9393,0
16865,74,7,13528,1
16866,33,7,17646,1
16867,255,3,9536,0
16868,111,5,15141,1
16869,103,5,12640,1
16870,33,6,14928,1
16871,349,6,19952,1
16872,587,2,6556,0
16873,196,4,12131,0
16874,100,5,10594,0
16875,369,7,16900,1
16876,129,2,7005,0
16877,536,5,15601,0
16878,332,3,12303,0
16879,198,9,25375,1
16880,336,1,2927,0
16881,134,3,11858,0
16882,3,2,5450,0
16883,579,3,6716,0
16884,20,7,24740,1
16885,4,6,21259,1
16886,86,5,13573,1
16887,224,6,12679,1
16888,280,6,16899,1
16889,35,8,23876,1
16890,530,3,4013,0
16891,835,1,325,0
16892,451,3,6259,0
16893,9,7,18515,1
16894,20,7,13839,1
16895,136,6,18432,1
16896,582,4,11629,0
16897,320,6,12588,0
16898,267,8,25156,1
16899,103,9,26917,1
16900,116,8,24274,1
16901,42,11,25496,1
16902,42,2,6085,0
16903,5,8,31532,1
16904,220,2,8163,0
16905,625,3,7900,0
16906,224,6,16022,1
16907,174,4,13500,0
16908,271,2,5434,0
16909,153,11,30418,1
16910,325,5,15907,1
16911,191,5,10657,0
16912,145,3,8555,0
16913,69,4,7757,0
16914,9,9,15574,1
16915,175,7,25521,1
16916,543,6,14594,0
16917,3,4,14040,0
16918,218,8,12166,1
16919,284,3,10354,0
16920,579,5,12668,0
16921,544,8,17210,1
16922,893,2,3344,0
16923,426,6,14091,0
16924,76,5,7589,0
16925,17,9,25363,1
16926,230,5,15120,1
16927,8,10,31795,1
16928,195,5,14021,1
16929,454,1,1583,0
16930,269,3,6294,0
16931,153,5,15312,1
16932,56,5,10908,0
16933,51,12,31071,1
16934,18,3,10500,0
16935,710,4,15784,0
16936,54,2,5107,0
16937,36,7,17246,1
16938,376,2,1737,0
16939,31,3,13120,0
16940,180,7,21923,1
16941,96,4,11315,0
16942,16,7,21822,1
16943,323,3,5313,0
16944,240,10,18095,1
16945,295,3,7861,0
16946,231,6,19821,1
16947,299,6,10980,0
16948,75,4,8563,0
16949,491,5,17293,0
16950,500,4,7867,0
16951,468,3,5889,0
16952,154,4,10573,0
16953,70,5,16699,1
16954,469,6,12023,0
16955,844,1,4166,0
16956,36,10,30765,1
16957,234,8,20464,1
16958,58,5,15019,1
16959,201,4,9533,0
16960,74,6,11369,1
16961,712,4,8243,0
16962,549,3,10262,0
16963,33,6,17216,1
16964,477,3,6742,0
16965,200,4,6607,0
16966,361,2,7195,0
16967,29,2,4333,0
16968,88,12,39776,1
16969,436,4,10095,0
16970,8,5,16446,1
16971,916,1,2370,0
16972,165,6,8748,0
16973,89,6,15061,1
16974,40,7,24580,1
16975,70,6,13219,1
16976,476,4,13034,0
16977,1015,3,4749,0
16978,38,7,23585,1
16979,66,3,9477,0
16980,133,6,17160,1
16981,148,2,9722,0
16982,42,4,14767,1
16983,182,4,10700,0
16984,229,3,10296,0
16985,87,12,30225,1
16986,404,5,9844,0
16987,190,8,23475,1
16988,275,7,20587,1
16989,627,4,11080,0
16990,100,4,13230,0
16991,427,5,10897,0
16992,38,9,23117,1
16993,353,6,5791,0
16994,600,6,13945,0
16995,185,5,13433,0
16996,468,3,7293,0
16997,465,6,24990,1
16998,85,2,6633,0
16999,183,10,21040,1
17000,146,4,14361,0
17001,553,2,3406,0
17002,503,4,18746,0
17003,122,3,10312,0
17004,461,6,17870,1
17005,144,6,15656,1
17006,357,6,20713,1
17007,103,3,10584,0
17008,476,2,5881,0
17009,326,4,9298,0
17010,481,4,11988,0
17011,49,2,7436,0
17013,157,4,10236,0
17014,405,2,6956,0
17015,151,7,17351,1
17016,107,7,16455,1
17017,746,3,6829,0
17018,81,7,18940,1
17019,661,2,8330,0
17020,41,6,15882,1
17021,119,8,18183,1
17022,509,7,18942,1
17023,25,3,10220,0
17024,69,6,18334,1
17025,288,7,16833,1
17026,642,1,3565,0
17027,176,4,14353,0
17028,397,6,19034,1
17029,221,8,18285,1
17030,511,1,4191,0
17031,282,6,18821,1
17032,342,4,13688,0
17033,239,5,17966,1
17034,49,9,24191,1
17035,362,3,5886,0
17036,132,8,23221,1
17037,104,5,13309,1
17038,347,6,20090,1
17039,124,6,14960,1
17040,77,9,22661,1
17041,145,6,15729,1
17042,527,6,18545,1
17043,293,4,9701,0
17044,234,5,13315,0
17045,225,5,11960,0
17046,316,5,10686,0
17047,185,10,29850,1
17048,679,1,4685,0
17049,26,4,14936,1
17050,1121,2,2472,0
17051,408,4,9886,0
17052,50,6,17578,1
17053,429,6,21075,1
17054,438,5,10847,0
17055,20,8,28270,1
17056,31,5,13753,1
17057,6,4,13499,0
17058,501,7,18848,1
17059,40,6,12202,1
17060,81,5,12817,1
17061,114,6,19314,1
17062,259,6,15047,1
17063,40,4,5590,0
17064,160,5,16964,1
17065,91,8,20922,1
17066,90,5,14342,1
17067,13,7,19283,1
17068,140,3,6322,0
17069,377,2,9127,0
17070,780,1,4188,0
17071,854,1,4613,0
17072,537,3,7742,0
17073,503,5,11629,0
17074,121,5,10892,0
17075,570,2,5119,0
17076,62,3,8006,0
17077,484,4,13029,0
17078,230,4,9082,0
17079,1103,2,7325,0
17080,192,3,9842,0
17081,915,2,893,0
17082,19,4,9710,0
17083,116,5,11231,0
17084,459,5,18102,1
17085,510,2,2167,0
17086,324,9,20060,1
17087,39,8,20738,1
17088,172,8,21638,1
17089,167,5,17433,1
17090,342,4,12019,0
17091,52,3,9091,0
17092,267,6,8893,0
17093,102,5,13106,1
17094,236,6,20674,1
17095,1313,1,1708,0
17096,217,5,12943,0
17097,108,4,6524,0
17098,383,2,7467,0
17099,162,5,10752,0
17100,85,6,15287,1
17101,173,4,13592,0
17102,241,5,9285,0
17103,5,8,22694,1
17104,381,3,4883,0
17105,207,6,19818,1
17106,317,5,14512,0
17107,241,5,12350,0
17108,271,3,6935,0
17109,310,5,7764,0
17110,69,7,24363,1
17111,10,5,13483,1
17112,7,8,25349,1
17113,252,2,2016,0
17114,268,6,13900,1
17115,245,5,8391,0
17116,59,7,17651,1
17117,339,3,5941,0
17118,310,4,11768,0
17119,41,4,10276,0
17120,239,5,13408,0
17121,127,3,8806,0
17122,275,1,1476,0
17123,193,3,7195,0
17124,11,4,11675,0
17125,227,6,15283,1
17126,51,6,18632,1
17127,111,8,20274,1
17128,458,3,10020,0
17129,38,8,18821,1
17130,126,5,13740,1
17131,177,5,11764,0
17132,202,7,21903,1
17133,115,5,7940,0
17134,42,2,8935,0
17135,58,4,13646,0
17136,473,1,1786,0
17137,88,3,6095,0
17138,1280,1,4127,0
17139,724,1,3581,0
17140,123,7,19798,1
17141,164,9,24302,1
17142,56,4,8409,0
17143,138,3,12020,0
17144,395,3,6511,0
17145,35,3,8792,0
17146,464,2,3426,0
17147,1104,1,653,0
17148,29,4,9730,0
17149,748,3,9267,0
17150,261,4,5492,0
17151,372,3,6575,0
17152,220,6,20398,1
17153,877,3,9921,0
17154,415,7,16350,1
17155,35,5,10017,0
17156,219,5,9434,0
17157,545,3,11113,0
17158,225,6,21089,1
17159,457,2,5706,0
17160,53,8,21019,1
17161,59,9,15366,1
17162,110,7,11059,1
17163,359,2,2856,0
17164,279,4,10119,0
17165,1298,1,3664,0
17166,131,4,13499,0
17167,520,5,15750,0
17168,132,7,26827,1
17169,69,6,15218,1
17170,213,5,12316,0
17171,214,7,23651,1
17172,44,3,9951,0
17173,61,6,18880,1
17174,13,6,8050,1
17175,115,8,21963,1
17176,237,4,10590,0
17177,135,3,6723,0
17178,284,3,7730,0
17179,491,7,15795,1
17180,414,2,6312,0
17181,28,5,18980,1
17182,77,4,10829,0
17183,283,4,9232,0
17184,194,5,10886,0
17185,214,4,12267,0
17186,50,5,14177,1
17187,309,1,2698,0
17188,163,7,17401,1
17189,108,5,10801,0
17190,79,6,16322,1
17191,60,7,19711,1
17192,221,4,14278,0
17193,135,5,16624,1
17194,480,2,5153,0
17195,599,4,10867,0
17196,295,3,7117,0
17197,94,6,10400,1
17198,35,9,27980,1
17200,498,5,19443,1
17201,68,4,13868,0
17202,160,4,4961,0
17203,124,7,22908,1
17204,11,3,5485,0
17205,260,5,21001,1
17206,55,7,11324,1
17207,224,7,24408,1
17208,70,3,12002,0
17209,192,7,20502,1
17210,1205,1,221,0
17211,46,8,15596,1
17212,209,4,5922,0
17213,307,7,19429,1
17214,204,6,15267,1
17215,213,3,12632,0
17216,258,2,4650,0
17217,270,8,23201,1
17218,33,11,29784,1
17219,138,4,15862,0
17220,165,7,17743,1
17221,46,6,13166,1
17222,357,5,8363,0
17223,333,5,12616,0
17224,175,4,12838,0
17225,120,6,20835,1
17226,83,7,14793,1
17227,9,6,12930,1
17228,116,5,18414,1
17229,189,5,17977,1
17230,36,2,9300,0
17231,102,9,25509,1
17232,258,4,15077,0
17233,27,9,17270,1
17234,383,3,10456,0
17235,318,5,12938,0
17236,289,7,16755,1
17237,116,3,11900,0
17238,244,6,18901,1
17239,104,7,25033,1
17240,35,4,7220,0
17241,375,3,7797,0
17242,331,6,12710,0
17243,173,4,12828,0
17244,10,9,29028,1
17245,40,2,2342,0
17246,185,6,13368,1
17247,404,1,5230,0
17248,12,5,13424,1
17249,68,2,6374,0
17250,143,5,8747,0
17251,172,8,15005,1
17252,38,5,14641,1
17253,75,6,9456,1
17254,63,2,4004,0
17255,69,6,9462,1
17256,56,5,8792,0
17257,396,6,12577,0
17258,1224,1,260,0
17259,913,3,7061,0
17260,216,6,18159,1
17261,432,2,3228,0
17262,273,5,17324,1
17263,662,8,23522,1
17264,20,6,20116,1
17265,11,4,11469,0
17266,749,6,13190,0
17267,84,4,9432,0
17268,108,6,14580,1
17269,77,9,30342,1
17270,162,3,11708,0
17271,248,8,21796,1
17272,138,6,16936,1
17273,433,5,12278,0
17274,214,5,13598,0
17275,33,8,22433,1
17276,301,4,12411,0
17277,512,4,11624,0
17278,250,7,17364,1
17279,166,6,16318,1
17280,147,1,3594,0
17281,100,9,27179,1
17282,53,6,21158,1
17284,185,6,14356,1
17285,210,3,6505,0
17286,394,4,10857,0
17287,7,4,7569,0
17288,541,3,4186,0
17289,117,7,20338,1
17290,170,4,12155,0
17291,254,8,23379,1
17292,308,3,5006,0
17293,502,8,24603,1
17294,153,2,7237,0
17295,104,5,18051,1
17296,144,6,11554,1
17297,915,3,8730,0
17298,17,6,17622,1
17299,223,5,13573,0
17300,80,6,14990,1
17301,91,6,17527,1
17302,403,6,19241,1
17303,259,8,25423,1
17304,370,6,16657,1
17305,188,5,19412,1
17306,308,4,8886,0
17307,258,3,8711,0
17308,44,8,17187,1
17309,506,3,5199,0
17310,135,4,8678,0
17311,130,6,22858,1
17312,41,5,16267,1
17313,335,8,20532,1
17314,59,7,21568,1
17315,127,5,18680,1
17316,130,7,12516,1
17317,68,2,4914,0
17318,184,1,3553,0
17319,166,10,29913,1
17320,208,4,6838,0
17321,165,3,7165,0
17322,312,3,7291,0
17323,152,10,24007,1
17324,58,5,13706,1
17325,505,4,10122,0
17326,42,4,7170,0
17327,295,5,15981,1
17328,146,1,1558,0
17329,192,7,16689,1
17330,223,4,16254,0
17331,507,3,13262,0
17332,151,6,18210,1
17333,614,5,14852,0
17334,381,6,16820,1
17335,67,5,13173,1
17336,111,2,6419,0
17337,173,6,15291,1
17338,231,3,5518,0
17339,850,4,16400,0
17340,99,7,24222,1
17341,255,6,19658,1
17342,374,5,17700,1
17343,423,3,3204,0
17344,381,5,13118,0
17345,471,3,9968,0
17346,22,8,26940,1
17347,26,9,21082,1
17348,76,3,4385,0
17349,20,6,14110,1
17350,72,3,10906,0
17351,384,5,12650,0
17352,361,4,10460,0
17353,558,2,7869,0
17354,326,9,24770,1
17355,19,9,20876,1
17356,561,4,11041,0
17357,38,5,6556,0
17358,376,8,20179,1
17359,78,11,32366,1
17360,26,3,3591,0
17361,394,4,8349,0
17362,247,7,19544,1
17363,89,5,15961,1
17364,220,3,4227,0
17365,297,8,28595,1
17366,395,4,8386,0
17367,4,2,4856,0
17368,399,5,8896,0
17369,158,6,18840,1
17370,123,6,18373,1
17371,127,7,13957,1
17372,45,6,15409,1
17373,227,5,7449,0
17374,379,5,13923,0
17375,990,4,13682,0
17376,43,10,26157,1
17377,178,4,10384,0
17378,103,8,18611,1
17379,18,8,25800,1
17380,83,9,28545,1
17381,63,4,8117,0
17382,64,6,17429,1
17383,20,9,15708,1
17384,441,6,15257,1
17385,75,4,9160,0
17386,33,6,12834,1
17387,165,2,3992,0
17388,316,4,8049,0
17389,280,6,17269,1
17390,469,4,12732,0
17391,15,5,11375,1
17392,155,5,12799,0
17393,148,4,9836,0
17394,54,7,13978,1
17395,829,2,3827,0
17396,185,4,7865,0
17397,300,5,13865,0
17398,235,9,20063,1
17399,83,7,20276,1
17400,791,3,6558,0
17401,1,6,19949,1
17402,102,4,11163,0
17403,42,3,12029,0
17404,113,3,5470,0
17405,118,10,26068,1
17406,233,5,12993,0
17407,280,4,12829,0
17409,243,5,10329,0
17410,22,3,6695,0
17411,184,3,7563,0
17412,268,8,27908,1
17413,73,3,4512,0
17414,3,8,34975,1
17415,1220,2,4129,0
17416,43,5,8595,0
17417,98,9,27024,1
17418,571,1,3741,0
17419,628,4,12771,0
17420,27,6,21138,1
17421,380,5,14329,0
17422,3,7,17339,1
17423,11,6,21992,1
17424,58,6,17551,1
17425,145,3,11399,0
17426,595,4,11853,0
17427,1,5,16669,1
17428,255,6,19747,1
17429,522,3,7358,0
17430,12,8,17659,1
17431,63,5,18048,1
17432,714,2,5114,0
17433,44,5,15734,1
17434,14,6,17070,1
17435,241,2,1557,0
17436,271,4,8939,0
17437,4,8,23092,1
17438,136,4,15087,0
17439,52,4,6303,0
17440,4,6,17003,1
17441,57,5,16816,1
17442,436,4,7751,0
17443,388,4,8841,0
17444,34,5,16297,1
17445,261,8,14711,1
17446,889,3,11442,0
17447,23,7,20663,1
17448,469,8,16674,1
17449,5,5,15537,1
17450,933,2,4276,0
17451,123,4,16544,1
17452,150,8,17354,1
17453,129,5,19624,1
17454,140,6,19629,1
17455,127,4,3764,0
17456,384,5,16587,0
17457,108,7,22309,1
17458,71,8,19433,1
17459,551,3,5523,0
17460,130,6,18049,1
17461,300,9,27869,1
17462,22,5,12801,1
17463,30,9,29179,1
17464,322,5,11249,0
17465,230,4,12798,0
17466,371,8,20260,1
17467,105,4,15405,0
17468,827,2,6048,0
17469,54,5,22951,1
17470,166,10,28160,1
17471,332,7,17515,1
17472,309,7,22781,1
17473,947,4,9585,0
17474,245,5,15609,1
17475,140,5,15298,1
17476,238,6,12041,1
17477,138,6,14671,1
17478,44,4,14344,0
17479,251,6,21855,1
17480,46,3,9374,0
17481,102,5,21428,1
17482,564,4,9625,0
17483,217,7,26256,1
17484,145,6,19638,1
17485,179,7,13977,1
17486,54,3,8624,0
17487,29,8,24922,1
17488,204,4,10322,0
17489,282,3,8393,0
17490,424,3,6909,0
17491,57,8,14757,1
17492,120,5,12882,1
17493,8,4,8213,0
17494,564,5,19238,0
17495,61,8,26419,1
17496,99,6,11293,1
17497,658,5,17277,0
17498,696,4,14575,0
17499,150,8,18801,1
17500,63,3,5393,0
17501,812,3,5532,0
17502,12,3,9387,0
17503,625,7,19336,1
17504,426,5,15631,0
17505,84,12,27201,1
17507,50,3,9267,0
17508,283,10,24170,1
17509,504,6,19288,1
17510,772,3,9917,0
17511,54,12,28236,1
17512,359,3,10330,0
17513,32,5,12995,1
17514,306,6,18610,1
17515,14,3,5178,0
17516,56,4,10936,0
17517,4,3,13003,0
17518,342,8,24492,1
17519,54,8,22521,1
17520,170,4,9212,0
17521,350,5,8694,0
17522,638,2,8365,0
17523,19,12,31024,1
17524,475,4,12059,0
17525,251,4,10687,0
17526,136,7,26175,1
17527,594,4,9293,0
17528,132,6,13957,1
17529,287,3,9454,0
17530,333,4,12820,0
17531,136,5,18780,1
17532,72,2,5921,0
17533,41,5,7895,0
17534,127,7,15961,1
17535,75,9,23805,1
17536,84,5,16196,1
17537,18,4,13116,0
17538,386,3,4445,0
17539,494,5,12088,0
17540,140,7,14377,1
17541,213,6,16356,1
17542,609,8,17558,1
17543,686,3,5709,0
17544,45,4,13225,0
17545,271,4,11909,0
17546,248,5,9364,0
17547,177,3,4928,0
17548,323,4,13357,0
17549,616,5,16079,0
17550,7,9,20984,1
17551,151,6,20310,1
17552,27,7,19412,1
17553,137,5,17991,1
17554,831,4,12418,0
17555,249,6,14792,1
17556,175,6,11012,1
17557,234,8,21314,1
17558,156,3,2447,0
17559,69,7,20129,1
17560,107,6,19549,1
17561,191,7,21830,1
17562,310,5,16700,1
17563,969,1,4260,0
17564,27,10,19622,1
17565,888,3,5424,0
17566,23,8,23305,1
17567,12,10,21269,1
17568,46,4,11161,0
17569,408,4,4878,0
17570,578,2,2481,0
17571,59,3,10522,0
17572,461,2,4172,0
17573,96,2,6283,0
17574,79,6,18099,1
17575,736,3,7934,0
17576,155,6,24292,1
17577,60,6,14399,1
17578,218,8,20189,1
17579,128,6,20396,1
17580,106,4,18619,1
17581,45,7,17941,1
17582,53,7,15709,1
17583,413,4,10381,0
17584,173,6,17053,1
17585,652,3,5476,0
17586,125,6,22507,1
17587,158,6,19573,1
17588,249,3,10531,0
17589,53,4,8245,0
17590,226,4,8703,0
17591,34,5,16144,1
17592,172,8,20727,1
17593,190,4,11468,0
17594,12,11,22649,1
17595,159,3,11063,0
17596,450,3,3691,0
17597,308,5,13920,0
17598,8,4,15322,1
17599,670,7,15487,1
17600,1093,3,12519,0
17601,95,6,10899,1
17602,301,9,28568,1
17603,458,6,9267,0
17604,103,6,11504,1
17605,30,5,15668,1
17606,35,3,6240,0
17607,47,5,8628,0
17608,80,10,31416,1
17609,590,3,2882,0
17610,126,4,9915,0
17611,29,8,24472,1
17612,224,3,6235,0
17613,56,6,20022,1
17614,364,6,17081,1
17615,80,6,13557,1
17616,71,5,14771,1
17617,50,5,13612,1
17618,19,7,23935,1
17619,271,6,13940,1
17620,395,5,8843,0
17621,9,5,15870,1
17622,176,4,9392,0
17623,148,6,15038,1
17624,142,7,17223,1
17625,54,9,23601,1
17626,246,8,23648,1
17627,35,1,2530,0
17628,479,4,9663,0
17629,94,5,13009,1
17630,116,9,26394,1
17631,92,6,12213,1
17632,66,6,11485,1
17633,699,6,28193,1
17634,100,6,19570,1
17635,475,6,14502,0
17636,694,4,10775,0
17637,146,3,6265,0
17638,362,9,22806,1
17639,12,4,9606,0
17640,141,6,15293,1
17641,44,9,26174,1
17642,322,1,4833,0
17643,231,4,14534,0
17644,155,8,18625,1
17645,298,4,9671,0
17646,293,5,11460,0
17647,207,5,11932,0
17648,68,11,36817,1
17649,54,8,13088,1
17650,138,7,25315,1
17651,199,6,19643,1
17652,160,9,25151,1
17653,309,5,13784,0
17654,1153,1,1940,0
17655,478,4,12703,0
17656,922,2,7427,0
17657,436,4,10818,0
17658,68,4,12340,0
17659,207,4,6661,0
17660,873,2,5384,0
17661,297,4,7069,0
17662,2,4,13404,0
17663,437,9,24058,1
17664,217,8,19628,1
17665,66,5,10876,0
17666,83,2,6787,0
17667,104,5,14403,1
17668,249,1,1721,0
17669,656,4,10323,0
17670,370,4,11915,0
17671,24,4,8128,0
17672,301,4,9217,0
17673,65,3,9483,0
17674,6,7,24097,1
17675,265,7,21843,1
17676,60,4,9677,0
17677,23,4,13974,0
17678,347,2,9081,0
17679,151,5,12913,0
17680,145,8,20672,1
17681,134,5,17019,1
17682,90,4,8509,0
17683,56,2,7926,0
17684,793,4,9447,0
17685,92,2,3313,0
17686,1050,1,1270,0
17687,1,3,10365,0
17688,6,11,29033,1
17689,25,4,10286,0
17690,317,3,10386,0
17691,62,7,18359,1
17692,32,6,16942,1
17693,476,4,10002,0
17694,110,2,4550,0
17695,198,5,12537,0
17696,135,6,14460,1
17697,8,8,21552,1
17698,59,4,9074,0
17699,255,6,11424,0
17700,177,4,7883,0
17701,10,3,4612,0
17702,420,5,16076,0
17703,73,4,5843,0
17704,233,8,24955,1
17705,259,4,10301,0
17706,437,2,6095,0
17707,107,4,12887,0
17708,377,3,10723,0
17709,125,5,11055,0
17710,60,4,6952,0
17711,221,6,20221,1
17712,326,2,4326,0
17713,117,6,14146,1
17714,297,6,18093,1
17715,27,4,12277,0
17716,6,8,24859,1
17717,93,7,16325,1
17718,1091,4,11484,0
17719,476,2,4961,0
17720,187,6,23329,1
17721,264,7,19690,1
17722,741,4,7398,0
17723,268,5,12107,0
17724,286,3,6116,0
17725,311,8,28521,1
17726,728,2,6097,0
17727,527,6,24593,1
17728,555,3,6393,0
17729,126,7,18510,1
17730,68,7,12345,1
17731,439,6,20270,1
17732,1094,2,7338,0
17733,33,7,22649,1
17734,579,3,5288,0
17735,359,3,7382,0
17736,1318,1,3211,0
17737,168,8,23724,1
17738,157,5,5827,0
17739,89,5,15323,1
17740,188,5,13774,1
17741,204,5,19650,1
17742,76,6,10844,1
17743,229,3,8154,0
17744,931,1,3689,0
17745,172,4,16826,1
17746,626,3,6189,0
17747,125,4,5662,0
17748,121,6,17546,1
17749,79,7,17497,1
17750,158,9,22861,1
17751,219,4,10218,0
17752,91,5,14944,1
17753,173,9,23881,1
17754,777,3,5420,0
17755,79,8,18034,1
17756,177,3,8602,0
17757,59,3,10933,0
17758,379,8,28520,1
17759,178,7,22303,1
17760,606,3,8940,0
17761,202,6,10519,0
17762,21,3,4897,0
17763,580,5,6294,0
17764,149,5,15605,1
17765,205,8,22600,1
17766,475,8,19649,1
17767,224,5,10518,0
17768,82,9,26618,1
17769,364,7,14753,1
17770,15,4,14013,0
17771,620,6,19326,1
17772,71,5,14378,1
17773,71,3,7959,0
17774,184,4,11467,0
17775,37,7,21964,1
17776,26,5,13385,1
17777,21,11,34433,1
17779,263,3,9730,0
17780,103,9,26661,1
17781,256,7,15165,1
17782,142,12,31932,1
17783,143,5,19441,1
17784,486,4,11678,0
17785,143,9,25418,1
17786,388,7,22778,1
17787,39,5,15987,1
17788,235,7,24625,1
17789,142,5,12910,0
17790,369,8,30074,1
17791,5,4,11403,0
17792,151,2,5698,0
17793,117,4,8763,0
17794,143,2,5672,0
17795,124,3,5475,0
17796,536,3,5274,0
17797,1107,1,2422,0
17798,253,4,11460,0
17799,1,9,19066,1
17800,290,7,20464,1
17801,939,3,8074,0
17802,173,6,17794,1
17803,257,6,18997,1
17804,8,4,6693,0
17805,144,8,19273,1
17806,7,8,21228,1
17807,12,5,11684,1
17808,88,4,10804,0
17809,610,6,27920,1
17810,726,3,8264,0
17811,601,3,9906,0
17812,165,4,8075,0
17813,50,8,26103,1
17814,137,6,19148,1
17815,69,7,23090,1
17816,204,6,10214,0
17817,94,6,17139,1
17818,221,10,21006,1
17819,187,7,25727,1
17820,240,2,7018,0
17821,375,4,9507,0
17822,24,4,3735,0
17823,471,4,4012,0
17824,560,3,4841,0
17825,82,2,8296,0
17826,287,5,17225,1
17827,575,8,22689,1
17828,201,5,11014,0
17829,34,9,23926,1
17830,40,7,20022,1
17831,273,6,20098,1
17832,22,9,25156,1
17833,276,2,3325,0
17834,326,5,18255,1
17835,704,5,8812,0
17836,340,2,6479,0
17837,173,5,12987,0
17838,152,6,7906,0
17839,265,6,13605,1
17840,105,7,19981,1
17841,281,8,26198,1
17842,375,8,15227,1
17843,32,4,9195,0
17844,422,3,12776,0
17845,163,5,15410,1
17846,140,6,15252,1
17847,105,3,5780,0
17848,380,4,8632,0
17849,532,6,14124,0
17850,180,6,16104,1
17851,48,5,14359,1
17852,28,8,25352,1
17853,804,1,673,0
17854,290,6,18812,1
17855,198,4,7622,0
17856,182,7,21022,1
17857,108,8,26050,1
17858,201,5,9594,0
17859,932,3,4844,0
17860,336,5,10994,0
17861,253,4,15260,0
17862,263,5,12207,0
17863,598,6,17629,1
17864,245,2,4568,0
17865,194,4,10129,0
17866,881,1,3983,0
17867,31,8,16538,1
17868,90,6,14653,1
17869,189,6,18020,1
17870,16,9,22628,1
17871,143,4,14983,0
17872,532,2,6405,0
17873,58,7,23690,1
17874,290,7,15199,1
17875,224,6,15387,1
17876,294,2,1026,0
17877,7,4,10923,0
17878,107,6,11793,1
17879,148,6,13899,1
17880,189,3,9902,0
17881,202,6,13739,1
17882,69,6,17088,1
17883,291,1,3539,0
17884,22,4,12935,0
17885,230,8,20368,1
17886,229,6,14256,1
17887,55,8,21330,1
17888,333,7,26211,1
17889,105,5,14207,1
17890,130,4,8270,0
17891,352,9,28571,1
17892,630,4,14269,0
17893,69,6,16782,1
17894,820,1,2461,0
17895,16,7,19685,1
17896,26,1,5073,0
17897,12,3,7630,0
17898,109,3,9273,0
17899,165,4,13800,0
17900,52,6,20704,1
17901,485,3,10465,0
17902,85,4,13787,0
17903,256,6,21179,1
17904,38,7,18041,1
17905,25,7,24040,1
17906,174,7,18016,1
17907,64,4,12536,0
17908,625,4,5760,0
17909,224,3,7405,0
17910,146,4,11786,0
17911,156,5,11412,0
17912,53,4,14835,1
17913,77,6,12402,1
17914,451,2,5398,0
17915,92,6,24457,1
17916,40,9,18589,1
17917,10,5,14675,1
17918,434,8,21592,1
17919,531,4,7926,0
17920,137,6,16957,1
17921,49,3,4458,0
17922,364,1,4775,0
17923,48,8,23112,1
17924,199,8,20692,1
17925,984,1,848,0
17926,39,3,8026,0
17927,328,1,1725,0
17928,178,6,21108,1
17929,293,7,22516,1
17930,311,4,8585,0
17931,132,9,24305,1
17932,11,7,20309,1
17933,34,4,9333,0
17934,397,6,16851,1
17935,410,2,5584,0
17936,325,10,24340,1
17937,1007,1,4726,0
17938,209,6,9787,0
17939,83,6,20707,1
17940,536,6,19438,1
17941,258,5,17627,1
17942,477,4,9225,0
17943,140,7,22764,1
17944,14,5,10969,0
17945,335,7,26970,1
17946,220,4,8867,0
17947,266,4,11692,0
17948,132,5,11103,0
17949,336,2,7076,0
17950,707,3,10727,0
17951,322,1,1702,0
17952,573,3,11901,0
17953,134,7,20295,1
17954,534,4,11344,0
17955,303,5,15146,0
17956,175,3,11274,0
17957,208,4,9276,0
17958,188,4,16694,0
17959,223,3,11213,0
17960,321,5,14947,0
17961,58,5,7193,0
17962,95,4,12117,0
17963,105,6,21003,1
17964,186,3,10095,0
17965,749,3,9579,0
17966,1168,1,584,0
17967,89,7,20347,1
17968,16,9,26664,1
17969,435,4,8269,0
17970,689,5,17523,0
17971,459,4,14400,0
17972,319,4,13794,0
17973,58,5,14044,1
17974,210,5,18509,1
17975,399,5,17575,1
17976,306,7,19032,1
17978,314,8,23557,1
17979,222,6,14991,1
17980,71,5,14706,1
17981,13,7,21923,1
17982,523,1,3021,0
17983,314,6,19020,1
17984,490,5,16353,0
17985,88,6,16119,1
17986,70,8,17974,1
17987,113,7,14158,1
17988,366,5,13597,0
17989,31,4,7185,0
17990,674,2,3282,0
17991,290,3,5066,0
17992,325,2,3194,0
17993,353,6,17823,1
17994,63,8,27855,1
17995,266,5,8271,0
17996,81,4,12076,0
17997,137,4,10815,0
17998,42,9,26358,1
17999,121,7,15973,1
18000,340,3,5827,0
18001,418,4,13072,0
18002,246,4,12861,0
18003,313,4,5205,0
18004,83,4,17451,1
18005,22,6,12823,1
18006,64,7,17892,1
18007,34,6,20915,1
18008,306,5,11882,0
18009,16,4,11257,0
18010,231,10,23580,1
18011,42,4,6949,0
18012,1280,2,5118,0
18013,47,3,5962,0
18014,67,9,28825,1
18015,196,5,15834,1
18016,87,6,16872,1
18017,468,10,28584,1
18018,203,5,9381,0
18019,191,5,15675,1
18020,695,6,25657,1
18021,150,2,5745,0
18022,375,5,8017,0
18023,68,5,14518,1
18024,153,6,10684,1
18025,322,5,17302,1
18026,102,4,9487,0
18027,180,4,13701,0
18028,144,5,11010,0
18029,27,7,23767,1
18030,42,3,12963,0
18031,406,6,16995,1
18032,76,4,10836,0
18033,243,4,9730,0
18034,654,2,6222,0
18035,1038,3,12394,0
18036,415,3,9148,0
18037,632,3,14194,0
18038,146,6,13841,1
18039,309,7,21059,1
18040,288,7,16780,1
18041,33,4,14358,0
18042,105,6,15655,1
18043,116,6,10630,1
18044,228,5,14864,1
18045,6,7,25404,1
18046,63,4,9107,0
18047,573,6,18281,1
18048,17,11,28228,1
18049,881,1,4259,0
18050,522,3,8473,0
18051,181,7,23081,1
18052,154,5,17431,1
18053,232,9,31181,1
18054,51,10,23481,1
18055,193,5,9445,0
18056,258,3,5976,0
18057,421,2,5750,0
18058,454,5,11227,0
18059,66,3,4488,0
18060,215,5,13785,0
18061,100,9,25785,1
18062,131,4,14869,0
18063,152,4,9840,0
18064,178,4,8373,0
18065,477,4,11641,0
18066,78,8,25650,1
18067,78,6,15032,1
18068,144,4,13687,0
18069,189,4,14102,0
18070,272,8,19784,1
18071,322,2,3722,0
18072,253,6,15554,1
18073,13,7,15766,1
18074,62,5,17854,1
18075,773,5,11568,0
18076,5,4,9297,0
18077,35,4,5387,0
18078,1005,2,4381,0
18079,115,12,28534,1
18080,11,7,16827,1
18081,205,8,17189,1
18082,97,5,6526,0
18083,1231,2,5064,0
18084,89,5,12867,1
18085,470,4,6658,0
18086,78,7,18859,1
18087,76,6,10793,1
18088,78,7,15896,1
18089,1252,2,3896,0
18090,350,5,14497,0
18091,28,6,17625,1
18092,635,2,2446,0
18093,146,4,9629,0
18094,312,7,19449,1
18095,118,4,11527,0
18096,20,5,7844,0
18097,289,3,8580,0
18098,233,7,22552,1
18099,38,4,6280,0
18100,630,4,8423,0
18101,19,6,17181,1
18102,24,5,9682,0
18103,112,5,16590,1
18104,224,2,4829,0
18105,39,5,17131,1
18106,509,6,9281,0
18107,225,4,8605,0
18108,40,5,7994,0
18109,319,4,15888,0
18110,429,5,19751,1
18111,154,8,23443,1
18112,642,5,14835,0
18113,489,2,3484,0
18114,839,7,20311,1
18115,218,6,12508,1
18116,585,3,12425,0
18117,1032,3,8629,0
18118,99,2,8278,0
18119,122,8,20562,1
18120,3,8,19877,1
18121,82,5,17899,1
18122,141,3,5708,0
18123,230,7,24443,1
18124,247,4,9486,0
18125,16,8,18359,1
18126,92,4,11335,0
18127,482,3,12713,0
18128,939,3,6862,0
18129,400,3,9844,0
18130,53,1,3580,0
18131,2,5,17963,1
18132,259,3,6615,0
18133,156,6,11519,1
18134,80,8,21694,1
18135,366,7,18981,1
18136,264,4,12580,0
18137,553,4,12842,0
18138,740,2,6387,0
18139,250,4,9946,0
18140,3,7,22325,1
18141,135,6,18327,1
18142,404,1,460,0
18143,373,3,5858,0
18144,242,6,8600,0
18145,293,4,10843,0
18146,201,7,23162,1
18147,90,5,15181,1
18148,32,8,19289,1
18149,241,2,4746,0
18150,293,3,5556,0
18151,526,3,8962,0
18152,623,4,9907,0
18153,141,6,10009,1
18154,107,5,12606,1
18155,833,2,6366,0
18156,812,5,15445,0
18157,23,3,8903,0
18158,311,7,20741,1
18159,407,5,11150,0
18160,88,4,7498,0
18161,17,6,13441,1
18162,11,8,19773,1
18163,777,3,10438,0
18164,386,2,5864,0
18165,280,2,1428,0
18166,120,8,16917,1
18167,270,7,17597,1
18168,13,7,21488,1
18169,171,3,12976,0
18170,37,10,35593,1
18171,140,2,5861,0
18172,392,3,7891,0
18173,1,6,16083,1
18174,476,2,4128,0
18175,143,8,13863,1
18176,294,2,2905,0
18177,429,4,12742,0
18178,841,4,10036,0
18179,611,5,14471,0
18180,198,5,10414,0
18181,27,7,13091,1
18182,111,3,9262,0
18183,63,7,21490,1
18184,162,8,24130,1
18185,369,4,6184,0
18186,163,6,13981,1
18187,67,6,14859,1
18188,60,6,16827,1
18189,514,3,10853,0
18190,114,5,14526,1
18191,156,5,16444,1
18192,11,3,5135,0
18193,278,4,13487,0
18194,294,8,18368,1
18195,216,5,14675,1
18196,67,6,14353,1
18197,162,3,7855,0
18198,117,6,14350,1
18199,440,3,11762,0
18200,53,8,16651,1
18201,297,6,13497,1
18202,218,6,19408,1
18203,165,4,11339,0
18204,6,14,38225,1
18205,312,4,10506,0
18206,89,7,20654,1
18207,1317,1,3273,0
18208,449,2,7023,0
18209,18,6,16588,1
18210,768,3,6977,0
18211,467,4,12410,0
18212,1200,1,5247,0
18213,741,7,22613,1
18214,294,6,18164,1
18215,446,6,11038,0
18216,385,11,31589,1
18217,84,5,15726,1
18218,17,10,29095,1
18219,28,7,27253,1
18220,281,5,17176,1
18221,4,6,19674,1
18222,626,3,10891,0
18223,375,4,7696,0
18224,85,5,18483,1
18225,250,3,5459,0
18226,102,4,15404,0
18227,648,5,12689,0
18228,39,5,18659,1
18229,233,6,17425,1
18230,152,7,16319,1
18231,1098,2,6547,0
18232,428,8,15652,1
18233,908,3,3102,0
18234,73,6,14452,1
18235,429,5,19011,1
18236,399,5,14025,0
18237,166,3,10046,0
18238,320,6,18878,1
18239,30,3,7305,0
18240,604,3,10312,0
18241,128,4,11459,0
18242,8,7,24725,1
18243,46,7,25863,1
18244,168,5,17945,1
18245,346,3,6677,0
18246,598,3,3085,0
18247,81,3,9057,0
18248,122,8,25466,1
18249,65,4,11371,0
18250,491,4,9550,0
18251,254,3,3570,0
18252,985,2,5201,0
18253,751,1,2989,0
18254,120,4,10144,0
18255,559,4,9917,0
18256,189,4,9426,0
18257,373,4,10597,0
18258,46,6,15995,1
18259,137,7,14703,1
18260,119,3,7766,0
18261,122,7,17306,1
18262,3,6,13895,1
18263,253,8,25255,1
18264,730,2,1094,0
18265,370,3,5582,0
18266,35,6,15238,1
18267,34,5,11871,1
18268,65,6,17003,1
18269,423,7,22851,1
18270,307,6,13756,1
18271,267,8,25924,1
18272,94,8,21969,1
18273,20,11,37292,1
18274,58,8,24672,1
18275,155,7,19539,1
18276,87,5,15440,1
18277,208,7,22370,1
18278,641,2,5614,0
18279,103,1,4450,0
18280,130,5,12721,0
18281,308,6,17917,1
18282,479,3,6109,0
18283,32,6,17473,1
18284,230,2,7091,0
18285,463,6,14385,0
18286,300,4,7766,0
18287,573,4,11902,0
18288,186,4,12125,0
18289,577,5,16502,0
18290,39,7,26628,1
18291,149,6,13433,1
18292,1,5,22201,1
18293,302,2,8515,0
18294,216,6,19494,1
18295,167,5,12020,0
18296,556,1,2229,0
18297,21,5,14192,1
18298,29,10,27677,1
18299,74,7,19765,1
18300,23,7,22516,1
18301,18,7,20701,1
18302,507,2,6190,0
18303,216,9,21851,1
18304,171,6,17511,1
18305,274,7,17842,1
18306,413,6,9827,0
18307,192,6,15628,1
18308,12,7,22751,1
18309,1,8,17868,1
18310,328,1,2965,0
18311,269,10,24418,1
18312,3,7,29669,1
18313,444,6,11119,0
18314,92,8,16832,1
18315,210,8,23171,1
18316,259,3,6820,0
18317,19,8,18007,1
18318,140,13,24431,1
18319,79,6,15043,1
18320,50,8,14995,1
18321,127,3,7080,0
18322,587,3,9759,0
18323,189,3,5735,0
18324,462,4,7098,0
18325,236,6,13659,1
18326,308,3,8934,0
18327,199,5,14288,1
18328,21,6,21597,1
18329,46,5,16500,1
18330,183,5,16025,1
18331,85,8,21867,1
18332,152,7,22888,1
18333,505,4,11589,0
18334,184,5,16402,1
18335,97,5,10503,0
18336,25,2,4627,0
18337,135,7,26284,1
18338,636,4,8415,0
18339,92,3,8236,0
18340,147,4,13576,0
18341,132,4,10456,0
18342,790,4,12825,0
18343,554,3,4158,0
18344,68,4,11623,0
18345,501,3,8595,0
18346,442,4,18093,0
18347,82,3,7771,0
18348,588,3,3851,0
18349,91,7,21881,1
18350,294,7,24902,1
18351,185,6,17859,1
18352,402,7,15118,1
18353,200,6,13538,1
18354,51,5,18084,1
18355,13,3,9348,0
18356,95,4,13698,0
18357,14,10,20676,1
18358,183,6,17960,1
18359,845,5,14259,0
18360,144,3,11115,0
18361,71,7,16304,1
18362,142,4,14290,0
18363,97,4,10455,0
18364,480,5,18933,1
18365,208,6,11124,1
18366,168,4,10406,0
18367,3,7,21461,1
18368,250,4,9109,0
18369,77,7,21289,1
18370,213,6,19003,1
18371,127,3,6229,0
18372,94,3,5434,0
18373,536,2,7807,0
18374,1,9,25811,1
18375,103,5,16879,1
18376,30,9,26004,1
18377,155,6,21548,1
18378,78,4,7981,0
18379,188,3,7246,0
18380,541,5,9453,0
18381,218,5,13233,0
18382,265,2,6165,0
18383,39,6,24008,1
18384,409,5,14050,0
18385,651,2,5991,0
18386,558,5,16855,0
18387,298,7,21620,1
18388,216,5,11825,0
18389,453,7,19801,1
18390,285,10,26087,1
18391,389,5,13270,0
18392,195,5,15721,1
18393,147,6,16801,1
18394,544,7,13575,1
18395,765,4,12109,0
18396,78,8,20653,1
18397,794,1,3279,0
18398,171,6,18490,1
18399,522,6,18127,1
18400,194,4,10405,0
18401,9,10,26113,1
18402,36,4,13262,0
18403,297,3,11015,0
18404,363,4,7421,0
18405,357,3,9811,0
18406,151,7,19115,1
18407,95,7,16671,1
18408,58,4,5911,0
18409,101,3,4304,0
18410,432,5,16818,0
18411,96,6,17019,1
18412,177,5,14420,1
18413,17,8,26857,1
18414,251,3,9843,0
18415,33,5,12001,1
18416,151,4,11865,0
18417,404,5,15123,0
18418,190,7,26066,1
18419,31,4,13361,0
18420,24,6,20534,1
18421,443,7,14719,1
18422,471,4,7402,0
18423,244,5,9193,0
18424,355,4,16964,0
18425,505,4,14066,0
18426,192,5,13468,0
18427,324,5,8856,0
18428,369,4,12324,0
18429,895,1,3410,0
18430,22,7,16756,1
18431,482,4,13144,0
18432,275,7,16664,1
18433,225,5,14136,0
18434,126,4,6563,0
18435,244,4,9506,0
18436,297,5,14549,0
18437,264,4,8508,0
18438,177,5,13990,1
18439,154,4,15540,0
18440,28,4,9716,0
18441,329,6,20820,1
18442,16,8,28784,1
18443,76,4,6713,0
18444,145,11,26515,1
18445,354,4,14756,0
18446,223,4,13793,0
18447,363,4,17896,0
18448,232,7,23249,1
18449,49,5,11852,1
18450,13,8,22957,1
18451,61,8,21208,1
18452,510,6,22559,1
18453,224,4,11255,0
18454,16,6,19419,1
18455,346,6,16736,1
18456,346,3,5547,0
18457,1276,1,4914,0
18458,837,2,2973,0
18459,221,6,14582,1
18460,102,6,18717,1
18461,171,3,4550,0
18462,97,4,11955,0
18463,166,3,5514,0
18464,1032,2,3881,0
18465,670,5,18187,0
18466,5,5,18300,1
18467,70,8,19764,1
18468,65,4,11086,0
18469,61,12,33727,1
18470,878,4,7423,0
18471,2,6,13518,1
18472,204,3,7950,0
18473,95,4,7427,0
18474,1324,2,3276,0
18475,39,5,13524,1
18476,489,7,17262,1
18477,107,5,15327,1
18478,324,5,19406,1
18479,74,4,14629,0
18480,124,8,16944,1
18481,115,5,11693,0
18483,266,2,4923,0
18484,214,6,12073,1
18485,31,5,16294,1
18486,137,10,30306,1
18487,39,4,4758,0
18488,512,4,12644,0
18489,229,3,3881,0
18490,97,7,19346,1
18491,793,3,9974,0
18492,70,6,13403,1
18493,385,4,12398,0
18494,502,4,12752,0
18495,352,4,9918,0
18496,267,3,10836,0
18497,86,5,11425,0
18498,17,2,4853,0
18499,572,2,5587,0
18500,152,5,12225,0
18501,285,7,19528,1
18502,229,5,11240,0
18503,463,8,20478,1
18504,283,6,21275,1
18505,99,10,21694,1
18506,606,5,11663,0
18507,536,2,5697,0
18508,132,3,5797,0
18509,163,4,12116,0
18510,759,6,22771,1
18511,77,5,16288,1
18512,638,8,17423,1
18513,147,5,11984,0
18514,323,6,12312,0
18515,68,7,15256,1
18516,61,9,26143,1
18517,18,7,14776,1
18518,25,5,12226,1
18519,211,2,6386,0
18520,172,1,4808,0
18521,28,9,26079,1
18522,792,3,9741,0
18523,199,6,16957,1
18524,109,6,20725,1
18525,132,2,4905,0
18526,179,5,18315,1
18527,232,7,9902,1
18528,501,3,7500,0
18529,554,9,28696,1
18530,66,4,5006,0
18531,290,11,30015,1
18532,95,3,12337,0
18533,178,5,18299,1
18534,183,4,9853,0
18535,242,6,18360,1
18536,131,7,18499,1
18537,110,6,19909,1
18538,106,4,13538,0
18539,876,2,7729,0
18540,102,9,22463,1
18541,306,5,9798,0
18542,62,8,20485,1
18543,258,6,19262,1
18544,55,5,8134,0
18545,156,4,11379,0
18546,158,5,15968,1
18547,197,6,21687,1
18548,158,5,13717,1
18549,161,7,12562,1
18550,463,5,13013,0
18551,235,6,13677,1
18552,195,9,25599,1
18553,71,7,18617,1
18554,169,3,12501,0
18555,304,4,9232,0
18556,270,9,24982,1
18557,165,6,13863,1
18558,234,2,7032,0
18559,38,6,17272,1
18560,166,6,19290,1
18561,479,5,14636,0
18562,58,5,10771,0
18563,93,6,14795,1
18564,85,4,10063,0
18565,333,4,13148,0
18566,480,7,16512,1
18567,72,5,16695,1
18568,920,2,6107,0
18569,71,5,11314,0
18570,559,6,15806,0
18571,108,4,6876,0
18572,808,4,12384,0
18573,117,5,17776,1
18574,47,8,22983,1
18575,88,4,7234,0
18576,30,4,12617,0
18577,144,4,8839,0
18578,217,3,13979,0
18579,439,3,5025,0
18580,261,3,8426,0
18581,15,7,16329,1
18582,309,7,18163,1
18583,164,4,8960,0
18584,103,5,16422,1
18585,100,9,20236,1
18586,293,3,8997,0
18587,209,6,17689,1
18588,8,12,39651,1
18589,200,2,7225,0
18590,242,6,19119,1
18591,259,7,10474,1
18592,64,5,11218,0
18593,90,9,21721,1
18594,545,3,8091,0
18595,5,2,3348,0
18596,242,4,12205,0
18597,15,7,19043,1
18598,431,3,14298,0
18599,143,2,4190,0
18600,43,5,14217,1
18601,466,4,14446,0
18602,370,5,14746,0
18603,118,7,15243,1
18604,105,4,10259,0
18605,243,4,5360,0
18606,337,6,15337,1
18607,22,5,11288,1
18608,95,11,33221,1
18609,28,3,7671,0
18610,15,4,12141,0
18611,300,4,11984,0
18612,525,4,18185,0
18613,1020,2,6624,0
18614,278,3,3587,0
18615,488,5,9295,0
18616,56,3,2748,0
18617,183,5,15909,1
18618,665,4,14368,0
18619,253,4,8403,0
18620,274,5,6667,0
18621,481,2,3275,0
18622,45,6,21979,1
18623,153,6,19644,1
18624,77,6,8035,0
18626,80,8,16381,1
18627,13,8,20728,1
18628,91,8,21822,1
18629,173,7,25349,1
18630,455,4,13700,0
18631,242,8,17788,1
18632,317,1,4968,0
18633,27,4,12113,0
18634,267,4,9399,0
18635,227,6,19206,1
18636,919,1,833,0
18637,247,9,26612,1
18638,245,7,16980,1
18639,59,6,14943,1
18640,38,6,16904,1
18641,132,7,24224,1
18642,425,4,13025,0
18643,102,2,2580,0
18644,5,6,16976,1
18645,58,4,11809,0
18646,344,7,18546,1
18647,137,4,9310,0
18648,59,4,13376,0
18649,61,3,9764,0
18650,452,3,11208,0
18651,570,3,10795,0
18652,941,3,8388,0
18653,529,5,17757,0
18654,862,2,6454,0
18655,340,4,9943,0
18656,365,6,13225,0
18657,198,7,11524,1
18658,138,7,16993,1
18659,764,4,15280,0
18660,94,4,10633,0
18661,51,6,14681,1
18662,575,5,10628,0
18663,215,6,18966,1
18664,858,3,10551,0
18665,198,7,28191,1
18666,634,2,8418,0
18667,314,6,18976,1
18668,335,3,6456,0
18669,415,5,13136,0
18670,23,7,17466,1
18671,685,2,6793,0
18672,149,6,17886,1
18673,89,9,20853,1
18674,558,3,9714,0
18675,264,3,4836,0
18676,512,6,12664,0
18677,56,4,7279,0
18678,158,7,30644,1
18679,222,5,12848,0
18680,89,4,11422,0
18681,50,4,6877,0
18682,83,9,25099,1
18683,251,5,13199,0
18684,555,4,14440,0
18685,182,8,21292,1
18686,357,5,11805,0
18687,194,4,10784,0
18688,246,5,13928,0
18689,19,5,10988,0
18690,40,4,13912,0
18691,34,4,16080,1
18692,61,3,6265,0
18693,1018,3,11520,0
18694,12,6,18031,1
18695,692,4,6142,0
18696,209,5,13918,0
18697,62,4,17218,1
18698,542,1,1453,0
18699,330,3,10117,0
18700,158,8,26994,1
18701,292,7,6308,0
18702,431,1,2793,0
18703,19,5,13600,1
18704,36,8,26721,1
18705,492,6,13017,0
18706,70,7,17323,1
18707,405,6,14283,1
18708,34,3,12616,0
18709,504,2,2343,0
18710,129,4,8655,0
18711,174,5,13886,1
18712,35,7,21135,1
18713,1225,1,2597,0
18714,517,2,4793,0
18715,920,3,10671,0
18716,64,4,8316,0
18717,189,8,19174,1
18718,68,8,21116,1
18719,759,3,7840,0
18720,419,2,6413,0
18721,14,4,12436,0
18722,103,2,6941,0
18723,172,6,15313,1
18724,252,3,10540,0
18725,12,7,24479,1
18726,541,4,16299,0
18727,22,7,18964,1
18728,95,3,8860,0
18729,526,4,7170,0
18730,46,6,14739,1
18731,787,3,8369,0
18732,87,4,15660,1
18733,326,4,8027,0
18734,130,5,14348,1
18735,84,9,32995,1
18736,397,7,18496,1
18737,1118,1,1503,0
18738,33,8,16409,1
18739,174,4,8502,0
18740,428,4,7849,0
18741,496,3,12199,0
18742,630,5,8634,0
18743,364,4,8838,0
18744,165,5,15127,1
18745,35,3,8678,0
18746,521,3,4968,0
18747,262,4,8450,0
18748,28,6,10623,1
18749,727,3,8338,0
18750,98,5,13934,1
18751,10,8,21510,1
18752,9,3,8321,0
18753,718,4,11487,0
18754,1003,2,7802,0
18755,223,8,13220,1
18756,154,2,7265,0
18757,18,4,13990,0
18758,78,5,16356,1
18759,615,3,7758,0
18760,109,4,10989,0
18761,72,4,11702,0
18762,940,5,18240,0
18763,398,4,8929,0
18764,763,6,16106,0
18765,233,3,9617,0
18766,180,1,4131,0
18767,638,5,11229,0
18768,326,6,16539,1
18769,55,7,19607,1
18770,12,5,5562,0
18771,131,4,10811,0
18772,35,6,19808,1
18773,194,4,14766,0
18774,135,3,5881,0
18775,124,6,22990,1
18776,84,6,18627,1
18777,316,6,16525,1
18778,289,9,24069,1
18779,220,2,1339,0
18780,191,2,4483,0
18781,73,10,22599,1
18782,73,5,11113,0
18783,260,5,15375,1
18784,190,5,13843,1
18785,47,8,24257,1
18786,4,9,24993,1
18787,177,8,18373,1
18789,155,6,15793,1
18790,71,9,24508,1
18791,137,5,17480,1
18792,33,6,23479,1
18793,46,5,8474,0
18794,259,5,8238,0
18795,1011,2,4701,0
18796,531,5,14076,0
18797,85,6,19221,1
18798,505,4,5956,0
18799,650,2,6500,0
18800,510,2,2780,0
18801,208,5,12717,0
18802,267,3,2611,0
18803,309,4,9199,0
18804,905,3,9605,0
18805,458,3,6208,0
18806,64,4,12843,0
18807,8,11,23612,1
18808,79,10,21563,1
18809,22,3,8481,0
18810,237,2,9025,0
18811,24,3,8297,0
18812,110,6,12043,1
18813,282,6,17618,1
18814,547,2,4448,0
18815,332,2,9151,0
18816,23,9,28699,1
18817,466,6,19694,1
18818,332,2,2477,0
18819,69,5,16270,1
18820,210,5,14887,1
18821,104,7,21914,1
18822,116,5,9398,0
18823,178,6,17492,1
18824,29,4,13636,0
18825,296,6,17250,1
18826,354,4,9885,0
18827,952,3,9731,0
18828,248,8,27618,1
18829,54,8,23133,1
18830,727,1,2893,0
18831,138,10,34085,1
18832,245,4,12350,0
18833,437,2,4527,0
18834,359,4,6381,0
18835,128,6,12368,1
18836,130,5,14096,1
18837,32,5,9146,0
18838,120,3,9752,0
18839,562,8,22552,1
18840,107,8,23992,1
18841,557,3,9972,0
18842,134,5,10204,0
18843,103,3,6840,0
18844,57,9,24554,1
18845,1086,2,5854,0
18846,327,6,12238,0
18847,1320,1,4793,0
18848,353,7,14214,1
18849,182,4,11077,0
18850,56,4,9342,0
18851,645,4,11072,0
18852,43,2,1931,0
18853,317,4,11019,0
18854,106,3,4884,0
18855,224,6,15110,1
18856,19,3,9989,0
18857,275,4,6995,0
18858,30,9,30135,1
18859,201,2,9618,0
18860,98,9,30519,1
18861,254,5,11139,0
18862,326,4,10772,0
18863,602,5,14153,0
18864,355,6,19185,1
18865,112,5,17273,1
18866,441,3,10242,0
18867,260,4,10781,0
18868,25,4,8341,0
18869,198,2,6945,0
18870,84,3,9488,0
18871,259,3,7981,0
18872,471,5,16544,0
18873,640,3,4997,0
18874,118,9,26742,1
18875,106,3,13771,0
18876,107,5,14782,1
18877,248,8,21451,1
18878,337,5,12200,0
18879,242,7,19380,1
18880,532,3,6839,0
18881,194,7,19620,1
18882,41,8,27909,1
18883,138,4,12164,0
18884,74,10,30371,1
18885,46,9,21216,1
18886,117,5,11208,0
18887,430,5,11406,0
18888,791,4,7812,0
18889,148,8,25415,1
18890,45,5,16824,1
18891,101,3,11754,0
18892,398,4,9500,0
18893,67,6,20011,1
18894,563,5,9464,0
18895,220,7,17771,1
18896,165,8,20335,1
18897,54,11,27467,1
18898,622,5,23161,1
18899,26,11,19489,1
18900,56,4,6843,0
18901,222,8,17097,1
18902,136,3,8520,0
18903,5,4,13842,0
18904,120,2,1712,0
18905,853,2,4429,0
18906,480,3,12060,0
18907,220,8,23971,1
18908,498,7,25105,1
18909,515,4,14182,0
18910,291,6,17059,1
18911,14,6,12868,1
18913,120,10,33090,1
18914,334,2,4846,0
18915,158,11,30307,1
18916,494,4,5341,0
18917,340,7,19372,1
18919,228,6,14483,1
18920,36,4,11252,0
18921,343,2,4156,0
18922,240,3,7448,0
18923,310,4,13080,0
18924,87,9,24746,1
18925,278,12,33316,1
18926,164,6,17053,1
18927,402,3,11880,0
18928,19,4,11687,0
18929,23,4,14693,1
18930,359,5,18441,1
18931,223,5,16038,1
18932,91,3,8379,0
18933,225,7,21163,1
18934,652,2,6770,0
18935,136,5,15179,1
18936,261,5,14458,0
18937,217,2,6130,0
18938,59,12,31358,1
18939,242,7,16905,1
18940,161,6,14476,1
18941,9,6,21197,1
18942,118,6,19751,1
18943,608,2,4432,0
18944,51,7,24405,1
18945,240,5,15673,1
18946,444,3,11264,0
18947,331,5,18966,1
18948,920,3,6025,0
18949,202,5,13256,0
18950,538,5,13612,0
18951,423,3,11036,0
18952,58,7,18920,1
18953,181,6,15009,1
18954,49,7,14470,1
18955,29,8,18091,1
18956,511,6,19184,1
18957,40,7,18746,1
18958,87,6,20080,1
18959,184,2,8380,0
18960,1137,2,4525,0
18961,837,5,18193,0
18962,152,6,19716,1
18963,232,4,9803,0
18964,238,1,4892,0
18965,94,5,10568,0
18966,363,4,14314,0
18967,33,10,27082,1
18968,213,4,12077,0
18969,365,2,3639,0
18971,294,7,13312,1
18972,565,4,9791,0
18973,183,8,26846,1
18974,295,6,15619,1
18975,185,7,21839,1
18976,25,3,3565,0
18977,370,9,30119,1
18978,180,2,1803,0
18979,86,5,11613,0
18980,49,11,30845,1
18981,1000,3,13771,0
18982,109,3,3992,0
18983,86,9,27087,1
18984,33,5,14620,1
18985,192,6,21325,1
18986,170,5,15535,1
18987,715,3,11271,0
18988,183,5,12356,0
18989,99,2,5702,0
18990,10,7,18076,1
18991,154,7,27389,1
18992,348,6,10056,0
18993,731,4,13948,0
18994,5,7,15298,1
18995,283,8,20854,1
18996,433,2,5794,0
18997,127,5,11272,0
18998,38,3,10543,0
18999,285,8,20467,1
19000,79,9,15778,1
19001,297,2,3778,0
19002,63,6,16385,1
19003,214,4,15824,0
19004,131,8,19956,1
19005,130,4,12092,0
19006,35,8,16855,1
19007,455,4,16237,0
19008,283,9,16731,1
19009,1237,1,3139,0
19010,64,4,8423,0
19011,251,4,9582,0
19012,347,4,11764,0
19013,340,8,22472,1
19014,343,3,6172,0
19015,23,2,7240,0
19016,57,6,16936,1
19017,34,3,8427,0
19018,41,2,7855,0
19019,116,1,3610,0
19020,82,6,15281,1
19021,75,2,4080,0
19022,453,4,8863,0
19023,189,4,2782,0
19024,88,5,9313,0
19025,593,3,8289,0
19026,119,6,14703,1
19027,130,7,18707,1
19028,389,7,14124,1
19029,60,4,13913,0
19030,2,13,40034,1
19031,208,6,22931,1
19032,30,7,18562,1
19033,534,4,13212,0
19034,924,3,13469,0
19035,57,8,15747,1
19036,34,8,19102,1
19037,158,8,21819,1
19038,189,2,6590,0
19039,546,5,15125,0
19040,340,6,11958,0
19041,148,2,4525,0
19042,330,5,6462,0
19043,85,2,5467,0
19044,839,4,9159,0
19045,94,5,15157,1
19046,2,4,13818,0
19047,27,8,21108,1
19048,308,4,9621,0
19049,128,7,20138,1
19050,459,4,15173,0
19051,20,3,10001,0
19052,51,5,10752,0
19053,179,5,9232,0
19054,109,5,15097,1
19055,7,7,19268,1
19056,852,3,1989,0
19057,137,1,5116,0
19058,192,6,21309,1
19059,899,2,5434,0
19060,239,5,9042,0
19061,102,9,24566,1
19062,699,3,10132,0
19063,370,5,18232,1
19064,82,8,25238,1
19065,144,3,9796,0
19066,227,4,12480,0
19067,319,7,20982,1
19068,170,3,8858,0
19069,342,4,11796,0
19070,473,4,9382,0
19071,78,5,16269,1
19072,21,5,17062,1
19073,45,5,19700,1
19074,264,5,16419,1
19075,49,9,23250,1
19076,937,2,5218,0
19077,793,4,14902,0
19078,44,4,9012,0
19079,85,12,32433,1
19080,11,7,17464,1
19081,115,4,11521,0
19082,102,6,15703,1
19083,457,7,27008,1
19084,282,3,8153,0
19085,353,4,10777,0
19086,71,8,23174,1
19087,860,2,5582,0
19088,171,6,13459,1
19089,145,4,11581,0
19090,31,9,25226,1
19091,199,6,19411,1
19092,38,5,12411,1
19093,208,6,15392,1
19094,382,2,9293,0
19095,586,2,6424,0
19096,123,6,10068,1
19097,51,3,4804,0
19098,37,3,4373,0
19099,695,1,5174,0
19100,514,3,11285,0
19101,545,2,4968,0
19102,669,3,5227,0
19103,397,7,25171,1
19104,54,5,17788,1
19105,135,9,27460,1
19106,14,9,19249,1
19107,189,6,20503,1
19108,182,7,19118,1
19109,21,7,27291,1
19110,155,7,22461,1
19111,74,6,22683,1
19112,620,2,4936,0
19113,269,7,25422,1
19114,6,4,10601,0
19115,78,6,15817,1
19116,325,6,20250,1
19117,146,5,5852,0
19118,599,6,14817,0
19119,2,7,14109,1
19120,15,4,10236,0
19121,107,6,20908,1
19122,60,7,19104,1
19123,171,6,6321,0
19124,129,4,8629,0
19125,270,6,17615,1
19126,161,4,11558,0
19127,669,3,9360,0
19128,20,9,22550,1
19129,16,4,11293,0
19130,142,8,26054,1
19131,346,5,11524,0
19132,98,8,22977,1
19133,47,5,14087,1
19134,116,3,12270,0
19135,687,2,9119,0
19136,804,5,16743,0
19137,168,9,18429,1
19138,373,4,11196,0
19139,85,5,13473,1
19140,239,5,12108,0
19141,171,5,17400,1
19142,474,4,10450,0
19143,265,1,4702,0
19144,477,4,11910,0
19145,746,2,6339,0
19146,88,10,17502,1
19147,59,3,4183,0
19148,86,5,13224,1
19149,61,5,8658,0
19150,348,2,3931,0
19151,267,8,21039,1
19152,119,4,12190,0
19153,85,8,20779,1
19154,419,4,8659,0
19155,155,8,20825,1
19156,61,8,19541,1
19157,528,4,7270,0
19158,56,5,11635,0
19159,351,9,22466,1
19160,7,7,12496,1
19161,177,4,16901,1
19162,27,9,27058,1
19163,75,3,4379,0
19164,454,4,13574,0
19165,251,7,15578,1
19166,62,7,25150,1
19167,41,5,15284,1
19168,305,9,24553,1
19169,29,8,16206,1
19170,309,2,3346,0
19171,820,7,17173,1
19172,176,7,22276,1
19173,61,7,20797,1
19174,301,3,9247,0
19175,377,7,19773,1
19176,246,5,10808,0
19177,45,6,15808,1
19178,421,2,6104,0
19179,521,2,1893,0
19180,38,3,4998,0
19181,143,5,9510,0
19182,71,6,14747,1
19183,497,4,13175,0
19184,169,6,17679,1
19185,369,5,14573,0
19186,631,6,13529,0
19187,263,2,6324,0
19188,106,3,8371,0
19189,290,3,10176,0
19190,339,5,17297,1
19191,319,6,21870,1
19192,22,5,15159,1
19193,270,6,16288,1
19194,536,4,15410,0
19195,648,4,10154,0
19196,488,4,7595,0
19197,508,3,7890,0
19198,166,4,9199,0
19199,79,7,28445,1
19200,112,3,6929,0
19201,783,4,8583,0
19202,422,2,5818,0
19203,70,6,18321,1
19204,9,3,6562,0
19205,557,2,5583,0
19206,236,6,10521,0
19207,1221,1,2885,0
19208,14,8,30393,1
19209,540,4,13290,0
19210,52,4,12380,0
19211,277,3,12318,0
19212,790,3,5733,0
19213,606,3,9129,0
19214,241,2,6022,0
19215,343,3,7272,0
19216,30,3,5522,0
19217,52,7,23269,1
19218,357,4,11116,0
19219,12,5,15051,1
19220,16,7,17260,1
19221,902,2,5727,0
19222,452,5,8098,0
19223,373,3,6053,0
19224,30,7,22070,1
19225,725,2,3422,0
19226,98,5,10296,0
19227,39,6,16548,1
19228,60,6,12012,1
19229,6,3,9903,0
19230,891,2,6870,0
19231,107,8,12306,1
19232,81,9,22796,1
19233,277,8,21674,1
19234,102,5,10742,0
19235,29,4,10006,0
19236,12,7,11554,1
19237,12,7,16057,1
19238,118,8,31772,1
19239,6,12,35092,1
19240,1208,1,1860,0
19241,66,6,13086,1
19242,405,8,20087,1
19243,399,6,15821,1
19244,1263,1,3089,0
19245,196,3,9574,0
19246,359,7,18760,1
19247,1025,1,4924,0
19248,5,6,22844,1
19249,467,2,6292,0
19250,562,4,11868,0
19251,75,4,9843,0
19252,158,4,9728,0
19253,452,4,9822,0
19254,327,3,11501,0
19255,170,2,6676,0
19256,802,1,4029,0
19257,5,5,17824,1
19258,201,5,14193,1
19259,79,7,22431,1
19260,322,4,5621,0
19261,157,5,15912,1
19262,467,6,19672,1
19263,138,7,16311,1
19264,195,6,16711,1
19265,211,5,19852,1
19266,115,12,37169,1
19267,336,3,7424,0
19268,154,5,14073,1
19269,1135,2,2064,0
19270,41,9,27478,1
19271,101,4,11785,0
19272,295,4,5625,0
19273,209,7,17234,1
19274,137,4,9655,0
19275,480,3,9550,0
19276,416,7,23777,1
19277,108,2,4533,0
19278,104,2,3255,0
19279,164,8,24370,1
19280,146,8,23920,1
19281,368,5,14137,0
19282,59,5,13688,1
19283,275,6,16120,1
19284,88,5,15953,1
19285,35,8,23521,1
19286,181,3,7283,0
19287,341,5,14850,0
19289,131,8,14178,1
19290,689,6,19565,1
19291,82,6,15415,1
19292,171,12,27643,1
19293,246,4,5452,0
19294,169,5,13904,1
19295,682,2,6453,0
19296,158,5,18614,1
19297,140,5,16192,1
19298,220,5,17672,1
19299,36,6,15586,1
19300,145,3,4218,0
19301,104,4,8685,0
19302,45,5,12985,1
19303,109,4,7892,0
19304,3,7,23101,1
19305,73,6,14751,1
19306,803,1,1548,0
19307,132,6,13894,1
19308,234,4,16949,0
19309,185,3,10635,0
19310,147,4,13580,0
19311,65,8,16158,1
19312,362,2,6052,0
19313,676,4,6748,0
19314,344,5,10225,0
19315,728,4,9525,0
19316,42,3,8580,0
19317,163,7,18069,1
19318,5,6,23366,1
19319,228,5,14747,1
19320,164,4,12256,0
19321,87,8,23586,1
19322,91,5,13588,1
19323,617,2,4552,0
19324,263,2,6202,0
19325,205,4,14429,0
19326,158,9,22540,1
19327,22,8,24200,1
19328,207,3,8317,0
19329,160,4,11155,0
19330,4,5,13441,1
19331,31,5,10705,0
19332,13,7,15698,1
19333,15,5,11303,1
19334,66,1,3386,0
19335,257,2,3794,0
19336,299,1,3474,0
19337,985,5,13833,0
19338,666,2,9816,0
19339,405,5,14749,0
19340,60,4,11274,0
19341,37,7,17014,1
19342,84,6,15623,1
19343,46,7,23506,1
19344,820,2,4604,0
19345,304,2,7687,0
19346,346,8,21418,1
19347,239,7,20956,1
19348,359,5,15606,0
19349,35,6,10266,1
19350,326,6,7810,0
19351,187,8,30186,1
19352,146,7,26998,1
19353,229,6,17244,1
19354,281,6,14446,1
19355,631,2,8746,0
19356,357,9,34420,1
19357,119,4,14280,0
19358,224,6,11740,1
19359,815,2,4680,0
19360,126,6,13112,1
19361,486,2,6570,0
19362,288,4,11509,0
19363,375,7,18265,1
19364,548,4,16177,0
19365,398,3,10824,0
19366,61,2,5605,0
19367,418,1,597,0
19368,356,7,13832,1
19369,995,3,11526,0
19370,289,5,20092,1
19371,206,7,20805,1
19372,48,6,21850,1
19373,211,4,8955,0
19374,100,9,27032,1
19375,424,6,18579,1
19376,43,5,12659,1
19377,411,5,10355,0
19378,235,4,7698,0
19379,19,4,11692,0
19380,233,4,14123,0
19381,6,6,11893,1
19382,126,4,14633,0
19383,725,2,5984,0
19384,469,7,17451,1
19385,53,6,15408,1
19386,567,3,7833,0
19387,284,2,4398,0
19388,317,7,20799,1
19389,31,3,7403,0
19390,320,2,4026,0
19391,624,5,13992,0
19392,173,6,17021,1
19393,302,10,21157,1
19394,162,7,19145,1
19395,1,7,12747,1
19396,206,5,14492,1
19397,37,9,19193,1
19398,515,6,17331,1
19399,190,6,10497,0
19400,110,7,22435,1
19401,332,4,10894,0
19402,159,2,7848,0
19403,324,10,29544,1
19404,19,11,33184,1
19405,29,6,16610,1
19406,201,7,20956,1
19407,89,10,36027,1
19408,102,7,14184,1
19409,10,10,29780,1
19410,191,7,16604,1
19411,228,7,19500,1
19412,203,4,11090,0
19413,134,9,25954,1
19414,228,3,6591,0
19415,903,3,9734,0
19416,168,2,3735,0
19417,434,3,7842,0
19418,134,5,12446,0
19419,325,3,10606,0
19420,614,4,7154,0
19421,527,5,15536,0
19422,150,2,2912,0
19423,100,5,19658,1
19424,457,3,7707,0
19425,607,3,7329,0
19426,193,3,7132,0
19427,529,6,16933,1
19428,32,9,34801,1
19429,93,2,1262,0
19430,256,6,13879,1
19431,121,6,14753,1
19432,21,3,7075,0
19433,67,3,4418,0
19434,277,5,11522,0
19435,613,3,6760,0
19436,28,5,10587,0
19437,209,7,27459,1
19438,111,7,15286,1
19439,178,5,14595,1
19440,84,8,22539,1
19441,161,5,9735,0
19442,307,2,2537,0
19443,104,5,13776,1
19444,692,2,6464,0
19445,78,5,15102,1
19446,62,8,24511,1
19447,5,12,31369,1
19448,510,3,4449,0
19449,434,3,5499,0
19450,1121,2,7243,0
19451,238,5,5000,0
19452,52,6,23061,1
19453,234,1,5140,0
19454,110,3,6994,0
19455,288,4,14794,0
19456,9,7,12032,1
19457,334,2,5928,0
19458,67,5,8871,0
19459,833,2,5514,0
19460,213,4,10331,0
19461,490,4,9810,0
19462,56,3,10330,0
19463,41,6,16690,1
19464,505,4,12778,0
19465,598,6,19671,1
19466,19,9,32700,1
19467,119,3,2825,0
19468,825,3,6228,0
19469,64,5,22471,1
19470,1301,1,278,0
19471,522,8,25772,1
19472,191,7,20589,1
19473,71,11,34845,1
19474,986,5,12152,0
19475,93,5,13689,1
19476,102,10,30022,1
19477,49,4,10232,0
19478,43,7,10183,1
19479,121,5,15586,1
19480,581,4,11244,0
19481,60,2,2706,0
19482,77,4,11011,0
19483,326,4,5755,0
19484,139,3,9589,0
19485,80,5,17156,1
19486,586,4,10296,0
19487,80,6,17062,1
19488,369,9,27894,1
19489,244,3,7526,0
19490,415,5,10521,0
19491,84,11,17665,1
19492,130,4,8019,0
19493,178,7,19540,1
19494,91,7,17409,1
19495,350,3,7709,0
19496,140,3,5255,0
19497,127,7,17221,1
19498,155,6,14933,1
19499,172,5,12523,0
19500,142,5,15732,1
19501,106,8,19883,1
19502,16,3,7838,0
19503,114,7,17774,1
19504,708,3,6800,0
19505,100,6,14237,1
19506,402,7,23755,1
19507,145,4,7255,0
19508,52,5,17424,1
19509,175,5,16948,1
19510,15,6,7028,0
19511,63,6,11685,1
19512,62,5,10269,0
19513,177,6,19846,1
19514,206,8,22966,1
19515,872,3,9625,0
19516,126,7,17446,1
19517,596,5,20717,1
19518,133,4,12854,0
19519,5,8,22761,1
19520,48,4,6622,0
19521,37,3,5833,0
19522,165,2,5838,0
19523,50,6,20780,1
19524,638,1,4432,0
19525,713,5,16551,0
19526,347,4,8123,0
19527,149,9,19270,1
19528,142,5,20370,1
19529,450,4,8247,0
19530,558,7,22252,1
19531,389,3,3712,0
19532,187,5,15168,1
19533,16,2,7522,0
19534,60,5,14834,1
19535,14,4,7126,0
19536,4,6,15769,1
19537,378,3,9269,0
19538,301,6,11877,0
19539,48,8,13188,1
19540,149,6,11085,1
19541,47,7,15967,1
19542,76,10,32854,1
19543,378,7,19606,1
19544,881,2,7168,0
19545,871,5,18134,0
19546,905,3,6500,0
19547,246,1,582,0
19548,739,4,13590,0
19549,121,5,11390,0
19550,32,5,10073,0
19551,274,5,8404,0
19552,902,3,5199,0
19553,396,5,13754,0
19554,47,4,10941,0
19555,160,2,6789,0
19556,300,6,14500,1
19557,364,2,5696,0
19558,62,4,13819,0
19559,155,6,11931,1
19560,1249,2,4415,0
19561,442,4,11488,0
19562,106,3,11342,0
19563,351,7,10820,1
19564,9,2,3458,0
19565,880,3,9124,0
19566,9,7,21044,1
19567,115,6,17177,1
19568,109,7,14686,1
19569,85,9,29023,1
19570,172,7,21511,1
19571,198,5,18080,1
19572,510,5,14829,0
19573,696,4,11504,0
19574,127,4,14090,0
19575,144,5,15150,1
19576,90,8,25898,1
19577,249,5,7377,0
19578,328,2,6306,0
19579,381,1,2249,0
19580,1027,1,1150,0
19581,155,4,10213,0
19582,261,7,20084,1
19583,436,6,14470,1
19584,118,5,11134,0
19585,14,4,9265,0
19586,510,4,12964,0
19587,156,7,21600,1
19588,15,7,17851,1
19589,76,4,12867,0
19590,174,5,15440,1
19591,131,8,24330,1
19592,36,6,18798,1
19593,302,2,8581,0
19594,455,4,3853,0
19595,235,3,6168,0
19596,35,5,15557,1
19597,326,6,14781,1
19598,17,6,19718,1
19599,230,1,4902,0
19600,71,3,4184,0
19601,459,3,6022,0
19602,4,6,13612,1
19603,37,8,28070,1
19604,66,3,6609,0
19605,448,5,13016,0
19606,14,5,15546,1
19607,382,2,8493,0
19608,136,4,11619,0
19609,207,1,1358,0
19610,39,4,9549,0
19611,129,4,12561,0
19612,214,5,19124,1
19613,1270,1,5111,0
19614,76,8,23572,1
19615,221,6,20021,1
19616,342,9,13859,1
19617,551,2,6095,0
19618,203,8,12631,1
19619,145,5,13786,1
19620,292,5,11944,0
19621,251,5,14002,0
19622,30,8,18848,1
19623,342,5,15642,0
19624,548,3,6762,0
19625,159,3,1369,0
19626,8,5,15727,1
19627,43,2,4764,0
19628,95,4,11979,0
19629,114,8,20424,1
19630,242,5,11246,0
19631,341,6,15330,1
19632,61,7,17895,1
19633,1,6,8058,1
19634,61,7,18644,1
19635,150,5,12420,0
19636,105,6,15423,1
19637,502,8,16444,1
19638,295,4,7899,0
19639,42,10,27848,1
19640,54,6,15770,1
19641,36,11,31668,1
19642,770,2,1903,0
19643,5,4,9492,0
19644,351,4,8165,0
19645,67,7,22604,1
19646,171,7,23961,1
19647,579,1,949,0
19648,495,3,4672,0
19649,806,4,12176,0
19650,828,5,11168,0
19651,245,2,6165,0
19652,574,3,8471,0
19653,249,5,16069,1
19654,40,10,30196,1
19655,841,5,13434,0
19656,535,2,5176,0
19657,767,1,634,0
19658,22,7,21752,1
19659,156,7,26048,1
19660,106,8,26718,1
19661,26,7,20663,1
19662,89,7,20338,1
19663,187,3,8446,0
19664,121,4,14391,0
19665,171,6,17351,1
19666,49,6,7417,0
19667,537,3,8242,0
19668,147,7,23471,1
19669,346,4,14014,0
19670,151,7,12525,1
19671,235,7,24798,1
19672,68,6,19642,1
19673,258,5,13958,0
19674,522,5,13548,0
19675,124,5,12161,0
19676,41,4,13729,0
19677,1010,3,7910,0
19678,316,4,10263,0
19679,526,4,10305,0
19680,44,4,10598,0
19681,287,3,13649,0
19682,250,5,11145,0
19683,164,5,14705,1
19684,59,7,18537,1
19685,208,7,18963,1
19686,236,5,11238,0
19687,104,5,14627,1
19688,43,5,14774,1
19689,791,4,8790,0
19690,818,3,7372,0
19691,262,9,27409,1
19692,65,4,13805,0
19693,60,4,9854,0
19694,322,2,6080,0
19695,26,5,11954,1
19696,324,3,5888,0
19697,33,6,18436,1
19698,407,5,14447,0
19699,55,6,12260,1
19700,96,7,24753,1
19701,212,7,17766,1
19702,37,6,19843,1
19703,324,7,23430,1
19704,384,5,13005,0
19705,370,7,23077,1
19706,46,3,4932,0
19707,363,3,5764,0
19708,270,5,11338,0
19709,475,6,19554,1
19710,1352,1,2278,0
19711,382,4,9774,0
19712,302,8,28396,1
19713,201,5,11242,0
19714,186,7,12652,1
19715,92,5,9753,0
19716,7,7,16539,1
19717,229,8,31679,1
19718,805,2,4980,0
19719,198,7,11737,1
19720,5,5,7360,0
19721,256,7,21157,1
19722,100,10,31891,1
19723,35,4,9675,0
19724,309,7,20290,1
19725,80,13,24380,1
19726,168,5,19910,1
19727,260,8,24019,1
19728,60,4,9840,0
19729,509,6,13931,0
19730,131,3,7495,0
19731,719,4,5539,0
19732,615,8,24242,1
19733,252,5,12038,0
19734,57,7,20419,1
19735,90,4,13112,0
19736,130,5,11898,0
19737,493,3,6636,0
19738,181,11,22061,1
19739,869,6,19860,0
19740,200,7,21256,1
19741,141,2,6343,0
19742,137,5,19231,1
19743,18,6,17742,1
19744,470,4,13259,0
19745,32,9,27852,1
19746,213,6,12601,1
19747,605,6,17150,1
19748,87,4,10427,0
19749,334,4,6652,0
19750,284,9,20051,1
19751,388,2,5331,0
19752,102,7,15604,1
19753,937,5,9064,0
19754,47,5,10334,0
19755,151,5,10470,0
19756,159,8,29050,1
19757,3,3,10737,0
19758,195,4,12293,0
19759,255,2,4180,0
19760,79,4,11116,0
19761,809,3,9981,0
19762,271,3,9703,0
19764,13,6,18220,1
19765,767,1,4395,0
19766,386,8,16654,1
19767,54,4,7835,0
19768,860,2,4768,0
19769,61,6,16117,1
19770,92,6,23804,1
19771,360,5,14267,0
19772,171,9,28663,1
19773,17,5,13224,1
19774,46,7,12792,1
19775,383,4,10556,0
19776,91,7,20534,1
19777,428,5,10540,0
19778,402,3,8277,0
19779,33,7,15332,1
19780,29,3,10941,0
19781,606,5,14423,0
19782,224,6,14553,1
19783,136,3,8173,0
19784,139,4,4000,0
19785,84,6,20126,1
19786,768,3,5372,0
19787,84,6,14609,1
19788,110,6,13721,1
19789,108,7,19574,1
19790,386,4,11425,0
19791,42,8,26813,1
19792,860,3,10136,0
19793,192,2,2468,0
19794,687,4,15576,0
19795,414,6,15696,1
19796,425,7,19673,1
19797,543,5,15839,0
19798,404,4,14340,0
19799,621,6,12708,0
19800,622,1,3486,0
19801,230,7,20366,1
19802,251,4,11902,0
19803,328,6,22840,1
19804,11,5,15702,1
19805,1,6,16399,1
19806,18,7,13576,1
19807,647,6,21028,1
19808,365,3,9051,0
19809,129,8,21483,1
19810,41,6,15709,1
19811,207,7,20074,1
19812,1,10,27331,1
19813,219,7,22318,1
19814,354,5,15403,0
19815,2,6,14998,1
19816,31,7,24385,1
19817,129,6,16977,1
19818,817,1,2370,0
19819,80,6,22956,1
19820,155,6,20151,1
19821,574,1,1388,0
19822,221,5,16418,1
19823,43,5,12091,1
19824,286,5,13431,0
19825,38,11,13330,1
19826,982,1,2230,0
19827,216,4,6902,0
19828,764,3,12134,0
19829,28,2,1438,0
19830,130,4,4870,0
19831,250,4,11147,0
19832,170,4,15125,0
19833,51,4,10917,0
19834,36,6,18293,1
19835,12,5,7633,0
19836,108,2,5527,0
19837,329,4,13492,0
19838,651,4,9472,0
19839,452,5,14792,0
19840,385,5,12180,0
19841,457,5,8023,0
19842,252,4,9337,0
19843,121,4,16927,1
19844,36,6,15744,1
19845,35,3,10543,0
19846,964,2,6102,0
19847,280,3,10212,0
19848,206,6,16006,1
19849,119,5,15235,1
19850,103,3,8127,0
19851,7,1,4204,0
19852,409,2,1297,0
19853,351,3,9723,0
19854,415,5,13942,0
19855,468,4,10663,0
19856,83,8,24033,1
19857,114,3,10807,0
19858,1035,1,789,0
19859,183,5,16384,1
19860,655,7,16060,1
19861,127,9,20618,1
19862,38,8,25963,1
19863,202,8,13513,1
19864,201,3,8596,0
19865,56,3,6482,0
19866,901,3,7498,0
19867,203,4,13177,0
19868,259,4,18188,1
19869,330,3,10377,0
19870,65,8,23728,1
19871,2,10,19589,1
19872,151,9,24723,1
19873,475,4,7969,0
19874,47,5,16221,1
19875,39,3,8682,0
19876,84,8,24417,1
19877,57,6,16236,1
19878,370,4,7644,0
19879,66,6,15672,1
19880,8,5,9419,0
19881,57,7,14322,1
19882,49,7,28058,1
19883,350,2,2711,0
19884,84,7,20844,1
19885,1120,1,3561,0
19886,75,8,22799,1
19887,32,9,25428,1
19888,78,9,24955,1
19889,59,8,23371,1
19890,11,9,21561,1
19891,75,8,22075,1
19892,76,11,32259,1
19893,185,4,10911,0
19894,248,8,27769,1
19895,35,10,27524,1
19896,75,9,26102,1
19897,263,5,8770,0
19898,106,8,21985,1
19899,384,4,15131,0
19900,237,9,23514,1
19901,63,8,21855,1
19902,191,8,21570,1
19903,311,7,17788,1
19904,177,1,2529,0
19905,163,2,2162,0
19906,832,5,10061,0
19907,16,8,18707,1
19908,18,4,11688,0
19909,110,8,16120,1
19910,151,7,21000,1
19911,73,4,13244,0
19912,88,6,13441,1
19913,108,6,17884,1
19914,8,4,14503,1
19915,165,4,13460,0
19916,568,6,12906,0
19917,148,9,20985,1
19918,18,10,25803,1
19919,762,3,8925,0
19920,716,3,6857,0
19921,268,4,10293,0
19922,407,7,22767,1
19923,69,3,9140,0
19924,37,4,13483,0
19925,657,4,9232,0
19926,84,4,15866,1
19927,358,9,27260,1
19928,48,7,16805,1
19929,36,8,23151,1
19930,187,4,6069,0
19931,159,4,12542,0
19932,500,5,10210,0
19933,433,3,3093,0
19934,119,4,13628,0
19935,277,4,6118,0
19936,53,5,17376,1
19937,185,6,15237,1
19938,215,3,8513,0
19939,1006,2,6615,0
19940,670,5,12659,0
19941,253,5,8716,0
19942,139,11,31634,1
19943,695,1,2199,0
19944,353,4,8034,0
19945,2,7,22860,1
19946,125,6,18412,1
19947,700,4,10149,0
19948,607,4,13130,0
19949,23,6,16580,1
19950,104,6,20333,1
19951,120,6,19572,1
19952,244,5,15649,1
19953,66,2,6787,0
19954,305,4,8247,0
19955,119,3,7955,0
19956,208,7,18598,1
19957,664,2,3128,0
19958,1136,1,3014,0
19959,710,2,5009,0
19960,252,6,14651,1
19961,132,7,16522,1
19962,13,5,14647,1
19963,44,4,9238,0
19964,18,6,18334,1
19965,570,3,11462,0
19966,107,6,20967,1
19967,63,6,20716,1
19968,144,8,10964,1
19969,676,2,4860,0
19970,31,3,7148,0
19971,6,11,24409,1
19972,507,4,8908,0
19973,830,4,12718,0
19974,46,7,20520,1
19975,113,7,19884,1
19976,613,5,17186,0
19977,461,5,10123,0
19978,7,8,16141,1
19979,234,4,12669,0
19980,333,6,23111,1
19981,179,8,25076,1
19982,87,3,7238,0
19983,710,2,7253,0
19984,71,3,5715,0
19985,87,4,5502,0
19986,19,7,21138,1
19987,161,7,14361,1
19988,405,6,12787,0
19989,233,6,15974,1
19990,91,6,13652,1
19991,323,6,20888,1
19992,61,4,10987,0
19993,358,8,29440,1
19994,372,2,8172,0
19995,19,6,14202,1
19996,274,5,11416,0
19997,21,6,11739,1
19998,869,4,6880,0
19999,184,5,16319,1
20000,90,2,6834,0
20001,106,5,13757,1
20002,21,6,18930,1
20003,233,6,20496,1
20004,764,2,9150,0
20005,449,4,15512,0
20006,343,7,17653,1
20007,446,5,14715,0
20008,14,10,32004,1
20009,447,6,17101,1
20010,44,7,19973,1
20011,7,7,19416,1
20012,424,9,22992,1
20013,119,5,16550,1
20014,95,7,22519,1
20015,479,4,10461,0
20016,70,8,16885,1
20017,325,4,10706,0
20018,458,5,12596,0
20019,225,5,16898,1
20020,187,6,12130,1
20021,22,3,6949,0
20022,3,7,20857,1
20023,26,5,13777,1
20024,53,4,13158,0
20025,126,8,23515,1
20026,872,2,7639,0
20027,164,5,12640,0
20028,359,6,17849,1
20029,23,3,6692,0
20030,519,4,8731,0
20031,81,3,3552,0
20032,129,4,7999,0
20033,62,5,14741,1
20034,634,1,1750,0
20035,88,5,9282,0
20036,782,1,3133,0
20037,10,7,13223,1
20038,263,2,6937,0
20039,1,9,24449,1
20040,678,4,14830,0
20041,384,5,12367,0
20042,306,2,6083,0
20043,273,5,10267,0
20044,353,8,20610,1
20045,264,5,15428,1
20046,715,3,10526,0
20047,236,7,19136,1
20048,55,6,11066,1
20049,72,14,33583,1
20050,58,8,12838,1
20051,2,7,20834,1
20052,414,1,400,0
20053,505,4,13692,0
20054,401,6,21616,1
20055,186,3,9524,0
20056,31,5,19083,1
20057,185,6,16513,1
20058,734,3,8200,0
20059,20,7,16959,1
20060,24,4,11997,0
20061,41,8,27305,1
20062,110,6,15999,1
20063,28,4,9362,0
20064,14,6,11207,1
20065,138,9,16844,1
20066,71,7,20578,1
20067,254,6,19597,1
20068,310,5,10603,0
20069,47,7,19323,1
20070,56,10,24221,1
20071,632,3,7898,0
20072,765,2,5161,0
20073,81,7,20842,1
20074,780,5,14529,0
20075,228,6,15460,1
20076,242,4,9960,0
20077,10,5,15633,1
20078,45,6,20611,1
20079,38,9,16764,1
20080,426,3,9241,0
20081,469,4,9545,0
20082,248,6,18784,1
20083,8,7,19691,1
20084,487,4,7190,0
20085,75,4,8092,0
20086,403,9,27080,1
20087,160,3,11153,0
20088,280,7,20970,1
20089,675,4,11175,0
20090,57,4,13479,0
20091,535,5,10106,0
20092,430,2,5180,0
20093,67,4,7275,0
20094,284,3,6524,0
20095,32,6,12224,1
20096,423,6,18632,1
20097,254,3,11897,0
20098,119,4,10110,0
20099,40,4,11408,0
20100,449,4,12568,0
20101,572,2,8330,0
20102,202,8,23002,1
20103,1174,2,7253,0
20104,989,4,6949,0
20105,184,5,7709,0
20106,175,4,9443,0
20107,167,4,5642,0
20108,36,7,24100,1
20109,657,3,8094,0
20110,515,7,23218,1
20111,98,9,27416,1
20112,144,6,17045,1
20113,662,5,14469,0
20114,41,4,6234,0
20115,417,4,11392,0
20116,26,5,14794,1
20117,191,7,19025,1
20118,68,5,13255,1
20119,245,3,9612,0
20120,165,4,10595,0
20121,254,6,15104,1
20122,325,3,5958,0
20123,505,4,8546,0
20124,148,5,14476,1
20125,140,5,14238,1
20126,317,3,6868,0
20127,239,6,15991,1
20128,425,4,11916,0
20129,45,4,12005,0
20130,90,4,7693,0
20131,15,7,18600,1
20132,803,3,10868,0
20133,124,3,8118,0
20134,389,6,20725,1
20135,162,8,20945,1
20136,290,6,12535,1
20137,624,4,10030,0
20138,317,6,18908,1
20139,239,5,16130,1
20140,96,4,4737,0
20141,79,5,14864,1
20142,65,7,16773,1
20143,56,4,14588,0
20144,64,4,15770,1
20145,241,8,21693,1
20146,146,3,9149,0
20147,157,3,9200,0
20148,104,7,22688,1
20149,492,6,15474,1
20150,392,3,10322,0
20151,460,5,5362,0
20152,110,4,4960,0
20153,206,6,18751,1
20154,783,2,3485,0
20155,727,3,8010,0
20156,252,5,11418,0
20157,197,4,5514,0
20158,237,12,40306,1
20159,1021,1,2062,0
20160,217,4,11643,0
20161,1162,2,3019,0
20162,57,6,17423,1
20163,909,1,2941,0
20164,65,7,20343,1
20165,641,4,9156,0
20166,77,4,9598,0
20167,314,4,6608,0
20168,22,3,11426,0
20169,451,4,7041,0
20170,182,5,11800,0
20171,125,8,29298,1
20172,21,6,11542,1
20173,112,4,4804,0
20174,306,9,18405,1
20175,102,10,21977,1
20176,526,7,16689,1
20177,37,5,10481,0
20178,64,9,26438,1
20179,259,4,11929,0
20180,110,8,17702,1
20181,656,5,19602,0
20182,483,8,20312,1
20183,51,8,14030,1
20184,269,6,18266,1
20185,251,3,5623,0
20186,165,5,10554,0
20187,10,7,16659,1
20188,324,6,18563,1
20189,186,6,14908,1
20190,194,7,19546,1
20191,586,4,11028,0
20192,275,3,10124,0
20193,434,7,9805,0
20194,198,12,34558,1
20195,296,4,11835,0
20196,162,7,26398,1
20197,78,3,9117,0
20198,474,2,5988,0
20199,137,5,12416,0
20200,102,4,12953,0
20201,814,4,12558,0
20202,44,4,7918,0
20203,254,3,11336,0
20204,105,3,11604,0
20205,301,5,12493,0
20206,273,5,16876,1
20207,64,4,9825,0
20208,580,5,12307,0
20209,571,2,3181,0
20210,132,5,12228,0
20211,301,4,7026,0
20212,276,7,18670,1
20213,302,5,11272,0
20214,75,1,2817,0
20215,209,6,18154,1
20216,630,4,11557,0
20217,180,7,21363,1
20218,115,8,21219,1
20219,37,6,14730,1
20220,126,8,21424,1
20221,36,9,19272,1
20222,168,6,15684,1
20223,575,4,13026,0
20224,161,4,7361,0
20225,10,5,18861,1
20226,352,1,2783,0
20227,122,5,9244,0
20228,156,6,13745,1
20229,49,4,11167,0
20230,116,7,15495,1
20231,264,7,18526,1
20232,1186,1,467,0
20233,171,2,4541,0
20234,42,4,12973,0
20235,202,9,26437,1
20236,523,3,9741,0
20237,39,9,20525,1
20238,42,9,18709,1
20239,193,6,16290,1
20240,43,10,31762,1
20241,177,9,20585,1
20242,238,7,13685,1
20243,101,8,25560,1
20244,403,7,24362,1
20245,532,3,11728,0
20246,635,4,9555,0
20247,30,5,12256,1
20248,256,5,14011,0
20249,225,4,11797,0
20250,534,3,7523,0
20251,208,3,9028,0
20252,387,4,18390,0
20253,41,10,24731,1
20254,31,7,18212,1
20255,455,3,6872,0
20256,41,5,10659,0
20257,140,6,15865,1
20258,48,7,26230,1
20259,174,6,15717,1
20260,138,8,22416,1
20261,178,5,9105,0
20262,765,4,10994,0
20263,148,2,6182,0
20264,272,3,10179,0
20265,146,4,9468,0
20266,131,5,9095,0
20267,251,7,20834,1
20268,177,5,16698,1
20269,387,3,9246,0
20270,196,3,8404,0
20271,212,5,7192,0
20272,106,3,2956,0
20273,205,4,7142,0
20274,392,5,18522,1
20275,164,10,32972,1
20276,207,4,12874,0
20277,551,4,14208,0
20278,269,5,13807,0
20279,103,3,11360,0
20280,369,4,11132,0
20281,236,4,8791,0
20282,260,7,19026,1
20283,149,3,8613,0
20284,90,4,10037,0
20285,84,3,5711,0
20286,159,9,27926,1
20287,33,7,19903,1
20288,564,4,15301,0
20289,48,2,8948,0
20290,324,5,11513,0
20291,113,2,4024,0
20292,144,7,15424,1
20293,682,3,5809,0
20294,54,6,11997,1
20295,134,5,11129,0
20296,19,6,20637,1
20297,352,4,6224,0
20298,197,5,12408,0
20299,120,7,19950,1
20300,291,3,7799,0
20301,139,4,8767,0
20302,112,6,16270,1
20303,381,3,7741,0
20304,281,2,4270,0
20305,23,14,45044,1
20306,68,6,18933,1
20307,157,4,8036,0
20308,706,2,4152,0
20309,231,6,14452,1
20310,168,6,20878,1
20311,157,6,17962,1
20312,279,4,13600,0
20313,126,5,17066,1
20314,118,4,12029,0
20315,55,7,21574,1
20316,280,7,20013,1
20317,330,7,19043,1
20318,194,8,18766,1
20319,97,9,23179,1
20320,263,11,34627,1
20321,152,7,12042,1
20322,11,4,8686,0
20323,8,3,5092,0
20324,629,4,12884,0
20325,123,9,20391,1
20326,114,7,22047,1
20327,117,7,18021,1
20328,514,4,11652,0
20329,19,3,10649,0
20330,141,5,14408,1
20331,435,5,12548,0
20332,2,8,26103,1
20333,426,8,25542,1
20334,118,7,15255,1
20335,6,5,18082,1
20336,348,6,13637,1
20337,32,6,18724,1
20338,497,6,13652,0
20339,422,6,16016,1
20340,339,6,21054,1
20341,261,6,20874,1
20342,115,9,28957,1
20343,100,7,24325,1
20344,527,4,12184,0
20345,10,3,7646,0
20346,458,3,8794,0
20347,60,3,6719,0
20348,127,1,2321,0
20349,331,3,5257,0
20350,25,3,12486,0
20351,303,7,19530,1
20352,46,3,9478,0
20353,12,5,9236,0
20354,37,5,13068,1
20355,40,4,15337,1
20356,46,6,23018,1
20357,35,5,16480,1
20358,57,10,25105,1
20359,91,4,10809,0
20360,92,12,34585,1
20361,27,12,37103,1
20362,494,4,8994,0
20363,161,3,9209,0
20364,434,2,4332,0
20365,161,7,21274,1
20366,595,4,10128,0
20367,472,7,24482,1
20368,120,7,14509,1
20369,148,5,10623,0
20370,157,2,6698,0
20371,261,6,22857,1
20372,453,5,16459,0
20373,6,4,13028,0
20374,154,4,10025,0
20375,29,5,13120,1
20376,651,4,9514,0
20377,368,3,7147,0
20378,94,7,23240,1
20379,504,2,4621,0
20380,44,6,14173,1
20381,272,2,4753,0
20382,135,7,21794,1
20383,322,7,15166,1
20384,159,6,21993,1
20385,141,5,13993,1
20386,46,5,10743,0
20387,111,6,16585,1
20388,724,2,6214,0
20389,189,5,16149,1
20390,57,6,19192,1
20391,288,7,23364,1
20392,163,11,27097,1
20393,1004,3,5574,0
20394,15,3,9960,0
20395,330,3,7195,0
20396,187,5,13992,1
20397,378,2,3296,0
20398,503,3,9376,0
20399,231,7,18468,1
20400,751,1,3147,0
20401,250,8,28852,1
20402,703,1,3559,0
20403,315,5,8143,0
20404,121,4,14439,0
20405,190,4,12062,0
20406,677,3,8954,0
20407,54,5,14281,1
20408,277,3,9320,0
20409,113,3,9546,0
20410,74,6,21793,1
20411,164,5,15192,1
20412,106,3,9495,0
20413,120,6,12415,1
20414,175,7,14962,1
20415,291,4,9141,0
20416,52,6,16694,1
20417,146,6,15646,1
20418,403,4,7418,0
20419,329,3,4515,0
20420,1093,1,1890,0
20421,302,6,13642,1
20422,28,4,12910,0
20423,77,4,14901,0
20424,2,5,4586,0
20425,400,5,14608,0
20426,28,4,11061,0
20427,104,8,19749,1
20428,134,6,12824,1
20429,562,3,6476,0
20430,50,3,5318,0
20431,210,3,9337,0
20432,132,4,6200,0
20433,47,5,15336,1
20434,289,4,6761,0
20435,113,7,19113,1
20436,221,6,19966,1
20437,88,4,7281,0
20438,732,3,4766,0
20439,420,3,6176,0
20440,147,6,18560,1
20441,14,7,17752,1
20442,31,7,15901,1
20443,686,3,5256,0
20444,183,3,8160,0
20445,51,8,18238,1
20446,337,7,17826,1
20447,631,2,3999,0
20448,230,3,11542,0
20449,231,6,17224,1
20450,199,7,19701,1
20451,12,6,13234,1
20452,20,2,3224,0
20453,16,6,20836,1
20454,32,10,37586,1
20455,92,8,15118,1
20456,81,7,21447,1
20457,537,3,11643,0
20458,160,6,16518,1
20459,752,4,7367,0
20460,94,12,31813,1
20461,49,3,12141,0
20462,137,4,11924,0
20463,187,5,14989,1
20464,132,5,12195,0
20465,63,6,17303,1
20466,199,4,9832,0
20467,9,10,31048,1
20468,420,7,17604,1
20469,494,4,9727,0
20470,267,4,6053,0
20471,68,8,27085,1
20472,3,4,14709,1
20473,886,2,6262,0
20474,2,7,16471,1
20475,120,4,12478,0
20476,339,9,24476,1
20477,724,5,11922,0
20478,229,5,16041,1
20479,187,7,18674,1
20480,43,3,7128,0
20481,150,5,15885,1
20482,465,6,11518,0
20483,157,8,25333,1
20484,733,1,1421,0
20485,148,6,11177,1
20486,290,4,10662,0
20487,144,5,12784,0
20489,95,5,12010,0
20490,50,9,16946,1
20491,119,5,15521,1
20492,238,2,8930,0
20493,42,8,19636,1
20494,416,9,30915,1
20495,294,4,15468,0
20496,140,4,12037,0
20497,181,14,33934,1
20498,490,3,12907,0
20499,31,4,12603,0
20500,87,8,24727,1
20501,122,9,26123,1
20502,326,5,15901,1
20503,1142,2,6170,0
20504,197,6,16182,1
20505,57,3,11333,0
20506,74,11,32298,1
20507,61,8,13783,1
20508,453,2,5820,0
20509,314,6,14043,1
20510,340,5,12240,0
20511,245,9,28353,1
20512,22,7,23564,1
20513,83,1,1874,0
20514,103,6,22082,1
20515,21,5,15386,1
20516,33,3,5991,0
20517,229,5,13875,0
20518,97,3,1626,0
20519,163,7,15669,1
20520,767,2,8516,0
20521,117,4,9549,0
20522,334,1,1411,0
20523,554,2,4583,0
20524,312,2,4047,0
20525,677,6,17173,0
20526,94,4,11674,0
20527,740,4,16793,0
20528,716,1,1577,0
20529,322,6,18954,1
20530,104,3,9338,0
20531,86,3,4517,0
20532,14,6,9367,1
20533,123,6,14070,1
20534,166,6,12678,1
20535,33,4,14515,0
20536,27,5,20757,1
20537,152,6,10704,1
20538,609,5,10800,0
20539,84,3,11994,0
20540,162,6,20897,1
20541,668,1,1222,0
20542,462,7,19572,1
20543,116,6,14293,1
20544,381,3,4939,0
20545,88,6,18011,1
20546,240,6,24506,1
20547,154,10,18150,1
20548,372,6,19391,1
20549,172,8,20946,1
20550,195,4,8315,0
20551,649,1,1053,0
20552,191,8,16266,1
20553,117,8,23834,1
20554,74,3,8523,0
20555,174,8,25966,1
20556,623,1,1841,0
20557,100,4,8047,0
20558,517,5,15882,0
20559,87,8,26781,1
20560,228,7,17210,1
20561,181,5,19309,1
20562,325,5,9240,0
20563,410,6,18207,1
20564,259,6,20145,1
20565,31,5,16855,1
20566,43,7,14310,1
20567,56,6,15791,1
20568,51,5,15616,1
20569,62,5,11590,0
20570,76,3,6904,0
20571,176,2,4457,0
20572,191,4,11869,0
20573,63,6,11216,1
20574,185,5,11868,0
20575,134,7,18940,1
20576,199,4,5529,0
20577,179,4,14147,0
20578,210,2,2664,0
20579,330,3,9915,0
20580,920,3,6775,0
20581,234,5,16211,1
20582,193,1,1533,0
20583,438,6,17282,1
20585,402,3,8675,0
20586,739,3,8798,0
20587,96,7,14599,1
20588,121,5,17563,1
20589,964,5,13892,0
20590,9,3,7398,0
20591,122,7,14893,1
20592,150,10,31967,1
20593,100,5,16909,1
20594,356,8,25393,1
20595,626,4,14506,0
20596,137,8,24269,1
20597,573,5,16261,0
20598,253,6,16195,1
20599,199,3,9043,0
20600,353,5,13453,0
20601,93,3,4372,0
20602,146,4,16377,1
20603,209,1,5108,0
20604,482,4,7377,0
20605,310,5,19859,1
20606,186,7,21498,1
20607,33,6,16430,1
20608,466,2,5634,0
20609,101,9,15937,1
20610,80,9,27910,1
20611,278,6,18944,1
20612,682,3,4339,0
20613,16,2,7254,0
20614,556,2,1496,0
20615,483,9,28160,1
20616,274,2,5811,0
20617,371,7,18313,1
20618,87,6,21662,1
20619,218,5,16208,1
20620,123,3,11620,0
20621,56,9,22411,1
20622,74,4,12857,0
20623,100,5,15920,1
20624,121,5,11437,0
20625,382,5,14091,0
20626,257,3,6698,0
20627,58,4,6087,0
20628,503,4,15728,0
20629,33,7,21724,1
20630,535,2,10135,0
20631,39,3,4691,0
20632,188,3,7351,0
20633,553,3,9114,0
20634,276,4,9440,0
20635,517,1,2148,0
20636,448,5,21503,1
20637,146,6,14010,1
20638,110,7,17865,1
20639,154,5,10601,0
20640,195,8,28945,1
20641,526,3,4246,0
20642,314,8,21786,1
20643,627,6,12496,0
20644,199,9,23015,1
20645,419,5,16508,0
20646,235,1,427,0
20647,612,4,13889,0
20648,346,5,9173,0
20649,314,9,24823,1
20650,153,7,20115,1
20651,35,4,14482,0
20652,63,1,374,0
20653,260,10,29838,1
20654,215,8,21806,1
20655,3,5,16811,1
20656,332,4,9666,0
20657,13,3,9637,0
20658,52,7,16107,1
20659,933,2,3326,0
20660,318,3,4250,0
20661,115,8,23559,1
20662,22,7,17971,1
20663,92,5,16171,1
20664,50,6,18616,1
20665,141,7,20430,1
20666,137,3,4815,0
20667,236,5,8910,0
20668,500,3,7344,0
20669,229,5,7672,0
20670,155,12,33315,1
20671,461,8,24535,1
20672,153,9,33549,1
20673,60,6,22575,1
20674,85,7,18291,1
20675,133,5,19617,1
20676,208,4,11727,0
20677,277,3,7322,0
20678,9,7,21326,1
20679,62,8,16607,1
20680,605,2,7375,0
20681,158,7,18789,1
20682,105,10,26075,1
20683,94,6,10807,1
20684,55,4,12031,0
20685,541,5,17291,0
20686,458,6,24262,1
20687,29,9,29173,1
20688,314,7,22118,1
20689,175,2,1181,0
20690,85,10,29402,1
20691,279,5,9572,0
20692,117,4,10550,0
20693,223,5,10765,0
20694,180,4,7920,0
20695,181,4,7258,0
20696,370,12,27567,1
20697,66,6,16446,1
20698,271,4,11539,0
20699,239,5,5492,0
20700,379,4,13605,0
20701,479,7,20134,1
20702,115,9,25531,1
20703,157,4,8082,0
20704,153,9,29195,1
20705,270,6,11351,0
20706,198,6,20142,1
20707,231,7,19951,1
20708,359,2,6830,0
20709,389,3,7692,0
20710,186,4,15287,0
20711,408,6,14760,1
20712,453,5,14942,0
20713,911,2,2200,0
20714,203,4,11643,0
20715,865,3,9418,0
20716,13,5,17913,1
20717,112,3,9559,0
20719,231,9,26670,1
20720,296,10,29333,1
20721,61,6,18044,1
20722,2,2,1023,0
20723,27,4,14392,0
20724,59,2,4855,0
20725,609,7,13094,0
20726,226,4,10635,0
20727,41,7,14375,1
20728,491,3,10128,0
20729,380,5,11830,0
20730,127,3,12212,0
20731,78,5,11483,0
20732,7,6,17107,1
20733,420,8,26593,1
20734,98,7,18054,1
20735,296,7,16706,1
20736,449,10,32217,1
20737,23,4,10110,0
20738,475,5,15790,0
20739,6,5,17137,1
20740,440,3,9495,0
20741,129,3,2426,0
20742,364,4,6470,0
20743,431,7,17587,1
20744,164,8,15380,1
20745,1,6,16491,1
20746,95,6,15385,1
20747,53,5,16260,1
20748,116,9,22035,1
20749,729,5,9287,0
20750,149,2,4588,0
20751,278,4,15299,0
20752,118,6,17496,1
20753,236,3,12005,0
20754,766,3,11856,0
20755,167,2,3962,0
20756,121,6,20260,1
20757,159,3,12149,0
20758,416,7,23165,1
20759,465,8,25722,1
20760,259,2,5331,0
20761,7,3,9573,0
20762,4,13,35221,1
20763,970,3,7313,0
20764,113,7,23390,1
20765,185,2,4195,0
20766,1351,1,4197,0
20767,298,2,3600,0
20768,608,2,8526,0
20769,667,3,6378,0
20770,72,7,17358,1
20771,1338,1,3480,0
20772,817,2,6904,0
20773,1075,2,7666,0
20774,218,5,10635,0
20775,378,4,13089,0
20776,138,5,13968,1
20777,138,3,8580,0
20778,149,4,12630,0
20779,106,7,20769,1
20780,43,5,10352,0
20781,127,6,18398,1
20782,218,3,4880,0
20783,346,8,22346,1
20784,59,8,23740,1
20785,132,10,22448,1
20786,199,7,20569,1
20787,187,8,26989,1
20788,424,3,5784,0
20789,1249,1,4736,0
20790,23,7,17096,1
20791,249,6,17155,1
20792,81,9,25031,1
20793,10,6,19399,1
20794,404,4,11744,0
20795,116,7,17244,1
20796,24,8,25504,1
20797,6,4,11405,0
20798,504,1,794,0
20799,70,7,19367,1
20800,337,4,12222,0
20801,31,7,15608,1
20802,553,4,12455,0
20803,169,7,19357,1
20804,410,2,7582,0
20805,57,3,8620,0
20806,422,4,11193,0
20807,615,5,9645,0
20808,285,5,15978,1
20809,374,6,11202,0
20810,323,4,10770,0
20811,91,10,30889,1
20812,148,3,4519,0
20813,338,5,12622,0
20814,39,9,26096,1
20815,435,2,6608,0
20816,759,3,8267,0
20817,220,6,10239,0
20818,27,5,17441,1
20819,396,5,16001,0
20820,45,6,13560,1
20821,340,4,13055,0
20822,29,6,16318,1
20823,1,7,20094,1
20824,312,8,18641,1
20825,417,2,3856,0
20826,423,5,15282,0
20827,618,4,12013,0
20828,208,6,15574,1
20829,54,11,26813,1
20830,559,2,3920,0
20831,911,4,7487,0
20832,127,3,5419,0
20833,318,4,9104,0
20834,270,7,15253,1
20835,174,7,17573,1
20836,293,8,16989,1
20837,10,11,29693,1
20838,493,2,5617,0
20839,219,1,3906,0
20840,353,4,12685,0
20841,336,7,15860,1
20842,181,10,41501,1
20843,647,5,7523,0
20844,972,1,411,0
20845,5,6,14283,1
20846,205,6,12260,1
20847,323,5,14658,0
20848,241,6,25052,1
20849,130,3,9414,0
20850,234,4,9823,0
20851,312,7,13979,1
20852,110,4,11442,0
20853,608,2,7938,0
20854,29,10,19834,1
20855,185,9,27043,1
20856,377,3,8936,0
20857,347,5,16903,1
20858,262,4,7554,0
20859,10,8,24582,1
20860,1003,1,2395,0
20861,66,6,18812,1
20862,41,6,10722,1
20863,245,7,16974,1
20864,1309,1,2038,0
20865,35,11,41391,1
20866,136,6,17185,1
20867,307,7,22262,1
20868,232,6,18927,1
20869,799,1,3942,0
20870,650,1,4881,0
20871,101,4,8776,0
20872,18,3,8995,0
20873,592,4,7238,0
20874,165,8,18675,1
20875,315,4,17073,0
20876,809,2,4460,0
20877,493,2,7160,0
20878,129,4,10050,0
20879,101,2,6901,0
20880,235,1,1043,0
20881,239,9,29034,1
20882,481,3,4761,0
20883,13,3,11767,0
20884,50,2,6939,0
20885,478,3,10845,0
20886,407,6,13050,0
20887,145,7,12278,1
20888,414,5,14020,0
20889,227,8,21954,1
20890,335,7,20390,1
20891,29,9,21823,1
20892,394,7,15020,1
20893,536,1,926,0
20894,93,3,8939,0
20895,7,8,23106,1
20896,11,9,22191,1
20897,268,5,8099,0
20898,174,6,17782,1
20899,377,6,19734,1
20900,1301,1,3524,0
20901,60,6,16884,1
20902,229,5,16084,1
20903,168,6,18612,1
20904,5,10,20897,1
20905,144,8,23526,1
20906,205,5,12860,0
20907,332,8,17225,1
20908,210,6,18520,1
20909,492,3,6608,0
20910,229,8,22119,1
20911,554,3,5166,0
20912,475,5,10945,0
20913,43,9,25870,1
20914,182,7,16364,1
20915,333,5,18888,1
20916,167,8,24651,1
20917,426,6,15994,1
20918,25,5,12009,1
20919,499,5,15264,0
20920,412,3,6273,0
20921,271,5,16127,1
20922,124,4,12693,0
20923,132,10,27735,1
20924,605,7,20854,1
20925,569,2,7147,0
20926,129,3,11116,0
20927,54,7,11746,1
20928,441,4,7714,0
20929,215,3,3451,0
20930,178,10,26974,1
20931,80,10,20804,1
20932,41,4,8880,0
20933,767,3,8394,0
20934,105,4,13007,0
20935,484,5,9435,0
20936,304,4,9716,0
20937,531,2,8162,0
20938,505,1,4904,0
20939,129,7,19014,1
20940,103,4,8225,0
20941,336,4,10113,0
20942,46,5,13702,1
20943,512,8,17837,1
20944,51,2,8313,0
20945,141,5,11592,0
20946,100,3,4894,0
20947,2,3,8380,0
20948,188,3,5052,0
20949,132,6,15071,1
20950,547,6,15392,0
20951,203,3,13299,0
20952,305,3,9177,0
20953,389,4,5751,0
20954,1168,1,4354,0
20955,249,6,14635,1
20956,231,3,7232,0
20957,132,7,18273,1
20958,260,4,7388,0
20959,999,5,12473,0
20960,83,5,12846,1
20961,11,4,17121,1
20962,80,6,25122,1
20963,352,3,8337,0
20964,6,9,21935,1
20965,443,7,16932,1
20966,51,4,14743,0
20967,197,8,22339,1
20968,211,4,14084,0
20969,233,4,12434,0
20970,46,4,12830,0
20971,2,7,17135,1
20972,152,2,7646,0
20973,52,9,24038,1
20974,472,2,5904,0
20975,65,6,15988,1
20976,92,4,11701,0
20977,92,5,7577,0
20978,300,4,6016,0
20979,264,2,5559,0
20980,72,8,20799,1
20981,61,4,14195,0
20982,115,6,14776,1
20983,855,3,13180,0
20984,278,4,12264,0
20985,139,6,12578,1
20986,378,5,13302,0
20987,111,7,15748,1
20988,251,6,25693,1
20989,13,10,23399,1
20990,31,3,13242,0
20991,505,6,19531,1
20992,675,4,13774,0
20993,143,6,17931,1
20994,50,3,10703,0
20995,415,3,11634,0
20996,184,2,5899,0
20997,160,5,16677,1
20998,164,6,13070,1
20999,60,7,22235,1
21000,125,8,12994,1
21001,47,8,20355,1
21002,205,9,23813,1
21003,227,6,13176,1
21004,526,4,10482,0
21005,316,3,11835,0
21006,478,3,9024,0
21007,5,5,14695,1
21008,91,6,16091,1
21009,200,4,17837,1
21010,959,2,4383,0
21011,259,5,13135,0
21012,690,5,14071,0
21013,142,5,11251,0
21014,42,8,18225,1
21015,110,3,5479,0
21016,204,4,6557,0
21017,224,11,36655,1
21018,692,3,10088,0
21019,1170,1,2466,0
21020,264,8,14444,1
21021,785,3,5105,0
21022,64,5,20145,1
21023,126,6,10007,1
21024,86,9,20797,1
21025,7,6,14277,1
21026,99,6,15916,1
21027,319,4,12212,0
21028,546,3,7921,0
21029,150,10,32057,1
21030,227,4,11341,0
21031,112,4,4364,0
21032,231,5,12270,0
21033,191,8,20715,1
21034,120,4,14330,0
21035,291,4,8942,0
21036,649,4,8731,0
21037,119,7,21892,1
21038,489,4,9292,0
21039,277,4,15521,0
21040,190,6,19242,1
21041,9,6,13858,1
21042,131,6,15135,1
21043,66,7,18713,1
21044,469,3,4467,0
21045,509,4,13619,0
21046,5,4,6314,0
21047,5,4,12316,0
21048,36,6,14996,1
21049,155,7,9701,1
21050,330,2,4992,0
21051,534,4,11596,0
21052,365,6,14105,1
21053,74,11,22487,1
21054,1108,1,973,0
21055,91,3,5305,0
21056,4,7,17029,1
21057,293,5,10675,0
21058,343,5,14018,0
21059,9,5,15053,1
21060,321,4,9176,0
21061,303,4,12723,0
21062,118,5,11596,0
21063,123,6,14330,1
21064,176,2,4975,0
21065,47,4,12339,0
21066,11,10,21060,1
21067,606,2,7660,0
21068,462,4,10360,0
21069,132,8,13081,1
21070,495,3,8929,0
21071,557,2,6153,0
21072,33,5,14620,1
21073,215,5,13902,0
21074,776,1,3979,0
21075,253,3,10068,0
21076,157,5,10813,0
21077,138,6,13755,1
21078,179,1,2890,0
21079,817,3,4999,0
21080,63,6,14265,1
21081,123,6,16069,1
21082,89,7,16187,1
21083,335,8,23195,1
21084,465,6,12260,0
21085,75,5,17780,1
21086,39,3,11349,0
21087,197,3,9712,0
21088,78,6,9611,1
21089,143,4,7862,0
21090,195,8,25379,1
21091,288,5,14643,0
21092,88,9,26741,1
21093,892,3,9223,0
21094,132,5,10774,0
21095,6,5,10590,0
21096,1,9,18142,1
21097,96,5,7910,0
21098,186,2,5495,0
21099,91,6,17069,1
21100,951,2,10299,0
21101,161,3,9083,0
21102,68,4,7334,0
21103,153,4,8375,0
21104,5,3,6154,0
21105,513,7,19785,1
21106,244,1,4319,0
21107,78,4,15260,1
21108,84,5,16196,1
21109,146,3,7685,0
21110,81,7,20935,1
21111,224,5,14822,1
21112,428,4,8063,0
21113,965,2,5872,0
21114,159,4,14051,0
21115,189,5,12652,0
21116,222,5,16599,1
21117,66,11,20716,1
21118,276,3,6602,0
21119,56,8,14797,1
21120,274,5,9483,0
21121,170,4,7126,0
21122,293,8,18490,1
21123,111,2,4480,0
21124,486,4,9393,0
21125,540,2,6818,0
21126,323,3,12236,0
21127,678,2,3465,0
21128,337,3,8158,0
21129,144,3,7508,0
21130,83,6,15673,1
21131,137,5,17317,1
21132,37,6,15119,1
21133,162,7,12300,1
21134,14,5,19131,1
21135,273,5,11404,0
21136,482,5,15692,0
21137,5,2,7028,0
21138,56,11,23263,1
21139,480,8,22873,1
21140,274,4,12071,0
21141,174,2,5570,0
21142,19,3,4561,0
21143,189,4,10758,0
21144,123,10,35507,1
21145,702,2,2876,0
21146,405,6,21320,1
21147,8,8,25290,1
21148,80,7,23218,1
21149,167,5,12259,0
21150,229,8,12642,1
21151,1,7,23384,1
21152,80,9,21694,1
21153,120,6,13004,1
21154,440,4,12763,0
21155,101,5,11775,0
21156,379,10,25106,1
21157,302,6,19965,1
21158,225,8,23970,1
21159,610,2,4976,0
21160,776,1,4002,0
21161,1248,1,2322,0
21162,254,7,14997,1
21163,254,4,10146,0
21164,12,3,8557,0
21165,352,6,20663,1
21166,18,8,25386,1
21167,114,3,7717,0
21168,93,8,28421,1
21169,83,4,13294,0
21170,8,4,15448,1
21171,190,4,10402,0
21172,414,6,15074,1
21173,157,6,12521,1
21174,121,3,6207,0
21175,249,5,22451,1
21176,62,7,11169,1
21177,151,6,13038,1
21178,239,11,37571,1
21179,26,7,17234,1
21180,6,6,17054,1
21181,301,6,14743,1
21182,346,6,23275,1
21183,422,4,5827,0
21184,180,6,11309,1
21185,110,4,10202,0
21186,265,7,24113,1
21187,26,7,21960,1
21188,516,8,19807,1
21189,205,2,5915,0
21190,182,5,12833,0
21191,52,6,16305,1
21192,143,8,26930,1
21193,667,4,10040,0
21194,169,7,14485,1
21195,124,5,14841,1
21196,34,7,17744,1
21197,560,5,13895,0
21198,106,6,18996,1
21199,155,5,16220,1
21200,118,6,21458,1
21201,911,3,9409,0
21202,335,3,6563,0
21203,171,9,25414,1
21204,106,2,6803,0
21205,14,3,9883,0
21206,353,1,1159,0
21207,216,5,10225,0
21208,214,4,9366,0
21209,279,6,16002,1
21210,33,8,18016,1
21211,25,6,18415,1
21212,257,7,23616,1
21213,84,6,20270,1
21214,285,9,27605,1
21215,1,6,9968,1
21216,414,3,8685,0
21217,61,2,1941,0
21218,57,2,7267,0
21219,277,5,17113,1
21220,216,8,26733,1
21221,468,6,15642,1
21222,665,3,3346,0
21223,768,1,990,0
21224,13,3,10543,0
21225,829,2,8679,0
21226,14,5,15347,1
21227,135,4,6099,0
21228,194,5,11617,0
21229,223,4,16160,0
21230,600,3,10067,0
21231,189,3,5128,0
21232,88,5,10617,0
21233,75,6,22594,1
21234,7,5,16337,1
21235,590,3,9639,0
21236,38,8,20313,1
21237,355,2,7959,0
21238,814,2,4540,0
21239,492,6,10058,0
21240,68,3,5938,0
21241,701,6,9165,0
21242,417,5,12042,0
21243,273,4,2883,0
21244,26,8,20847,1
21245,427,7,18103,1
21246,22,6,16462,1
21247,338,5,11150,0
21248,82,6,12542,1
21249,137,6,19537,1
21250,85,4,3836,0
21251,37,7,12954,1
21252,254,6,17662,1
21253,656,1,1303,0
21254,267,5,14248,0
21255,119,7,15820,1
21256,65,9,23512,1
21257,30,6,20931,1
21258,40,5,15538,1
21259,167,4,9719,0
21260,151,6,12297,1
21261,5,5,13913,1
21262,142,4,5477,0
21263,3,7,12763,1
21264,45,7,15635,1
21265,105,7,17600,1
21266,79,7,17402,1
21267,157,4,6140,0
21268,222,4,15948,0
21269,350,6,13434,1
21270,58,3,12150,0
21271,386,10,37985,1
21272,565,4,12665,0
21273,152,6,16773,1
21274,362,9,15535,1
21275,740,1,2698,0
21276,629,1,3501,0
21277,635,1,780,0
21278,298,3,8257,0
21279,398,4,6511,0
21280,67,5,15451,1
21281,8,3,12536,0
21282,589,3,8892,0
21283,205,5,15628,1
21284,213,8,31697,1
21285,156,7,19966,1
21286,46,6,22046,1
21287,238,3,7725,0
21288,31,7,26662,1
21289,25,6,15668,1
21290,332,3,9586,0
21291,507,6,14214,0
21292,65,8,16556,1
21293,259,6,14821,1
21294,103,2,4718,0
21295,381,5,11426,0
21296,201,5,14883,1
21297,189,3,5682,0
21298,103,5,7763,0
21299,153,1,1765,0
21300,210,4,12232,0
21301,66,4,11927,0
21302,647,4,13570,0
21304,288,6,19985,1
21305,32,6,22165,1
21306,372,2,3336,0
21307,336,5,18690,1
21308,227,5,11746,0
21309,146,1,3752,0
21310,246,5,18405,1
21311,422,4,9587,0
21312,1351,1,1431,0
21313,572,3,8009,0
21314,66,5,16183,1
21315,373,4,8303,0
21316,19,8,19265,1
21317,177,5,16010,1
21318,123,8,18834,1
21319,20,5,13471,1
21320,448,4,11004,0
21321,65,2,5220,0
21322,222,5,17524,1
21323,42,9,20430,1
21324,130,5,15823,1
21325,266,5,11080,0
21326,175,4,13815,0
21327,55,5,16106,1
21328,317,4,7372,0
21329,288,5,17460,1
21330,334,4,9859,0
21331,47,5,17805,1
21332,477,3,8765,0
21333,265,3,9746,0
21334,26,10,26397,1
21335,60,10,26353,1
21336,510,8,23239,1
21337,25,6,11771,1
21339,815,3,8629,0
21340,195,5,13216,0
21341,85,7,13450,1
21342,115,6,15584,1
21343,11,5,13371,1
21344,132,8,24047,1
21345,310,8,31912,1
21346,267,5,15719,1
21347,376,4,10389,0
21348,45,3,3101,0
21349,92,7,20535,1
21350,1106,1,4469,0
21351,125,7,18900,1
21352,48,3,7421,0
21353,339,6,12802,0
21354,620,2,1208,0
21355,170,4,14065,0
21356,1143,2,5846,0
21357,72,10,25124,1
21358,600,3,5501,0
21359,9,2,7426,0
21360,706,4,11676,0
21361,260,5,8849,0
21362,410,3,8911,0
21363,290,3,9571,0
21364,174,8,25915,1
21365,118,2,6087,0
21366,643,6,9655,0
21367,990,3,5069,0
21368,659,7,18770,1
21369,593,5,10073,0
21370,10,5,14834,1
21371,440,6,5612,0
21372,169,4,9335,0
21373,153,7,12233,1
21374,551,4,14203,0
21375,734,1,4000,0
21376,290,2,2164,0
21377,78,3,6077,0
21378,46,7,16956,1
21379,36,7,18425,1
21380,114,8,22855,1
21381,259,6,12681,1
21382,881,1,963,0
21383,168,8,19041,1
21384,26,8,22836,1
21385,64,7,29067,1
21386,2,9,22996,1
21387,32,3,9845,0
21388,198,4,2969,0
21389,296,3,8021,0
21390,37,6,14919,1
21391,154,6,18314,1
21392,144,4,14741,0
21393,57,3,5317,0
21394,409,1,2828,0
21395,58,1,2004,0
21396,181,2,1998,0
21397,81,3,11336,0
21398,221,3,7970,0
21399,136,4,9817,0
21400,235,2,6244,0
21401,15,9,29886,1
21402,269,2,5590,0
21403,27,2,4131,0
21404,163,5,13304,0
21405,607,2,7541,0
21406,47,6,17934,1
21407,86,8,22915,1
21408,180,2,3214,0
21409,663,3,11233,0
21410,51,4,10166,0
21411,230,2,6220,0
21412,109,7,18477,1
21413,466,2,8516,0
21414,704,3,12238,0
21415,584,4,7872,0
21416,159,6,19839,1
21417,303,4,10861,0
21418,147,7,12291,1
21419,345,6,16627,1
21420,232,4,8466,0
21421,281,2,8495,0
21422,78,4,13175,0
21423,114,6,14425,1
21424,74,6,14176,1
21425,616,7,18675,1
21426,11,7,22899,1
21427,108,4,9226,0
21428,109,8,25804,1
21429,534,5,10808,0
21430,537,4,9949,0
21431,140,8,21825,1
21432,754,3,8447,0
21433,31,6,16900,1
21434,33,6,19229,1
21435,919,5,13346,0
21436,705,2,5791,0
21437,178,6,20948,1
21438,149,1,1670,0
21439,294,7,17596,1
21440,94,7,15634,1
21441,535,4,12394,0
21442,144,5,15978,1
21443,463,1,3562,0
21444,226,5,11685,0
21445,64,6,15078,1
21446,176,6,26295,1
21447,56,4,10036,0
21448,413,7,18970,1
21449,624,3,7253,0
21450,41,3,9082,0
21451,167,5,7976,0
21452,75,10,30708,1
21453,89,12,35139,1
21454,85,5,16836,1
21455,229,5,16731,1
21456,228,6,16790,1
21457,163,7,25671,1
21458,94,7,20070,1
21459,62,4,8920,0
21460,105,1,1282,0
21461,124,5,13568,1
21462,620,2,4092,0
21463,263,7,14962,1
21464,40,6,24711,1
21465,150,7,10950,1
21466,397,4,12211,0
21467,486,2,4934,0
21468,642,4,6758,0
21469,2,12,38518,1
21470,105,6,14509,1
21471,120,4,9659,0
21472,515,5,13708,0
21473,65,3,8323,0
21474,1277,2,1428,0
21475,308,4,8293,0
21476,491,3,9045,0
21477,770,2,7188,0
21478,437,3,9856,0
21479,128,4,13748,0
21480,342,4,13706,0
21481,211,4,15138,0
21482,273,7,22783,1
21483,233,3,8270,0
21484,192,6,19054,1
21485,432,6,20656,1
21486,379,6,8681,0
21487,202,5,13412,0
21488,535,2,2582,0
21489,41,6,20718,1
21490,659,4,11779,0
21491,622,5,15772,0
21492,570,3,1966,0
21493,118,7,16247,1
21494,260,6,14130,1
21495,1145,2,4483,0
21496,691,2,6373,0
21497,99,5,9174,0
21498,158,6,15303,1
21499,173,2,5218,0
21500,150,3,9765,0
21501,111,4,13533,0
21502,205,5,8873,0
21503,255,7,19925,1
21504,265,3,5822,0
21505,2,5,12580,1
21506,226,8,25422,1
21507,416,3,10936,0
21508,923,1,946,0
21509,129,5,7801,0
21510,511,4,13318,0
21511,59,7,16104,1
21512,711,3,10606,0
21513,235,5,12351,0
21514,126,4,15917,0
21515,585,3,9268,0
21516,36,7,16769,1
21517,49,6,17460,1
21518,42,1,2747,0
21519,49,4,8719,0
21520,85,8,23579,1
21521,111,3,11180,0
21522,362,2,2779,0
21523,32,4,13849,0
21524,470,1,697,0
21525,202,6,16551,1
21526,95,5,16221,1
21527,65,8,27311,1
21528,141,6,19334,1
21529,324,7,17818,1
21530,543,6,13775,0
21531,258,6,12814,1
21532,222,13,35491,1
21533,89,5,15591,1
21534,516,7,20679,1
21535,101,4,12229,0
21536,339,4,4641,0
21537,640,2,7425,0
21538,840,1,3240,0
21539,43,3,10442,0
21540,126,5,17867,1
21541,367,4,11039,0
21542,81,7,16974,1
21543,73,4,9237,0
21544,106,6,14349,1
21545,178,4,15863,0
21546,65,4,10685,0
21547,878,5,19973,0
21548,143,4,11650,0
21549,75,8,14386,1
21550,213,9,25929,1
21551,1010,1,5100,0
21552,54,6,15892,1
21553,943,2,8550,0
21554,416,3,6229,0
21555,756,4,10433,0
21556,105,9,25684,1
21557,121,9,15896,1
21558,431,6,27647,1
21559,238,3,4033,0
21560,143,3,7606,0
21561,75,4,4821,0
21562,193,3,7529,0
21563,305,7,24602,1
21564,111,5,16715,1
21565,260,7,25130,1
21566,168,3,9267,0
21567,228,8,23054,1
21568,12,5,12303,1
21569,210,3,8958,0
21570,20,6,17544,1
21571,184,2,2038,0
21572,204,3,13005,0
21573,185,5,13827,1
21574,21,9,16163,1
21575,661,3,12877,0
21576,66,6,13633,1
21577,263,8,17206,1
21578,223,1,708,0
21579,183,4,12644,0
21580,544,3,4669,0
21581,30,4,9252,0
21582,56,11,28676,1
21583,580,2,2664,0
21584,402,4,11907,0
21585,278,3,11775,0
21586,414,6,18637,1
21587,320,3,13237,0
21588,125,7,10107,1
21589,356,6,13136,0
21590,342,1,1385,0
21591,132,8,26325,1
21592,137,5,6713,0
21593,355,4,10458,0
21594,366,7,19768,1
21595,506,2,3506,0
21596,247,2,6890,0
21597,75,10,36140,1
21598,235,5,12988,0
21599,494,6,16850,1
21600,144,8,27380,1
21601,423,7,17445,1
21603,170,4,11173,0
21604,43,9,23930,1
21605,610,5,21454,1
21606,847,3,5059,0
21607,306,7,19302,1
21608,71,9,26503,1
21609,242,6,17459,1
21610,350,8,24302,1
21611,176,5,17624,1
21612,87,3,9959,0
21613,140,2,4331,0
21614,156,4,10436,0
21615,361,6,17694,1
21616,30,4,14026,0
21617,498,3,6384,0
21618,221,3,11885,0
21619,519,3,6725,0
21620,46,4,9883,0
21622,410,5,11857,0
21623,13,5,11343,1
21624,12,6,20000,1
21625,622,3,4983,0
21626,230,5,10535,0
21627,384,4,14252,0
21628,106,4,9048,0
21629,95,9,25734,1
21630,122,9,19001,1
21631,16,7,19683,1
21632,59,2,5781,0
21633,297,4,7188,0
21634,157,5,18022,1
21635,282,6,11179,0
21636,339,6,10974,0
21637,659,3,10700,0
21638,2,4,14709,1
21639,65,7,21789,1
21640,118,4,12488,0
21641,71,5,12556,1
21642,798,3,11390,0
21643,395,3,5191,0
21644,504,3,13248,0
21645,116,5,16195,1
21646,321,10,31998,1
21647,475,4,8728,0
21648,61,5,9909,0
21649,329,2,5141,0
21650,34,6,21168,1
21651,344,4,10992,0
21652,130,6,12975,1
21653,115,7,25349,1
21654,140,4,11142,0
21655,83,3,8282,0
21656,846,3,7210,0
21657,537,3,5249,0
21658,145,3,7085,0
21659,162,3,7336,0
21660,450,1,810,0
21661,237,5,18457,1
21662,334,11,32484,1
21663,353,2,6886,0
21664,199,5,20603,1
21665,1,5,19905,1
21666,26,4,11602,0
21667,11,8,20009,1
21668,345,6,22734,1
21669,780,4,8585,0
21670,475,5,12915,0
21671,57,8,22943,1
21672,57,5,10960,0
21673,361,5,11883,0
21674,276,3,4294,0
21675,616,6,21914,1
21676,927,2,4585,0
21677,434,3,5816,0
21678,180,2,8858,0
21679,549,3,7177,0
21680,240,3,8060,0
21681,13,4,11521,0
21682,178,6,15502,1
21683,160,6,15113,1
21684,85,5,17523,1
21685,18,4,9778,0
21686,62,7,15859,1
21687,147,7,19690,1
21688,54,11,27995,1
21689,54,7,18661,1
21690,58,5,13578,1
21691,114,5,12747,1
21692,225,4,14086,0
21693,540,3,10903,0
21694,214,3,8826,0
21695,69,3,4774,0
21696,484,4,10380,0
21697,89,3,13768,0
21698,334,3,11487,0
21699,270,10,21005,1
21700,243,5,6338,0
21701,262,3,7117,0
21702,593,2,6071,0
21703,71,3,11899,0
21704,97,5,14067,1
21705,380,9,27434,1
21706,299,5,12964,0
21707,236,6,20244,1
21708,264,3,9059,0
21709,774,3,11387,0
21710,654,4,7332,0
21711,127,6,14035,1
21712,194,3,7171,0
21713,317,4,7241,0
21714,843,1,3475,0
21715,39,9,27694,1
21716,386,2,4644,0
21717,104,9,26130,1
21718,92,6,13251,1
21719,13,10,30893,1
21720,384,3,4408,0
21721,36,8,26790,1
21722,192,3,10334,0
21723,1096,2,4453,0
21724,1352,1,2626,0
21725,19,6,18417,1
21726,59,9,25303,1
21727,157,6,18984,1
21728,589,5,10875,0
21729,394,7,24578,1
21730,88,5,11646,0
21731,1000,2,5421,0
21732,185,8,19644,1
21733,292,6,23907,1
21734,535,4,10074,0
21735,306,3,8560,0
21736,159,8,24778,1
21737,99,7,15776,1
21738,376,6,13858,1
21739,100,8,27536,1
21740,297,1,5098,0
21741,63,7,21953,1
21742,87,5,12063,0
21743,221,8,24402,1
21744,173,6,16576,1
21745,491,4,13804,0
21746,263,2,3982,0
21747,134,4,12319,0
21748,14,8,20084,1
21749,333,3,9259,0
21750,72,3,7989,0
21751,538,4,13241,0
21752,243,3,5169,0
21753,227,4,11624,0
21754,175,5,9349,0
21755,159,6,20004,1
21756,360,1,4695,0
21757,645,1,1347,0
21758,257,5,15831,1
21759,229,7,19826,1
21760,682,2,10203,0
21761,100,4,12787,0
21762,523,7,19614,1
21763,193,5,9056,0
21764,285,5,11425,0
21765,99,6,20081,1
21766,16,7,26319,1
21767,80,10,28639,1
21768,351,3,6033,0
21769,811,4,10035,0
21770,215,4,7806,0
21771,483,4,13641,0
21772,239,7,14984,1
21773,144,10,30201,1
21774,147,8,18234,1
21775,514,6,16750,1
21776,193,4,9183,0
21777,358,9,22267,1
21778,53,4,10388,0
21779,277,4,12856,0
21780,95,5,13465,1
21781,216,4,9704,0
21782,16,6,11676,1
21783,489,4,11345,0
21784,293,5,12175,0
21785,64,4,13306,0
21786,270,7,14483,1
21787,669,2,5089,0
21788,852,2,7461,0
21789,92,4,9413,0
21790,211,8,25135,1
21791,64,3,7702,0
21792,215,6,13575,1
21793,84,5,14413,1
21794,122,2,5809,0
21795,564,5,11539,0
21796,335,4,8519,0
21797,195,4,14058,0
21798,122,5,16035,1
21799,247,6,14416,1
21800,200,6,10458,0
21801,735,7,17898,1
21802,250,10,24366,1
21803,34,5,11546,1
21804,213,4,10363,0
21805,370,5,11440,0
21806,13,10,24332,1
21807,69,3,8199,0
21808,290,6,17164,1
21809,263,3,7395,0
21810,108,3,7814,0
21811,169,6,17002,1
21812,47,6,19025,1
21813,399,4,12259,0
21814,376,2,5718,0
21815,847,4,15636,0
21816,140,6,18535,1
21817,124,5,8793,0
21818,535,1,5110,0
21819,149,6,16996,1
21820,601,5,12590,0
21821,545,4,15436,0
21822,45,10,22893,1
21823,181,8,17556,1
21824,189,7,17673,1
21825,73,6,15851,1
21826,268,3,9639,0
21827,116,9,29494,1
21828,54,9,25341,1
21829,670,3,3323,0
21830,24,4,13192,0
21831,200,4,11079,0
21832,460,5,13514,0
21833,176,9,24983,1
21834,4,7,14472,1
21835,75,4,11304,0
21836,240,3,2503,0
21837,68,7,21478,1
21838,748,1,4315,0
21839,56,4,15281,1
21840,399,6,12840,0
21841,126,4,9594,0
21842,347,8,23757,1
21843,197,6,16997,1
21844,46,4,7675,0
21845,8,3,9795,0
21846,640,4,10168,0
21847,35,6,14677,1
21848,452,2,4676,0
21849,298,6,17768,1
21850,1142,1,486,0
21851,51,6,18688,1
21852,35,7,13012,1
21853,301,3,6606,0
21854,138,5,13224,1
21855,41,8,28843,1
21856,265,2,5664,0
21857,1103,1,2148,0
21858,450,10,26315,1
21859,167,8,18336,1
21860,7,5,16986,1
21861,44,3,5835,0
21862,135,5,15390,1
21863,680,6,19509,1
21864,212,6,16166,1
21865,666,3,9549,0
21866,70,2,4576,0
21867,70,3,10865,0
21868,88,4,9859,0
21869,611,5,17991,0
21870,953,4,8604,0
21871,116,5,17356,1
21872,139,4,8166,0
21873,105,5,14467,1
21874,664,4,9615,0
21875,252,8,22042,1
21876,485,2,4079,0
21877,479,7,18888,1
21878,41,9,21143,1
21879,441,4,9398,0
21880,340,7,22697,1
21881,143,4,13606,0
21882,287,4,9864,0
21883,60,8,27279,1
21884,320,5,13647,0
21885,15,4,14573,1
21886,18,7,17862,1
21887,13,5,16321,1
21888,14,5,15692,1
21889,36,4,13702,0
21890,398,2,3712,0
21891,30,10,28936,1
21892,174,3,7505,0
21893,582,8,25256,1
21894,306,4,15017,0
21895,359,4,2924,0
21896,39,5,15891,1
21897,314,9,22103,1
21898,35,4,7976,0
21899,252,4,5424,0
21900,925,3,7442,0
21901,29,4,11291,0
21902,185,7,19777,1
21903,333,3,7134,0
21904,214,5,8465,0
21905,534,2,5184,0
21906,118,9,22522,1
21907,301,3,7016,0
21908,60,5,16543,1
21909,111,3,10893,0
21910,8,4,15406,1
21911,133,8,27369,1
21912,203,6,16497,1
21913,22,1,4237,0
21914,112,3,7840,0
21915,30,7,25718,1
21916,704,2,7748,0
21917,651,3,10895,0
21918,61,4,13218,0
21919,53,3,11579,0
21920,37,5,15394,1
21921,33,5,12625,1
21922,505,4,13697,0
21923,263,4,11784,0
21924,245,5,16592,1
21925,313,4,10328,0
21926,39,11,31952,1
21927,427,5,16257,0
21928,108,3,9925,0
21929,445,5,12883,0
21930,10,9,17932,1
21931,796,4,10271,0
21932,300,3,8516,0
21933,43,5,15328,1
21934,137,5,7247,0
21935,380,5,15918,0
21936,75,5,14042,1
21937,166,5,8336,0
21938,309,3,7042,0
21939,1044,2,2275,0
21940,55,5,15265,1
21941,190,5,15489,1
21942,514,5,14015,0
21943,447,6,17788,1
21944,340,4,11141,0
21945,52,10,34236,1
21946,125,7,19958,1
21947,174,4,11195,0
21948,48,3,7629,0
21949,160,4,7895,0
21950,724,3,9774,0
21951,30,5,11994,1
21952,46,6,13465,1
21953,32,4,13239,0
21954,470,8,25571,1
21955,292,5,14545,0
21956,414,4,16949,0
21957,167,4,5786,0
21958,65,6,16985,1
21959,324,6,21253,1
21960,477,3,9384,0
21961,40,4,9622,0
21962,290,4,9820,0
21963,156,7,21753,1
21964,24,8,21357,1
21965,202,3,8130,0
21966,44,2,4314,0
21967,426,3,10080,0
21968,109,8,19665,1
21969,713,1,2922,0
21970,152,5,12871,0
21971,376,1,2242,0
21972,397,6,19702,1
21973,350,4,8007,0
21974,329,2,2877,0
21975,1047,4,17460,0
21976,217,4,16455,0
21977,27,6,16524,1
21978,71,6,17794,1
21979,684,3,6017,0
21980,117,7,22263,1
21981,31,3,8994,0
21982,400,7,20949,1
21983,31,5,11811,1
21984,605,3,9811,0
21985,100,6,19859,1
21986,148,7,21550,1
21987,206,3,9941,0
21988,1,6,9797,1
21989,66,4,11979,0
21990,50,3,9097,0
21991,178,5,13386,0
21992,49,3,8429,0
21993,393,5,10761,0
21994,386,10,22414,1
21995,32,4,8085,0
21996,129,8,17854,1
21997,12,7,18254,1
21998,81,4,8344,0
21999,147,4,14923,0
22000,34,3,7135,0
22001,222,6,16359,1
22002,54,7,14899,1
22003,64,4,10150,0
22004,533,5,12569,0
22005,354,6,15787,1
22006,62,5,12792,1
22007,216,8,25152,1
22008,795,1,1036,0
22009,212,4,9770,0
22010,243,5,16220,1
22011,186,5,16646,1
22012,8,8,25774,1
22013,8,6,18126,1
22014,83,2,7203,0
22015,4,7,25101,1
22016,230,8,17048,1
22017,43,3,7939,0
22018,155,1,3980,0
22019,409,4,12822,0
22020,520,4,7131,0
22021,272,5,15166,1
22022,104,5,15204,1
22023,162,9,28330,1
22024,195,7,14750,1
22025,16,12,32075,1
22026,289,3,6239,0
22027,180,5,17395,1
22028,607,2,5441,0
22029,908,4,15559,0
22030,180,7,20193,1
22031,121,5,11896,0
22032,345,7,21929,1
22033,484,5,13343,0
22034,45,7,30124,1
22035,137,5,16096,1
22036,58,6,20192,1
22037,149,4,5538,0
22038,336,5,11622,0
22039,15,3,5688,0
22040,496,3,9618,0
22041,334,1,3814,0
22042,1326,1,2907,0
22043,62,6,20934,1
22044,559,3,8762,0
22045,13,7,27486,1
22046,759,2,4141,0
22047,709,4,9124,0
22048,96,3,11389,0
22049,775,5,12697,0
22050,407,2,7182,0
22051,291,5,15585,1
22052,514,5,20620,1
22053,462,4,11777,0
22054,125,7,21083,1
22055,227,5,15488,1
22056,60,5,10633,0
22057,680,4,13006,0
22058,337,9,28720,1
22059,50,4,13514,0
22060,49,5,11753,1
22061,191,3,2898,0
22062,51,5,12794,1
22063,301,4,7934,0
22064,211,3,6103,0
22065,257,2,2570,0
22066,740,2,6260,0
22067,227,5,13044,0
22068,66,10,21091,1
22069,257,5,8390,0
22070,242,6,16541,1
22071,196,4,10658,0
22072,41,5,9549,0
22073,402,4,12040,0
22074,171,6,21362,1
22075,5,5,11874,1
22076,1105,2,4716,0
22077,173,6,18184,1
22078,11,5,13568,1
22079,67,7,16765,1
22080,80,6,17635,1
22081,291,4,10536,0
22082,79,12,30861,1
22083,420,5,10761,0
22084,2,3,8525,0
22085,57,3,7678,0
22086,135,6,17929,1
22087,121,5,7374,0
22088,678,4,9402,0
22089,84,6,23776,1
22090,161,6,15560,1
22091,494,5,15206,0
22092,87,7,21147,1
22093,50,10,23117,1
22094,684,1,488,0
22095,130,3,8873,0
22096,22,6,15773,1
22097,69,4,5928,0
22098,25,5,18428,1
22099,366,7,20703,1
22100,20,6,8795,1
22101,276,4,7702,0
22102,89,3,2581,0
22103,192,6,13442,1
22104,92,7,20945,1
22105,507,9,23080,1
22106,149,7,11971,1
22107,348,3,8939,0
22108,144,7,19580,1
22109,277,7,14444,1
22110,65,5,10206,0
22111,13,8,21618,1
22112,24,3,8568,0
22113,281,5,16480,1
22114,684,3,10139,0
22115,27,8,20572,1
22116,231,6,18579,1
22117,335,4,7150,0
22118,7,7,27633,1
22119,137,4,14069,0
22120,54,6,17175,1
22121,48,7,17091,1
22122,7,4,10866,0
22123,285,3,11718,0
22124,182,6,13603,1
22125,141,4,14263,0
22126,251,2,3425,0
22127,24,7,21616,1
22128,66,8,26789,1
22129,147,2,4100,0
22130,126,10,18546,1
22131,63,11,32987,1
22132,311,5,9381,0
22133,103,8,20244,1
22134,877,4,13408,0
22135,34,7,14968,1
22136,3,8,25088,1
22137,76,7,18630,1
22138,269,4,11442,0
22139,52,8,26061,1
22140,216,8,20589,1
22141,93,5,15757,1
22142,137,5,15499,1
22143,207,4,11857,0
22144,235,2,2202,0
22145,413,3,6968,0
22146,121,7,13532,1
22147,65,11,30942,1
22148,452,2,7417,0
22149,165,3,9687,0
22150,1043,2,3586,0
22151,484,4,10010,0
22152,23,3,9722,0
22153,206,9,33124,1
22154,76,6,9226,1
22155,621,3,11792,0
22156,103,8,20553,1
22157,72,7,18559,1
22158,30,7,13449,1
22159,46,5,9713,0
22160,26,5,10916,0
22161,44,7,23208,1
22162,318,6,22813,1
22163,152,4,8159,0
22164,43,6,14930,1
22165,261,2,5011,0
22166,357,2,9147,0
22167,393,4,10095,0
22168,39,8,27112,1
22169,37,6,15287,1
22170,203,8,16376,1
22171,122,7,17449,1
22172,190,3,3678,0
22173,45,8,27216,1
22174,262,6,16721,1
22175,531,3,9538,0
22176,126,5,8371,0
22177,154,6,14351,1
22178,245,4,11591,0
22179,193,6,21803,1
22180,95,4,7029,0
22181,448,4,12759,0
22182,42,6,14338,1
22183,528,1,1434,0
22184,207,5,11430,0
22185,335,3,8192,0
22186,722,5,8775,0
22187,102,4,7863,0
22188,287,8,20587,1
22189,289,3,5553,0
22190,354,6,18815,1
22191,150,5,10513,0
22192,305,5,11216,0
22193,6,5,18060,1
22194,162,4,8888,0
22195,429,7,18578,1
22196,558,5,16470,0
22197,83,6,16824,1
22198,170,4,12406,0
22199,1340,1,823,0
22200,234,5,20432,1
22201,540,3,8818,0
22202,26,5,16024,1
22203,71,6,21041,1
22204,180,8,22071,1
22205,72,5,8485,0
22206,4,7,11253,1
22207,342,4,10840,0
22208,136,6,16740,1
22209,552,2,5715,0
22210,34,6,15473,1
22211,1257,1,4981,0
22212,186,5,14418,1
22213,350,3,6102,0
22214,8,5,16152,1
22215,12,6,13519,1
22216,4,8,26010,1
22217,43,4,11912,0
22218,176,3,13392,0
22219,353,5,16510,1
22220,47,6,19711,1
22221,128,6,18136,1
22222,196,4,4796,0
22223,27,7,15744,1
22224,396,4,9986,0
22225,465,4,17714,0
22226,130,5,10701,0
22227,421,3,5663,0
22228,315,4,12739,0
22229,229,1,507,0
22230,90,5,14650,1
22231,523,3,5735,0
22232,107,7,17725,1
22233,206,9,12269,1
22234,135,6,19088,1
22235,3,8,18966,1
22236,805,2,8432,0
22237,80,7,20945,1
22238,646,2,6780,0
22239,191,5,12461,0
22240,175,5,12990,0
22241,75,8,24734,1
22242,96,7,18416,1
22243,1169,1,606,0
22244,240,8,16619,1
22245,329,5,18785,1
22246,76,8,18921,1
22247,172,3,7046,0
22248,497,7,14820,1
22249,3,10,29145,1
22250,131,4,8187,0
22251,495,3,9111,0
22252,335,8,20497,1
22253,52,4,10080,0
22254,223,4,8976,0
22255,234,4,7828,0
22256,664,5,14241,0
22257,218,2,5591,0
22258,311,4,10889,0
22259,816,2,5021,0
22260,720,4,10678,0
22262,518,3,12482,0
22263,272,5,7409,0
22264,504,6,14544,0
22265,112,4,12452,0
22266,842,2,6185,0
22267,210,4,4128,0
22268,168,5,13811,1
22269,348,10,31760,1
22270,354,4,8902,0
22272,231,6,17728,1
22273,87,6,19457,1
22274,448,6,18566,1
22275,505,3,4539,0
22276,137,6,12490,1
22277,82,4,14460,0
22278,28,8,17061,1
22279,48,5,13291,1
22280,14,5,15409,1
22281,135,7,16864,1
22282,105,4,4944,0
22283,96,4,10418,0
22284,56,6,20142,1
22285,270,2,9047,0
22286,206,5,19118,1
22287,627,4,5055,0
22288,128,6,18042,1
22289,34,8,25600,1
22290,111,5,13880,1
22291,286,5,11268,0
22292,91,5,15646,1
22293,873,4,3782,0
22294,30,10,20083,1
22295,63,6,18664,1
22296,274,2,5591,0
22297,176,6,14767,1
22298,17,7,16475,1
22299,561,6,18126,1
22300,179,4,15333,0
22301,183,1,4524,0
22302,247,3,8339,0
22303,73,8,25398,1
22304,492,4,5874,0
22305,53,7,21312,1
22306,147,2,4294,0
22307,114,5,17586,1
22308,85,7,19076,1
22309,125,8,18211,1
22310,58,4,10478,0
22311,439,3,5360,0
22312,19,5,10791,0
22313,47,9,26598,1
22314,166,5,15097,1
22315,753,3,7727,0
22316,302,1,5170,0
22317,309,5,14579,0
22318,417,5,7765,0
22319,132,7,23599,1
22320,606,4,10918,0
22321,175,7,15148,1
22322,275,5,14883,0
22323,13,5,16010,1
22324,110,10,22958,1
22325,614,2,4171,0
22326,118,7,22563,1
22327,143,8,19518,1
22328,92,5,18806,1
22329,94,4,8232,0
22330,833,2,5870,0
22331,608,6,17518,1
22332,132,7,10876,1
22333,649,7,24391,1
22334,403,4,6780,0
22335,95,4,8573,0
22336,175,6,19546,1
22337,61,6,9919,1
22338,35,6,25675,1
22339,1194,1,4486,0
22340,28,4,12057,0
22341,206,5,14846,1
22342,150,6,15746,1
22343,74,3,12651,0
22344,43,4,10482,0
22345,1075,2,3219,0
22346,169,5,13572,1
22347,10,6,17761,1
22348,45,6,9743,1
22349,364,4,17070,0
22350,21,7,12153,1
22351,902,1,1017,0
22352,208,3,8132,0
22353,58,6,18855,1
22354,75,3,10262,0
22355,1319,1,2982,0
22356,291,4,11901,0
22358,101,7,12947,1
22359,542,4,15580,0
22360,152,1,3518,0
22361,325,3,7575,0
22362,202,3,6236,0
22363,8,5,16134,1
22364,906,5,9982,0
22365,169,2,4684,0
22366,36,4,15532,1
22367,218,7,19866,1
22368,371,3,10615,0
22369,106,4,7015,0
22370,116,7,20328,1
22371,8,5,9991,0
22372,173,4,8725,0
22373,268,7,19111,1
22374,39,3,7426,0
22375,106,5,14278,1
22376,300,2,2735,0
22377,82,10,29554,1
22378,99,7,22243,1
22380,36,8,26288,1
22381,397,2,9133,0
22382,92,5,17328,1
22383,791,2,6657,0
22384,9,6,12801,1
22385,189,6,16443,1
22386,258,5,17201,1
22387,208,3,10011,0
22388,277,5,14388,0
22389,175,8,19867,1
22390,254,8,23634,1
22391,7,9,24478,1
22392,7,5,10040,0
22393,499,4,15597,0
22394,181,3,8906,0
22395,306,8,19298,1
22396,664,5,8283,0
22397,125,5,12179,0
22398,84,6,14714,1
22399,2,9,26191,1
22400,137,5,10105,0
22401,410,4,5173,0
22402,214,7,17019,1
22403,61,4,12066,0
22404,83,7,25421,1
22405,84,9,26393,1
22406,384,7,13986,1
22407,372,4,10217,0
22408,805,6,20996,1
22409,175,4,7098,0
22410,194,6,12330,1
22411,339,2,4161,0
22412,746,6,18502,0
22413,513,6,20455,1
22414,301,1,2618,0
22415,119,4,13600,0
22416,511,4,6041,0
22417,43,5,19446,1
22418,662,3,9502,0
22419,176,3,5097,0
22420,226,7,15446,1
22421,131,4,9076,0
22422,2,5,17090,1
22423,253,2,3390,0
22424,67,6,15040,1
22425,625,3,10616,0
22426,2,5,14074,1
22427,57,5,14807,1
22428,169,8,25903,1
22429,362,9,25587,1
22430,81,10,34964,1
22431,186,6,14880,1
22432,192,3,10607,0
22433,407,4,13214,0
22434,84,4,15067,0
22435,184,6,11806,1
22436,144,8,12477,1
22437,15,2,7351,0
22438,163,6,10983,1
22439,1237,2,3637,0
22440,259,7,22081,1
22441,249,5,14657,0
22442,140,6,17034,1
22443,1190,1,4905,0
22444,829,6,15030,0
22445,130,5,9418,0
22446,140,7,15023,1
22447,58,3,9393,0
22448,726,2,7135,0
22449,549,5,14120,0
22450,129,6,12188,1
22451,40,5,9996,0
22452,165,3,6538,0
22453,120,7,21156,1
22454,372,3,7791,0
22455,1289,1,3938,0
22456,27,9,29519,1
22457,266,4,13132,0
22458,218,8,18642,1
22459,184,5,17003,1
22460,468,4,13750,0
22461,255,2,1418,0
22462,147,7,16005,1
22463,106,6,15827,1
22464,283,7,20345,1
22465,106,7,22406,1
22466,533,4,9167,0
22467,330,7,25670,1
22468,190,7,20280,1
22469,88,5,13303,1
22470,830,3,10274,0
22471,54,4,9471,0
22472,311,5,17244,1
22473,412,2,6213,0
22474,219,4,13589,0
22475,56,3,11659,0
22476,19,8,15280,1
22477,157,6,11149,1
22478,117,10,26614,1
22479,187,5,18684,1
22480,201,3,8714,0
22481,94,4,6202,0
22482,198,4,12040,0
22483,22,4,5060,0
22484,47,6,13767,1
22485,25,9,29289,1
22486,113,7,17471,1
22487,183,7,21957,1
22488,120,3,9815,0
22489,488,5,12882,0
22490,893,2,7691,0
22491,304,5,14605,0
22492,624,1,910,0
22493,69,3,11743,0
22494,235,7,25366,1
22495,477,2,6269,0
22496,405,3,6474,0
22497,328,3,10052,0
22498,151,6,11984,1
22499,295,5,16698,1
22500,227,5,16835,1
22501,105,9,17441,1
22502,374,5,10039,0
22503,254,3,6217,0
22504,69,4,11818,0
22505,285,2,5433,0
22506,146,5,15768,1
22507,109,7,15684,1
22508,14,4,11644,0
22509,318,9,18042,1
22510,386,3,6317,0
22511,347,2,8161,0
22512,412,8,16809,1
22513,35,5,13166,1
22514,76,3,5241,0
22515,219,12,30702,1
22516,30,6,20432,1
22517,63,9,16767,1
22518,326,6,6523,0
22519,158,7,20108,1
22520,15,4,8360,0
22521,289,3,7920,0
22522,1,7,25877,1
22523,78,5,9026,0
22524,61,2,3823,0
22525,26,5,16342,1
22526,173,4,14918,0
22527,148,4,10200,0
22528,413,6,18984,1
22529,214,6,13016,1
22530,166,4,14496,0
22531,374,4,5515,0
22532,12,7,23897,1
22533,163,8,22944,1
22534,118,7,18442,1
22535,131,4,10360,0
22536,400,4,8560,0
22537,751,3,8386,0
22538,43,7,18096,1
22539,448,7,20003,1
22540,181,5,9499,0
22541,305,6,16662,1
22542,161,7,19097,1
22543,303,2,9531,0
22544,13,8,22007,1
22545,205,2,8548,0
22546,747,3,9740,0
22547,598,3,7567,0
22548,354,4,10650,0
22549,493,3,10317,0
22550,948,4,10443,0
22551,92,9,28628,1
22552,96,10,24782,1
22553,172,5,16453,1
22554,600,1,1722,0
22555,37,7,25591,1
22556,220,2,2680,0
22557,67,4,4085,0
22558,535,3,6834,0
22559,280,6,16765,1
22560,144,7,15028,1
22561,102,5,11316,0
22562,68,6,15816,1
22564,263,3,6829,0
22565,513,4,8413,0
22566,348,5,14982,0
22567,97,4,10838,0
22568,61,9,23284,1
22569,262,3,7081,0
22570,174,5,11111,0
22571,220,7,22374,1
22572,386,6,16397,1
22573,217,4,15490,0
22574,90,10,29955,1
22575,248,3,13240,0
22576,253,5,11721,0
22577,193,7,16904,1
22578,141,8,21649,1
22579,93,7,14666,1
22580,251,7,25830,1
22581,245,3,9596,0
22582,343,5,16526,1
22583,195,7,22111,1
22584,52,8,18101,1
22585,7,4,8396,0
22586,176,5,9901,0
22587,1231,1,545,0
22588,200,9,25240,1
22589,43,6,13370,1
22591,47,9,23562,1
22592,13,7,20635,1
22593,260,4,13233,0
22594,661,6,15526,0
22595,304,4,9870,0
22596,12,6,16412,1
22597,142,5,19514,1
22598,61,6,9786,1
22599,1008,5,14963,0
22600,657,5,14533,0
22601,110,6,20713,1
22602,427,2,3765,0
22603,198,12,23543,1
22604,307,2,3112,0
22605,215,1,1734,0
22606,14,10,24376,1
22607,178,6,6938,0
22608,67,2,6407,0
22609,331,4,9148,0
22610,52,5,10179,0
22611,127,5,14915,1
22612,238,4,9764,0
22613,50,8,26338,1
22614,458,4,14462,0
22615,10,6,14664,1
22616,331,2,10465,0
22617,324,5,14286,0
22618,70,4,10258,0
22619,917,2,4625,0
22620,115,6,22460,1
22621,405,3,9147,0
22622,40,7,13536,1
22623,566,3,4845,0
22624,238,7,20061,1
22625,542,4,15990,0
22626,483,3,8387,0
22627,857,1,1046,0
22628,994,2,7117,0
22629,133,6,13487,1
22630,563,5,14666,0
22631,207,3,10612,0
22632,86,5,15169,1
22633,398,3,6397,0
22634,130,3,10951,0
22635,199,10,28378,1
22636,496,4,10034,0
22637,476,5,8682,0
22638,209,6,16783,1
22639,703,7,11019,0
22640,967,1,2250,0
22641,59,7,17712,1
22642,1061,1,727,0
22643,346,5,13198,0
22644,269,7,19183,1
22645,380,4,10645,0
22646,74,5,12561,1
22647,11,1,1773,0
22648,72,6,12148,1
22649,643,5,10816,0
22650,245,8,18487,1
22651,145,8,20639,1
22652,42,5,10338,0
22653,441,2,3854,0
22654,1058,2,2910,0
22655,335,4,14920,0
22656,911,2,4291,0
22657,28,4,15280,1
22658,462,8,27819,1
22660,100,5,15515,1
22661,147,4,15754,0
22662,544,1,3903,0
22663,86,9,24991,1
22664,633,3,5168,0
22665,200,5,15155,1
22666,28,5,12876,1
22667,19,10,32675,1
22668,1326,1,3164,0
22669,570,1,4251,0
22670,135,8,26276,1
22671,28,3,10210,0
22672,42,7,22861,1
22673,169,6,16291,1
22674,560,3,2705,0
22675,106,6,17492,1
22676,288,9,22265,1
22677,48,7,21074,1
22678,34,6,10304,1
22679,18,6,19447,1
22680,74,6,17248,1
22681,456,7,16500,1
22682,38,7,19600,1
22683,45,7,23253,1
22684,118,12,22893,1
22685,224,8,26160,1
22686,62,2,2205,0
22687,182,3,8465,0
22688,108,6,15498,1
22689,294,7,23314,1
22690,402,6,16007,1
22691,192,7,17271,1
22692,114,4,10724,0
22693,242,6,10435,0
22694,420,7,21543,1
22695,66,4,15016,0
22696,43,7,28549,1
22697,488,3,4210,0
22698,192,4,17465,1
22699,923,2,9751,0
22700,2,5,12492,1
22701,21,6,18123,1
22702,56,8,14429,1
22703,157,5,13247,0
22704,741,3,6299,0
22705,472,7,20316,1
22706,507,4,12095,0
22707,196,8,16265,1
22708,19,6,21531,1
22709,544,4,9346,0
22710,18,9,26940,1
22711,145,6,17866,1
22712,30,7,18930,1
22713,154,3,4696,0
22714,744,1,4681,0
22715,163,11,35820,1
22716,55,6,12425,1
22717,118,5,9715,0
22718,202,6,15200,1
22719,73,3,7498,0
22720,409,7,13977,1
22721,863,3,12618,0
22722,157,4,12290,0
22723,92,8,21853,1
22724,56,8,26924,1
22725,417,3,6177,0
22726,72,5,10831,0
22727,117,6,16928,1
22728,144,5,15640,1
22729,339,6,19760,1
22730,583,4,11048,0
22731,266,5,16016,1
22732,166,8,22435,1
22733,10,5,15021,1
22734,170,8,23011,1
22735,317,9,25062,1
22736,138,5,14344,1
22737,50,2,4954,0
22738,38,4,8743,0
22739,215,7,22561,1
22740,88,3,9064,0
22741,186,5,12537,0
22742,381,6,15844,1
22743,677,2,5057,0
22744,13,5,6202,0
22745,118,4,16018,1
22746,206,2,4273,0
22747,64,7,13642,1
22748,495,4,7580,0
22749,5,5,10366,0
22750,389,5,16125,0
22751,233,6,10172,0
22752,68,11,27149,1
22753,314,6,19870,1
22754,104,2,8016,0
22755,12,5,16517,1
22756,34,5,11814,1
22757,784,5,16831,0
22758,84,5,10488,0
22759,927,1,1141,0
22760,326,7,23124,1
22761,73,7,20977,1
22762,35,7,21551,1
22763,299,4,9613,0
22764,185,5,17685,1
22765,194,7,23272,1
22766,51,5,15837,1
22767,813,1,381,0
22768,105,7,20335,1
22769,599,5,7303,0
22770,318,8,22858,1
22771,357,5,10838,0
22772,623,1,1228,0
22773,265,6,13761,1
22774,7,6,16339,1
22775,22,9,26374,1
22776,183,6,10887,1
22778,368,2,5794,0
22779,91,6,15939,1
22780,13,9,22725,1
22781,193,4,10735,0
22782,406,5,6675,0
22783,233,5,14232,0
22784,3,5,15586,1
22785,408,9,23514,1
22786,219,6,21572,1
22787,257,9,19297,1
22788,783,3,7779,0
22789,111,6,18466,1
22790,207,7,13347,1
22791,92,5,12543,1
22792,484,5,16621,0
22793,128,2,6691,0
22794,13,5,18654,1
22795,261,6,16715,1
22796,372,5,17847,1
22797,74,5,9593,0
22798,95,3,6062,0
22799,307,5,14187,0
22800,189,6,18978,1
22801,316,8,24080,1
22802,18,7,7179,1
22803,281,3,2967,0
22804,39,10,31763,1
22805,291,6,17256,1
22806,962,4,9806,0
22807,318,2,2416,0
22808,507,5,13846,0
22809,250,6,11431,0
22810,126,4,11670,0
22811,1173,2,4424,0
22812,6,8,22417,1
22813,83,2,5391,0
22814,317,2,6367,0
22815,30,8,26629,1
22816,63,9,27299,1
22817,35,6,18492,1
22818,150,5,17970,1
22819,313,4,8319,0
22820,523,4,9080,0
22821,1035,1,2121,0
22822,56,3,5597,0
22823,417,3,7954,0
22824,8,11,30726,1
22825,129,5,13668,1
22826,743,7,11502,0
22827,370,4,13480,0
22828,374,3,7946,0
22829,168,4,16051,0
22830,192,2,4422,0
22831,428,3,8696,0
22832,380,7,14714,1
22833,189,5,16937,1
22834,59,4,15342,1
22835,222,5,8111,0
22836,197,3,10275,0
22837,312,4,9061,0
22838,78,7,17450,1
22839,48,6,17444,1
22840,609,6,23040,1
22841,283,3,4125,0
22842,156,4,7189,0
22843,338,8,22352,1
22844,52,6,16238,1
22845,151,2,7277,0
22846,107,3,7207,0
22847,236,3,5852,0
22848,19,8,22597,1
22849,873,2,4019,0
22850,80,1,3367,0
22851,316,9,25158,1
22852,666,3,8750,0
22853,260,6,15404,1
22854,77,6,24355,1
22855,354,2,8922,0
22856,505,7,18816,1
22857,874,4,9599,0
22858,80,3,4862,0
22859,371,5,8230,0
22860,126,10,31178,1
22861,135,5,9084,0
22862,49,5,11124,0
22863,48,11,34720,1
22864,63,2,6279,0
22865,31,4,16732,1
22866,153,3,9489,0
22867,314,4,10675,0
22868,20,3,3272,0
22869,134,9,23315,1
22870,164,4,10681,0
22871,485,2,7733,0
22872,382,6,11844,0
22873,90,5,14015,1
22874,348,4,13806,0
22875,88,7,14072,1
22877,248,7,9217,1
22878,54,4,13796,0
22879,4,8,21651,1
22880,178,7,19815,1
22881,8,7,21131,1
22882,7,4,11381,0
22883,929,3,8260,0
22884,78,7,18475,1
22885,350,6,13023,0
22886,194,6,21286,1
22887,14,7,20968,1
22888,405,1,4042,0
22889,818,3,7052,0
22890,642,4,4378,0
22891,341,6,14157,1
22892,463,3,9844,0
22893,771,4,13599,0
22894,202,4,14000,0
22896,10,8,15152,1
22897,791,4,14603,0
22898,483,2,6053,0
22899,128,7,21340,1
22900,29,6,9485,1
22901,371,5,8500,0
22902,393,4,9431,0
22903,436,6,16371,1
22904,91,5,13535,1
22905,901,1,2653,0
22906,549,6,14620,0
22907,105,4,11644,0
22908,346,8,25300,1
22909,394,5,14730,0
22910,59,6,12695,1
22911,89,3,4632,0
22912,397,2,3733,0
22913,229,6,14113,1
22914,109,3,12440,0
22915,488,2,5559,0
22917,83,5,15747,1
22918,45,3,7907,0
22919,735,1,1817,0
22920,300,4,10044,0
22921,13,5,9689,0
22922,73,7,14513,1
22923,468,3,8458,0
22924,35,3,4383,0
22925,918,3,5831,0
22926,1044,1,4594,0
22927,7,7,18101,1
22928,281,6,16405,1
22929,235,2,5271,0
22930,2,10,27598,1
22931,29,2,6107,0
22932,397,3,8246,0
22933,14,2,4693,0
22934,66,9,24164,1
22935,287,7,19889,1
22936,364,7,14780,1
22937,245,4,13778,0
22938,133,2,5387,0
22939,12,9,23415,1
22940,15,12,31207,1
22941,54,8,16252,1
22942,121,6,16951,1
22943,471,3,7774,0
22944,367,4,8204,0
22945,100,5,14295,1
22946,3,6,13614,1
22947,505,3,11496,0
22948,111,8,19284,1
22949,273,8,19805,1
22950,3,5,15454,1
22951,45,4,8135,0
22952,163,4,12123,0
22953,134,8,22148,1
22954,374,5,12168,0
22955,397,5,16879,0
22956,413,5,13916,0
22957,65,5,18083,1
22958,168,7,21634,1
22959,199,1,1153,0
22960,208,5,15210,1
22961,409,7,12883,1
22962,442,8,25025,1
22963,323,3,2012,0
22964,115,4,8931,0
22965,376,5,8602,0
22966,274,4,9914,0
22967,328,3,9812,0
22968,5,7,24884,1
22969,142,6,9985,1
22970,416,3,10911,0
22971,73,3,9607,0
22972,29,9,22685,1
22973,110,10,28070,1
22974,84,4,11226,0
22975,101,6,15892,1
22976,73,2,2022,0
22977,235,8,24932,1
22978,115,3,6050,0
22979,192,7,17853,1
22980,105,5,16088,1
22981,675,3,6604,0
22982,263,6,21155,1
22983,99,4,7257,0
22984,29,8,22371,1
22985,45,5,14242,1
22986,72,3,8052,0
22987,66,4,11729,0
22988,274,6,14481,1
22989,150,6,14986,1
22990,164,6,18401,1
22991,452,4,12047,0
22992,340,6,14373,1
22993,299,4,12781,0
22994,273,4,15748,0
22995,135,8,27269,1
22996,136,5,17119,1
22997,96,4,15014,0
22998,289,5,13712,0
22999,105,5,13517,1
23000,246,5,12297,0
23001,203,8,16740,1
23002,2,1,1279,0
23003,125,5,11543,0
23004,208,4,11319,0
23005,83,7,17857,1
23006,290,3,8474,0
23007,49,7,16584,1
23008,383,5,9701,0
23009,207,7,20057,1
23010,1090,2,1803,0
23011,339,6,19906,1
23012,638,5,14246,0
23013,137,5,10690,0
23014,141,4,11986,0
23015,457,2,6252,0
23016,566,5,12206,0
23017,552,5,14812,0
23018,16,7,12261,1
23019,44,5,13507,1
23020,18,7,16162,1
23021,232,6,17633,1
23022,480,5,13956,0
23023,82,8,15590,1
23024,39,5,19246,1
23025,540,4,6516,0
23026,300,4,14266,0
23027,798,7,24290,1
23028,21,3,12338,0
23029,549,6,18138,1
23030,40,8,21145,1
23031,282,8,23442,1
23032,259,5,18484,1
23033,48,4,7376,0
23034,162,6,22670,1
23035,278,5,17197,1
23036,242,6,22406,1
23037,27,9,26033,1
23038,257,6,9358,0
23039,334,7,20327,1
23040,34,7,19297,1
23041,356,3,8766,0
23042,347,5,18929,1
23043,76,7,17125,1
23044,180,8,16552,1
23045,117,9,26001,1
23046,165,2,6589,0
23047,384,5,16289,0
23048,207,12,23905,1
23049,752,5,14075,0
23050,138,5,13914,1
23051,395,9,31266,1
23052,726,2,4949,0
23053,306,4,14784,0
23054,982,1,2938,0
23055,84,4,10058,0
23056,297,4,11194,0
23057,222,6,8435,0
23058,359,4,11509,0
23059,108,6,19270,1
23060,515,3,3007,0
23061,164,6,13797,1
23062,240,2,2278,0
23063,467,5,14894,0
23064,304,7,15093,1
23065,176,5,17559,1
23066,253,2,5611,0
23067,825,3,11752,0
23068,66,7,15060,1
23069,683,2,6240,0
23070,42,5,9971,0
23071,80,1,3654,0
23072,155,5,13095,0
23073,343,4,13603,0
23074,28,3,3379,0
23075,264,5,15306,1
23076,29,3,12621,0
23077,280,6,15520,1
23078,368,5,14548,0
23079,1019,3,10912,0
23080,71,4,13848,0
23081,16,8,27855,1
23082,220,4,11156,0
23083,38,5,16197,1
23084,294,2,5503,0
23085,150,6,18357,1
23086,189,7,18825,1
23087,117,8,18913,1
23088,432,6,16626,1
23089,154,4,14387,0
23090,323,5,19070,1
23091,402,5,11538,0
23092,159,4,15048,0
23093,87,8,22150,1
23094,77,9,20610,1
23095,34,5,14039,1
23096,103,5,10362,0
23097,171,4,14387,0
23098,97,3,7536,0
23099,52,10,31147,1
23100,41,7,23440,1
23101,120,9,29090,1
23102,130,5,11263,0
23103,63,8,14152,1
23104,166,4,8694,0
23105,89,4,7074,0
23106,222,2,8008,0
23107,108,8,30142,1
23108,2,11,24328,1
23109,488,3,9040,0
23110,648,5,19992,0
23111,112,8,22494,1
23112,168,3,5812,0
23113,68,7,19190,1
23114,633,4,8747,0
23115,649,5,17575,0
23116,582,5,13863,0
23117,243,6,10847,0
23118,323,7,16003,1
23119,61,5,9556,0
23120,1296,1,4794,0
23121,186,3,9783,0
23122,175,4,15409,0
23123,112,6,15122,1
23124,302,5,12557,0
23125,63,4,11297,0
23126,606,2,5700,0
23127,130,8,18237,1
23128,51,5,15722,1
23129,132,6,19674,1
23130,350,2,7771,0
23131,131,8,22311,1
23132,187,5,9413,0
23133,190,4,7086,0
23134,684,4,13421,0
23135,27,5,11261,0
23136,780,3,7058,0
23137,321,4,10175,0
23138,219,4,9810,0
23139,57,1,5281,0
23140,736,5,14846,0
23141,148,8,19183,1
23142,82,5,15847,1
23143,89,8,22532,1
23144,274,6,15663,1
23145,368,3,6479,0
23146,77,9,30601,1
23147,171,6,16890,1
23148,85,4,8544,0
23149,31,5,15254,1
23150,116,4,11227,0
23151,99,8,23154,1
23152,200,3,9724,0
23153,196,6,15387,1
23154,425,6,12485,0
23155,227,4,14812,0
23156,184,2,6303,0
23157,628,2,7607,0
23158,587,3,8396,0
23159,725,6,13257,0
23160,51,9,30760,1
23161,210,1,1677,0
23162,230,7,18798,1
23163,47,5,8343,0
23164,32,8,20985,1
23165,219,6,14897,1
23166,383,6,20717,1
23167,81,1,4566,0
23168,6,3,9465,0
23169,118,4,7605,0
23170,249,4,9602,0
23171,176,2,6031,0
23172,3,4,9313,0
23173,220,7,23302,1
23174,255,5,15662,1
23175,176,5,10142,0
23176,34,7,24760,1
23177,46,5,9436,0
23178,14,3,11619,0
23179,311,2,3727,0
23180,66,8,16122,1
23181,384,5,12570,0
23182,414,5,13495,0
23183,736,4,15023,0
23184,25,4,5155,0
23185,550,6,16202,1
23186,50,7,18741,1
23187,789,4,6327,0
23188,171,4,7371,0
23189,343,4,10053,0
23190,200,3,10307,0
23191,611,6,17710,1
23192,20,8,25027,1
23193,1301,1,5060,0
23194,269,5,10899,0
23195,238,7,18321,1
23196,33,5,14648,1
23197,187,11,23020,1
23198,265,9,29602,1
23199,216,6,14986,1
23200,347,5,17730,1
23201,1121,1,4063,0
23202,862,4,16405,0
23203,747,6,17745,0
23204,180,3,9330,0
23205,109,7,22185,1
23206,157,2,5849,0
23207,249,3,12354,0
23208,282,3,6849,0
23209,263,9,28532,1
23210,55,7,16106,1
23211,274,5,17292,1
23212,333,3,3663,0
23213,531,3,13394,0
23214,134,5,11116,0
23215,28,2,2031,0
23216,548,3,5869,0
23217,405,4,10339,0
23218,306,4,10322,0
23219,45,3,6821,0
23220,134,3,10741,0
23221,41,7,17183,1
23222,260,4,10802,0
23223,815,3,10250,0
23224,38,4,12662,0
23225,28,7,21467,1
23226,207,4,6465,0
23227,574,4,10570,0
23228,190,6,14178,1
23229,191,4,5801,0
23230,417,5,11707,0
23231,381,4,13280,0
23232,27,6,16683,1
23233,524,3,7317,0
23234,283,2,5571,0
23235,46,2,9685,0
23236,463,4,16831,0
23237,152,5,8434,0
23238,281,3,1842,0
23239,347,2,4550,0
23240,322,5,10850,0
23241,58,5,5570,0
23242,721,4,12182,0
23243,1267,1,3311,0
23244,55,2,5284,0
23245,189,8,21460,1
23246,152,4,5771,0
23247,100,2,3116,0
23248,108,4,14188,0
23249,4,8,20315,1
23250,175,7,16744,1
23251,38,5,14996,1
23252,367,8,19258,1
23253,19,5,11917,1
23254,32,6,18119,1
23255,81,3,11870,0
23256,168,5,12763,0
23257,8,3,7855,0
23258,663,5,14857,0
23259,11,5,11460,1
23260,458,3,8138,0
23261,647,2,4264,0
23262,20,8,22024,1
23263,513,5,11711,0
23264,180,4,9151,0
23265,12,7,19364,1
23266,85,5,11302,0
23267,483,2,5014,0
23268,122,4,7220,0
23269,527,5,12638,0
23270,28,4,11064,0
23271,102,9,33999,1
23272,385,5,9962,0
23273,472,6,25508,1
23274,61,11,23818,1
23275,193,6,14418,1
23276,59,6,19235,1
23277,20,4,11330,0
23278,415,5,13977,0
23279,173,11,21472,1
23280,147,5,21682,1
23281,176,7,19654,1
23282,134,5,8684,0
23283,68,8,18289,1
23284,311,4,9417,0
23285,36,3,7978,0
23286,46,3,3500,0
23287,768,2,1471,0
23288,144,7,11077,1
23289,338,7,21109,1
23290,422,8,22105,1
23291,10,8,30645,1
23292,323,8,22190,1
23293,12,5,11514,1
23294,186,3,3699,0
23295,259,5,15037,1
23296,267,4,9874,0
23297,103,4,14610,0
23298,101,7,22652,1
23299,75,8,22875,1
23300,8,4,11555,0
23301,408,5,12544,0
23302,102,4,13401,0
23303,718,4,13195,0
23304,235,7,15124,1
23305,116,3,10365,0
23306,264,7,19950,1
23307,68,3,11007,0
23308,271,2,3122,0
23309,250,2,4711,0
23310,45,7,16134,1
23311,194,8,17389,1
23312,216,1,996,0
23313,80,3,5422,0
23314,566,3,3788,0
23315,384,3,4332,0
23316,304,1,2834,0
23317,166,4,11786,0
23318,276,6,18316,1
23319,256,6,19534,1
23320,85,2,7616,0
23321,75,5,12823,1
23322,2,9,26442,1
23323,187,4,10760,0
23324,524,2,3680,0
23325,177,6,23531,1
23326,371,5,14122,0
23327,49,5,18971,1
23328,296,4,8335,0
23329,138,6,18214,1
23330,587,11,30781,1
23331,143,6,15464,1
23332,451,6,15574,1
23333,112,6,19369,1
23334,175,3,6816,0
23335,71,4,9072,0
23336,289,8,20360,1
23337,44,7,23305,1
23338,197,6,16923,1
23339,65,3,3822,0
23340,11,8,23468,1
23341,424,4,9062,0
23342,461,4,13715,0
23343,247,7,21011,1
23344,99,7,18934,1
23345,438,3,10082,0
23346,132,4,9543,0
23347,206,6,15632,1
23348,743,3,7577,0
23349,255,6,8898,0
23350,149,7,24012,1
23351,281,4,8827,0
23352,511,5,10231,0
23353,1083,1,4662,0
23354,136,5,11546,0
23355,541,4,14611,0
23356,373,3,8790,0
23357,95,7,11228,1
23358,875,3,7248,0
23359,307,5,4424,0
23360,834,3,9812,0
23361,64,4,15896,1
23362,602,3,3030,0
23363,98,7,19368,1
23364,355,8,21593,1
23365,557,4,12664,0
23366,54,11,24342,1
23367,367,3,12856,0
23368,123,5,14805,1
23369,693,3,11874,0
23370,59,6,15319,1
23371,42,5,19576,1
23372,47,7,11699,1
23374,1107,3,11628,0
23375,9,9,21078,1
23376,44,4,9575,0
23377,46,7,27592,1
23378,542,3,9102,0
23379,229,4,8318,0
23381,268,6,9353,0
23382,143,5,13978,1
23383,547,3,13302,0
23384,208,4,10182,0
23385,508,4,4422,0
23386,545,4,13040,0
23387,514,3,9064,0
23388,516,3,10186,0
23389,637,3,11622,0
23390,259,3,9245,0
23391,768,3,9994,0
23392,320,8,20853,1
23393,389,4,17946,0
23394,360,4,10168,0
23395,11,5,12501,1
23396,19,10,37430,1
23397,126,8,21722,1
23398,211,5,14075,0
23399,410,4,13599,0
23400,81,3,10016,0
23401,52,4,13119,0
23402,98,5,10925,0
23403,617,1,661,0
23404,1228,1,4041,0
23405,433,5,16205,0
23406,535,1,3539,0
23407,55,9,26898,1
23408,200,5,13923,0
23409,413,2,8132,0
23410,360,4,14228,0
23411,135,5,8437,0
23412,8,8,18423,1
23413,101,5,16250,1
23414,37,6,19648,1
23415,275,5,7395,0
23416,639,4,5665,0
23417,98,9,17156,1
23418,172,6,15060,1
23419,600,3,11372,0
23420,230,2,5110,0
23421,95,9,22071,1
23422,90,10,28875,1
23423,263,7,15046,1
23424,33,3,9567,0
23425,59,4,10377,0
23426,174,6,15167,1
23427,638,3,7904,0
23428,283,3,9522,0
23429,773,4,18678,0
23430,451,7,15321,1
23431,445,5,9900,0
23432,130,3,9374,0
23433,1048,2,7196,0
23434,43,3,6531,0
23435,1229,1,997,0
23436,277,5,11004,0
23437,31,4,13897,0
23438,59,5,11311,0
23439,191,7,20789,1
23440,77,5,11235,0
23441,476,5,18454,1
23442,28,8,29931,1
23443,115,6,15802,1
23444,238,8,22375,1
23445,205,7,23641,1
23446,105,12,27100,1
23447,29,5,12606,1
23448,407,3,4507,0
23449,456,3,6450,0
23450,101,11,25108,1
23451,137,4,9371,0
23452,20,3,8451,0
23453,290,6,18434,1
23454,124,5,13048,1
23455,1026,4,14079,0
23456,142,3,9083,0
23457,464,4,10052,0
23458,1275,2,5996,0
23459,343,5,11083,0
23460,22,7,10686,1
23461,424,6,17523,1
23462,34,4,8518,0
23463,385,3,4676,0
23464,85,4,8869,0
23465,566,6,16363,0
23466,239,6,23307,1
23467,699,3,7316,0
23468,190,4,9652,0
23469,210,3,5690,0
23470,471,3,11080,0
23471,46,8,22731,1
23472,1050,3,6561,0
23473,8,7,12055,1
23474,270,9,32048,1
23475,210,8,26562,1
23476,62,7,14340,1
23477,222,6,17911,1
23478,267,3,9528,0
23479,62,5,16928,1
23480,368,5,14136,0
23481,32,7,22965,1
23482,642,1,2627,0
23483,53,7,13745,1
23484,638,2,2647,0
23485,175,5,12361,0
23486,63,5,19128,1
23487,273,4,11721,0
23488,105,6,19879,1
23489,110,7,21449,1
23490,23,8,17505,1
23491,713,5,7672,0
23492,89,6,18419,1
23493,518,4,11164,0
23494,801,2,7633,0
23495,164,3,7171,0
23496,132,6,14497,1
23497,382,8,16274,1
23498,260,7,20315,1
23499,466,6,5500,0
23500,45,5,15777,1
23501,362,7,18766,1
23502,26,8,17327,1
23503,184,5,11664,0
23504,34,5,14518,1
23505,3,9,30221,1
23506,192,4,8922,0
23507,273,4,13603,0
23508,95,3,5428,0
23509,14,3,9457,0
23510,188,7,20469,1
23511,406,6,11840,0
23512,457,3,9671,0
23513,180,5,21804,1
23514,140,4,13324,0
23515,105,4,11512,0
23516,186,3,9138,0
23517,1055,1,4678,0
23518,158,6,12097,1
23519,233,6,14235,1
23520,269,3,5105,0
23521,233,5,11828,0
23522,84,7,20755,1
23523,121,4,15864,0
23524,729,3,3274,0
23525,370,3,5537,0
23526,473,9,29290,1
23527,328,3,6701,0
23528,135,7,17041,1
23529,176,7,20286,1
23530,206,5,10730,0
23531,267,4,14140,0
23532,132,4,10151,0
23533,210,7,10047,1
23534,252,4,8354,0
23535,25,4,10528,0
23536,729,1,4073,0
23537,262,4,10601,0
23538,132,10,27330,1
23539,180,5,8875,0
23540,364,4,11858,0
23541,1024,3,12676,0
23542,74,7,26345,1
23543,15,5,15892,1
23544,16,7,24292,1
23545,24,9,32233,1
23546,134,12,36235,1
23547,306,3,9153,0
23548,62,5,19661,1
23549,100,6,14971,1
23550,15,4,8615,0
23551,205,6,12857,1
23552,7,8,25109,1
23553,91,2,6816,0
23554,16,7,18407,1
23556,3,6,14531,1
23557,37,3,2556,0
23558,446,3,7636,0
23559,254,3,3128,0
23560,193,3,6440,0
23561,82,6,18272,1
23562,166,3,5187,0
23563,914,1,664,0
23564,558,4,13905,0
23565,660,4,5371,0
23566,121,5,14955,1
23567,632,6,15950,0
23568,281,7,23044,1
23569,796,5,11262,0
23570,1100,4,13994,0
23571,754,3,7087,0
23572,241,4,11732,0
23573,420,2,3786,0
23574,108,6,21332,1
23575,773,1,1721,0
23576,107,2,4469,0
23577,84,4,11482,0
23578,37,6,20661,1
23579,205,6,14862,1
23580,246,5,12993,0
23581,1057,2,4511,0
23582,337,5,17438,1
23583,94,7,18401,1
23584,174,3,3661,0
23585,102,7,27330,1
23586,204,7,18052,1
23587,48,4,14908,1
23588,41,8,32689,1
23589,150,3,12500,0
23590,433,4,15034,0
23591,403,3,10598,0
23592,146,4,5146,0
23593,621,4,11203,0
23594,537,3,9116,0
23595,64,4,8176,0
23596,923,3,6454,0
23597,205,4,9479,0
23598,376,4,5759,0
23599,61,8,26708,1
23600,231,3,7634,0
23601,197,2,5506,0
23602,124,4,11698,0
23603,339,4,10503,0
23604,165,8,22652,1
23605,163,5,14514,1
23606,166,6,18343,1
23607,328,3,11093,0
23608,55,9,17969,1
23609,320,3,10832,0
23610,40,3,8574,0
23611,11,4,12967,0
23612,213,3,8271,0
23613,20,5,9237,0
23614,184,5,10813,0
23615,309,1,3352,0
23616,271,3,9710,0
23617,287,4,9977,0
23618,743,2,6481,0
23619,39,6,13155,1
23620,1152,1,3312,0
23621,495,3,8706,0
23622,506,4,10456,0
23623,688,5,16313,0
23624,153,4,7763,0
23625,260,4,13046,0
23626,184,2,1915,0
23627,10,10,31758,1
23628,592,5,13064,0
23629,61,7,21525,1
23630,179,2,3056,0
23631,180,4,11235,0
23632,408,9,21903,1
23633,395,2,5182,0
23634,153,5,16406,1
23635,206,7,20947,1
23636,235,6,18558,1
23637,99,8,22065,1
23638,99,3,8154,0
23639,583,2,6291,0
23640,28,4,9195,0
23641,64,7,15978,1
23642,147,6,16750,1
23643,525,4,16175,0
23644,47,7,15845,1
23645,452,3,7906,0
23646,55,5,21168,1
23647,173,3,9643,0
23648,262,6,13112,1
23649,50,5,12677,1
23650,437,4,4696,0
23651,77,3,6280,0
23652,104,4,13912,0
23653,162,11,29973,1
23654,363,3,6786,0
23655,1080,1,5046,0
23656,38,6,10344,1
23657,512,2,5446,0
23658,41,8,22096,1
23659,343,2,3257,0
23660,827,2,1432,0
23661,718,3,11556,0
23662,166,1,4159,0
23663,38,11,28017,1
23664,280,3,11126,0
23665,460,2,6380,0
23666,652,1,1303,0
23667,193,7,17129,1
23668,157,7,16553,1
23669,482,4,12577,0
23670,331,3,10443,0
23671,673,6,19627,1
23672,319,6,19822,1
23673,453,3,10793,0
23674,36,8,12629,1
23675,372,6,18212,1
23676,363,7,19994,1
23677,139,8,15541,1
23679,190,5,15820,1
23680,273,3,7370,0
23681,39,7,23870,1
23682,715,4,12459,0
23683,558,4,7851,0
23684,78,2,6279,0
23685,33,7,20339,1
23686,440,3,5399,0
23687,284,8,22411,1
23688,213,7,21010,1
23689,997,1,1640,0
23690,267,6,14703,1
23691,24,3,8273,0
23692,200,7,14320,1
23693,522,9,19476,1
23694,230,8,23886,1
23695,114,8,17306,1
23696,228,5,13926,0
23697,759,5,15286,0
23698,243,3,7090,0
23699,227,8,25404,1
23700,386,9,15529,1
23701,205,5,18067,1
23702,90,3,5977,0
23703,436,4,15488,0
23704,5,6,12251,1
23706,171,6,15091,1
23707,263,8,27203,1
23708,112,9,30250,1
23709,128,6,11882,1
23710,510,3,11198,0
23711,736,5,13742,0
23712,15,11,28375,1
23713,175,6,12667,1
23714,229,8,11620,1
23715,76,5,12777,1
23716,228,10,22779,1
23717,588,2,3962,0
23718,715,4,9559,0
23719,18,8,21859,1
23720,154,6,16318,1
23721,27,9,27161,1
23722,345,2,5468,0
23723,169,5,11758,0
23724,37,10,26926,1
23725,26,7,14373,1
23726,176,5,9239,0
23727,295,7,19687,1
23728,41,5,11315,0
23729,279,6,19999,1
23730,121,5,15248,1
23731,664,4,12644,0
23732,797,2,6875,0
23733,119,5,10890,0
23734,140,7,16085,1
23735,127,6,10462,1
23736,373,3,7297,0
23737,183,6,15440,1
23738,113,6,19586,1
23739,45,3,5189,0
23740,177,7,12996,1
23741,591,4,8449,0
23742,717,3,7826,0
23743,31,4,7238,0
23744,843,3,9738,0
23745,46,5,11396,0
23746,20,10,22840,1
23747,28,6,9963,1
23748,189,4,16570,0
23749,50,5,20820,1
23750,112,5,15237,1
23751,552,8,20023,1
23752,228,7,13751,1
23753,213,6,20923,1
23754,297,3,10286,0
23755,375,2,4026,0
23756,181,2,4414,0
23757,43,7,22704,1
23758,314,7,19997,1
23759,20,4,11525,0
23760,47,5,16318,1
23761,424,3,3780,0
23762,901,3,5709,0
23763,359,3,7570,0
23764,243,4,11209,0
23765,86,4,6200,0
23766,299,2,6133,0
23767,16,4,12568,0
23768,192,3,7214,0
23769,230,4,9927,0
23770,144,4,14648,0
23771,271,3,12147,0
23772,68,6,10255,1
23773,39,9,23463,1
23774,164,6,14684,1
23775,365,8,22304,1
23776,85,3,7525,0
23777,291,3,5989,0
23778,454,4,10563,0
23779,28,8,29150,1
23780,200,4,13872,0
23781,144,4,10908,0
23783,146,4,13398,0
23784,35,8,23491,1
23785,145,3,4657,0
23786,344,5,12434,0
23787,212,5,14937,1
23788,113,6,10272,1
23789,48,6,23125,1
23790,525,6,18790,1
23791,18,7,17464,1
23792,192,4,8779,0
23793,147,5,7066,0
23794,134,4,9539,0
23795,586,6,17508,1
23796,278,4,9502,0
23797,133,3,4033,0
23798,29,5,9764,0
23799,826,2,6102,0
23800,341,3,7015,0
23801,893,2,7321,0
23802,80,8,26093,1
23803,908,2,3423,0
23804,1047,2,3138,0
23805,739,2,8204,0
23806,477,6,12029,0
23807,1023,3,7286,0
23808,131,5,9011,0
23809,627,2,5028,0
23810,135,6,19158,1
23811,222,8,24979,1
23812,300,4,14272,0
23813,641,2,3129,0
23814,140,6,21941,1
23815,109,8,21809,1
23816,630,4,10643,0
23817,1029,2,4748,0
23818,32,8,21767,1
23819,87,6,15889,1
23820,346,5,12848,0
23821,41,8,17414,1
23822,477,6,20079,1
23823,19,11,33026,1
23824,76,5,16716,1
23825,291,2,4982,0
23826,933,5,17124,0
23827,104,9,28395,1
23828,377,4,6616,0
23829,11,5,14587,1
23830,48,7,19719,1
23831,454,2,5104,0
23832,34,4,13418,0
23833,243,7,22087,1
23834,47,7,21466,1
23835,1066,1,1327,0
23836,78,8,22579,1
23837,4,4,10486,0
23838,100,3,9745,0
23839,219,5,13062,0
23840,149,6,20465,1
23841,217,7,23622,1
23842,208,6,15177,1
23843,671,3,6288,0
23844,48,5,12570,1
23845,66,6,17420,1
23846,373,3,11976,0
23847,371,4,7532,0
23848,635,3,8445,0
23849,2,7,23458,1
23850,264,7,15562,1
23851,32,9,27669,1
23852,351,7,21007,1
23853,43,4,10538,0
23854,34,8,28718,1
23855,105,6,19838,1
23856,323,6,19419,1
23857,479,4,9970,0
23858,307,4,9935,0
23859,82,6,12438,1
23860,210,3,10144,0
23861,24,8,19483,1
23862,545,3,10704,0
23863,554,4,9200,0
23864,59,6,17138,1
23865,247,2,4808,0
23866,232,3,9012,0
23867,618,4,4765,0
23868,477,2,5449,0
23869,107,4,8950,0
23870,142,5,13591,1
23871,285,7,17781,1
23872,534,3,10137,0
23873,78,3,9308,0
23874,624,1,2083,0
23875,303,5,16477,1
23876,102,3,6197,0
23877,186,5,10568,0
23878,1,3,7279,0
23879,64,3,9363,0
23880,210,11,19528,1
23881,34,5,17419,1
23882,185,5,12518,0
23883,371,2,7551,0
23884,38,7,21648,1
23885,67,9,19125,1
23886,442,4,10765,0
23887,588,2,2703,0
23888,134,7,21538,1
23889,7,6,13459,1
23890,158,4,14824,0
23891,156,9,30615,1
23892,484,6,14245,0
23893,299,7,24184,1
23894,462,4,10822,0
23895,664,5,18624,0
23896,149,7,18373,1
23897,269,7,15787,1
23898,706,2,6308,0
23899,1281,1,1843,0
23900,8,4,12766,0
23901,29,7,12572,1
23902,379,5,15527,0
23903,246,6,16061,1
23904,35,4,9179,0
23905,539,3,5710,0
23906,233,6,14464,1
23907,106,6,21879,1
23908,56,4,12473,0
23909,343,8,25199,1
23910,759,3,7371,0
23911,8,10,26858,1
23912,114,9,23356,1
23913,36,6,13554,1
23914,366,4,15753,0
23915,477,3,3996,0
23916,53,8,25494,1
23917,286,7,18558,1
23918,314,4,11214,0
23919,361,2,3066,0
23920,5,4,15941,1
23921,90,3,12235,0
23922,155,6,19327,1
23923,70,3,9192,0
23924,154,2,1339,0
23925,359,6,17408,1
23926,414,5,15052,0
23927,290,5,18587,1
23928,114,2,6732,0
23929,793,1,3423,0
23930,107,4,15357,0
23931,368,9,19435,1
23932,520,4,10626,0
23933,159,6,17089,1
23934,188,7,16834,1
23935,205,3,6928,0
23936,589,7,22385,1
23937,466,8,19751,1
23938,122,8,24095,1
23939,148,8,20995,1
23940,213,5,18520,1
23941,645,4,13411,0
23942,75,2,6216,0
23943,120,4,13027,0
23944,655,6,16186,0
23945,474,3,6823,0
23946,258,7,15081,1
23947,394,5,17234,1
23948,18,7,21510,1
23949,243,4,11173,0
23950,435,2,4623,0
23951,83,9,23714,1
23952,480,6,18946,1
23953,306,8,14924,1
23954,44,12,23411,1
23955,96,6,12714,1
23956,491,2,8421,0
23957,288,7,18225,1
23958,290,6,12006,0
23959,301,2,4887,0
23960,43,5,9318,0
23961,141,5,11658,0
23962,343,5,10515,0
23963,179,5,16481,1
23964,18,4,8557,0
23965,172,8,20552,1
23966,520,5,11356,0
23967,9,3,4149,0
23968,11,5,10667,0
23969,136,8,13539,1
23970,349,6,14199,1
23971,87,6,18347,1
23972,144,6,23061,1
23974,62,3,7531,0
23975,106,4,7316,0
23976,95,6,17006,1
23977,515,5,18523,0
23978,7,12,30150,1
23979,154,4,9586,0
23980,1039,3,6195,0
23981,85,2,6528,0
23982,287,6,9961,0
23983,118,5,16442,1
23984,881,1,4018,0
23985,413,2,5741,0
23986,185,7,18551,1
23987,57,8,19166,1
23988,356,4,14025,0
23989,19,10,28963,1
23990,599,5,12978,0
23991,36,6,16045,1
23992,912,3,8660,0
23993,138,6,18970,1
23994,112,4,11692,0
23995,196,2,5845,0
23996,494,2,5250,0
23997,400,4,6771,0
23998,136,3,10556,0
23999,4,6,15696,1
24000,123,10,30157,1
24001,275,5,14769,0
24002,251,4,7052,0
24003,24,10,25849,1
24004,227,4,11840,0
24005,188,5,12707,0
24006,509,4,11251,0
24007,152,3,9514,0
24008,68,2,4169,0
24009,458,4,15377,0
24010,29,4,16430,1
24011,116,4,10738,0
24012,265,4,11273,0
24013,95,7,22302,1
24014,279,6,11971,0
24015,239,6,13329,1
24016,447,4,9657,0
24017,77,6,20705,1
24018,378,4,5950,0
24019,86,4,12868,0
24020,151,5,20094,1
24021,93,6,16468,1
24022,37,8,16914,1
24023,103,7,24166,1
24024,450,2,5435,0
24025,432,3,7427,0
24026,186,7,16620,1
24027,526,2,9112,0
24028,20,3,8927,0
24029,250,6,15855,1
24030,4,7,20130,1
24031,377,6,14872,1
24032,422,2,2463,0
24033,188,5,15103,1
24034,171,5,9635,0
24035,216,3,12256,0
24036,206,3,9600,0
24037,101,6,18418,1
24038,14,6,16707,1
24039,848,3,5048,0
24040,31,8,22157,1
24041,479,2,4074,0
24042,277,5,11199,0
24043,46,6,20585,1
24044,96,5,10008,0
24045,326,4,13300,0
24046,216,5,12372,0
24047,660,3,4552,0
24048,136,7,20910,1
24049,80,5,15621,1
24050,290,6,16025,1
24051,575,6,18103,1
24052,43,7,18197,1
24053,116,8,26953,1
24054,210,6,14270,1
24055,879,2,6014,0
24056,26,6,22308,1
24057,702,5,7979,0
24058,656,3,8242,0
24059,26,2,8262,0
24060,833,2,6355,0
24061,347,5,17592,1
24062,94,9,24326,1
24063,241,5,13178,0
24064,368,6,20107,1
24066,359,4,9787,0
24067,26,6,17191,1
24068,227,6,14487,1
24069,120,4,12862,0
24070,456,5,11777,0
24071,247,11,31395,1
24072,944,4,11456,0
24073,125,7,29408,1
24074,166,9,28143,1
24075,260,3,9518,0
24076,540,5,13734,0
24077,48,5,17564,1
24078,79,3,10497,0
24079,167,8,24980,1
24080,719,4,6511,0
24081,47,11,34345,1
24082,104,6,19919,1
24083,191,6,17663,1
24084,75,1,3328,0
24085,407,3,9592,0
24086,621,4,8496,0
24087,35,8,17565,1
24088,390,7,26003,1
24089,416,5,12241,0
24090,270,12,28662,1
24091,98,7,17033,1
24092,205,3,7738,0
24093,232,6,14959,1
24094,265,6,22828,1
24095,302,3,8988,0
24096,222,7,23544,1
24097,41,6,11128,1
24098,858,2,3288,0
24099,336,8,23039,1
24100,310,3,7020,0
24101,285,3,9247,0
24102,212,8,24254,1
24103,50,4,9971,0
24104,82,7,15721,1
24105,270,5,11975,0
24106,67,6,12762,1
24107,239,7,20723,1
24108,93,4,11501,0
24109,868,2,8951,0
24110,10,5,12935,1
24111,41,9,28634,1
24112,231,4,10830,0
24113,567,4,10273,0
24114,174,5,12061,0
24115,68,9,17574,1
24116,235,2,5769,0
24117,9,6,14997,1
24118,350,5,19697,1
24119,275,4,11299,0
24120,201,7,14923,1
24121,432,5,18744,1
24122,269,7,22553,1
24123,128,7,23033,1
24124,327,5,13536,0
24125,430,7,23852,1
24126,149,4,15753,0
24127,12,2,6044,0
24128,18,5,9135,0
24129,102,3,11328,0
24130,323,7,19093,1
24131,52,11,20815,1
24132,47,5,12637,1
24133,49,4,9983,0
24134,659,2,5390,0
24135,29,13,38315,1
24136,314,5,17202,1
24137,60,4,9785,0
24138,361,7,24102,1
24139,546,2,5585,0
24140,111,6,14667,1
24141,97,4,10765,0
24142,473,4,15760,0
24143,77,10,28205,1
24144,182,6,15048,1
24145,978,3,14181,0
24146,730,3,12575,0
24147,31,6,14615,1
24148,70,8,22551,1
24149,117,6,12209,1
24150,64,8,28638,1
24151,32,8,21404,1
24152,476,6,13907,0
24153,66,2,2865,0
24154,299,8,23429,1
24155,595,2,3255,0
24156,30,5,11638,1
24157,308,6,10092,0
24158,133,8,25041,1
24159,62,6,14366,1
24160,53,3,6378,0
24161,390,6,17402,1
24162,156,4,11564,0
24163,335,4,11485,0
24164,9,4,10351,0
24165,110,4,6929,0
24166,328,6,24026,1
24167,436,6,7009,0
24168,185,3,5079,0
24169,90,7,21751,1
24170,17,6,15460,1
24171,572,4,12659,0
24172,496,6,17839,1
24173,41,8,22906,1
24174,44,5,13427,1
24175,295,3,7619,0
24176,8,3,6181,0
24177,9,4,6250,0
24178,548,1,3112,0
24179,351,4,9861,0
24180,125,10,28533,1
24181,99,2,2704,0
24182,349,2,6438,0
24183,1243,2,4725,0
24184,657,5,9808,0
24185,239,2,6720,0
24186,462,7,17313,1
24187,587,6,20017,1
24188,98,10,26624,1
24189,81,6,20887,1
24190,379,4,8353,0
24191,107,4,6817,0
24192,15,3,9729,0
24193,214,6,9867,0
24194,61,4,15896,1
24195,63,5,12853,1
24196,163,6,16634,1
24197,470,3,7073,0
24198,335,4,8530,0
24199,42,11,23485,1
24200,107,5,10787,0
24201,128,13,38048,1
24202,331,6,16491,1
24203,740,3,8460,0
24204,375,3,8714,0
24205,164,4,11114,0
24206,187,4,12821,0
24207,404,4,6478,0
24208,446,1,3499,0
24209,96,4,15219,0
24210,122,5,11790,0
24211,725,4,12946,0
24212,389,5,9366,0
24213,1069,1,2201,0
24214,242,2,4665,0
24215,239,3,10736,0
24216,18,5,12857,1
24217,87,5,17488,1
24218,144,7,17974,1
24219,103,5,13765,1
24220,206,5,10493,0
24221,83,9,28395,1
24222,706,1,4441,0
24223,326,5,19368,1
24224,75,4,11379,0
24225,17,2,4239,0
24226,1067,2,8665,0
24227,395,5,19062,1
24228,457,6,18796,1
24229,39,6,10171,1
24230,93,5,14648,1
24231,268,3,3621,0
24232,384,5,12565,0
24233,222,7,14812,1
24234,215,4,10344,0
24235,3,7,19273,1
24236,458,7,25926,1
24237,29,5,9611,0
24238,172,4,16707,1
24239,256,9,32671,1
24240,411,5,11099,0
24241,1,7,14779,1
24242,171,5,13880,1
24243,94,8,23605,1
24244,262,2,3761,0
24245,881,1,714,0
24246,172,4,9464,0
24247,67,5,9784,0
24248,259,4,8053,0
24249,281,5,13987,0
24250,130,9,22917,1
24251,678,2,4593,0
24252,95,5,14253,1
24253,280,4,9556,0
24254,2,4,7212,0
24255,830,1,1069,0
24256,361,6,12974,0
24257,68,7,27872,1
24258,146,4,10235,0
24259,140,5,16097,1
24260,360,12,22782,1
24261,532,6,12509,0
24262,409,3,8778,0
24263,219,5,20358,1
24264,552,4,14129,0
24265,205,7,18474,1
24266,378,7,25019,1
24267,304,6,16087,1
24268,133,7,22498,1
24269,112,6,17649,1
24270,88,5,15682,1
24271,493,4,7646,0
24272,18,6,18359,1
24273,51,7,18386,1
24274,85,5,18413,1
24275,78,9,20303,1
24276,184,3,7423,0
24277,259,2,5263,0
24278,60,3,10381,0
24279,1026,2,6197,0
24280,595,5,14316,0
24281,370,3,6777,0
24282,324,6,10759,0
24283,245,3,10530,0
24284,433,8,16459,1
24285,205,7,19650,1
24286,350,3,10298,0
24287,552,5,13616,0
24288,123,4,11315,0
24289,68,6,14117,1
24290,103,7,19788,1
24291,43,4,16271,1
24292,173,7,20697,1
24293,52,9,19074,1
24294,151,8,21693,1
24295,30,4,9226,0
24296,158,5,14037,1
24297,311,4,5284,0
24298,426,2,8150,0
24299,219,8,28125,1
24300,35,6,18247,1
24301,374,6,20130,1
24302,782,2,5294,0
24303,217,2,1560,0
24304,8,6,14462,1
24305,531,4,12247,0
24306,366,4,9803,0
24307,121,2,8322,0
24308,14,8,17566,1
24309,107,3,6723,0
24310,136,3,4477,0
24311,148,4,8731,0
24312,1,8,20338,1
24313,404,5,19718,1
24314,520,2,8543,0
24315,262,2,9052,0
24316,57,12,33162,1
24317,647,2,6894,0
24318,318,7,22443,1
24319,360,4,9157,0
24320,198,2,3540,0
24321,56,5,8031,0
24322,630,4,4641,0
24323,159,7,20650,1
24324,27,7,15930,1
24325,13,3,7508,0
24326,33,7,21212,1
24327,70,7,19126,1
24328,636,4,9238,0
24329,125,2,4603,0
24330,249,6,19857,1
24331,179,7,22413,1
24332,146,6,16032,1
24333,265,4,12145,0
24334,63,1,748,0
24335,722,3,9976,0
24336,337,3,8875,0
24337,322,7,23733,1
24338,6,6,9957,1
24339,29,4,12326,0
24340,192,7,21507,1
24341,500,2,6712,0
24342,596,4,8893,0
24343,317,3,6115,0
24344,59,3,12023,0
24345,23,7,13950,1
24346,18,6,13093,1
24347,302,5,9525,0
24348,100,3,4352,0
24349,344,2,6420,0
24350,260,3,14261,0
24351,103,3,9232,0
24352,216,6,19482,1
24353,45,4,9498,0
24354,196,6,17201,1
24355,280,9,30209,1
24356,142,2,4299,0
24357,312,6,15976,1
24358,336,2,5498,0
24359,117,7,20757,1
24360,23,6,20382,1
24361,22,7,23505,1
24362,36,5,16222,1
24363,34,5,10114,0
24364,212,3,9016,0
24365,6,5,15011,1
24366,23,10,28881,1
24367,304,6,20398,1
24368,280,8,15204,1
24369,400,5,8592,0
24370,51,6,16633,1
24371,313,2,5117,0
24372,343,2,6031,0
24374,57,5,12959,1
24375,46,6,22131,1
24376,280,2,5975,0
24377,282,5,12934,0
24378,45,5,13330,1
24379,14,7,18303,1
24380,255,4,14393,0
24381,343,5,17720,1
24382,154,2,6882,0
24383,112,4,8465,0
24384,163,11,38120,1
24385,189,6,17435,1
24386,649,3,7816,0
24387,932,2,5811,0
24388,765,4,14267,0
24389,36,9,26159,1
24390,151,4,12548,0
24391,8,8,21827,1
24392,452,5,12222,0
24393,178,5,14373,1
24394,439,7,18150,1
24395,419,6,21202,1
24396,73,4,6721,0
24397,201,2,829,0
24398,69,7,28499,1
24399,307,7,20556,1
24400,320,7,23515,1
24401,91,3,5963,0
24402,33,3,4940,0
24403,241,5,12077,0
24404,153,4,10887,0
24405,218,6,17695,1
24406,874,2,7426,0
24407,464,7,15542,1
24408,50,2,9753,0
24409,169,5,14233,1
24410,42,6,21337,1
24411,533,3,13205,0
24412,39,4,14869,1
24414,136,5,8906,0
24415,457,4,13866,0
24416,92,4,6739,0
24417,34,5,10595,0
24418,215,7,19213,1
24419,239,5,14541,1
24420,636,3,6668,0
24421,243,7,21207,1
24422,1144,1,4486,0
24423,36,3,5036,0
24424,133,8,19019,1
24425,102,4,15663,1
24426,243,1,2743,0
24427,244,6,22055,1
24428,746,2,6599,0
24429,115,7,17614,1
24430,122,2,9810,0
24431,84,5,9280,0
24432,643,2,5927,0
24433,371,5,14322,0
24434,87,7,25792,1
24435,87,7,16476,1
24436,295,7,17648,1
24437,183,9,22380,1
24438,273,5,17031,1
24439,124,7,15783,1
24440,77,1,5064,0
24441,157,5,12519,0
24442,106,4,15899,1
24443,73,4,10423,0
24444,124,10,25242,1
24445,250,3,4285,0
24446,186,8,23315,1
24447,428,4,11338,0
24448,43,7,26768,1
24449,5,6,17753,1
24450,96,6,17596,1
24451,216,10,27072,1
24452,136,7,27800,1
24453,324,4,10372,0
24454,117,4,10496,0
24455,102,4,12775,0
24456,205,4,11553,0
24457,1219,2,6679,0
24458,33,8,26490,1
24459,89,4,9894,0
24460,56,7,18321,1
24461,263,7,21237,1
24462,187,8,22383,1
24463,159,5,16078,1
24464,339,5,9565,0
24465,288,1,1291,0
24466,343,6,9265,0
24467,709,5,13177,0
24468,345,4,12038,0
24469,77,4,10590,0
24470,219,4,13083,0
24471,100,6,13798,1
24472,48,4,8436,0
24473,216,5,17832,1
24474,76,3,10916,0
24475,659,2,2308,0
24476,151,4,11899,0
24477,447,5,15792,0
24478,161,2,6870,0
24479,10,6,21582,1
24480,103,5,14702,1
24481,110,8,18469,1
24482,243,5,13476,0
24483,66,7,14304,1
24484,103,6,19684,1
24485,213,3,8274,0
24486,206,6,16510,1
24487,82,11,34408,1
24488,388,9,26245,1
24489,159,9,34469,1
24490,295,4,11099,0
24491,14,2,4870,0
24492,167,5,12818,0
24493,577,5,9840,0
24494,63,6,16652,1
24495,424,4,8909,0
24496,23,11,32704,1
24497,260,8,20346,1
24498,400,3,11026,0
24499,1002,1,2622,0
24500,271,5,15952,1
24501,467,5,11263,0
24502,836,4,9925,0
24503,628,1,606,0
24504,105,5,19625,1
24505,390,5,19416,1
24506,364,5,14309,0
24507,181,5,19275,1
24508,44,10,22919,1
24509,188,3,8816,0
24510,187,6,14995,1
24511,38,6,11887,1
24512,51,5,10702,0
24513,1,8,21965,1
24514,3,3,11955,0
24515,723,1,3370,0
24516,114,5,14997,1
24517,113,6,15667,1
24518,475,3,3845,0
24519,781,1,849,0
24520,11,6,15387,1
24521,429,9,20702,1
24522,531,8,19683,1
24523,36,8,22151,1
24524,354,6,17657,1
24525,399,3,5177,0
24526,21,6,23835,1
24527,300,5,15150,0
24528,429,5,13497,0
24529,202,1,2340,0
24530,246,8,22726,1
24531,324,4,11755,0
24532,776,2,8610,0
24533,149,5,13202,1
24534,239,4,3855,0
24535,164,5,17370,1
24536,476,2,5883,0
24537,856,4,10538,0
24538,227,8,25206,1
24539,178,6,17308,1
24540,239,6,16653,1
24541,644,4,8192,0
24542,86,5,8307,0
24543,28,4,17170,1
24544,172,6,14715,1
24545,185,7,19737,1
24546,246,4,11218,0
24547,167,2,5330,0
24548,652,2,1750,0
24549,183,7,20466,1
24550,331,7,16206,1
24552,32,7,15072,1
24553,133,3,9576,0
24554,35,6,14589,1
24555,401,4,10188,0
24556,138,3,11173,0
24557,50,3,12221,0
24558,249,6,19945,1
24559,182,6,18296,1
24560,111,4,11092,0
24561,46,6,11364,1
24562,119,3,8460,0
24563,62,3,12482,0
24564,356,3,6339,0
24565,28,10,30155,1
24566,607,5,11260,0
24567,260,7,23453,1
24568,3,6,13945,1
24569,800,3,8392,0
24570,250,4,9633,0
24571,451,4,15251,0
24572,110,3,5030,0
24573,888,2,4964,0
24574,207,6,16583,1
24575,76,7,19584,1
24576,790,3,9652,0
24577,252,2,9339,0
24578,766,4,10750,0
24579,35,6,14172,1
24580,121,9,19227,1
24581,32,6,22126,1
24582,37,3,4079,0
24583,261,8,20141,1
24584,98,5,16046,1
24585,19,8,17832,1
24586,9,2,4229,0
24587,254,7,24752,1
24588,423,3,11400,0
24589,231,5,14048,0
24590,220,7,18353,1
24591,348,5,11252,0
24592,340,5,14121,0
24593,328,4,6651,0
24594,284,7,14774,1
24595,11,3,10017,0
24596,148,4,11724,0
24597,75,6,14136,1
24598,506,2,7833,0
24599,122,7,20033,1
24600,16,3,7551,0
24601,108,8,15473,1
24602,586,5,9666,0
24603,300,3,9194,0
24604,1287,1,1623,0
24605,420,8,22793,1
24606,58,5,12314,1
24607,10,3,8306,0
24608,224,6,16878,1
24609,387,7,25017,1
24610,230,5,13615,0
24611,365,6,9820,0
24612,271,3,8269,0
24613,240,8,20339,1
24614,9,6,20057,1
24615,389,6,14974,1
24616,142,4,6193,0
24617,130,6,16047,1
24618,322,6,19057,1
24619,11,6,14915,1
24620,559,4,9588,0
24621,94,4,13906,0
24622,731,3,11024,0
24623,1,5,11584,1
24624,104,4,10044,0
24625,1081,2,2862,0
24626,175,3,7129,0
24627,124,7,19341,1
24628,188,7,19761,1
24629,493,8,22616,1
24630,372,4,16584,0
24631,571,4,14942,0
24632,146,4,13096,0
24633,158,7,17565,1
24634,115,6,19301,1
24635,64,7,19743,1
24636,871,1,3602,0
24637,79,6,19667,1
24638,48,6,6629,0
24639,517,3,8881,0
24640,104,5,9638,0
24641,87,4,13398,0
24642,411,2,3924,0
24643,29,5,10622,0
24644,44,10,22299,1
24645,21,4,8972,0
24646,36,3,8218,0
24647,8,8,18081,1
24648,93,6,14940,1
24649,455,2,4216,0
24650,93,9,31618,1
24651,79,4,11900,0
24652,18,2,4922,0
24653,133,6,17323,1
24654,5,7,14704,1
24655,242,3,6501,0
24656,117,2,2016,0
24657,9,7,21811,1
24658,212,5,13034,0
24659,309,3,10367,0
24660,260,7,18020,1
24661,6,4,12008,0
24662,334,5,11889,0
24663,236,6,12992,1
24664,921,1,1693,0
24665,10,6,16359,1
24666,384,6,12359,0
24667,284,5,15121,0
24668,473,3,5899,0
24669,60,5,14846,1
24670,94,6,17095,1
24671,11,7,14808,1
24672,22,7,16404,1
24673,92,6,19607,1
24674,3,2,5829,0
24675,407,3,5274,0
24676,17,5,9513,0
24677,144,5,11841,0
24678,622,3,5799,0
24679,162,8,12659,1
24680,241,4,7168,0
24681,437,4,6935,0
24682,25,7,19178,1
24683,141,5,11993,0
24684,556,5,14062,0
24685,51,1,4751,0
24686,94,6,11274,1
24687,197,5,16047,1
24688,89,6,13553,1
24689,274,3,5763,0
24690,53,5,11408,0
24691,41,7,26272,1
24692,396,6,16605,1
24693,489,5,8191,0
24694,60,9,22125,1
24695,17,4,8021,0
24696,352,8,18141,1
24697,10,5,18555,1
24698,60,5,12705,1
24699,173,4,4876,0
24700,84,5,14633,1
24701,408,7,17348,1
24702,17,8,27656,1
24703,994,4,6223,0
24704,134,9,24832,1
24705,183,8,19035,1
24706,196,3,5217,0
24707,359,7,21966,1
24708,288,4,9930,0
24709,277,5,17599,1
24710,923,4,13151,0
24711,339,4,13693,0
24712,132,5,18363,1
24713,254,4,12873,0
24714,678,3,10430,0
24715,142,7,18950,1
24716,74,3,7278,0
24717,77,2,2806,0
24718,23,5,18915,1
24719,838,4,11417,0
24720,707,2,6861,0
24721,964,3,6918,0
24722,670,2,6543,0
24723,94,6,16112,1
24724,21,6,16102,1
24725,91,6,11924,1
24726,430,5,15475,0
24727,395,7,19602,1
24728,15,3,2077,0
24729,224,4,12366,0
24730,404,3,12000,0
24731,129,5,15067,1
24732,891,3,7447,0
24733,416,3,10329,0
24734,122,5,15819,1
24735,15,4,5539,0
24736,80,7,23979,1
24737,760,2,2102,0
24738,168,3,10237,0
24739,65,5,18488,1
24740,93,6,19344,1
24741,205,4,11092,0
24742,1148,3,2741,0
24743,13,7,17631,1
24744,790,1,3680,0
24745,238,5,14887,1
24746,329,5,12657,0
24747,59,7,23100,1
24748,910,2,6658,0
24749,94,7,19809,1
24750,290,4,7736,0
24751,172,8,19730,1
24752,387,3,6699,0
24753,108,9,25758,1
24754,6,9,25973,1
24755,233,4,14344,0
24756,190,2,7458,0
24757,164,7,21350,1
24758,472,4,12854,0
24759,39,7,20654,1
24760,11,8,21609,1
24761,40,5,10753,0
24762,202,7,15851,1
24763,174,5,17271,1
24764,264,4,11331,0
24765,256,5,17335,1
24766,14,7,20285,1
24767,426,4,11400,0
24768,29,7,14620,1
24769,270,4,16431,0
24770,273,3,7982,0
24771,344,10,25527,1
24772,148,6,15294,1
24773,533,4,14614,0
24774,227,5,17796,1
24775,559,3,6295,0
24776,96,6,15153,1
24777,420,5,13439,0
24778,314,3,9469,0
24779,176,5,16443,1
24780,83,6,15437,1
24781,150,5,9498,0
24782,193,9,21486,1
24783,31,5,16042,1
24784,381,6,17395,1
24785,525,3,7140,0
24786,287,7,19694,1
24787,104,4,13299,0
24788,303,6,11846,0
24789,424,9,27230,1
24790,43,9,27015,1
24791,369,11,33049,1
24792,17,10,36278,1
24793,198,4,13871,0
24794,345,5,15983,0
24795,120,3,6495,0
24796,127,3,6708,0
24797,12,8,17925,1
24798,258,7,20790,1
24799,139,3,11858,0
24800,62,10,28918,1
24801,188,3,9302,0
24802,187,6,20043,1
24803,34,3,5524,0
24804,196,3,13612,0
24805,140,3,9767,0
24806,206,8,25113,1
24807,4,4,12356,0
24808,105,8,23804,1
24809,182,5,8497,0
24810,553,5,11937,0
24811,87,5,16381,1
24812,401,9,17624,1
24813,162,9,20227,1
24814,249,2,4052,0
24815,188,8,19390,1
24816,88,8,24414,1
24817,421,5,8695,0
24818,124,5,15939,1
24819,1204,2,2262,0
24820,124,4,6882,0
24821,2,5,14654,1
24822,76,5,16186,1
24823,189,6,12344,1
24824,133,5,15323,1
24825,112,5,12175,0
24826,35,9,22290,1
24827,410,4,14617,0
24828,67,5,13339,1
24829,389,5,15155,0
24830,31,9,26140,1
24831,44,6,13062,1
24832,200,3,11989,0
24833,218,3,8086,0
24834,21,1,4462,0
24835,369,4,15918,0
24836,35,7,19140,1
24837,406,5,16425,0
24838,615,3,7166,0
24839,152,5,14723,1
24840,65,2,3999,0
24841,50,8,21571,1
24842,196,8,19745,1
24843,38,10,29251,1
24844,148,3,10497,0
24845,362,5,14534,0
24846,804,4,8166,0
24847,128,8,26487,1
24848,123,6,18435,1
24849,26,6,14453,1
24850,71,5,11991,1
24851,48,6,15078,1
24852,329,2,8343,0
24853,170,7,18263,1
24854,491,5,22229,1
24855,134,5,14906,1
24856,29,9,27203,1
24857,433,5,6370,0
24858,140,4,11912,0
24859,556,6,17179,1
24860,1049,1,4614,0
24861,250,2,3734,0
24862,90,3,13012,0
24863,96,6,13782,1
24864,53,8,28237,1
24865,1015,2,8513,0
24866,134,5,12626,0
24867,254,3,9715,0
24868,424,2,5079,0
24869,99,5,7203,0
24870,439,3,10154,0
24871,476,1,1797,0
24872,491,6,18759,1
24873,806,4,13097,0
24874,310,6,14821,1
24875,54,4,10304,0
24876,391,5,11683,0
24877,168,5,19293,1
24878,832,3,7977,0
24879,425,3,8723,0
24880,418,6,9455,0
24881,3,3,7850,0
24882,72,6,12968,1
24883,324,9,21593,1
24884,217,4,9750,0
24885,234,3,13395,0
24886,126,5,11679,0
24887,133,6,12448,1
24888,210,5,13589,0
24889,354,4,12830,0
24890,84,8,21151,1
24891,1194,2,5531,0
24892,1,6,16661,1
24893,269,6,20215,1
24894,72,9,19914,1
24895,365,8,27385,1
24896,165,4,8463,0
24897,112,6,13448,1
24898,82,6,19696,1
24899,89,4,14459,0
24900,79,7,21914,1
24901,147,12,21475,1
24902,339,2,3763,0
24903,7,8,15296,1
24904,598,3,10204,0
24905,49,7,17005,1
24906,603,6,24114,1
24907,19,5,15140,1
24908,232,4,8407,0
24909,136,4,9850,0
24910,135,4,11807,0
24911,896,3,12949,0
24912,166,3,3701,0
24913,80,11,23503,1
24914,355,4,9079,0
24915,101,6,17054,1
24916,294,3,11136,0
24917,270,4,10355,0
24918,206,6,13583,1
24919,79,7,21786,1
24920,156,3,7726,0
24921,41,4,9500,0
24922,172,6,15078,1
24923,198,6,10015,0
24924,60,10,29018,1
24925,232,3,12571,0
24926,29,7,19267,1
24927,106,5,13673,1
24928,124,6,15777,1
24929,8,6,12967,1
24930,482,4,16509,0
24931,123,4,13950,0
24932,237,7,21037,1
24933,227,4,9198,0
24934,152,5,16109,1
24935,5,8,31422,1
24936,343,5,12510,0
24937,13,7,22028,1
24938,212,6,19525,1
24939,286,4,6254,0
24940,8,11,31331,1
24941,123,3,10346,0
24942,99,4,15925,1
24943,979,3,6657,0
24944,418,4,8375,0
24945,851,1,3779,0
24946,247,7,19989,1
24947,91,5,15283,1
24948,64,7,13503,1
24949,288,5,17018,1
24950,327,10,30573,1
24951,344,4,9357,0
24952,193,3,7175,0
24953,345,3,10518,0
24954,606,4,10127,0
24955,58,10,21717,1
24956,460,2,5015,0
24957,34,5,13550,1
24958,100,4,10484,0
24959,148,4,11674,0
24960,190,3,8470,0
24961,226,3,2550,0
24962,77,3,5796,0
24963,24,6,20099,1
24964,195,6,17035,1
24965,474,3,5933,0
24966,120,6,14019,1
24967,271,4,16191,0
24968,366,6,15961,1
24969,53,7,21094,1
24970,925,2,9732,0
24971,111,3,10812,0
24972,133,4,11742,0
24973,629,5,11035,0
24974,290,1,4504,0
24975,32,5,12307,1
24976,436,2,5309,0
24977,345,5,16468,1
24978,186,5,15787,1
24979,98,4,8107,0
24980,686,4,11276,0
24981,308,11,38511,1
24982,150,6,18995,1
24983,584,1,4924,0
24984,11,5,12814,1
24985,70,7,14806,1
24986,275,2,4189,0
24987,61,6,12665,1
24988,1122,2,3282,0
24989,638,1,2043,0
24990,404,4,10108,0
24991,93,4,7651,0
24992,154,3,8818,0
24993,450,6,18253,1
24994,25,4,15045,1
24995,387,3,8625,0
24996,102,8,23611,1
24997,247,8,22421,1
24998,178,6,12327,1
24999,37,4,12714,0
25000,55,5,9150,0
25001,102,5,12793,1
25002,366,3,8392,0
25003,208,8,18331,1
25004,158,8,20468,1
25005,102,6,18127,1
25006,26,2,7426,0
25007,27,6,17309,1
25008,6,6,19586,1
25009,259,6,12987,1
25010,444,2,6105,0
25011,8,2,4740,0
25012,702,4,8628,0
25013,192,9,18803,1
25014,401,4,13624,0
25015,360,5,16838,1
25016,224,5,13476,0
25017,643,3,7633,0
25018,326,6,15104,1
25019,140,6,21567,1
25020,328,4,9990,0
25021,27,4,12163,0
25022,26,7,18167,1
25023,204,2,5371,0
25024,523,8,23673,1
25025,3,9,27390,1
25026,374,3,9983,0
25027,29,7,18427,1
25028,21,6,17999,1
25029,91,4,9077,0
25030,8,8,20567,1
25031,597,1,235,0
25032,118,10,30050,1
25033,419,5,14683,0
25034,279,8,15498,1
25035,69,7,14797,1
25036,407,3,8385,0
25037,26,3,12104,0
25038,213,3,6635,0
25039,989,2,3663,0
25040,171,4,13876,0
25041,238,4,9549,0
25042,136,3,12132,0
25043,374,4,11722,0
25044,87,11,29745,1
25045,181,3,4833,0
25046,61,6,12096,1
25047,21,5,16740,1
25048,137,6,17325,1
25049,222,4,8593,0
25050,232,4,10350,0
25051,923,4,6520,0
25052,412,5,16247,0
25053,36,7,18193,1
25054,238,6,21538,1
25055,140,8,20432,1
25056,85,6,20288,1
25057,34,9,21411,1
25058,413,4,11555,0
25059,60,9,22911,1
25060,111,6,14021,1
25061,592,1,1088,0
25062,78,6,15799,1
25063,123,5,4497,0
25064,251,5,12417,0
25065,19,3,5919,0
25066,412,3,11878,0
25067,146,4,13368,0
25068,110,4,9876,0
25069,79,6,12859,1
25070,210,6,16356,1
25071,208,7,15883,1
25072,509,3,8252,0
25073,1,2,6313,0
25074,40,8,19128,1
25075,65,5,12055,1
25076,89,5,13581,1
25077,605,6,13852,0
25078,137,3,8209,0
25079,808,2,8029,0
25080,588,5,14794,0
25081,111,6,13844,1
25082,82,6,16896,1
25083,43,8,25690,1
25084,481,2,8414,0
25085,295,5,9831,0
25086,228,6,10335,0
25087,114,8,18439,1
25088,227,6,15386,1
25089,737,6,18223,0
25090,305,2,5651,0
25091,189,9,19556,1
25092,361,5,6519,0
25093,6,5,13789,1
25094,673,4,5463,0
25095,114,3,13054,0
25096,340,1,4265,0
25097,27,2,4448,0
25098,216,10,27679,1
25099,155,3,8137,0
25100,119,3,7602,0
25101,214,5,10885,0
25102,103,5,13676,1
25103,701,2,4305,0
25104,273,4,12365,0
25105,68,5,17596,1
25106,55,7,14078,1
25107,707,1,3722,0
25108,323,6,14037,1
25109,5,9,20574,1
25110,209,3,12339,0
25111,472,7,20385,1
25112,515,3,5041,0
25113,55,5,14417,1
25114,153,5,13926,1
25115,154,7,20011,1
25116,31,9,26112,1
25117,195,5,15331,1
25118,10,7,21451,1
25119,375,4,10731,0
25120,989,1,856,0
25121,33,8,13711,1
25122,243,3,6711,0
25123,113,3,7153,0
25124,37,5,16529,1
25125,91,8,17364,1
25126,116,6,20837,1
25127,318,4,11710,0
25128,54,6,16325,1
25129,394,2,4792,0
25130,328,5,15952,1
25131,32,9,27480,1
25132,108,7,10927,1
25133,538,1,4097,0
25134,216,1,1061,0
25135,23,6,13207,1
25136,24,6,13382,1
25137,243,3,7485,0
25138,239,2,3106,0
25139,169,3,5658,0
25140,102,9,21817,1
25141,467,5,14637,0
25142,276,7,16258,1
25143,64,6,12535,1
25144,73,11,31223,1
25145,631,3,11289,0
25146,228,5,9347,0
25147,81,7,18283,1
25148,190,3,10261,0
25149,95,4,11876,0
25150,57,2,4959,0
25151,161,4,13349,0
25152,98,6,26280,1
25153,153,9,25845,1
25154,175,9,23897,1
25155,125,6,17144,1
25156,759,2,8253,0
25157,24,7,21381,1
25158,49,5,13911,1
25159,244,4,8577,0
25160,111,4,9636,0
25161,22,8,31054,1
25162,511,3,8700,0
25163,19,4,16649,1
25164,216,7,18032,1
25165,113,4,8133,0
25166,347,3,9162,0
25167,14,7,21146,1
25168,83,3,7443,0
25169,367,4,10055,0
25170,44,4,11975,0
25171,299,4,14113,0
25172,25,4,11086,0
25173,47,7,20449,1
25174,290,8,21672,1
25175,39,6,13747,1
25176,5,6,13949,1
25177,5,3,8346,0
25178,355,4,11320,0
25179,680,2,8153,0
25180,448,6,9846,0
25181,43,3,6279,0
25182,97,4,9555,0
25183,338,6,12269,0
25184,54,6,16650,1
25185,92,5,9349,0
25186,99,2,5224,0
25187,394,7,15120,1
25188,602,2,8841,0
25189,311,5,12185,0
25190,19,7,22634,1
25191,367,4,9381,0
25192,127,4,10928,0
25193,131,3,5780,0
25194,203,7,22047,1
25195,91,5,12664,1
25196,11,3,11066,0
25197,13,9,19231,1
25198,232,9,26049,1
25199,146,5,10253,0
25200,29,7,20436,1
25201,486,4,10139,0
25202,815,2,7724,0
25203,55,6,17071,1
25204,708,5,11783,0
25205,737,2,2252,0
25206,271,2,820,0
25207,567,4,9694,0
25208,114,4,13347,0
25209,279,4,9249,0
25210,280,4,9693,0
25211,80,9,29294,1
25212,443,4,11503,0
25213,627,4,13844,0
25214,227,5,12919,0
25215,520,3,10665,0
25216,13,5,10522,0
25217,201,4,13095,0
25218,456,4,15158,0
25219,280,3,3814,0
25220,38,4,9075,0
25221,160,4,10017,0
25222,18,7,17901,1
25223,9,5,11185,1
25224,371,4,12903,0
25225,327,4,7706,0
25226,18,8,22482,1
25227,132,2,3912,0
25228,392,2,6066,0
25229,37,4,11759,0
25230,111,4,13203,0
25231,31,5,12707,1
25232,14,4,12891,0
25233,409,3,7023,0
25234,278,5,13635,0
25235,212,6,19078,1
25236,79,8,28934,1
25237,434,4,11013,0
25238,466,2,3333,0
25239,92,3,2898,0
25240,163,3,11044,0
25241,202,4,12243,0
25242,1072,2,8442,0
25243,293,4,14093,0
25244,11,8,20781,1
25245,760,3,6921,0
25246,152,5,16947,1
25247,580,6,18104,1
25248,8,5,18598,1
25249,70,7,12227,1
25250,435,3,10717,0
25251,449,5,10253,0
25252,130,9,24148,1
25253,734,2,5744,0
25254,448,2,4605,0
25255,522,4,14971,0
25256,114,5,13171,1
25257,55,4,12745,0
25258,167,3,9178,0
25259,28,6,15275,1
25260,79,7,19826,1
25261,338,3,7026,0
25262,7,7,18313,1
25263,226,6,10825,0
25264,103,5,13843,1
25265,301,6,16095,1
25266,33,4,12516,0
25267,281,3,8204,0
25268,373,5,15084,0
25269,33,6,21238,1
25270,710,3,4170,0
25271,320,5,15420,0
25272,543,4,7771,0
25273,451,5,8389,0
25274,127,10,34640,1
25275,842,2,6353,0
25276,145,9,22907,1
25277,251,6,20730,1
25278,600,5,9631,0
25279,232,1,4765,0
25280,833,1,4880,0
25281,1,10,30103,1
25282,853,2,5993,0
25283,32,6,11415,1
25284,60,5,16135,1
25285,744,5,15719,0
25286,478,6,15698,1
25287,58,3,5914,0
25288,508,1,1945,0
25289,3,6,20331,1
25290,250,8,29485,1
25291,441,3,10969,0
25292,109,7,14463,1
25293,216,5,12274,0
25294,157,4,12513,0
25295,49,9,24805,1
25296,291,2,675,0
25297,206,7,20701,1
25298,364,3,11083,0
25299,145,4,9770,0
25300,215,6,12944,1
25301,718,2,7345,0
25302,250,3,3535,0
25303,1019,6,11507,0
25304,243,3,6050,0
25305,378,5,12801,0
25306,111,9,22041,1
25307,905,2,6352,0
25308,13,6,17630,1
25309,166,7,21004,1
25310,268,5,15667,1
25311,56,5,8289,0
25312,362,4,14489,0
25313,231,3,8302,0
25314,467,4,12736,0
25315,217,6,17288,1
25316,187,3,8354,0
25317,216,8,12337,1
25318,422,7,14480,1
25319,2,7,23130,1
25320,106,3,8680,0
25321,142,9,26705,1
25322,112,3,8714,0
25323,297,5,9087,0
25324,24,4,10448,0
25325,52,9,23428,1
25326,580,1,3330,0
25327,350,6,16202,1
25328,44,12,34629,1
25329,1,10,33353,1
25330,208,6,19075,1
25331,228,2,3897,0
25332,358,5,14572,0
25333,1286,1,2858,0
25334,26,7,20917,1
25335,100,6,9714,1
25336,357,4,11152,0
25337,76,5,8286,0
25338,374,7,14361,1
25339,687,3,4522,0
25340,337,3,3926,0
25341,95,7,25067,1
25342,633,6,17814,1
25343,375,6,14426,1
25344,27,7,16726,1
25345,445,5,11036,0
25346,858,3,5874,0
25347,239,5,16898,1
25348,92,6,18271,1
25349,16,5,11187,1
25350,157,4,14277,0
25351,50,6,12731,1
25352,32,5,16492,1
25353,181,7,17697,1
25354,156,9,27643,1
25355,47,8,21429,1
25356,52,8,15876,1
25357,10,3,7040,0
25358,9,5,11618,1
25359,343,6,9809,0
25360,142,8,30074,1
25361,4,5,10872,0
25362,701,3,10185,0
25363,364,6,17416,1
25364,119,5,20606,1
25365,280,6,14028,1
25366,146,8,24246,1
25367,452,2,5652,0
25368,190,8,27537,1
25369,172,4,10598,0
25370,49,8,18513,1
25371,343,2,3022,0
25372,73,3,4640,0
25373,31,7,17892,1
25374,67,3,8385,0
25375,133,7,17657,1
25376,754,2,6127,0
25377,57,11,34397,1
25378,91,4,11954,0
25379,171,3,11058,0
25380,129,1,596,0
25381,262,6,20481,1
25382,64,5,14532,1
25383,152,4,17567,1
25384,501,2,7616,0
25385,178,3,10231,0
25386,179,5,13222,0
25387,44,4,15176,1
25388,377,7,15357,1
25389,250,9,30588,1
25390,404,1,2492,0
25391,121,3,10875,0
25392,204,4,12181,0
25393,95,6,13916,1
25394,37,4,10371,0
25395,15,9,15335,1
25396,699,1,4916,0
25397,16,4,12911,0
25398,174,8,17140,1
25399,291,3,10510,0
25400,67,5,16547,1
25401,680,1,1742,0
25402,226,13,28893,1
25403,237,3,7790,0
25404,63,10,20722,1
25405,36,6,11480,1
25406,133,5,14236,1
25407,229,1,579,0
25408,15,7,18470,1
25409,54,5,11789,1
25410,307,4,7712,0
25411,36,7,26222,1
25412,252,5,16993,1
25413,434,5,14864,0
25414,5,6,11723,1
25415,77,6,13141,1
25416,113,4,14172,0
25417,12,7,19073,1
25418,494,7,13834,1
25419,7,4,8365,0
25420,1158,1,1665,0
25421,483,5,12461,0
25422,82,7,17208,1
25423,203,7,15811,1
25424,792,2,7811,0
25425,348,6,17156,1
25426,151,4,8939,0
25427,298,6,23088,1
25429,415,3,8209,0
25430,28,3,8213,0
25431,26,8,16692,1
25432,697,4,13756,0
25433,480,6,18029,1
25434,68,7,15048,1
25435,326,5,14228,0
25436,66,11,33003,1
25437,836,3,6119,0
25438,26,5,9603,0
25439,166,4,14411,0
25440,284,3,4227,0
25441,287,5,10993,0
25442,388,5,5129,0
25443,30,4,12512,0
25444,882,3,10960,0
25445,274,5,16285,1
25446,108,6,26461,1
25447,177,2,7825,0
25448,1350,1,582,0
25449,103,7,19028,1
25450,28,7,18546,1
25451,130,7,15671,1
25452,241,5,18070,1
25453,121,8,15401,1
25454,8,2,7397,0
25455,153,9,31429,1
25456,370,8,15950,1
25457,220,9,22619,1
25458,43,5,8727,0
25459,104,9,15824,1
25460,76,8,12784,1
25461,24,5,11926,1
25462,315,3,4401,0
25463,140,6,18801,1
25464,11,8,22203,1
25465,29,5,12151,1
25466,316,3,7798,0
25467,271,5,18410,1
25468,73,2,1992,0
25469,1003,2,10006,0
25470,314,2,7848,0
25471,380,8,18487,1
25472,337,4,9827,0
25473,164,7,14808,1
25474,246,4,7885,0
25475,118,8,22649,1
25476,108,3,10608,0
25477,134,3,6095,0
25478,218,5,13637,0
25479,1019,3,12607,0
25480,36,5,9198,0
25481,50,4,10987,0
25482,116,4,10371,0
25483,356,6,18205,1
25484,30,8,19170,1
25485,25,12,26838,1
25487,290,7,21678,1
25488,47,3,10621,0
25489,288,3,7689,0
25490,239,3,11062,0
25491,524,3,6636,0
25492,713,2,4598,0
25493,3,6,20105,1
25494,424,6,12846,0
25495,86,6,19389,1
25496,928,5,15822,0
25497,232,5,11587,0
25498,16,3,1952,0
25499,463,4,11993,0
25500,274,1,1242,0
25501,158,10,26403,1
25502,528,7,14309,1
25503,573,4,12733,0
25504,169,2,6700,0
25505,191,6,19588,1
25506,40,2,2151,0
25507,3,2,5269,0
25508,542,5,9582,0
25509,790,4,8817,0
25510,223,4,12942,0
25511,212,4,11003,0
25512,300,5,13038,0
25514,117,7,15654,1
25515,178,7,17586,1
25516,327,7,15266,1
25517,75,2,4745,0
25518,427,8,20725,1
25519,16,9,16641,1
25520,60,5,17075,1
25521,18,5,17460,1
25522,219,4,7408,0
25523,649,8,17585,1
25524,123,5,13876,1
25525,119,5,18346,1
25526,127,8,15187,1
25527,256,3,13059,0
25528,162,6,17450,1
25529,989,4,13128,0
25530,6,3,7241,0
25531,559,2,7387,0
25532,230,7,11492,1
25533,37,6,13872,1
25534,290,5,14868,0
25535,299,6,15871,1
25536,245,5,11023,0
25537,536,3,5726,0
25538,349,7,14739,1
25539,169,4,7681,0
25540,359,5,11755,0
25541,9,4,13816,0
25542,464,4,15378,0
25543,829,2,3533,0
25544,124,9,20524,1
25545,486,5,15943,0
25546,45,5,15321,1
25547,314,3,10954,0
25548,225,4,15523,0
25549,496,3,10059,0
25550,29,4,15570,1
25551,413,3,9348,0
25552,154,3,11371,0
25553,533,2,5732,0
25554,110,6,17259,1
25555,618,4,16239,0
25556,46,5,14541,1
25557,169,3,10948,0
25558,141,6,19173,1
25559,99,5,10795,0
25560,199,5,16918,1
25561,97,12,35042,1
25562,201,5,8860,0
25563,282,4,12244,0
25564,120,5,13321,1
25565,11,2,3906,0
25566,545,5,12853,0
25567,115,5,11762,0
25568,151,8,23739,1
25569,478,5,8466,0
25570,403,4,7271,0
25571,196,9,20148,1
25572,888,2,5633,0
25573,492,5,12344,0
25574,9,10,29933,1
25575,41,5,12990,1
25576,273,3,8716,0
25577,54,8,17729,1
25578,186,6,14872,1
25579,137,4,9527,0
25580,188,5,13304,0
25581,135,6,24053,1
25582,806,1,5162,0
25583,154,5,13326,1
25584,72,4,10264,0
25585,8,8,17941,1
25586,34,7,16172,1
25587,377,5,11239,0
25588,55,3,8207,0
25589,98,4,5064,0
25590,126,8,27133,1
25591,6,5,17837,1
25592,188,6,20822,1
25593,19,3,10222,0
25594,182,4,11866,0
25595,824,3,13159,0
25596,523,4,12187,0
25597,88,8,20729,1
25598,490,3,11265,0
25599,152,7,18465,1
25600,237,5,16935,1
25601,19,7,21379,1
25602,179,2,2990,0
25603,125,2,3815,0
25604,230,7,23421,1
25605,702,3,6727,0
25606,458,10,30636,1
25607,297,7,12211,1
25608,585,5,11782,0
25609,243,5,12548,0
25610,55,9,29374,1
25611,521,7,19748,1
25612,64,6,21241,1
25613,586,3,6659,0
25614,150,2,5924,0
25615,344,8,17585,1
25616,240,4,7211,0
25617,153,2,6829,0
25618,43,8,19601,1
25619,161,4,11588,0
25620,229,8,22366,1
25621,48,2,6662,0
25622,423,3,7889,0
25623,341,5,11341,0
25624,273,3,10662,0
25625,63,4,10472,0
25626,874,2,8991,0
25627,73,3,8699,0
25628,662,5,12825,0
25629,178,8,14609,1
25630,147,7,25313,1
25631,120,7,21623,1
25632,160,4,12261,0
25633,612,7,17957,1
25634,418,2,7781,0
25635,202,6,14070,1
25636,37,3,12215,0
25637,7,5,13501,1
25638,226,5,13795,0
25639,691,1,835,0
25640,145,6,23923,1
25641,130,4,6524,0
25642,65,8,26907,1
25643,235,6,15395,1
25644,331,5,13724,0
25645,124,9,29928,1
25646,266,6,17527,1
25647,56,5,16410,1
25648,368,6,11785,0
25649,61,6,16110,1
25650,161,6,14592,1
25651,37,5,16399,1
25652,226,5,9980,0
25653,246,7,15448,1
25654,303,4,13913,0
25655,136,3,3751,0
25656,417,5,14778,0
25657,73,6,12804,1
25658,15,12,33262,1
25659,9,6,10555,1
25660,773,1,2957,0
25661,46,11,25233,1
25662,46,6,15153,1
25663,41,6,12724,1
25664,33,7,19559,1
25665,234,3,5919,0
25666,37,6,20935,1
25667,53,11,36286,1
25668,157,4,14210,0
25669,725,4,9112,0
25670,100,5,16117,1
25671,225,5,12408,0
25672,214,3,7266,0
25673,671,5,7765,0
25674,574,3,8890,0
25675,129,7,17865,1
25676,122,3,7419,0
25677,154,6,14082,1
25678,740,6,12276,0
25679,167,4,12025,0
25680,59,8,19702,1
25681,164,2,5458,0
25682,234,3,5811,0
25683,46,6,22184,1
25684,436,9,22639,1
25685,22,3,12713,0
25686,1010,2,8548,0
25687,904,2,6373,0
25688,403,5,4243,0
25689,406,4,14314,0
25690,555,6,7957,0
25691,296,3,8920,0
25692,291,4,8360,0
25693,22,3,11744,0
25694,238,7,21633,1
25695,37,6,14552,1
25696,162,5,10386,0
25697,101,6,15348,1
25698,145,6,18698,1
25699,61,4,14865,0
25700,145,9,30345,1
25701,431,2,3386,0
25702,272,4,8954,0
25703,27,6,13174,1
25704,113,6,9470,1
25705,138,10,28189,1
25706,25,11,30165,1
25707,366,3,5718,0
25708,283,11,24772,1
25709,49,7,13642,1
25710,155,4,9514,0
25711,595,3,5100,0
25712,32,6,13310,1
25713,24,6,14356,1
25714,168,7,23777,1
25715,59,7,27875,1
25716,284,3,7505,0
25717,148,3,6110,0
25718,328,3,8105,0
25719,84,2,3545,0
25720,71,4,12563,0
25722,52,10,34782,1
25723,7,8,21761,1
25724,28,5,22126,1
25725,207,8,25555,1
25726,35,6,18587,1
25727,918,1,3044,0
25728,426,7,21043,1
25729,815,4,13962,0
25730,6,5,11567,1
25731,4,6,18463,1
25732,154,4,12912,0
25733,273,6,11453,0
25734,121,1,2725,0
25735,891,2,6043,0
25736,150,9,26042,1
25737,810,4,9662,0
25738,747,4,10617,0
25739,167,5,12090,0
25740,195,9,26800,1
25741,48,6,17355,1
25742,63,3,10336,0
25743,24,5,16180,1
25744,352,4,9694,0
25745,573,3,8181,0
25746,25,3,9499,0
25747,6,4,15551,1
25748,31,3,7440,0
25749,445,4,11740,0
25750,615,6,20075,1
25751,371,2,4389,0
25752,438,5,12716,0
25753,144,6,17707,1
25754,21,5,16886,1
25755,246,6,19312,1
25756,162,1,1073,0
25757,20,9,23770,1
25758,332,6,13598,1
25759,252,4,5211,0
25760,30,5,13486,1
25761,33,6,17588,1
25762,147,6,18994,1
25763,345,2,4009,0
25764,42,7,17586,1
25765,67,8,19778,1
25766,709,7,18603,1
25767,274,6,11464,0
25768,172,6,10255,0
25769,233,2,8644,0
25770,161,11,29572,1
25771,353,5,13450,0
25772,221,6,15441,1
25773,428,4,8495,0
25774,21,6,16363,1
25775,116,5,19576,1
25776,643,2,5162,0
25777,387,8,24795,1
25778,811,2,6599,0
25779,9,6,11516,1
25780,72,8,17598,1
25781,106,5,10720,0
25782,28,7,22264,1
25783,495,4,12268,0
25784,180,5,16818,1
25785,319,8,20567,1
25786,263,5,16895,1
25787,22,5,14617,1
25788,403,3,9085,0
25789,7,4,11083,0
25790,496,4,13597,0
25791,44,5,16646,1
25792,346,3,7885,0
25793,21,7,23006,1
25794,101,3,5618,0
25795,125,8,25198,1
25796,43,8,14190,1
25797,201,5,14631,1
25798,198,8,26771,1
25799,41,3,4152,0
25800,295,5,11116,0
25801,120,7,19294,1
25802,124,3,8904,0
25803,20,8,17997,1
25804,33,4,11866,0
25805,588,4,7248,0
25806,1202,1,3853,0
25807,436,2,9312,0
25808,234,6,13263,1
25809,109,7,17124,1
25810,19,7,16234,1
25811,724,4,10676,0
25812,2,10,16624,1
25813,202,4,15287,0
25814,161,8,24266,1
25815,350,3,7120,0
25816,1291,1,4643,0
25817,142,2,5905,0
25818,30,4,11975,0
25819,659,5,4732,0
25820,689,3,7007,0
25821,136,3,8123,0
25822,101,5,11565,0
25823,93,2,6419,0
25824,259,3,3862,0
25825,118,10,26089,1
25826,198,4,9147,0
25827,94,3,8840,0
25828,281,2,8350,0
25829,1083,1,4056,0
25830,137,7,16059,1
25831,146,8,21888,1
25832,494,4,5880,0
25833,234,6,16051,1
25834,53,5,19443,1
25835,68,5,11994,1
25836,631,5,10042,0
25837,8,3,5861,0
25838,44,8,12377,1
25839,92,6,13827,1
25840,294,5,12872,0
25841,1239,2,1206,0
25842,120,5,18124,1
25843,126,5,11618,0
25844,135,7,16211,1
25845,385,3,12429,0
25846,278,7,26605,1
25847,92,5,15949,1
25848,26,4,10521,0
25849,655,3,12925,0
25850,284,1,3113,0
25851,9,6,7840,0
25852,139,9,22721,1
25853,78,4,14130,0
25854,52,8,23680,1
25855,598,1,3940,0
25856,292,7,14317,1
25857,29,8,15457,1
25858,8,3,5273,0
25859,95,3,9308,0
25860,902,2,5444,0
25861,75,6,22877,1
25862,19,8,30796,1
25863,70,5,17297,1
25864,216,9,21917,1
25865,196,6,16536,1
25866,119,7,18463,1
25867,61,6,14968,1
25868,11,6,15284,1
25869,839,4,11306,0
25870,549,3,7606,0
25871,400,6,16347,1
25872,117,6,13239,1
25873,260,4,11999,0
25874,617,4,12266,0
25875,201,8,19945,1
25876,626,1,1474,0
25877,87,4,12007,0
25878,93,4,9951,0
25879,501,3,10044,0
25880,38,1,995,0
25881,348,4,15416,0
25882,321,4,12634,0
25883,22,6,13415,1
25884,960,1,2704,0
25885,51,6,15696,1
25886,179,4,8887,0
25887,11,2,2923,0
25888,5,6,18547,1
25889,599,3,5076,0
25890,54,5,17894,1
25891,168,9,28079,1
25892,96,3,11212,0
25893,396,7,16832,1
25894,282,6,15807,1
25895,597,4,6625,0
25896,365,6,13326,1
25897,210,4,11160,0
25898,76,4,13080,0
25899,60,5,13921,1
25900,190,7,16909,1
25901,210,8,24406,1
25902,293,4,8159,0
25903,103,2,4219,0
25904,309,1,1933,0
25905,65,3,11863,0
25906,2,7,24350,1
25907,466,3,11635,0
25908,110,3,4766,0
25909,546,6,24183,1
25910,413,6,15313,1
25911,1121,1,2392,0
25912,506,7,17413,1
25913,125,4,10923,0
25914,448,2,1664,0
25915,76,8,23692,1
25916,363,8,15475,1
25917,131,4,11466,0
25918,296,5,13839,0
25919,459,6,14401,0
25920,326,3,8210,0
25921,917,4,8522,0
25922,38,6,15353,1
25923,138,6,14922,1
25924,518,7,20385,1
25925,243,7,19109,1
25926,145,6,18241,1
25927,699,3,7509,0
25928,55,7,17684,1
25929,126,4,15303,0
25930,453,4,7941,0
25931,350,3,7559,0
25932,531,2,6719,0
25933,188,9,33974,1
25934,36,6,14490,1
25935,505,7,23899,1
25936,729,2,9453,0
25937,222,4,12075,0
25938,184,7,24792,1
25939,791,4,12069,0
25940,284,7,14467,1
25941,695,4,10495,0
25942,113,5,15580,1
25943,326,3,9837,0
25944,156,10,34428,1
25945,342,3,4424,0
25946,181,10,22986,1
25947,185,5,18443,1
25948,305,2,5032,0
25949,781,10,17031,1
25950,27,7,18900,1
25951,73,5,11057,0
25952,218,5,16044,1
25953,321,6,19649,1
25954,317,5,19044,1
25955,8,5,18066,1
25956,21,6,11516,1
25957,20,4,13892,0
25958,67,2,6089,0
25959,414,4,10662,0
25960,469,3,4870,0
25961,546,2,5589,0
25962,351,2,7958,0
25963,271,5,12217,0
25964,445,6,14449,0
25965,494,6,17101,1
25966,3,10,31322,1
25967,51,6,12254,1
25968,162,5,20791,1
25969,422,3,12124,0
25970,293,3,10217,0
25971,582,2,2404,0
25972,31,4,7851,0
25973,281,2,2827,0
25974,442,6,21147,1
25975,123,6,16796,1
25976,36,3,4358,0
25977,137,7,20584,1
25978,722,6,16985,0
25979,1,4,6082,0
25980,712,4,9192,0
25981,744,1,1179,0
25982,43,7,21165,1
25983,6,4,8687,0
25984,111,6,15258,1
25985,549,7,24353,1
25986,145,6,18009,1
25987,152,4,6965,0
25988,288,6,12776,1
25989,154,3,5509,0
25990,58,6,11595,1
25991,146,9,29417,1
25992,756,3,10362,0
25993,40,2,5597,0
25994,186,5,14898,1
25995,399,4,11478,0
25996,15,7,21076,1
25997,547,3,10164,0
25998,36,4,4787,0
25999,27,8,20054,1
26000,565,7,15993,1
26001,299,6,12659,1
26002,23,9,24418,1
26003,6,3,8275,0
26004,193,4,10068,0
26005,95,5,13254,1
26006,403,6,11372,0
26007,1006,3,11558,0
26008,104,8,23295,1
26009,80,3,11045,0
26010,58,5,14947,1
26011,389,7,18799,1
26012,138,4,4224,0
26013,168,6,22422,1
26014,150,7,17303,1
26015,1047,3,9017,0
26016,8,6,23784,1
26017,3,3,8301,0
26018,587,4,13550,0
26019,432,4,11450,0
26020,257,5,16723,1
26021,117,6,16969,1
26022,331,7,19131,1
26023,170,3,4312,0
26024,363,2,7600,0
26025,140,2,3345,0
26026,236,5,10077,0
26027,7,6,26233,1
26028,9,7,18159,1
26029,605,3,5791,0
26031,80,5,17609,1
26032,56,5,10931,0
26033,548,4,14929,0
26034,63,5,10781,0
26035,608,6,13676,0
26036,345,5,7818,0
26037,346,5,11863,0
26038,15,6,16081,1
26039,586,7,17329,1
26040,247,5,7774,0
26041,472,5,17193,0
26042,799,3,5307,0
26043,538,2,6347,0
26044,548,2,6751,0
26045,131,6,17035,1
26046,51,10,27602,1
26047,163,5,14059,1
26048,111,4,9544,0
26049,1253,1,5284,0
26050,249,5,12544,0
26051,67,5,5953,0
26052,4,7,25576,1
26053,116,10,28177,1
26054,228,6,11348,1
26055,299,5,11000,0
26056,174,6,20350,1
26057,428,8,22764,1
26058,563,2,5527,0
26059,78,8,16031,1
26060,16,8,26873,1
26061,84,5,17791,1
26062,816,3,5909,0
26063,245,9,26648,1
26064,44,8,20732,1
26065,43,4,13440,0
26066,477,2,2016,0
26067,130,5,17179,1
26068,543,3,5869,0
26070,139,10,27354,1
26071,952,1,1472,0
26072,183,5,17416,1
26073,186,1,2373,0
26074,210,4,6344,0
26075,203,8,30091,1
26076,99,5,12337,0
26077,663,3,13374,0
26078,90,7,14534,1
26079,256,6,15878,1
26080,132,7,17562,1
26081,213,5,3386,0
26082,104,4,12874,0
26083,312,2,2633,0
26084,114,4,10539,0
26085,477,4,9826,0
26086,524,6,12851,0
26087,95,1,2224,0
26088,855,3,9003,0
26089,163,9,19651,1
26090,248,7,17858,1
26091,289,4,9156,0
26092,23,8,16384,1
26093,151,3,6056,0
26094,428,2,3905,0
26095,174,8,18958,1
26096,410,2,5050,0
26097,108,7,19197,1
26098,180,3,12702,0
26099,100,3,7419,0
26100,831,1,3867,0
26101,118,10,25441,1
26102,171,4,6091,0
26103,110,6,9635,1
26104,483,4,14349,0
26105,112,7,21817,1
26106,277,7,19261,1
26107,70,4,9187,0
26108,50,4,11792,0
26109,238,10,32761,1
26110,665,3,11347,0
26111,501,6,17352,1
26112,114,6,14891,1
26113,1,4,9646,0
26114,180,4,10613,0
26115,293,3,6435,0
26116,333,5,11523,0
26117,135,8,24640,1
26118,34,6,15813,1
26119,530,1,4696,0
26120,190,11,34458,1
26121,276,3,10130,0
26122,24,4,8873,0
26123,76,8,31190,1
26124,330,6,18361,1
26125,724,2,3938,0
26126,191,6,18731,1
26127,738,5,9009,0
26128,371,5,12347,0
26129,423,4,14136,0
26130,992,3,7545,0
26131,158,6,16557,1
26132,3,8,21322,1
26133,270,11,24087,1
26134,225,4,6515,0
26135,182,3,11405,0
26136,34,9,21137,1
26137,234,6,19093,1
26138,6,8,25803,1
26139,680,3,5745,0
26140,736,2,9694,0
26141,872,4,16209,0
26142,334,3,11817,0
26143,473,5,15471,0
26144,369,5,11767,0
26145,195,9,17123,1
26146,125,6,12111,1
26147,535,4,6385,0
26148,95,7,22853,1
26149,54,6,10873,1
26150,875,2,8394,0
26151,473,3,3811,0
26152,67,8,18033,1
26153,213,5,12899,0
26154,218,5,8608,0
26155,6,1,3644,0
26156,819,5,16594,0
26157,158,5,11362,0
26158,507,5,9246,0
26159,578,4,8518,0
26160,561,4,9979,0
26161,531,3,12038,0
26162,2,11,37371,1
26163,156,6,18176,1
26164,399,3,11580,0
26165,235,5,14970,1
26166,104,5,19187,1
26167,35,6,9989,1
26168,95,4,13145,0
26169,108,5,12767,1
26170,350,5,15448,0
26171,908,3,9984,0
26172,456,5,10555,0
26173,34,5,16777,1
26174,186,4,8871,0
26175,406,6,20072,1
26176,156,7,22505,1
26177,18,3,6971,0
26178,22,4,13180,0
26179,125,6,17760,1
26180,905,7,17149,0
26181,148,3,9257,0
26182,41,5,12950,1
26183,137,7,18112,1
26184,535,8,16577,1
26185,146,5,15729,1
26186,165,8,20534,1
26187,177,5,12972,0
26188,402,3,9959,0
26189,51,4,9402,0
26190,268,7,18959,1
26191,402,1,1869,0
26192,485,7,20075,1
26193,57,9,27801,1
26194,259,6,6596,0
26195,312,8,19244,1
26196,627,6,12629,0
26197,347,5,13675,0
26198,271,6,13949,1
26199,156,6,13130,1
26200,612,3,8483,0
26201,247,9,24839,1
26202,219,3,6155,0
26203,366,6,10903,0
26204,156,10,28004,1
26205,49,9,24015,1
26206,172,4,9138,0
26207,913,5,9743,0
26208,216,6,8731,0
26209,263,5,12598,0
26210,106,5,16356,1
26211,991,3,8455,0
26212,40,8,19693,1
26213,144,4,16078,0
26214,24,8,26682,1
26215,244,6,12984,1
26216,275,3,8943,0
26217,260,9,25235,1
26218,289,3,11681,0
26219,97,4,8700,0
26220,51,10,25837,1
26221,110,10,23879,1
26222,363,4,14212,0
26223,465,5,14624,0
26224,260,4,11252,0
26225,93,9,23616,1
26226,99,3,5183,0
26227,890,2,3239,0
26228,173,5,15486,1
26229,70,8,25828,1
26230,397,6,16815,1
26231,25,5,17943,1
26232,199,3,11302,0
26233,387,4,10003,0
26234,345,7,20913,1
26235,464,3,4237,0
26236,152,3,7786,0
26237,179,4,10198,0
26238,513,5,10932,0
26239,197,5,18035,1
26240,88,10,29923,1
26241,14,2,4799,0
26242,128,9,30062,1
26243,532,4,10526,0
26244,116,7,23238,1
26245,2,9,27059,1
26246,115,8,19711,1
26247,125,5,13183,1
26248,388,5,10010,0
26249,70,4,7187,0
26250,155,7,18346,1
26251,685,3,4367,0
26252,68,9,17881,1
26253,48,5,11259,0
26254,25,6,24027,1
26255,23,2,6024,0
26256,179,3,7897,0
26257,284,9,21517,1
26258,218,5,11323,0
26259,554,3,9746,0
26260,106,4,11435,0
26261,39,3,3370,0
26262,244,4,5808,0
26263,133,6,24479,1
26264,433,3,6699,0
26265,685,2,5574,0
26266,14,10,23658,1
26267,125,4,9226,0
26268,185,9,23227,1
26269,121,4,12124,0
26270,123,6,11724,1
26271,135,5,5454,0
26272,280,3,6923,0
26273,29,12,37404,1
26274,101,6,18445,1
26275,173,3,8566,0
26276,91,7,15041,1
26277,112,4,11981,0
26278,218,6,20556,1
26279,221,5,11171,0
26280,632,2,3647,0
26281,284,8,30869,1
26282,123,3,6165,0
26283,75,6,12993,1
26284,249,5,15622,1
26285,164,3,9098,0
26286,73,7,15131,1
26287,376,5,13850,0
26288,188,3,8820,0
26289,20,6,15933,1
26290,48,4,11950,0
26291,84,6,14062,1
26292,21,8,15567,1
26293,137,8,24117,1
26294,140,6,17779,1
26295,429,6,18510,1
26296,17,7,25728,1
26297,325,6,15781,1
26298,317,3,11387,0
26299,236,1,3319,0
26300,103,4,5776,0
26301,260,5,13149,0
26302,594,3,3330,0
26303,285,4,6786,0
26304,575,3,9881,0
26305,707,2,2165,0
26306,6,4,3934,0
26307,325,3,10525,0
26308,63,6,19262,1
26309,254,3,11824,0
26310,80,4,4504,0
26311,637,3,12818,0
26312,311,2,5805,0
26313,21,4,15440,1
26314,61,7,20905,1
26315,226,5,16517,1
26316,660,4,10260,0
26317,275,6,16964,1
26318,7,5,10845,0
26319,163,5,15806,1
26320,176,5,14631,1
26321,25,6,18557,1
26322,405,4,11628,0
26323,30,5,11761,1
26324,464,5,12676,0
26325,277,3,8908,0
26326,244,5,16307,1
26327,491,3,3702,0
26328,320,13,37519,1
26329,256,4,11163,0
26330,40,11,32902,1
26331,102,5,16765,1
26332,292,4,8149,0
26333,102,9,25053,1
26334,45,7,18887,1
26335,111,8,20754,1
26336,612,8,14102,1
26337,123,4,7672,0
26338,177,5,15276,1
26339,114,4,13567,0
26340,193,7,21524,1
26341,468,4,6821,0
26342,125,6,14827,1
26343,360,2,2636,0
26345,192,5,12334,0
26346,889,4,10385,0
26347,462,7,21299,1
26349,574,2,2559,0
26350,85,4,8088,0
26351,32,8,21674,1
26352,388,1,3453,0
26353,180,4,9877,0
26354,307,5,13346,0
26355,93,8,24375,1
26356,17,4,13910,0
26357,29,4,12526,0
26358,12,7,16067,1
26359,7,6,16947,1
26360,79,6,15794,1
26361,284,5,12643,0
26362,210,4,7279,0
26363,188,4,8674,0
26364,262,2,6234,0
26365,211,11,30451,1
26366,204,4,14282,0
26367,886,3,4973,0
26368,21,7,24467,1
26369,221,3,9375,0
26370,40,7,18358,1
26371,256,5,11489,0
26372,838,3,12497,0
26373,839,4,7395,0
26374,530,3,6163,0
26375,82,10,27063,1
26376,10,5,13401,1
26377,785,1,3180,0
26378,184,2,728,0
26379,210,6,16012,1
26380,24,7,13622,1
26381,35,3,13995,0
26382,518,3,8339,0
26383,400,5,18064,1
26384,70,6,14852,1
26385,109,6,16659,1
26386,429,6,15286,1
26387,57,3,4847,0
26388,67,4,6787,0
26389,212,6,16219,1
26390,103,5,13410,1
26391,134,5,20264,1
26392,197,4,9201,0
26393,390,2,4515,0
26394,210,3,10576,0
26395,298,3,12894,0
26396,244,5,16071,1
26397,208,4,9700,0
26398,348,6,12367,0
26399,312,8,23774,1
26400,25,5,16125,1
26401,104,4,13200,0
26403,11,10,22724,1
26404,202,4,13623,0
26405,480,5,13824,0
26406,7,10,30562,1
26407,263,3,8938,0
26408,199,7,19793,1
26409,578,2,782,0
26410,218,6,9825,0
26411,434,3,7632,0
26412,88,3,6763,0
26413,1,6,11262,1
26414,36,6,22270,1
26415,203,7,17336,1
26416,665,2,3897,0
26417,188,3,4744,0
26418,76,4,9379,0
26419,1,4,9372,0
26420,68,3,4683,0
26421,57,7,22521,1
26422,317,4,9968,0
26423,100,6,26381,1
26424,389,3,9940,0
26425,29,9,31939,1
26426,253,6,10603,0
26427,293,4,9037,0
26428,30,7,29074,1
26429,408,7,18575,1
26430,572,5,9941,0
26431,345,3,4337,0
26432,93,7,13704,1
26433,294,6,15461,1
26434,100,6,17404,1
26435,68,5,18923,1
26436,157,4,8670,0
26437,8,3,4644,0
26438,128,7,13301,1
26439,280,4,14228,0
26440,266,3,9322,0
26441,143,5,19079,1
26442,366,6,14326,1
26443,206,3,7049,0
26444,356,5,11039,0
26445,469,2,6265,0
26446,438,4,7841,0
26447,36,4,17301,1
26448,88,4,10591,0
26449,53,5,9105,0
26450,285,3,9222,0
26451,303,3,4641,0
26452,171,3,10298,0
26453,621,7,18191,1
26454,46,5,13659,1
26455,35,4,14347,0
26456,39,10,24589,1
26457,256,8,20099,1
26458,572,5,11760,0
26459,48,6,16674,1
26460,131,5,10082,0
26461,487,2,6231,0
26462,100,6,17359,1
26463,67,6,14455,1
26464,324,4,5950,0
26465,964,3,7139,0
26466,1,2,4373,0
26467,355,2,5465,0
26468,132,4,13930,0
26469,180,4,11874,0
26470,189,4,13384,0
26471,11,5,19260,1
26472,951,1,334,0
26473,721,1,1590,0
26474,499,4,10808,0
26475,63,9,24295,1
26476,45,6,16589,1
26477,1297,1,3460,0
26478,124,4,11186,0
26479,38,9,26774,1
26480,893,1,3438,0
26481,143,6,13956,1
26482,82,4,3753,0
26483,703,2,2863,0
26484,160,8,13458,1
26485,309,4,14130,0
26486,250,4,10186,0
26487,158,4,16559,1
26488,132,3,8575,0
26489,186,13,32159,1
26490,583,5,10018,0
26491,265,5,14238,0
26492,870,2,5567,0
26493,1164,3,9262,0
26494,66,2,4459,0
26495,202,6,17776,1
26496,370,2,3262,0
26497,567,7,12565,0
26498,241,4,11053,0
26499,34,2,7072,0
26500,992,2,5744,0
26501,331,5,18810,1
26502,567,4,13928,0
26503,150,7,25493,1
26504,27,4,14245,0
26505,279,4,13365,0
26506,459,3,9475,0
26507,56,7,12501,1
26508,58,3,6660,0
26509,198,6,8678,0
26510,430,2,2543,0
26511,685,3,10550,0
26512,132,6,12580,1
26513,25,5,9942,0
26514,136,5,11872,0
26515,65,9,24475,1
26516,685,8,23807,1
26517,149,7,19969,1
26518,268,5,8951,0
26519,35,5,9333,0
26520,141,3,13860,0
26521,189,7,16769,1
26522,122,5,19085,1
26523,776,1,2532,0
26524,1,6,20637,1
26525,47,4,13793,0
26526,354,4,11541,0
26527,397,8,26416,1
26528,315,6,12405,0
26529,241,6,16099,1
26530,251,5,12698,0
26531,110,5,18208,1
26532,37,7,18235,1
26533,113,7,26303,1
26534,157,2,9078,0
26535,30,10,34783,1
26536,20,5,10819,0
26537,133,5,9179,0
26538,18,5,15031,1
26539,75,5,15921,1
26540,720,3,11366,0
26541,380,9,26898,1
26542,95,5,11577,0
26543,76,2,5633,0
26544,70,6,14611,1
26545,686,6,22462,1
26546,105,7,15644,1
26547,64,3,3261,0
26548,20,4,12441,0
26549,477,3,11275,0
26550,74,6,11684,1
26552,69,11,34342,1
26553,168,6,15576,1
26554,290,3,8708,0
26555,222,3,12157,0
26556,636,3,8459,0
26557,149,5,15148,1
26558,247,5,13895,0
26559,433,7,11986,1
26560,11,10,32415,1
26561,800,1,4802,0
26562,52,5,14217,1
26563,243,6,11439,0
26564,164,6,21810,1
26565,76,2,8397,0
26566,240,5,11839,0
26567,461,2,9310,0
26568,94,4,12327,0
26569,95,4,13654,0
26570,244,6,21548,1
26571,106,6,17426,1
26572,206,4,14440,0
26573,860,6,20748,0
26574,387,4,6143,0
26575,1077,4,15977,0
26576,99,5,13146,1
26577,428,7,22009,1
26578,424,2,7083,0
26579,13,5,9779,0
26580,114,9,27160,1
26581,9,4,10886,0
26582,52,4,13109,0
26583,144,5,9119,0
26584,236,4,14301,0
26585,223,6,18856,1
26586,222,4,7965,0
26587,262,4,12604,0
26588,457,3,10879,0
26589,556,5,8608,0
26590,158,5,13570,1
26591,374,3,8587,0
26592,210,5,16718,1
26593,194,5,14628,1
26594,62,6,17587,1
26595,92,8,23208,1
26596,219,2,3643,0
26597,328,7,14448,1
26598,147,5,9478,0
26599,177,7,23118,1
26600,63,6,13684,1
26601,32,7,18883,1
26602,87,6,14195,1
26603,353,3,10197,0
26604,1326,1,2909,0
26605,310,5,13977,0
26606,9,7,11956,1
26607,235,5,13594,0
26608,153,3,6216,0
26609,149,4,15804,0
26610,87,8,23342,1
26611,93,8,21065,1
26612,113,8,20468,1
26613,143,6,14715,1
26614,831,2,4497,0
26615,1,6,18825,1
26616,184,5,6693,0
26617,510,3,2969,0
26618,246,2,1621,0
26619,649,4,16417,0
26620,607,3,7448,0
26621,33,8,25612,1
26622,82,2,3914,0
26623,6,6,18757,1
26624,100,5,13517,1
26625,26,6,15935,1
26626,487,4,8200,0
26627,536,7,14990,1
26628,14,7,19527,1
26629,149,5,18757,1
26630,133,8,20254,1
26631,531,9,28498,1
26632,117,7,25619,1
26633,153,8,28682,1
26634,68,6,16500,1
26635,95,6,21516,1
26636,238,4,12173,0
26637,222,7,12731,1
26638,204,4,12273,0
26639,88,5,9182,0
26640,152,4,11959,0
26641,351,8,18345,1
26642,28,1,320,0
26643,1046,1,490,0
26644,43,5,11403,0
26645,181,4,10839,0
26646,29,7,22522,1
26647,504,5,11950,0
26648,98,3,3631,0
26649,154,3,8582,0
26650,95,4,7159,0
26651,106,9,25056,1
26652,439,4,13891,0
26653,364,3,3420,0
26654,72,6,11374,1
26655,132,5,16922,1
26656,328,7,12588,1
26657,9,5,11984,1
26658,284,7,18915,1
26659,35,5,12699,1
26660,97,5,14115,1
26661,172,8,21458,1
26662,286,7,12335,1
26663,404,3,13115,0
26664,856,1,2101,0
26665,683,2,6109,0
26666,82,7,16183,1
26667,8,7,21935,1
26668,833,4,10802,0
26669,115,1,4611,0
26670,104,8,16069,1
26671,139,6,19275,1
26672,306,6,19862,1
26673,109,9,28036,1
26674,86,5,13426,1
26675,93,5,4972,0
26676,387,5,17399,1
26677,62,6,17885,1
26678,603,4,14143,0
26679,188,9,27399,1
26680,86,6,19401,1
26681,32,6,17857,1
26682,142,6,18771,1
26683,411,8,17266,1
26684,468,7,13605,1
26685,132,6,14444,1
26686,30,6,22459,1
26687,388,3,6796,0
26688,460,6,12168,0
26689,446,3,9369,0
26690,10,4,13120,0
26691,271,5,12328,0
26692,150,4,7996,0
26693,323,1,4991,0
26694,61,8,26473,1
26695,147,8,19641,1
26696,430,6,21532,1
26697,236,7,19834,1
26698,28,7,13771,1
26699,53,7,22904,1
26700,29,3,11262,0
26701,11,5,15335,1
26702,191,3,4847,0
26703,839,2,5929,0
26704,167,5,11114,0
26705,200,8,28347,1
26706,371,4,10595,0
26707,326,9,28952,1
26708,142,4,9952,0
26709,125,5,10157,0
26710,639,3,6900,0
26711,318,6,15003,1
26712,89,4,8190,0
26714,747,2,7683,0
26715,321,5,15524,0
26716,420,6,17899,1
26717,488,5,18241,0
26718,86,5,11318,0
26719,357,3,5252,0
26720,30,7,16608,1
26721,114,2,4185,0
26722,154,6,13693,1
26723,25,7,28947,1
26724,14,8,18821,1
26725,514,2,4600,0
26726,371,3,6873,0
26727,197,7,25062,1
26728,79,5,14511,1
26729,420,2,7915,0
26730,408,5,16104,0
26731,150,6,17437,1
26732,212,6,18988,1
26733,308,5,16831,1
26734,659,4,12583,0
26735,94,5,15837,1
26736,726,3,8741,0
26737,804,3,7062,0
26738,276,2,3448,0
26739,236,5,7590,0
26740,50,6,12470,1
26741,92,11,23140,1
26742,225,6,19383,1
26743,63,11,41711,1
26744,108,3,8852,0
26745,139,3,6799,0
26746,170,4,11093,0
26747,131,6,14930,1
26748,108,10,20068,1
26749,4,8,19574,1
26750,77,9,27133,1
26751,390,3,5608,0
26752,100,1,3633,0
26753,511,4,11005,0
26754,197,5,15607,1
26755,176,3,6700,0
26756,113,6,20753,1
26757,885,2,3518,0
26758,4,3,10479,0
26759,29,2,6402,0
26760,97,11,17999,1
26761,369,5,18017,1
26762,12,5,17980,1
26763,772,2,6107,0
26764,483,5,11372,0
26765,57,4,12604,0
26766,682,4,12252,0
26767,256,2,6999,0
26768,155,7,16421,1
26769,34,4,9771,0
26770,928,1,2957,0
26771,264,9,28117,1
26772,142,7,16937,1
26773,120,8,23562,1
26774,600,4,8894,0
26775,159,5,9814,0
26776,583,3,5504,0
26777,48,3,5144,0
26778,131,4,6284,0
26779,874,2,7087,0
26780,163,5,13324,0
26781,878,3,7004,0
26782,29,5,13851,1
26783,202,9,21772,1
26784,122,5,12572,0
26785,548,6,10795,0
26786,122,2,5422,0
26787,386,7,21118,1
26788,242,5,16684,1
26789,307,3,7668,0
26790,8,5,13464,1
26791,121,4,13619,0
26792,988,4,13033,0
26793,198,5,19162,1
26794,12,6,19601,1
26795,72,4,14498,0
26796,246,6,16514,1
26797,312,3,10331,0
26798,1159,2,4339,0
26799,114,5,12438,0
26800,246,6,22563,1
26801,57,5,10393,0
26802,444,4,9335,0
26803,453,4,7801,0
26804,12,5,13739,1
26805,34,4,9508,0
26806,357,7,22654,1
26807,72,6,5292,0
26808,908,1,4971,0
26809,5,6,10217,1
26810,262,4,15699,0
26811,175,7,17577,1
26812,547,3,5449,0
26813,134,4,10715,0
26814,99,8,17877,1
26815,632,10,26261,1
26816,81,7,20757,1
26817,44,5,16569,1
26818,37,8,30301,1
26819,65,8,14367,1
26820,385,1,2221,0
26821,335,5,14443,0
26822,382,5,15383,0
26823,141,4,13232,0
26824,63,2,3789,0
26825,806,4,9220,0
26826,345,5,7860,0
26827,88,2,6143,0
26828,37,6,11181,1
26829,4,9,26313,1
26830,33,7,12497,1
26831,528,6,9570,0
26832,448,6,15532,1
26833,680,5,17470,0
26834,196,3,9083,0
26835,62,2,10430,0
26836,155,6,21745,1
26837,259,7,21436,1
26838,61,3,7456,0
26839,236,6,10711,0
26840,226,5,14285,0
26841,281,6,14524,1
26842,377,4,9736,0
26843,100,4,12728,0
26844,345,4,11739,0
26845,331,3,9549,0
26846,152,3,10964,0
26847,48,9,27912,1
26848,837,7,24004,1
26849,96,8,18510,1
26850,105,2,3821,0
26851,1087,3,10268,0
26852,220,7,23594,1
26853,580,3,5427,0
26854,63,4,10189,0
26855,103,3,7547,0
26856,368,5,18226,1
26857,68,6,17137,1
26858,428,7,22535,1
26859,611,5,15138,0
26860,97,3,9765,0
26861,9,10,33795,1
26862,440,6,16443,1
26863,176,4,9317,0
26864,178,3,10296,0
26865,1123,1,1825,0
26866,127,9,17571,1
26867,827,6,14347,0
26868,43,3,8146,0
26869,347,3,10017,0
26870,365,1,4102,0
26871,470,1,4581,0
26872,660,1,2366,0
26873,209,5,17545,1
26874,476,4,11839,0
26875,7,7,20002,1
26876,24,4,6600,0
26877,545,4,11517,0
26878,579,8,18530,1
26879,294,3,5613,0
26880,190,2,8865,0
26881,259,5,14742,0
26882,106,7,23839,1
26883,285,6,20038,1
26884,253,5,9639,0
26885,197,2,6963,0
26886,103,5,8223,0
26887,235,4,10453,0
26888,677,5,6593,0
26889,61,6,16008,1
26890,978,2,8758,0
26891,683,2,6014,0
26892,289,3,10248,0
26893,70,5,13234,1
26894,567,6,18529,1
26895,210,4,14277,0
26896,47,8,24462,1
26897,607,3,6082,0
26898,779,2,7707,0
26899,225,8,20540,1
26900,73,4,12100,0
26901,39,5,16083,1
26902,216,2,3823,0
26903,10,9,29410,1
26904,220,5,12906,0
26905,131,5,12959,1
26906,176,4,8896,0
26907,46,7,18175,1
26908,406,3,7036,0
26909,124,4,11134,0
26910,674,7,23040,1
26911,64,6,19006,1
26912,133,11,38523,1
26913,320,5,13614,0
26914,40,5,10106,0
26915,149,7,19802,1
26916,77,3,8637,0
26917,174,6,19635,1
26918,83,4,12389,0
26919,143,7,24750,1
26920,180,5,16013,1
26921,421,2,5170,0
26922,146,4,5054,0
26923,319,5,14985,0
26924,670,4,12332,0
26925,57,8,19872,1
26926,14,3,13553,0
26927,138,5,14668,1
26928,113,10,28088,1
26929,183,7,21161,1
26930,25,5,12139,1
26931,299,6,18460,1
26932,265,2,5115,0
26933,84,5,15331,1
26934,619,3,6119,0
26935,148,7,17861,1
26936,178,6,15074,1
26937,583,4,12913,0
26938,106,5,14564,1
26939,159,7,16708,1
26940,492,3,6084,0
26941,213,6,18615,1
26942,424,3,6817,0
26943,528,3,6238,0
26944,306,4,7464,0
26945,197,2,2635,0
26946,239,3,11631,0
26947,260,3,9465,0
26948,119,3,9110,0
26949,88,8,20052,1
26950,64,5,15932,1
26951,403,5,16380,0
26952,67,8,21849,1
26953,417,5,9585,0
26954,145,7,18277,1
26955,430,6,14347,1
26956,184,3,7580,0
26957,61,8,27925,1
26958,828,3,5496,0
26959,1022,2,6396,0
26960,713,4,9920,0
26961,278,6,13719,1
26962,457,6,26617,1
26963,288,8,19089,1
26964,74,7,21597,1
26965,169,7,22275,1
26966,5,5,9881,0
26967,322,4,10158,0
26968,976,2,2626,0
26969,235,2,4690,0
26970,203,4,9506,0
26971,86,5,9982,0
26972,27,7,19541,1
26973,456,4,16891,0
26974,107,3,8775,0
26975,312,5,14988,0
26976,668,1,2541,0
26977,15,14,48497,1
26978,134,5,16746,1
26979,100,4,10651,0
26980,172,3,7302,0
26981,167,7,15068,1
26982,471,6,21275,1
26983,211,4,12873,0
26984,300,5,6312,0
26985,116,7,19256,1
26986,81,7,18912,1
26987,71,7,20912,1
26988,217,6,13665,1
26989,164,9,28930,1
26990,172,6,11811,1
26991,5,5,9117,0
26992,67,5,13078,1
26993,38,2,4878,0
26994,727,3,11346,0
26995,473,4,5032,0
26996,22,7,22334,1
26997,326,6,14665,1
26998,151,9,25245,1
26999,110,8,28814,1
27000,116,6,14833,1
27001,190,3,7223,0
27002,35,4,10411,0
27003,156,4,8161,0
27004,170,4,12877,0
27005,97,6,20007,1
27006,17,6,21785,1
27007,178,8,23623,1
27008,68,3,9064,0
27009,363,7,13545,1
27010,212,10,21563,1
27011,31,2,6567,0
27012,286,5,13850,0
27013,782,3,12093,0
27014,29,9,29973,1
27015,113,7,23741,1
27016,119,10,26212,1
27017,1,5,11147,1
27018,74,4,9231,0
27019,835,2,1376,0
27020,186,4,16691,0
27021,434,3,8083,0
27022,279,1,853,0
27023,395,4,8115,0
27024,105,7,19201,1
27025,7,10,30449,1
27026,204,5,11026,0
27027,415,1,5059,0
27028,555,4,13390,0
27029,801,4,14032,0
27030,34,8,18254,1
27031,202,4,15216,0
27032,196,8,23733,1
27033,68,10,30275,1
27034,86,7,24848,1
27035,6,7,14779,1
27036,221,5,11185,0
27037,289,2,2984,0
27038,171,5,8863,0
27039,562,4,9234,0
27040,302,8,18171,1
27041,623,4,10666,0
27042,550,2,4659,0
27043,548,2,3691,0
27044,390,6,20494,1
27045,438,5,20792,1
27046,97,7,20183,1
27047,84,6,15536,1
27048,320,6,13308,1
27049,31,3,5965,0
27050,483,4,12590,0
27051,315,8,17873,1
27052,109,9,29676,1
27053,207,6,20089,1
27054,730,3,6778,0
27055,527,1,808,0
27056,272,4,13867,0
27057,588,2,5784,0
27058,12,8,22533,1
27059,8,8,19148,1
27060,110,2,3319,0
27061,954,2,7922,0
27062,23,6,16117,1
27063,474,4,12194,0
27064,658,5,8696,0
27065,193,9,27225,1
27066,70,5,11543,0
27067,255,8,25054,1
27068,542,3,12357,0
27069,3,4,11194,0
27070,154,6,16394,1
27071,150,7,15670,1
27072,63,4,8915,0
27073,79,2,6203,0
27074,130,1,3159,0
27075,841,3,8001,0
27076,486,3,9373,0
27077,401,4,8692,0
27078,174,4,12068,0
27079,37,8,15021,1
27080,47,3,10845,0
27081,638,8,11656,1
27082,723,4,19255,0
27083,276,6,15911,1
27084,320,5,12010,0
27085,179,6,12910,1
27086,147,4,12292,0
27087,132,8,27207,1
27088,66,4,7416,0
27089,153,8,27313,1
27090,201,2,7193,0
27091,104,6,12963,1
27092,456,4,11390,0
27093,310,6,17333,1
27094,171,6,11838,1
27095,582,3,10257,0
27096,9,2,8807,0
27097,323,6,13341,1
27098,897,3,7730,0
27099,46,7,18313,1
27100,511,3,12224,0
27101,246,4,10566,0
27102,171,3,8628,0
27103,30,7,20586,1
27104,445,5,13128,0
27105,192,6,18088,1
27106,291,4,17534,0
27107,1220,3,9362,0
27108,529,3,7427,0
27109,574,6,13678,0
27110,252,5,10369,0
27111,38,6,12746,1
27112,533,6,20569,1
27113,108,6,12720,1
27114,252,3,10563,0
27115,587,1,1524,0
27116,9,6,19608,1
27117,85,9,19842,1
27118,372,6,17560,1
27119,197,5,7873,0
27120,9,2,1627,0
27121,91,12,28263,1
27122,728,4,14044,0
27123,164,8,20466,1
27124,116,5,17530,1
27125,136,4,9736,0
27126,112,5,16785,1
27127,221,6,11819,1
27128,242,5,9728,0
27129,179,7,23388,1
27130,134,5,14189,1
27131,138,2,2812,0
27132,556,6,23979,1
27133,163,3,11745,0
27134,293,3,6024,0
27135,15,4,10558,0
27136,750,6,16109,0
27137,249,3,7293,0
27138,329,7,21318,1
27139,392,7,21250,1
27140,224,3,6763,0
27141,584,5,13564,0
27142,414,5,16731,0
27143,16,5,10158,0
27144,16,7,23974,1
27145,30,9,22463,1
27146,130,7,19085,1
27147,213,1,1412,0
27148,354,8,21084,1
27149,32,9,25828,1
27150,591,2,5054,0
27151,128,10,38174,1
27152,441,4,10407,0
27153,197,6,10630,0
27154,166,2,5637,0
27155,76,6,9992,1
27156,82,3,8393,0
27157,122,8,23202,1
27158,386,4,8368,0
27159,156,5,14602,1
27160,362,1,1148,0
27161,287,6,16625,1
27162,40,8,13816,1
27163,523,4,13751,0
27164,285,5,11422,0
27165,474,1,1676,0
27166,419,7,18067,1
27167,146,12,27382,1
27168,155,4,10135,0
27169,468,3,8766,0
27170,550,2,5151,0
27171,67,6,13712,1
27172,61,5,12270,1
27173,211,6,17883,1
27174,198,6,21672,1
27175,632,3,7029,0
27176,353,2,7751,0
27177,463,5,18430,1
27178,95,4,14631,0
27179,1229,2,3208,0
27180,221,3,3270,0
27181,319,5,11115,0
27182,307,7,20618,1
27183,10,5,10736,0
27184,60,5,8909,0
27185,177,7,22409,1
27186,86,4,11620,0
27187,182,8,22276,1
27188,29,8,20905,1
27189,139,5,15657,1
27190,243,4,8759,0
27191,16,5,12717,1
27192,660,3,5340,0
27193,151,8,26383,1
27194,309,6,9070,0
27195,975,4,7616,0
27196,19,9,27209,1
27197,416,4,10364,0
27198,466,4,14403,0
27199,1041,1,1462,0
27200,47,11,28389,1
27201,328,3,7061,0
27202,991,5,15257,0
27203,194,4,14457,0
27204,444,3,9314,0
27205,156,6,17870,1
27206,204,9,21906,1
27207,152,2,2715,0
27208,34,2,5413,0
27209,349,2,4969,0
27210,1,8,14532,1
27211,501,2,4605,0
27212,173,5,18514,1
27213,190,5,15334,1
27214,38,3,8712,0
27215,272,5,16103,1
27216,138,4,11647,0
27217,20,6,16537,1
27218,944,1,5251,0
27219,429,4,8548,0
27221,71,7,22798,1
27222,745,5,13287,0
27223,55,11,33091,1
27224,431,4,15210,0
27225,64,9,29234,1
27226,163,5,9316,0
27227,62,8,23078,1
27228,14,8,24871,1
27229,400,4,12029,0
27230,45,4,8135,0
27231,219,2,2333,0
27232,73,10,25413,1
27233,419,3,10963,0
27234,42,3,8809,0
27235,388,6,15453,1
27236,676,7,16952,1
27237,12,5,8038,0
27238,54,8,16094,1
27239,441,7,25960,1
27240,151,9,33169,1
27241,113,8,15482,1
27242,82,5,9946,0
27243,546,2,4659,0
27244,869,2,6356,0
27245,57,5,8210,0
27246,570,1,4823,0
27247,10,4,11531,0
27248,327,7,22972,1
27249,270,3,6060,0
27250,456,6,22210,1
27251,230,4,4989,0
27252,162,7,19757,1
27253,59,3,13772,0
27254,420,5,13286,0
27255,201,4,8305,0
27256,559,4,16800,0
27257,41,2,2969,0
27258,16,10,27794,1
27259,176,8,22275,1
27260,241,6,17319,1
27261,9,8,24650,1
27262,126,7,15909,1
27263,37,7,13351,1
27264,153,4,10497,0
27265,1130,2,864,0
27266,256,3,6792,0
27267,213,6,19655,1
27268,59,8,25279,1
27269,334,5,17895,1
27270,393,5,17281,1
27271,135,4,8936,0
27272,337,7,20418,1
27273,165,4,6448,0
27274,134,4,3517,0
27275,114,7,20867,1
27276,123,3,4609,0
27277,67,4,8829,0
27278,235,2,5301,0
27279,475,4,11837,0
27280,195,6,11698,1
27281,115,8,11398,1
27282,59,5,14354,1
27283,160,4,13934,0
27284,117,5,16115,1
27285,148,6,23073,1
27286,221,5,14456,1
27287,367,5,11300,0
27288,535,4,11982,0
27289,398,6,16002,1
27290,107,6,14667,1
27291,170,4,13255,0
27292,492,3,9546,0
27293,61,11,26787,1
27294,415,3,10325,0
27295,40,6,18988,1
27296,222,5,8879,0
27297,310,5,7852,0
27298,229,5,14430,1
27299,98,4,6764,0
27300,304,2,4920,0
27301,631,5,19707,0
27302,108,6,14494,1
27303,188,6,16653,1
27304,24,10,31115,1
27305,121,3,5330,0
27306,600,3,6743,0
27307,21,7,16071,1
27308,128,5,19447,1
27309,221,5,10014,0
27310,361,3,8206,0
27311,41,8,21795,1
27312,27,5,13705,1
27313,80,9,21310,1
27314,134,8,16059,1
27315,83,4,11526,0
27316,201,6,13135,1
27317,90,6,16648,1
27318,95,3,5068,0
27319,8,9,27550,1
27320,287,5,19647,1
27321,143,6,18468,1
27322,550,8,25258,1
27323,605,3,7646,0
27324,69,6,10919,1
27325,50,6,18370,1
27326,571,2,5209,0
27327,755,4,17330,0
27328,1107,2,4850,0
27329,78,3,11121,0
27330,149,3,7202,0
27331,447,5,13126,0
27332,37,7,24336,1
27333,136,3,5054,0
27334,100,3,7786,0
27335,574,3,9968,0
27336,55,5,10017,0
27337,256,5,14893,1
27338,225,6,21254,1
27339,761,1,4353,0
27340,26,5,14409,1
27341,210,5,18424,1
27342,26,4,9576,0
27343,16,6,18705,1
27344,986,2,4822,0
27345,211,3,6126,0
27346,249,3,4741,0
27347,829,1,3472,0
27348,117,7,15700,1
27349,218,6,19785,1
27350,305,5,12431,0
27351,23,6,20607,1
27352,585,4,11127,0
27353,136,6,17253,1
27354,197,4,11314,0
27355,33,5,9334,0
27356,4,2,2505,0
27357,453,2,2447,0
27358,22,8,19331,1
27359,62,9,25912,1
27360,182,5,12261,0
27361,521,5,10267,0
27362,107,9,19966,1
27363,223,4,8747,0
27364,560,5,16948,0
27365,136,6,15135,1
27366,45,8,22476,1
27367,310,3,4754,0
27368,77,11,21463,1
27369,16,6,20515,1
27370,116,6,17335,1
27371,539,5,12495,0
27372,60,7,16655,1
27373,166,4,10998,0
27374,360,5,9474,0
27375,59,9,29955,1
27376,36,5,18825,1
27377,148,5,14407,1
27378,57,5,15995,1
27379,1105,2,5856,0
27380,75,5,15024,1
27381,335,6,18897,1
27382,288,6,16144,1
27383,216,6,13168,1
27384,269,7,22434,1
27385,519,5,14407,0
27386,133,5,10895,0
27387,2,2,4312,0
27388,547,5,18701,0
27389,112,5,11130,0
27390,216,7,14348,1
27391,26,5,15009,1
27392,3,6,17190,1
27393,456,2,9009,0
27394,196,7,24141,1
27395,259,8,11160,1
27396,149,4,13309,0
27397,310,9,23140,1
27398,187,6,13452,1
27399,19,4,11403,0
27400,178,3,8215,0
27401,126,6,15911,1
27402,35,4,9357,0
27403,119,3,6171,0
27404,221,7,21327,1
27405,423,2,5272,0
27406,2,6,10184,1
27407,337,7,24412,1
27408,452,3,10739,0
27409,146,3,5607,0
27410,219,5,15960,1
27411,47,9,28207,1
27412,994,3,6142,0
27413,339,3,7061,0
27414,88,7,18543,1
27415,574,1,398,0
27416,205,2,5484,0
27417,390,3,12059,0
27418,34,2,6443,0
27419,283,10,26888,1
27420,451,4,8905,0
27421,110,5,10175,0
27422,34,4,11949,0
27423,61,2,6388,0
27424,230,3,12353,0
27425,200,5,13751,0
27426,167,5,15877,1
27427,10,7,20600,1
27428,773,5,17886,0
27429,100,5,14060,1
27430,168,5,15031,1
27431,383,5,16297,0
27432,774,3,3475,0
27433,379,7,20224,1
27434,310,3,7254,0
27435,129,3,7545,0
27436,32,6,19869,1
27437,172,6,15435,1
27438,15,5,14025,1
27439,334,6,14070,1
27440,443,3,13357,0
27441,401,10,27652,1
27442,120,8,18834,1
27443,123,2,9438,0
27444,196,6,16214,1
27445,212,4,7207,0
27446,65,2,6219,0
27447,137,5,17219,1
27448,4,9,19122,1
27449,5,6,17942,1
27450,31,8,23149,1
27451,814,5,10863,0
27452,297,4,12428,0
27453,396,8,25709,1
27454,392,4,9102,0
27455,431,2,5597,0
27456,404,1,4923,0
27457,331,6,17216,1
27458,37,7,18047,1
27459,12,5,12456,1
27460,35,6,7803,0
27461,1244,1,2543,0
27462,328,3,11061,0
27463,65,2,3172,0
27464,260,5,9862,0
27465,893,3,10269,0
27466,205,5,6961,0
27467,28,5,16253,1
27468,64,4,8346,0
27469,143,4,10122,0
27470,352,4,8527,0
27471,67,6,18305,1
27472,53,2,6802,0
27473,129,6,18047,1
27474,637,7,24532,1
27475,107,6,12864,1
27476,298,6,21170,1
27477,235,10,29697,1
27478,37,8,24093,1
27479,379,1,1032,0
27480,337,3,11909,0
27481,485,6,14881,0
27482,1096,4,9319,0
27483,27,4,11377,0
27484,130,4,9408,0
27485,656,2,7707,0
27486,58,4,10700,0
27487,20,1,1754,0
27488,65,4,9759,0
27489,268,6,13083,1
27490,135,7,17993,1
27491,55,4,9253,0
27492,194,5,11557,0
27493,173,11,29572,1
27494,1001,2,5454,0
27495,384,9,22568,1
27496,134,3,8028,0
27497,28,4,6688,0
27498,45,5,9227,0
27499,92,5,11932,0
27500,174,5,16786,1
27501,612,4,5810,0
27502,977,4,10368,0
27503,526,8,22953,1
27504,542,4,14153,0
27505,1180,3,4607,0
27506,85,4,12649,0
27507,878,3,7190,0
27508,107,7,18325,1
27509,43,5,9900,0
27510,670,5,11100,0
27511,242,9,23712,1
27512,412,6,15445,1
27513,82,8,22273,1
27514,510,4,17091,0
27515,671,6,20115,1
27516,136,7,22473,1
27517,173,4,10647,0
27518,52,5,16687,1
27519,473,3,5044,0
27520,193,6,17175,1
27521,49,11,25155,1
27522,621,5,14930,0
27523,646,5,14110,0
27524,74,6,14403,1
27525,653,4,9676,0
27526,382,5,14803,0
27527,84,6,16151,1
27528,399,7,17935,1
27529,29,3,8594,0
27530,304,5,16124,1
27531,647,4,14068,0
27532,171,4,16975,1
27533,26,6,17683,1
27534,386,4,7157,0
27535,17,5,14548,1
27536,219,2,6151,0
27537,27,9,23870,1
27538,1151,1,2572,0
27539,197,4,7995,0
27540,71,7,21129,1
27541,500,5,15019,0
27542,459,3,9687,0
27543,142,6,14978,1
27544,794,4,13883,0
27545,42,6,16728,1
27546,318,6,14965,1
27547,74,9,19403,1
27548,440,3,7831,0
27549,188,4,10732,0
27550,232,7,15432,1
27551,17,5,5195,0
27552,845,5,13090,0
27553,687,3,7469,0
27554,240,2,7984,0
27555,77,3,8164,0
27556,279,3,6660,0
27557,598,3,8818,0
27558,695,3,6142,0
27559,32,5,11441,1
27560,131,5,12517,0
27561,45,4,9956,0
27562,99,6,17994,1
27563,91,8,23628,1
27564,3,4,12582,0
27565,135,5,13657,1
27566,35,6,23383,1
27567,211,6,15567,1
27568,31,6,15826,1
27569,185,8,20425,1
27570,134,5,13712,1
27571,359,6,15329,1
27572,269,6,16894,1
27573,336,5,14658,0
27574,145,7,21824,1
27575,320,6,16016,1
27576,209,3,5678,0
27577,345,7,18137,1
27578,450,4,15573,0
27579,63,3,10912,0
27580,141,7,14919,1
27581,64,8,30247,1
27582,739,4,7941,0
27583,392,6,13333,0
27584,77,8,15664,1
27585,49,7,22273,1
27586,190,3,5589,0
27587,99,1,1459,0
27588,114,3,8121,0
27589,144,6,19059,1
27590,237,5,10803,0
27591,188,5,10380,0
27592,416,5,9793,0
27593,233,4,16309,0
27594,72,7,17037,1
27595,228,8,22997,1
27596,344,3,12001,0
27597,248,4,11100,0
27598,256,3,6053,0
27599,217,5,14641,1
27600,428,8,22003,1
27601,164,5,14462,1
27602,864,3,10661,0
27603,625,4,15820,0
27604,185,6,18271,1
27605,94,6,22053,1
27606,301,2,5901,0
27608,83,4,14458,0
27609,131,6,20676,1
27610,279,5,17123,1
27611,352,5,15670,0
27612,249,5,19708,1
27613,184,6,16804,1
27614,208,9,20994,1
27615,299,4,12170,0
27617,9,8,24171,1
27618,87,4,14208,0
27619,54,3,6074,0
27620,300,5,18726,1
27621,96,5,9613,0
27622,81,4,14300,0
27623,157,3,9682,0
27624,1200,1,2431,0
27625,21,3,10256,0
27626,371,3,8019,0
27627,45,9,32185,1
27628,62,5,5846,0
27629,589,4,12310,0
27630,13,10,32388,1
27631,416,6,17161,1
27632,496,5,7043,0
27633,144,3,5066,0
27634,484,6,7250,0
27635,343,5,10176,0
27636,6,6,20923,1
27637,127,6,14277,1
27638,67,8,33798,1
27639,217,2,7839,0
27640,19,9,24633,1
27641,32,9,29420,1
27642,1174,3,4994,0
27643,57,4,11897,0
27644,108,4,11314,0
27645,178,6,18779,1
27646,12,5,12741,1
27647,233,6,17214,1
27648,19,4,8161,0
27649,121,5,11514,0
27650,935,2,7843,0
27651,641,5,11505,0
27652,68,4,9203,0
27653,11,9,20850,1
27654,52,4,13232,0
27655,469,5,18365,1
27656,196,4,6865,0
27657,367,5,12709,0
27658,556,7,26160,1
27659,148,10,32853,1
27660,26,7,16606,1
27661,283,6,16993,1
27662,494,5,12145,0
27663,587,1,1015,0
27664,124,3,4345,0
27665,95,8,24070,1
27666,54,5,10949,0
27667,309,3,7849,0
27668,420,3,3230,0
27669,15,6,23661,1
27670,13,4,13714,0
27671,230,2,6205,0
27672,9,6,20465,1
27673,47,5,12012,1
27674,52,5,16008,1
27675,95,8,17832,1
27676,127,7,20701,1
27677,286,4,9250,0
27678,782,1,1469,0
27679,17,9,20731,1
27680,28,3,5909,0
27681,27,13,35643,1
27682,58,3,5702,0
27683,80,4,10813,0
27684,465,3,12041,0
27685,440,5,13164,0
27686,33,3,7148,0
27687,220,5,19352,1
27688,305,6,12845,1
27689,294,4,10510,0
27690,347,2,9344,0
27691,62,5,13195,1
27692,54,4,5836,0
27693,251,3,8432,0
27694,17,8,23916,1
27695,31,8,18526,1
27696,767,3,9230,0
27697,128,5,13384,1
27698,617,3,9806,0
27699,14,10,25546,1
27700,185,4,11597,0
27701,20,6,17172,1
27702,160,5,15297,1
27703,99,6,23581,1
27704,64,6,18571,1
27705,355,6,16768,1
27706,536,4,12159,0
27707,420,5,16682,0
27708,147,8,20485,1
27709,82,4,7318,0
27710,100,2,571,0
27711,278,6,16878,1
27712,13,8,27573,1
27713,5,7,17391,1
27714,170,5,13705,1
27715,54,6,9351,1
27717,939,2,7228,0
27718,170,5,14830,1
27719,606,6,19582,1
27720,103,3,9960,0
27721,75,6,11672,1
27722,59,4,12623,0
27723,133,5,10776,0
27724,3,8,20496,1
27725,120,9,23754,1
27726,460,4,9963,0
27727,9,5,14327,1
27728,60,4,10096,0
27729,132,7,26780,1
27730,680,3,8122,0
27731,22,7,25253,1
27732,56,7,18825,1
27733,455,4,10711,0
27734,216,5,16981,1
27735,101,5,15949,1
27736,152,7,18017,1
27737,1104,2,6029,0
27738,189,6,18326,1
27739,204,7,18460,1
27740,69,3,7296,0
27741,164,8,18800,1
27742,557,5,10332,0
27743,189,5,16068,1
27744,113,4,11612,0
27745,107,5,12166,0
27746,401,4,15832,0
27747,114,7,16188,1
27748,552,4,13119,0
27749,844,4,11315,0
27750,38,8,17113,1
27751,275,6,20150,1
27752,301,2,6006,0
27753,189,9,22420,1
27754,155,9,23123,1
27755,162,3,9920,0
27756,164,6,17902,1
27757,787,4,6211,0
27758,109,4,5931,0
27759,243,3,7915,0
27760,371,3,4406,0
27761,717,6,14872,0
27762,632,3,10469,0
27763,44,5,16939,1
27764,223,3,5706,0
27765,327,4,10268,0
27766,48,3,10823,0
27767,338,2,7398,0
27768,64,5,5298,0
27769,97,4,6779,0
27770,66,7,24400,1
27771,88,3,9250,0
27773,36,5,10840,0
27774,455,9,20993,1
27775,52,10,28440,1
27776,115,11,25913,1
27777,105,6,15046,1
27778,79,5,14757,1
27779,27,5,17467,1
27780,689,5,12100,0
27782,172,5,11985,0
27783,247,5,12939,0
27784,988,2,8103,0
27785,74,4,10974,0
27786,205,3,6854,0
27787,1123,1,4864,0
27788,178,5,15880,1
27789,79,1,2546,0
27790,280,7,18680,1
27791,235,7,20829,1
27792,196,7,20818,1
27793,361,3,7098,0
27794,352,4,6619,0
27795,1208,4,7544,0
27796,778,3,11842,0
27797,21,5,18502,1
27798,264,7,14544,1
27799,86,4,15487,1
27800,129,6,19989,1
27801,79,11,40241,1
27802,789,2,7467,0
27803,536,2,5511,0
27804,91,4,9758,0
27805,140,5,14483,1
27806,741,2,6932,0
27807,169,5,9923,0
27808,530,3,9005,0
27809,138,5,17482,1
27810,52,3,4687,0
27811,422,4,12272,0
27812,1198,1,3341,0
27813,36,5,10690,0
27814,22,6,12502,1
27815,112,4,11506,0
27816,547,3,7404,0
27817,302,5,16927,1
27818,400,7,16335,1
27819,47,5,21030,1
27820,594,4,5055,0
27821,35,8,19700,1
27822,83,6,15514,1
27823,140,3,6007,0
27824,252,7,23500,1
27825,170,3,9508,0
27826,92,2,6265,0
27827,770,4,16775,0
27828,736,2,3494,0
27829,303,5,5702,0
27830,108,5,17517,1
27831,49,10,31506,1
27832,298,4,9458,0
27833,948,1,737,0
27834,160,8,22369,1
27835,36,6,13216,1
27836,25,3,6346,0
27837,112,5,10165,0
27838,138,7,22467,1
27839,100,6,19619,1
27840,474,3,7528,0
27841,158,9,22459,1
27842,32,6,11363,1
27843,13,3,9539,0
27844,73,7,15031,1
27845,150,4,9262,0
27846,28,6,18794,1
27847,524,2,3429,0
27848,179,7,22185,1
27849,357,3,8840,0
27850,62,6,18285,1
27851,184,5,13723,1
27852,542,2,3280,0
27853,586,6,12919,0
27854,154,4,10149,0
27855,125,6,16367,1
27856,186,7,15508,1
27857,597,2,4456,0
27858,45,7,12606,1
27859,85,4,11448,0
27860,699,2,4735,0
27861,172,6,12054,1
27862,95,6,16684,1
27863,21,7,14750,1
27864,409,4,13349,0
27865,530,5,17511,0
27866,39,11,33376,1
27867,200,7,29607,1
27868,55,8,16481,1
27869,93,5,14074,1
27870,1102,1,4801,0
27871,75,6,20657,1
27872,414,4,16427,0
27873,374,6,13874,1
27874,182,6,15668,1
27875,58,9,27795,1
27876,40,10,30916,1
27877,703,3,6228,0
27878,65,6,11244,1
27879,412,6,14555,1
27880,286,4,13241,0
27881,98,6,18303,1
27882,37,5,12540,1
27883,84,5,12145,0
27884,288,4,12292,0
27885,13,5,19140,1
27886,429,6,18880,1
27887,217,4,11700,0
27888,30,6,15271,1
27889,188,8,23568,1
27890,112,7,23411,1
27891,257,8,18696,1
27892,34,6,17559,1
27893,356,4,8867,0
27894,561,5,10376,0
27895,380,5,18322,1
27896,391,5,14789,0
27897,4,6,13876,1
27898,80,8,17390,1
27899,28,5,14943,1
27900,138,5,16308,1
27901,206,4,14070,0
27902,575,2,5116,0
27903,498,5,12534,0
27904,199,7,13852,1
27905,259,6,15432,1
27906,159,2,5147,0
27907,139,6,6131,0
27908,549,4,12437,0
27909,242,8,23364,1
27910,72,3,9087,0
27911,3,6,17611,1
27912,655,2,7731,0
27913,104,6,17114,1
27914,184,4,16048,0
27915,41,7,16737,1
27916,188,4,9808,0
27917,162,9,30875,1
27918,228,5,7045,0
27919,301,5,19382,1
27920,385,5,11861,0
27921,65,7,21913,1
27922,25,6,9520,1
27923,652,2,4287,0
27924,491,3,6504,0
27925,1102,2,9099,0
27926,91,8,22933,1
27927,301,8,25203,1
27928,792,2,4705,0
27929,100,5,13238,1
27930,364,5,17537,1
27931,360,7,19317,1
27932,108,4,12168,0
27933,216,3,5750,0
27934,127,4,7823,0
27935,146,5,7879,0
27936,1248,1,1763,0
27937,173,7,16545,1
27938,59,4,10713,0
27939,461,6,12626,0
27940,345,8,29239,1
27941,413,7,18478,1
27942,65,11,27837,1
27943,775,3,5757,0
27944,113,2,9046,0
27945,35,6,16636,1
27946,76,5,10779,0
27947,788,4,10506,0
27948,742,5,14486,0
27949,135,4,11847,0
27950,224,2,4646,0
27951,87,8,27806,1
27952,801,2,7669,0
27953,101,3,6045,0
27954,155,3,10789,0
27955,874,3,5494,0
27956,84,9,25430,1
27957,615,6,9637,0
27958,247,6,15923,1
27959,393,4,16277,0
27960,147,6,19408,1
27961,260,5,13069,0
27962,655,2,8892,0
27963,513,2,7227,0
27964,116,5,17058,1
27965,11,4,6283,0
27966,55,4,10406,0
27967,62,7,21175,1
27968,267,7,15810,1
27969,30,5,17290,1
27970,126,9,25998,1
27971,152,5,11227,0
27972,88,7,13623,1
27973,216,4,14768,0
27974,429,4,10338,0
27975,206,7,21370,1
27976,74,9,20144,1
27977,47,7,14260,1
27978,140,4,3469,0
27979,175,5,9174,0
27980,380,6,13404,0
27981,313,6,18062,1
27982,411,8,20398,1
27983,222,3,5141,0
27984,244,6,16981,1
27986,554,4,10496,0
27987,42,2,2487,0
27988,308,6,13471,1
27989,354,4,7893,0
27990,192,4,12599,0
27991,345,5,15964,0
27992,190,8,22073,1
27993,25,11,29766,1
27994,93,10,31242,1
27995,20,6,15488,1
27996,186,5,13795,1
27997,226,4,13020,0
27998,340,7,12775,1
27999,79,5,15538,1
28000,42,5,13091,1
28001,213,4,8620,0
28002,121,3,10524,0
28003,332,5,13923,0
28004,187,8,24102,1
28005,513,4,9446,0
28006,472,3,6705,0
28007,95,6,18590,1
28008,126,8,23185,1
28009,138,2,9673,0
28010,175,6,14644,1
28011,584,2,8222,0
28012,72,11,25733,1
28013,135,11,41696,1
28014,101,6,21368,1
28015,39,6,16213,1
28016,104,3,6499,0
28017,154,10,28279,1
28018,327,3,6787,0
28019,156,3,9005,0
28020,35,2,6202,0
28021,298,6,22663,1
28022,556,5,11699,0
28024,36,7,19849,1
28025,195,8,28722,1
28026,33,8,21728,1
28027,124,2,5418,0
28028,237,4,5092,0
28029,15,6,21223,1
28030,969,2,6237,0
28031,94,6,19721,1
28032,846,3,10953,0
28033,606,2,5376,0
28034,76,3,6968,0
28035,283,4,9182,0
28036,209,6,16342,1
28037,68,2,7074,0
28038,458,2,7603,0
28039,304,2,2523,0
28040,118,9,19376,1
28041,545,5,15078,0
28042,339,6,18029,1
28043,547,2,7788,0
28044,23,7,20258,1
28045,20,8,25737,1
28046,224,2,1899,0
28047,268,7,25865,1
28048,1195,2,7629,0
28049,23,11,23543,1
28050,61,6,19470,1
28051,267,7,9698,1
28052,125,3,12163,0
28053,145,4,11212,0
28054,86,7,21926,1
28055,395,6,17364,1
28056,163,5,12665,0
28057,180,5,9148,0
28058,220,1,3615,0
28059,13,6,9469,1
28060,106,9,23147,1
28061,20,8,27997,1
28062,105,4,7701,0
28063,533,2,5830,0
28064,25,6,20802,1
28065,414,4,11087,0
28066,935,3,6775,0
28067,572,4,10219,0
28068,216,3,12699,0
28069,115,5,14133,1
28071,376,3,6871,0
28072,38,8,18255,1
28073,23,7,14554,1
28074,154,7,25020,1
28075,138,8,23379,1
28076,407,3,6609,0
28077,131,7,15218,1
28078,408,5,11775,0
28079,244,6,18850,1
28080,843,3,7742,0
28081,461,6,21271,1
28082,86,6,12777,1
28083,116,9,21624,1
28084,234,5,10001,0
28085,1348,1,2975,0
28086,637,5,13430,0
28087,175,8,24134,1
28088,402,5,16148,0
28089,41,7,19332,1
28090,705,7,23575,1
28091,62,7,18835,1
28092,56,4,5615,0
28093,925,3,6917,0
28094,285,7,24120,1
28095,765,5,19122,0
28096,5,7,20682,1
28097,201,3,8714,0
28098,117,8,21965,1
28099,4,7,21075,1
28100,11,4,7329,0
28101,149,5,13451,1
28102,168,3,12541,0
28103,203,3,6714,0
28104,326,10,28674,1
28105,84,5,9202,0
28106,757,3,11287,0
28107,13,7,16950,1
28108,234,4,12794,0
28109,600,3,9691,0
28110,256,7,18799,1
28111,13,4,11850,0
28112,44,9,21950,1
28113,592,5,16343,0
28114,512,3,7898,0
28115,255,6,14162,1
28116,136,3,5380,0
28117,1173,2,6126,0
28118,62,7,14700,1
28119,312,3,6562,0
28120,4,2,6149,0
28121,70,7,25686,1
28122,103,6,16963,1
28123,25,5,13654,1
28124,23,2,5444,0
28125,190,1,3246,0
28126,344,9,21238,1
28127,185,4,10863,0
28128,31,5,9054,0
28129,35,3,11029,0
28130,6,5,15728,1
28131,130,7,16179,1
28132,810,2,4966,0
28133,218,3,11369,0
28134,431,8,25232,1
28135,286,3,9099,0
28136,91,5,13719,1
28137,216,5,8275,0
28138,223,6,23376,1
28139,173,7,22620,1
28140,257,3,5386,0
28141,45,2,9003,0
28142,45,3,8449,0
28143,59,3,7864,0
28144,316,14,41347,1
28145,98,4,14766,0
28146,260,5,15337,1
28147,104,5,17988,1
28148,105,5,14839,1
28149,69,10,28820,1
28150,333,3,6952,0
28151,199,6,11893,1
28152,603,2,5696,0
28153,69,5,12806,1
28154,536,9,24610,1
28156,66,5,7551,0
28157,305,4,9671,0
28158,777,1,1177,0
28159,86,6,18915,1
28160,167,7,17294,1
28161,120,9,19623,1
28162,253,8,18445,1
28163,147,5,11079,0
28164,479,3,11394,0
28165,145,2,5543,0
28166,156,7,23964,1
28167,16,5,16273,1
28168,317,5,13066,0
28169,192,5,21520,1
28170,339,4,9636,0
28171,535,5,10079,0
28172,247,6,6557,0
28173,50,8,17787,1
28174,359,4,8441,0
28175,46,6,15712,1
28176,16,5,6090,0
28177,249,4,8260,0
28178,188,5,15392,1
28179,472,4,13398,0
28180,215,2,878,0
28181,322,8,10557,1
28182,532,4,12018,0
28183,351,8,21264,1
28184,519,4,9924,0
28185,235,7,25406,1
28186,134,3,3671,0
28187,235,8,13365,1
28188,6,6,21451,1
28189,105,6,19942,1
28190,498,2,5392,0
28191,143,9,26027,1
28192,9,4,8938,0
28193,519,8,23213,1
28194,2,5,11468,1
28195,109,6,18234,1
28196,552,3,11109,0
28197,43,6,9970,1
28198,414,2,3210,0
28199,258,4,8672,0
28200,12,6,20863,1
28201,396,3,5210,0
28202,160,11,27627,1
28203,569,4,14910,0
28204,112,7,19770,1
28205,251,3,7241,0
28206,40,6,17238,1
28207,117,4,8562,0
28208,847,1,900,0
28209,335,4,7693,0
28210,46,7,19320,1
28211,60,8,22816,1
28212,71,8,25559,1
28213,530,1,450,0
28214,330,7,17842,1
28215,4,4,7815,0
28216,53,5,15582,1
28217,34,6,12700,1
28218,747,4,11514,0
28219,132,6,18757,1
28220,454,3,7897,0
28221,183,4,10098,0
28222,631,6,15357,0
28223,41,3,5179,0
28224,343,8,31667,1
28225,68,4,12694,0
28226,64,6,12511,1
28227,98,5,9845,0
28228,120,5,8886,0
28229,628,2,5633,0
28230,728,1,3870,0
28231,137,10,26445,1
28232,785,3,8107,0
28233,28,5,11640,1
28234,179,9,18770,1
28235,574,1,532,0
28236,1055,2,2489,0
28237,327,6,12320,0
28238,228,4,7059,0
28239,57,4,12337,0
28240,186,7,23978,1
28241,48,4,14046,0
28242,22,7,15764,1
28243,200,5,16392,1
28244,237,5,12970,0
28245,532,4,11907,0
28246,316,3,8508,0
28247,646,3,7363,0
28248,3,7,9668,1
28249,153,7,24320,1
28250,85,6,19323,1
28251,26,6,13780,1
28252,626,4,8541,0
28253,315,5,17281,1
28254,16,6,12012,1
28255,128,3,11836,0
28256,806,5,14691,0
28257,206,6,17868,1
28258,201,3,8095,0
28259,78,6,14610,1
28260,10,7,20003,1
28261,453,3,7615,0
28262,238,4,10039,0
28263,93,11,31353,1
28264,582,1,1405,0
28265,469,5,14872,0
28266,277,5,11356,0
28267,141,6,18636,1
28268,342,7,17658,1
28269,57,3,8640,0
28270,375,8,24107,1
28271,219,4,5615,0
28272,492,3,11920,0
28273,164,7,21495,1
28274,399,5,7819,0
28275,50,7,15086,1
28276,41,6,18390,1
28277,211,6,9234,0
28278,221,8,21364,1
28279,208,4,12685,0
28280,27,4,9674,0
28281,195,4,12815,0
28282,3,5,11198,1
28283,258,6,18691,1
28284,221,6,16163,1
28285,194,5,10031,0
28286,421,5,8940,0
28287,14,8,34734,1
28288,184,3,6340,0
28289,79,5,13420,1
28290,170,4,15099,0
28291,40,4,7065,0
28292,250,4,15638,0
28293,122,10,20330,1
28294,269,5,15125,1
28295,487,4,20078,0
28296,245,7,25858,1
28297,677,7,12792,0
28298,194,6,24693,1
28299,122,7,19084,1
28300,38,8,21746,1
28301,10,7,15191,1
28302,10,6,19434,1
28303,98,9,30985,1
28304,215,7,25571,1
28305,247,7,18285,1
28306,453,7,18858,1
28307,644,2,5713,0
28308,245,4,10412,0
28309,64,9,26449,1
28310,1,8,26498,1
28311,8,7,19207,1
28312,41,8,25709,1
28313,50,9,24180,1
28314,51,4,12889,0
28315,12,7,15310,1
28316,17,5,20938,1
28317,68,7,19503,1
28318,1007,1,4055,0
28319,24,4,8976,0
28321,7,8,27894,1
28322,50,8,29125,1
28323,122,5,14278,1
28324,206,6,23399,1
28325,324,4,11431,0
28326,792,2,4031,0
28327,906,2,3760,0
28328,143,5,13898,1
28329,370,4,16975,0
28330,60,8,19754,1
28331,262,3,13678,0
28332,45,6,12933,1
28333,160,5,14033,1
28334,636,4,7482,0
28335,61,5,16175,1
28336,367,3,7905,0
28337,64,7,15724,1
28338,199,6,11713,1
28339,277,8,22627,1
28340,355,3,9423,0
28341,1351,1,4856,0
28342,527,3,8496,0
28343,164,9,17854,1
28344,248,1,2940,0
28345,170,6,20819,1
28346,68,7,14972,1
28347,450,4,5232,0
28348,28,8,20865,1
28349,500,1,4280,0
28350,25,9,32326,1
28351,19,5,10958,0
28352,146,4,12740,0
28353,49,7,23410,1
28354,116,7,18567,1
28355,738,2,5987,0
28356,51,4,8797,0
28357,90,3,11307,0
28358,531,4,9146,0
28359,51,4,8769,0
28360,784,3,9185,0
28361,599,1,1999,0
28362,21,4,7042,0
28363,244,3,12588,0
28364,858,4,7004,0
28365,46,6,12614,1
28366,804,3,11136,0
28367,44,5,14320,1
28368,41,3,11171,0
28369,565,3,10479,0
28370,281,7,19958,1
28371,314,5,14515,0
28372,136,7,15597,1
28373,292,6,15024,1
28374,129,4,9717,0
28375,270,5,15498,1
28376,79,5,11290,0
28377,424,7,20299,1
28378,33,5,15172,1
28379,438,8,14708,1
28380,959,3,13121,0
28381,163,7,16396,1
28382,17,3,7080,0
28383,29,5,8400,0
28385,83,6,13206,1
28386,184,3,5643,0
28387,22,12,29956,1
28388,66,10,22711,1
28389,764,5,11404,0
28390,67,2,4213,0
28391,198,6,14517,1
28392,221,5,13442,0
28393,458,10,26415,1
28394,614,5,7398,0
28395,122,5,13629,1
28396,281,4,10488,0
28397,542,2,5266,0
28398,14,8,23578,1
28399,2,9,24500,1
28400,158,2,3932,0
28401,112,7,15914,1
28402,351,4,6227,0
28403,316,6,10516,0
28404,68,5,11753,0
28405,149,5,10193,0
28406,190,4,9180,0
28407,151,5,6274,0
28408,55,7,17556,1
28409,18,5,15492,1
28410,181,4,7839,0
28411,68,5,15311,1
28412,11,6,19495,1
28413,62,3,7596,0
28414,261,4,11375,0
28415,16,5,10418,0
28416,255,5,14852,1
28417,187,5,7919,0
28418,112,7,16848,1
28419,34,6,17654,1
28420,176,3,7689,0
28421,216,5,17781,1
28422,143,8,25751,1
28423,140,2,6031,0
28424,688,4,9518,0
28425,604,5,12804,0
28426,164,3,4445,0
28427,392,2,9848,0
28428,1097,2,6268,0
28429,22,9,22429,1
28430,292,8,23811,1
28431,380,6,18478,1
28432,224,9,17936,1
28433,167,2,4002,0
28434,24,6,9516,1
28435,666,4,14036,0
28436,372,5,14998,0
28437,36,7,21278,1
28438,209,4,10348,0
28439,151,7,16194,1
28440,592,6,16037,0
28441,81,9,27247,1
28442,333,3,10330,0
28443,180,3,8983,0
28444,703,6,16231,0
28445,224,8,25669,1
28446,1198,1,1337,0
28447,417,3,13751,0
28448,532,7,20144,1
28449,197,8,24897,1
28450,36,7,19495,1
28451,139,5,11999,0
28452,104,3,3739,0
28453,31,5,17875,1
28454,11,6,18981,1
28455,1029,2,6929,0
28456,85,5,20619,1
28457,271,2,5747,0
28458,568,3,7446,0
28459,263,7,15372,1
28460,11,2,5517,0
28461,195,2,5775,0
28462,1045,2,7264,0
28463,176,3,11085,0
28464,521,3,7879,0
28465,28,3,6023,0
28466,144,2,1289,0
28467,153,6,24905,1
28468,371,5,14549,0
28469,224,5,16399,1
28470,59,6,12596,1
28471,271,2,2961,0
28472,607,5,11282,0
28473,235,3,8928,0
28474,348,7,17320,1
28475,314,4,14892,0
28476,190,4,11166,0
28477,1148,1,1034,0
28478,557,2,4838,0
28479,9,2,3591,0
28480,960,3,8607,0
28481,505,8,23141,1
28482,310,5,12603,0
28483,107,6,16454,1
28484,188,4,11207,0
28485,169,5,16376,1
28486,330,5,14866,0
28487,303,2,4901,0
28488,348,5,14707,0
28489,501,6,11858,0
28490,454,2,8670,0
28491,547,3,5068,0
28492,72,5,13158,1
28493,200,2,7978,0
28494,17,5,15660,1
28495,67,6,15604,1
28496,186,5,12518,0
28497,286,6,15403,1
28498,566,2,5854,0
28499,7,3,9476,0
28500,33,3,10795,0
28501,50,6,17081,1
28502,214,2,6909,0
28503,109,7,19640,1
28504,154,6,13944,1
28505,674,4,13139,0
28506,582,4,12720,0
28507,216,4,9870,0
28509,10,7,27670,1
28510,742,5,17672,0
28511,19,6,13136,1
28512,348,7,18286,1
28513,107,4,10478,0
28514,267,5,16402,1
28515,79,9,32690,1
28516,197,5,14632,1
28517,487,7,15211,1
28518,81,7,22707,1
28519,996,1,1147,0
28520,199,2,4465,0
28521,4,2,4919,0
28522,330,3,9588,0
28523,326,4,9804,0
28524,521,6,13156,0
28525,12,3,9404,0
28526,666,3,9893,0
28527,274,5,17560,1
28528,192,5,10949,0
28529,236,7,15024,1
28530,735,3,7255,0
28531,198,7,15790,1
28532,107,5,12512,1
28533,620,3,12126,0
28534,121,5,15931,1
28535,203,11,35033,1
28536,136,3,10315,0
28537,42,2,3949,0
28538,69,7,18193,1
28539,141,6,20413,1
28540,262,4,8005,0
28541,651,7,11779,0
28542,356,5,16236,0
28543,102,4,8563,0
28544,9,7,23810,1
28545,29,7,17939,1
28546,6,6,21808,1
28547,522,6,22056,1
28548,39,9,30128,1
28549,282,10,24286,1
28550,50,7,17336,1
28551,841,2,5616,0
28552,55,5,14596,1
28553,139,5,14319,1
28554,72,6,20874,1
28555,391,3,10150,0
28556,1351,1,5021,0
28557,172,7,19976,1
28558,319,2,8431,0
28559,429,7,23426,1
28560,209,3,8402,0
28561,6,3,6070,0
28562,204,6,20956,1
28563,32,6,16766,1
28564,269,4,11065,0
28565,431,9,32269,1
28566,14,7,15744,1
28567,28,5,12489,1
28568,8,9,20190,1
28569,106,3,8021,0
28570,513,4,13790,0
28571,285,5,7268,0
28572,102,11,22671,1
28573,280,6,17731,1
28574,4,7,14227,1
28575,86,3,11956,0
28576,359,3,4968,0
28577,73,4,7432,0
28578,899,1,3329,0
28579,114,6,22040,1
28580,62,7,11216,1
28581,52,7,14308,1
28582,72,13,38123,1
28583,324,4,11448,0
28584,703,1,2118,0
28585,26,5,12611,1
28586,54,8,24164,1
28587,12,5,12823,1
28588,473,3,9352,0
28589,312,4,11692,0
28590,127,7,16085,1
28591,47,6,18173,1
28592,763,1,4702,0
28593,39,4,15529,1
28594,157,4,9495,0
28595,499,5,14433,0
28596,887,2,3326,0
28597,166,7,17623,1
28598,564,5,15448,0
28599,120,5,11532,0
28600,334,9,30183,1
28601,15,6,12612,1
28602,209,6,13223,1
28603,391,2,6534,0
28604,47,8,18857,1
28605,62,5,20247,1
28606,185,7,12834,1
28607,270,6,14570,1
28608,125,5,16056,1
28609,31,3,9301,0
28610,173,6,18622,1
28611,330,6,21234,1
28612,35,7,22067,1
28613,178,7,18525,1
28614,336,5,10904,0
28615,300,5,13478,0
28616,241,4,9231,0
28617,421,5,11346,0
28618,312,5,14004,0
28619,218,10,28203,1
28620,148,6,20365,1
28621,276,5,12760,0
28622,162,3,6625,0
28623,124,4,11711,0
28624,257,9,24428,1
28625,228,5,9553,0
28626,819,4,12057,0
28627,142,4,13461,0
28628,58,5,17652,1
28629,463,2,2441,0
28630,549,1,700,0
28631,61,3,12202,0
28632,63,5,11245,0
28633,255,6,7680,0
28634,364,3,11123,0
28635,69,4,16052,1
28636,288,3,10129,0
28637,80,4,9033,0
28638,35,4,9346,0
28639,319,4,9320,0
28640,182,4,6240,0
28641,182,6,18534,1
28642,521,4,12887,0
28643,515,3,6936,0
28644,487,9,23900,1
28645,665,2,6998,0
28646,64,5,13084,1
28647,20,9,23388,1
28648,546,2,4597,0
28649,200,6,17940,1
28650,20,8,17102,1
28651,182,6,17597,1
28652,145,6,17855,1
28653,192,7,17235,1
28654,369,5,9593,0
28655,179,4,10765,0
28656,43,7,10085,1
28657,607,3,8104,0
28658,980,2,7664,0
28659,243,6,21888,1
28660,75,5,6459,0
28661,35,3,9697,0
28662,183,4,10830,0
28663,343,4,3122,0
28664,210,7,27087,1
28665,72,3,8901,0
28666,204,8,15116,1
28667,71,7,14439,1
28668,24,5,11577,1
28669,520,3,8257,0
28670,424,5,13152,0
28671,1056,3,8284,0
28672,108,5,14887,1
28673,21,4,13928,0
28675,200,8,25422,1
28676,105,6,12193,1
28677,19,7,17339,1
28678,16,7,16737,1
28679,230,4,6369,0
28680,66,11,25111,1
28681,530,4,13216,0
28682,179,6,17346,1
28683,65,9,27777,1
28684,992,1,5031,0
28686,515,4,10891,0
28687,76,7,19081,1
28688,142,7,11766,1
28689,68,8,21567,1
28690,118,1,3276,0
28691,39,6,15959,1
28692,36,4,12575,0
28693,144,6,20339,1
28694,570,5,12405,0
28695,84,3,7094,0
28696,313,9,21783,1
28697,228,2,5576,0
28698,586,3,8327,0
28699,230,8,16763,1
28700,258,4,7876,0
28701,43,4,11891,0
28702,295,6,12880,1
28703,642,3,12032,0
28704,523,5,12915,0
28705,73,5,21738,1
28706,220,3,9508,0
28708,1063,1,2119,0
28709,439,4,12891,0
28710,732,3,10311,0
28711,212,4,9614,0
28712,26,7,29138,1
28713,88,4,13757,0
28714,304,8,23326,1
28715,112,3,5823,0
28716,45,8,21460,1
28717,20,7,20202,1
28718,439,3,14810,0
28719,132,5,17246,1
28720,453,4,14068,0
28721,217,5,15109,1
28722,304,4,8961,0
28723,61,6,15395,1
28724,161,4,5504,0
28725,392,4,12160,0
28726,199,4,11375,0
28727,162,2,6987,0
28728,1,7,20005,1
28729,130,5,10530,0
28730,135,3,5264,0
28731,128,4,6957,0
28732,319,2,8067,0
28733,90,7,21234,1
28734,307,3,10692,0
28735,470,6,18880,1
28736,506,5,11073,0
28737,16,7,7436,1
28738,34,5,14363,1
28739,605,6,9330,0
28740,52,4,12780,0
28741,33,8,19155,1
28742,172,5,12233,0
28743,72,4,5013,0
28744,251,4,10030,0
28745,639,3,7491,0
28746,122,6,19916,1
28747,301,3,5982,0
28748,32,5,13576,1
28749,51,4,14468,0
28750,297,8,16671,1
28751,60,8,17151,1
28752,894,2,3355,0
28753,128,7,18602,1
28754,126,6,15964,1
28755,608,2,4578,0
28756,239,3,6166,0
28757,52,6,21028,1
28758,725,1,3973,0
28759,98,2,5930,0
28760,60,5,15478,1
28761,173,3,7948,0
28762,977,4,6481,0
28763,126,6,16550,1
28764,49,11,39098,1
28765,191,2,4447,0
28766,338,2,4744,0
28767,415,4,8741,0
28768,92,11,27119,1
28769,70,9,22240,1
28770,303,3,10669,0
28771,392,3,5208,0
28772,176,4,15284,0
28773,159,5,20474,1
28774,104,8,21536,1
28775,86,4,10893,0
28776,616,3,8576,0
28777,722,2,1517,0
28778,594,5,8718,0
28779,470,5,18179,1
28780,901,4,4223,0
28781,620,3,6526,0
28782,120,6,20574,1
28783,604,7,14818,1
28784,306,3,10029,0
28785,108,4,9395,0
28786,528,3,10366,0
28787,160,5,7477,0
28788,106,6,14127,1
28789,14,10,28318,1
28790,103,6,17115,1
28791,279,9,15321,1
28792,435,3,6097,0
28793,927,2,5882,0
28794,197,2,9140,0
28795,206,6,14525,1
28797,24,6,11098,1
28798,2,7,21852,1
28799,34,9,31647,1
28800,146,5,16943,1
28801,31,10,29118,1
28802,156,9,25534,1
28803,118,7,16279,1
28804,1049,3,7707,0
28805,3,6,9557,1
28806,327,3,7751,0
28807,1173,1,5250,0
28808,139,6,25127,1
28809,239,3,11248,0
28810,261,5,11863,0
28811,306,2,637,0
28812,25,9,21988,1
28813,665,1,947,0
28814,94,8,24079,1
28815,320,2,4826,0
28816,269,8,17322,1
28817,1,5,14718,1
28818,484,4,8754,0
28819,199,6,10958,1
28820,91,6,16824,1
28821,81,7,24647,1
28822,83,7,17725,1
28823,238,5,11100,0
28824,69,6,12600,1
28825,374,4,9658,0
28826,38,10,31456,1
28827,411,3,6861,0
28829,22,6,16974,1
28830,137,7,25655,1
28831,363,5,16216,0
28832,329,3,11039,0
28833,38,3,8828,0
28834,114,3,10218,0
28835,212,5,9807,0
28836,38,8,28631,1
28837,257,4,11098,0
28838,341,2,4370,0
28839,270,6,17466,1
28840,131,5,17967,1
28841,344,2,4003,0
28842,482,6,14842,0
28843,431,4,10510,0
28844,71,5,8277,0
28845,407,5,10407,0
28846,388,7,22985,1
28847,568,7,26074,1
28848,80,7,9287,1
28849,248,7,20875,1
28850,23,5,20572,1
28851,66,6,17294,1
28852,24,15,35178,1
28853,615,5,18225,0
28854,364,3,5402,0
28855,497,7,18971,1
28856,262,4,9890,0
28857,249,3,6162,0
28858,229,7,24166,1
28859,493,7,18639,1
28860,595,5,8007,0
28861,502,3,12806,0
28862,114,5,11352,0
28863,523,3,7833,0
28864,156,5,12408,0
28865,424,5,12906,0
28866,98,6,16035,1
28867,191,7,21504,1
28868,120,4,10818,0
28869,585,6,10631,0
28870,515,6,11237,0
28871,276,4,12405,0
28872,15,7,18971,1
28873,135,5,12844,0
28874,99,6,22773,1
28875,290,6,19996,1
28876,106,4,11958,0
28877,292,7,24878,1
28878,131,5,10539,0
28879,114,7,24829,1
28880,24,5,17141,1
28881,75,7,18387,1
28882,226,6,19638,1
28883,575,6,19998,1
28884,60,8,23773,1
28885,1030,2,7518,0
28886,188,5,16720,1
28887,15,5,13777,1
28888,18,4,10406,0
28889,349,3,9829,0
28890,235,1,2865,0
28891,218,2,1846,0
28892,466,5,15171,0
28893,578,3,12072,0
28894,20,7,20638,1
28895,159,2,4729,0
28896,238,5,17338,1
28897,827,3,11072,0
28898,65,3,9664,0
28899,794,2,5381,0
28900,341,4,6353,0
28901,131,10,18851,1
28902,260,5,11802,0
28903,124,5,11736,0
28904,223,6,20001,1
28905,239,9,24639,1
28906,100,5,17369,1
28907,759,3,8620,0
28908,305,3,10897,0
28909,62,3,7569,0
28910,4,6,17554,1
28911,64,7,27920,1
28912,569,4,12206,0
28913,45,6,14958,1
28915,196,2,7539,0
28916,563,6,23042,1
28917,430,7,23600,1
28918,48,3,7722,0
28919,206,7,17783,1
28920,365,3,10264,0
28921,377,4,8926,0
28922,796,5,16247,0
28923,70,7,22414,1
28924,8,7,11102,1
28925,1029,2,1438,0
28926,256,4,9599,0
28927,231,6,14650,1
28928,287,6,11491,0
28929,291,5,11141,0
28930,223,5,11503,0
28931,959,2,3828,0
28932,9,4,12815,0
28933,207,9,23507,1
28934,455,3,7959,0
28935,398,4,12896,0
28936,77,7,26794,1
28937,13,2,6774,0
28938,222,3,9517,0
28939,377,4,11963,0
28940,10,6,17426,1
28941,722,2,2343,0
28942,19,7,23670,1
28943,509,2,4264,0
28944,562,4,8954,0
28945,92,3,8841,0
28946,418,4,14416,0
28947,22,4,13742,0
28948,472,6,11272,0
28949,510,4,10034,0
28950,422,5,17634,1
28951,1220,3,10322,0
28952,33,9,25054,1
28953,48,7,10689,1
28954,621,4,8920,0
28955,80,5,15568,1
28956,163,6,14135,1
28957,117,6,15750,1
28958,98,6,22035,1
28959,543,2,3236,0
28960,155,4,12649,0
28961,89,5,14473,1
28962,191,4,10424,0
28963,294,3,11159,0
28964,101,5,13977,1
28965,134,6,10908,1
28966,60,7,21937,1
28967,135,3,9975,0
28968,224,3,6654,0
28969,857,2,4974,0
28970,1010,4,17637,0
28971,17,6,20319,1
28972,4,6,13826,1
28973,162,5,12870,0
28974,217,4,7656,0
28975,33,7,18940,1
28976,159,6,18832,1
28977,217,5,12221,0
28978,50,3,10883,0
28979,10,5,13487,1
28980,600,4,12544,0
28981,167,3,7068,0
28982,88,8,18270,1
28983,269,5,13622,0
28984,90,11,26684,1
28985,364,4,12971,0
28986,374,2,2347,0
28987,7,6,15928,1
28988,150,12,28024,1
28989,146,8,15837,1
28990,440,6,14486,1
28991,509,2,6193,0
28992,33,8,23137,1
28993,394,5,10624,0
28994,230,2,2762,0
28995,200,3,11898,0
28996,73,4,7638,0
28997,92,6,18383,1
28998,76,6,22349,1
28999,264,4,15980,0
29000,208,3,6507,0
29001,20,5,18939,1
29002,331,4,11547,0
29003,68,7,18345,1
29004,50,6,9755,1
29005,339,4,5103,0
29006,93,5,15667,1
29007,17,11,23722,1
29008,216,5,9797,0
29009,171,4,9474,0
29010,813,3,3166,0
29011,206,7,21586,1
29012,115,6,23025,1
29013,40,5,19428,1
29014,75,5,13861,1
29015,14,6,10559,1
29016,56,6,10934,1
29017,489,1,4880,0
29018,350,5,14006,0
29019,311,7,23229,1
29020,1187,1,602,0
29021,246,4,7749,0
29022,181,7,23781,1
29023,41,10,21399,1
29024,19,5,12309,1
29025,91,6,18633,1
29026,78,8,22567,1
29027,125,4,7748,0
29028,73,7,19073,1
29029,122,7,16613,1
29030,150,5,12461,0
29031,185,2,8837,0
29032,168,7,21433,1
29033,330,5,12426,0
29034,23,5,12647,1
29035,76,7,11474,1
29036,153,5,12039,0
29037,67,8,23317,1
29038,176,6,24135,1
29039,272,8,21247,1
29040,6,5,10632,0
29041,19,10,20984,1
29042,699,2,8000,0
29043,460,5,8771,0
29044,89,5,12417,1
29045,76,7,16072,1
29046,150,5,12355,0
29047,448,6,20016,1
29048,531,5,16155,0
29049,59,7,23989,1
29050,342,4,12277,0
29051,394,5,14415,0
29052,274,1,5011,0
29053,221,6,17958,1
29054,33,9,15571,1
29055,778,3,8961,0
29056,232,8,28332,1
29057,127,5,16722,1
29058,250,5,13147,0
29059,76,7,18611,1
29060,245,4,9977,0
29061,493,3,5977,0
29062,323,5,13089,0
29063,245,8,29108,1
29064,276,6,17349,1
29065,9,5,12546,1
29066,204,3,11163,0
29067,167,6,17061,1
29068,113,3,9529,0
29069,305,2,5380,0
29070,147,2,5713,0
29071,141,4,7892,0
29072,57,7,25194,1
29073,1,10,30756,1
29074,150,5,13047,0
29075,3,3,4737,0
29076,424,7,19309,1
29077,97,4,6750,0
29078,355,5,20790,1
29079,196,2,3030,0
29080,280,9,25482,1
29081,375,4,12010,0
29082,23,8,24413,1
29083,132,4,8192,0
29084,196,5,11466,0
29085,75,4,12785,0
29086,775,2,2950,0
29087,11,11,26954,1
29088,32,5,21795,1
29089,459,7,22233,1
29090,140,8,24875,1
29091,257,4,10139,0
29092,25,7,23806,1
29093,88,11,27975,1
29094,115,11,34518,1
29095,94,3,5382,0
29096,431,13,37978,1
29097,88,4,5698,0
29098,246,11,37770,1
29099,63,6,19776,1
29100,176,5,15847,1
29101,49,5,13519,1
29102,558,5,13457,0
29103,993,3,7885,0
29104,40,6,14070,1
29105,469,5,15450,0
29106,281,10,23416,1
29107,61,5,17700,1
29108,527,1,797,0
29109,210,2,797,0
29110,484,4,5688,0
29111,24,7,17194,1
29112,354,3,5057,0
29113,502,5,14016,0
29114,108,4,10185,0
29115,223,7,16113,1
29116,526,4,11432,0
29117,15,5,16721,1
29118,113,4,10846,0
29119,778,3,8549,0
29120,207,6,8935,0
29121,18,6,13983,1
29122,106,5,9993,0
29123,425,7,19769,1
29124,352,5,9805,0
29125,34,5,18315,1
29126,536,4,11012,0
29127,888,2,4787,0
29128,321,6,14487,1
29129,111,4,10008,0
29130,774,3,6607,0
29131,47,8,15993,1
29132,117,4,9648,0
29133,92,9,30207,1
29134,74,8,24133,1
29135,53,6,19305,1
29136,772,7,18179,1
29137,432,6,18519,1
29138,311,5,18512,1
29139,496,3,7654,0
29140,83,8,27348,1
29141,20,1,1370,0
29142,121,6,17349,1
29143,1094,3,2144,0
29144,46,5,9334,0
29145,465,6,19773,1
29146,1024,3,6268,0
29147,116,4,9922,0
29148,41,5,12451,1
29149,85,5,9746,0
29150,257,4,14320,0
29151,113,6,14300,1
29152,1071,4,8123,0
29153,582,4,10714,0
29154,153,6,25408,1
29155,2,8,23592,1
29156,1,4,15616,1
29157,467,5,15694,0
29158,531,9,21630,1
29159,111,6,19460,1
29160,257,4,5295,0
29161,357,6,14552,1
29162,322,1,1726,0
29163,599,2,2701,0
29164,324,4,11850,0
29165,96,5,9526,0
29166,77,7,22748,1
29167,146,6,17099,1
29168,78,3,5389,0
29169,285,5,14296,0
29170,102,7,19246,1
29171,49,7,17162,1
29172,64,9,26828,1
29173,303,4,11966,0
29174,166,5,16421,1
29175,722,4,13905,0
29176,161,7,22772,1
29177,493,2,7250,0
29178,215,7,21387,1
29179,139,8,27450,1
29180,331,2,9984,0
29181,34,4,13970,0
29182,17,9,23763,1
29183,109,4,9325,0
29184,192,8,18291,1
29185,328,5,13609,0
29186,463,5,10513,0
29187,64,6,10535,1
29188,141,3,2924,0
29189,79,6,16243,1
29190,105,8,16181,1
29191,140,6,15574,1
29192,19,3,6007,0
29193,60,4,12843,0
29194,291,7,22528,1
29195,170,5,11821,0
29196,439,6,16828,1
29197,343,7,19793,1
29198,566,3,7192,0
29199,163,4,9183,0
29200,22,4,15159,1
29201,1240,1,1081,0
29202,229,7,26802,1
29203,145,10,26651,1
29204,182,5,17811,1
29205,533,2,5701,0
29206,12,5,19688,1
29207,176,2,6439,0
29208,174,5,9245,0
29209,147,1,1872,0
29210,783,5,19234,0
29211,615,2,4106,0
29212,529,2,8851,0
29213,33,6,20177,1
29214,21,3,9712,0
29215,116,8,11272,1
29216,203,6,12115,1
29217,129,4,10133,0
29218,31,5,16729,1
29219,247,3,5125,0
29220,2,7,21296,1
29221,359,6,20290,1
29222,228,3,6426,0
29223,72,6,15747,1
29224,778,3,8127,0
29225,663,2,3059,0
29226,275,3,8842,0
29227,321,2,1376,0
29228,31,7,13191,1
29229,16,3,2250,0
29230,263,7,14894,1
29231,8,6,13028,1
29232,12,5,12898,1
29233,244,10,23990,1
29234,67,5,20084,1
29235,205,8,20287,1
29236,12,5,11952,1
29237,13,3,5179,0
29238,38,5,13564,1
29239,382,2,3279,0
29240,78,3,5361,0
29241,9,4,11787,0
29242,91,2,6813,0
29243,227,4,12390,0
29244,976,3,4795,0
29245,174,3,8911,0
29246,16,8,25911,1
29247,453,4,14062,0
29248,29,6,15688,1
29249,31,2,6902,0
29250,368,3,8225,0
29251,609,3,9539,0
29252,180,1,1700,0
29253,207,7,22459,1
29254,131,7,19168,1
29255,365,7,20048,1
29256,64,6,18048,1
29257,704,6,16213,0
29258,84,12,25937,1
29259,884,2,7549,0
29260,582,3,8088,0
29261,301,2,7291,0
29262,215,5,13409,0
29263,317,5,13205,0
29264,140,7,13699,1
29265,118,8,14953,1
29266,577,5,12516,0
29267,118,7,20363,1
29268,49,10,32438,1
29269,111,5,19593,1
29270,113,8,24795,1
29271,178,10,32707,1
29272,302,8,28041,1
29273,487,3,8141,0
29274,143,4,8464,0
29275,375,5,6278,0
29276,305,3,14239,0
29277,69,8,21130,1
29278,32,7,19745,1
29279,64,9,26660,1
29280,432,3,8824,0
29281,430,3,8170,0
29282,35,5,18938,1
29283,67,4,14124,0
29284,249,7,23481,1
29285,284,8,21986,1
29286,283,11,37958,1
29287,234,4,8181,0
29288,337,4,10835,0
29289,396,3,10023,0
29290,197,3,5838,0
29291,664,2,6911,0
29292,380,7,15854,1
29293,22,5,13925,1
29294,419,6,12518,0
29295,10,5,11357,1
29296,254,4,8458,0
29297,989,2,936,0
29298,114,10,23868,1
29299,308,3,7659,0
29300,314,1,3404,0
29301,244,5,12987,0
29302,251,7,11744,1
29303,90,10,31901,1
29304,79,2,4190,0
29305,751,5,16184,0
29306,91,5,13044,1
29307,320,6,13934,1
29308,96,13,38598,1
29309,96,5,19724,1
29310,1224,2,5833,0
29311,285,3,3476,0
29312,55,1,1692,0
29313,215,2,6462,0
29314,328,5,12186,0
29315,210,6,13982,1
29316,592,4,10763,0
29317,421,7,27030,1
29318,201,5,12239,0
29319,240,4,16062,0
29320,529,2,5600,0
29321,222,6,20460,1
29322,436,4,7117,0
29323,56,2,4937,0
29324,231,8,25146,1
29325,116,6,14958,1
29326,1257,2,3794,0
29327,109,4,9495,0
29328,11,3,5612,0
29329,215,5,15574,1
29330,458,2,7195,0
29331,852,3,8144,0
29332,471,4,13944,0
29333,429,4,7779,0
29334,84,5,12077,0
29335,254,3,5784,0
29336,258,4,13856,0
29337,355,5,6740,0
29338,32,9,33532,1
29339,515,6,13749,0
29340,59,8,28160,1
29341,47,4,14084,0
29342,237,4,12354,0
29343,302,7,16520,1
29344,49,4,12968,0
29345,140,5,19066,1
29346,184,3,6543,0
29347,79,8,26749,1
29348,126,3,10478,0
29349,48,3,7892,0
29350,8,4,11935,0
29351,561,3,7920,0
29352,474,2,5399,0
29353,173,5,18164,1
29354,277,4,5775,0
29355,45,5,15458,1
29356,418,5,14303,0
29357,640,6,15507,0
29358,194,10,29031,1
29359,235,5,15171,1
29360,127,6,13880,1
29361,29,6,16459,1
29362,76,8,26146,1
29363,75,7,17074,1
29364,641,3,13442,0
29365,306,3,3836,0
29366,35,5,11020,0
29367,197,5,10070,0
29368,367,4,11606,0
29369,1294,1,4793,0
29370,314,1,4711,0
29371,346,8,13135,1
29372,40,11,16692,1
29373,292,5,15234,0
29374,7,4,12368,0
29375,399,3,7766,0
29376,284,5,15245,1
29377,80,3,7982,0
29378,109,4,6463,0
29379,188,3,2868,0
29380,91,10,26780,1
29381,136,5,13875,1
29382,43,9,25344,1
29383,502,4,11895,0
29384,178,6,24299,1
29385,153,4,9129,0
29386,306,4,8517,0
29387,361,4,7777,0
29388,31,12,32638,1
29389,18,11,29718,1
29390,251,2,4319,0
29391,142,6,16502,1
29392,360,2,6505,0
29393,36,12,30966,1
29394,97,6,12544,1
29395,195,5,14357,1
29396,192,4,10093,0
29397,310,3,6100,0
29398,804,7,18302,1
29399,183,5,15604,1
29400,355,4,6101,0
29401,177,3,6829,0
29402,934,3,5546,0
29403,1023,1,4594,0
29404,22,6,13077,1
29405,8,3,11691,0
29406,144,8,16579,1
29407,50,2,5085,0
29408,622,7,21847,1
29409,275,3,7519,0
29410,136,5,10853,0
29411,64,8,23593,1
29412,193,9,28770,1
29413,5,6,16800,1
29414,227,8,19793,1
29415,484,5,13990,0
29416,79,3,5138,0
29417,249,5,16015,1
29418,168,7,16058,1
29419,269,4,12900,0
29420,154,1,2321,0
29421,402,7,20204,1
29422,863,4,9782,0
29423,116,6,13939,1
29424,426,3,5777,0
29425,575,5,9917,0
29426,107,6,15115,1
29427,99,5,15001,1
29428,989,3,7419,0
29429,121,5,14202,1
29430,38,7,14026,1
29431,455,5,10318,0
29432,26,7,15880,1
29433,135,8,22019,1
29434,509,2,5791,0
29435,236,4,15543,0
29436,170,5,13674,1
29437,39,5,11267,0
29438,192,7,13782,1
29439,409,6,14164,1
29440,13,4,8495,0
29441,316,2,4138,0
29442,118,11,21694,1
29443,540,9,22542,1
29444,94,3,9140,0
29445,161,7,16571,1
29446,33,7,18699,1
29447,224,3,11498,0
29448,86,7,22952,1
29449,816,2,2773,0
29450,92,4,7524,0
29451,507,5,12955,0
29452,336,4,10853,0
29453,205,7,25596,1
29454,901,4,9741,0
29455,420,3,7828,0
29456,590,5,12842,0
29457,446,1,4156,0
29458,1290,1,247,0
29459,428,2,4967,0
29460,120,2,4033,0
29461,24,4,11979,0
29462,28,6,17291,1
29463,121,8,22790,1
29464,330,7,29737,1
29465,36,5,9781,0
29466,231,3,9856,0
29467,472,3,6335,0
29468,591,4,15999,0
29469,17,4,15405,1
29470,276,7,20599,1
29471,66,10,21388,1
29472,374,5,10088,0
29473,161,3,9193,0
29474,123,8,20186,1
29475,721,4,9034,0
29476,202,5,12404,0
29477,96,6,19574,1
29478,184,7,20839,1
29479,28,3,7328,0
29480,32,5,13031,1
29481,123,3,8829,0
29482,140,2,8288,0
29483,304,5,12214,0
29484,531,5,13138,0
29485,71,4,13175,0
29486,144,6,16860,1
29487,210,3,5113,0
29488,61,7,17210,1
29489,543,5,15738,0
29490,285,8,24652,1
29491,328,2,5644,0
29492,49,2,6785,0
29493,142,9,23301,1
29494,157,10,27247,1
29495,894,1,4277,0
29496,37,5,13144,1
29497,157,7,14483,1
29498,699,3,5651,0
29499,95,6,17846,1
29500,422,3,8227,0
29501,198,6,14215,1
29502,754,5,12083,0
29503,95,7,18216,1
29504,562,1,2997,0
29505,498,6,17339,1
29506,304,11,24191,1
29507,449,4,9212,0
29508,345,5,13908,0
29509,50,4,12531,0
29510,6,2,6993,0
29511,378,7,21184,1
29512,32,7,14632,1
29513,200,4,11492,0
29514,836,2,5894,0
29515,361,4,6339,0
29516,423,3,6048,0
29517,21,7,19984,1
29518,50,10,23527,1
29519,166,4,8307,0
29520,83,7,16436,1
29521,208,4,10569,0
29522,3,5,15696,1
29523,114,8,27376,1
29524,237,7,11117,1
29525,48,7,20366,1
29526,148,6,9662,0
29527,334,3,8828,0
29528,123,5,13153,1
29529,51,3,5690,0
29530,417,6,15561,1
29531,270,5,14537,0
29532,164,8,25709,1
29533,195,7,22790,1
29534,5,6,21185,1
29535,795,3,3457,0
29536,264,4,6578,0
29537,364,2,8288,0
29538,861,2,3944,0
29539,26,8,24780,1
29540,166,4,12932,0
29541,134,8,28694,1
29542,852,1,2530,0
29543,199,4,10469,0
29544,223,5,19012,1
29545,246,6,12409,1
29546,156,2,5021,0
29547,131,4,12657,0
29548,47,6,7896,0
29549,314,4,8229,0
29550,38,9,22455,1
29551,305,5,10074,0
29552,50,5,17565,1
29553,25,8,19526,1
29554,71,7,19985,1
29555,417,2,6598,0
29556,367,3,9692,0
29557,244,3,5382,0
29558,791,5,18400,0
29559,101,4,7925,0
29560,495,4,13966,0
29561,48,6,19328,1
29562,521,5,14007,0
29563,862,2,4820,0
29564,102,1,4707,0
29565,398,10,27651,1
29566,283,6,15120,1
29567,658,2,3952,0
29568,173,6,12222,1
29569,57,3,9088,0
29570,805,4,7436,0
29571,8,2,2218,0
29572,529,6,16707,1
29573,47,4,14360,0
29574,94,3,3906,0
29575,575,8,21484,1
29576,367,7,21338,1
29577,1,5,8622,0
29578,1218,1,2266,0
29579,580,4,10807,0
29580,221,4,6517,0
29581,6,6,19442,1
29582,171,4,15137,0
29583,697,6,13894,0
29584,45,7,23483,1
29585,276,4,8545,0
29586,97,2,3144,0
29587,192,8,19532,1
29588,355,5,11550,0
29589,10,8,12219,1
29590,57,7,23275,1
29591,153,5,15560,1
29592,456,4,12239,0
29593,23,5,18151,1
29594,528,2,7350,0
29595,161,7,23321,1
29596,824,3,5761,0
29597,1154,2,6607,0
29598,44,5,17875,1
29599,266,6,19193,1
29600,629,5,19672,0
29601,149,2,6418,0
29602,152,5,13460,1
29603,20,5,15211,1
29604,125,10,27662,1
29605,134,5,13268,1
29606,1019,3,9763,0
29607,51,8,23416,1
29608,70,7,18496,1
29609,834,6,19877,0
29611,283,4,12436,0
29612,341,11,33241,1
29613,413,6,18327,1
29614,14,7,15316,1
29615,18,6,18512,1
29616,81,3,9047,0
29617,574,4,10123,0
29618,166,9,23821,1
29619,96,7,19388,1
29620,293,7,18106,1
29621,95,4,8821,0
29622,140,6,15957,1
29623,872,4,5181,0
29624,138,2,6058,0
29625,334,2,6257,0
29626,64,4,12834,0
29627,607,5,13486,0
29628,118,5,15137,1
29629,162,5,11183,0
29630,279,7,11744,1
29631,266,4,11181,0
29632,262,3,3337,0
29633,496,3,6394,0
29634,59,6,15083,1
29635,191,4,10034,0
29636,16,7,20520,1
29637,180,1,2889,0
29638,93,3,6867,0
29639,98,8,28694,1
29640,22,7,17499,1
29641,724,5,15603,0
29642,102,4,10988,0
29643,788,1,2682,0
29644,730,4,10833,0
29645,164,5,11490,0
29646,31,4,8454,0
29647,177,4,14066,0
29648,127,5,15942,1
29649,76,8,17006,1
29650,115,3,9696,0
29651,353,7,17785,1
29652,249,6,14119,1
29653,380,5,17684,1
29654,78,6,16898,1
29655,33,6,5921,0
29656,159,4,10556,0
29657,201,3,12965,0
29658,869,5,7142,0
29659,370,7,16748,1
29660,241,6,13615,1
29661,132,6,16817,1
29662,358,5,13442,0
29663,371,9,30123,1
29664,38,11,24906,1
29665,270,3,10837,0
29666,18,8,20321,1
29667,156,6,20660,1
29668,32,9,21232,1
29669,45,6,9163,1
29670,283,3,11862,0
29671,79,3,7127,0
29672,165,5,12792,0
29673,992,2,8761,0
29674,16,5,6987,0
29675,114,11,31425,1
29676,769,5,13664,0
29677,14,4,7970,0
29678,86,10,28700,1
29679,238,6,14817,1
29680,518,5,18123,0
29681,193,8,22896,1
29682,193,9,27441,1
29683,146,10,40472,1
29684,585,4,10386,0
29685,166,9,18261,1
29686,222,3,7490,0
29687,269,7,20046,1
29688,84,5,7061,0
29689,149,8,23240,1
29690,254,10,28730,1
29691,607,4,7484,0
29692,149,6,3202,0
29693,280,2,6819,0
29694,33,5,9917,0
29695,241,6,18168,1
29696,292,1,662,0
29697,686,4,9007,0
29698,232,4,14649,0
29699,45,7,19862,1
29700,207,6,13090,1
29701,690,2,8920,0
29702,467,5,12644,0
29703,196,5,11780,0
29704,265,4,9362,0
29705,47,8,18764,1
29706,482,3,5906,0
29707,709,3,8560,0
29708,175,6,19130,1
29709,656,3,8009,0
29710,331,7,25369,1
29711,332,4,15304,0
29712,282,6,14078,1
29713,257,5,5136,0
29714,50,9,27766,1
29715,143,6,19319,1
29716,14,8,22540,1
29717,34,8,23965,1
29718,290,6,13620,1
29719,436,7,15462,1
29720,89,4,10081,0
29721,22,8,28109,1
29722,135,8,32338,1
29723,107,3,5445,0
29724,299,8,18714,1
29725,249,5,10465,0
29726,698,3,13433,0
29727,64,4,8682,0
29728,69,4,12138,0
29729,467,7,17214,1
29730,37,5,16766,1
29731,25,7,18622,1
29732,235,4,14928,0
29733,38,6,15792,1
29734,242,7,20427,1
29735,180,2,8687,0
29736,11,7,23526,1
29737,11,5,15908,1
29738,545,4,10271,0
29739,787,2,5675,0
29740,737,2,6548,0
29741,474,1,499,0
29742,625,4,11209,0
29743,569,3,8320,0
29744,581,2,8431,0
29745,394,5,9093,0
29746,1,6,17897,1
29747,106,6,14984,1
29748,123,3,6862,0
29749,404,5,12127,0
29750,219,5,9335,0
29751,68,5,15029,1
29752,136,7,24100,1
29753,48,5,20645,1
29754,992,2,7245,0
29755,199,5,9095,0
29756,71,4,12016,0
29757,7,5,9611,0
29758,203,2,6558,0
29759,55,6,14818,1
29760,382,5,14428,0
29761,162,7,23309,1
29762,175,5,14382,1
29763,60,8,22962,1
29764,535,6,13742,0
29765,486,6,12440,0
29766,79,3,4913,0
29767,543,6,14111,0
29768,310,5,12937,0
29769,67,8,23139,1
29770,100,8,23130,1
29771,2,8,19833,1
29772,1115,1,509,0
29773,6,8,23334,1
29774,182,5,15707,1
29775,26,11,17313,1
29776,3,4,15180,1
29777,74,7,17306,1
29778,169,8,20111,1
29779,99,5,13399,1
29780,46,6,8939,1
29781,79,4,6509,0
29782,940,3,7844,0
29783,104,2,4810,0
29784,7,7,17907,1
29785,83,4,8971,0
29786,499,5,13512,0
29787,30,7,19508,1
29788,1,6,12996,1
29789,575,1,3783,0
29790,11,5,5339,0
29791,13,8,17548,1
29792,446,4,9097,0
29793,167,5,13132,0
29794,54,4,10457,0
29795,357,4,10965,0
29796,417,5,17927,1
29797,135,5,5534,0
29798,24,6,14769,1
29799,367,4,15568,0
29800,693,3,8837,0
29801,13,6,10979,1
29802,517,4,9683,0
29803,3,7,25006,1
29804,216,6,13111,1
29805,165,3,11479,0
29806,198,7,24444,1
29807,264,5,13374,0
29808,222,6,20857,1
29809,208,4,15815,0
29810,139,6,22756,1
29811,430,5,12729,0
29812,79,8,17034,1
29813,646,2,5735,0
29814,279,7,22628,1
29815,47,2,3788,0
29816,22,6,15010,1
29817,900,5,13151,0
29818,265,2,4064,0
29819,149,4,11461,0
29820,26,7,14570,1
29821,8,9,24269,1
29822,390,3,6730,0
29823,74,4,11869,0
29824,156,4,8886,0
29825,113,6,12588,1
29826,462,6,15319,1
29827,157,8,21861,1
29828,64,7,17374,1
29829,901,4,10370,0
29830,642,5,11757,0
29831,111,2,3342,0
29833,667,1,3892,0
29834,183,5,7588,0
29835,65,4,11998,0
29836,468,5,12644,0
29837,299,2,3971,0
29838,84,6,18670,1
29839,65,5,15068,1
29840,182,5,18384,1
29841,838,5,14473,0
29842,409,3,10104,0
29843,53,7,8171,1
29844,31,6,22026,1
29845,449,5,10693,0
29846,365,1,3085,0
29847,633,4,11421,0
29848,73,4,7402,0
29849,188,3,9482,0
29850,261,6,16163,1
29851,150,6,15762,1
29852,211,4,15790,0
29853,187,4,10267,0
29854,112,3,7426,0
29855,3,3,9419,0
29856,92,5,12868,1
29857,188,8,27270,1
29858,515,6,19167,1
29859,201,4,10194,0
29860,13,4,9898,0
29861,602,3,9115,0
29862,264,6,18057,1
29863,859,4,7498,0
29864,37,10,19238,1
29865,917,2,4788,0
29866,429,3,9738,0
29867,349,3,5532,0
29868,406,5,10259,0
29869,95,5,17674,1
29870,676,2,5545,0
29871,115,8,21025,1
29872,156,7,23491,1
29873,736,4,8016,0
29874,630,3,7405,0
29875,35,4,10632,0
29876,77,10,24229,1
29877,69,5,11383,0
29878,221,6,18460,1
29879,1257,1,3287,0
29880,49,7,22425,1
29881,449,3,11258,0
29882,43,4,10338,0
29883,345,7,13662,1
29884,82,6,12901,1
29885,615,5,16713,0
29886,4,7,16781,1
29887,217,5,14876,1
29888,95,9,24983,1
29889,58,4,15670,1
29890,254,5,7429,0
29891,328,7,14098,1
29892,25,6,12464,1
29893,198,4,7281,0
29894,234,6,12247,1
29895,60,5,16289,1
29896,709,3,9398,0
29897,24,9,30258,1
29898,373,5,15232,0
29899,332,1,1966,0
29900,379,7,8056,0
29901,194,9,26143,1
29902,410,6,15146,1
29903,10,6,11283,1
29904,345,7,15729,1
29905,918,1,2479,0
29906,39,8,16182,1
29907,1193,1,1962,0
29908,120,3,5543,0
29909,562,4,9502,0
29910,8,9,21665,1
29911,158,5,10773,0
29912,73,4,8279,0
29913,522,6,17789,1
29914,27,3,9411,0
29915,348,3,8800,0
29916,678,3,6374,0
29917,288,6,7491,0
29918,307,3,8730,0
29919,9,6,19088,1
29920,130,6,17815,1
29921,389,4,3702,0
29922,1227,1,4928,0
29923,908,4,4627,0
29924,539,3,8936,0
29925,212,7,28294,1
29926,131,4,11702,0
29927,54,5,21222,1
29928,361,6,11921,0
29929,352,5,17798,1
29930,3,6,12332,1
29931,185,7,17669,1
29932,499,5,16523,0
29933,282,6,14765,1
29934,303,6,14269,1
29935,521,6,22605,1
29936,583,4,10530,0
29937,399,4,14800,0
29938,42,9,23266,1
29939,324,4,12138,0
29940,239,1,1440,0
29941,213,7,20630,1
29942,63,6,15318,1
29943,21,4,11944,0
29944,26,6,13572,1
29945,273,6,12397,1
29946,1010,1,1693,0
29947,23,4,9508,0
29948,22,8,19205,1
29949,135,4,16640,1
29950,223,6,14498,1
29951,337,5,12262,0
29952,300,1,676,0
29953,7,6,16244,1
29954,200,6,10311,0
29955,24,6,18435,1
29956,417,2,7138,0
29957,341,6,20653,1
29958,979,3,5295,0
29959,539,3,7734,0
29960,601,4,10515,0
29961,478,4,4521,0
29962,69,7,9693,1
29963,28,6,9357,1
29964,372,4,11948,0
29965,61,6,14575,1
29966,75,11,26912,1
29967,302,3,7427,0
29968,653,3,9990,0
29969,20,4,11688,0
29970,69,6,17422,1
29971,447,6,16634,1
29972,39,3,11966,0
29973,222,7,17247,1
29974,286,3,5217,0
29975,13,5,16140,1
29976,352,7,22540,1
29977,246,4,12525,0
29978,247,5,16274,1
29979,374,6,18649,1
29980,448,4,7105,0
29981,44,11,31765,1
29982,110,9,28936,1
29983,21,4,10772,0
29984,288,8,17939,1
29985,207,9,21796,1
29986,240,4,8069,0
29987,84,8,22459,1
29988,55,5,16177,1
29989,207,6,15728,1
29990,175,11,27423,1
29991,66,10,27974,1
29992,86,6,18724,1
29993,93,3,7903,0
29994,140,9,22158,1
29995,130,3,6076,0
29996,273,5,7628,0
29997,225,3,7668,0
29998,365,3,8628,0
29999,805,4,15901,0
30000,246,2,7198,0
30001,68,5,18195,1
30002,162,3,5783,0
30003,80,6,16892,1
30004,478,1,768,0
30005,47,11,33374,1
30006,332,6,19846,1
30007,542,3,8307,0
30008,196,4,12589,0
30009,162,4,6265,0
30010,293,3,14706,0
30011,336,3,7876,0
30012,67,8,15797,1
30013,360,4,10238,0
30014,385,9,19028,1
30015,563,3,6602,0
30016,538,5,14501,0
30017,603,4,11857,0
30018,97,3,10943,0
30019,98,6,18080,1
30020,134,2,5064,0
30021,306,5,8093,0
30022,24,6,23103,1
30023,293,4,6120,0
30024,405,4,13315,0
30025,33,5,19176,1
30026,380,3,8789,0
30027,6,6,10895,1
30028,389,1,606,0
30029,15,5,15260,1
30030,18,7,18793,1
30031,82,4,16275,1
30032,255,5,12912,0
30033,238,6,16566,1
30034,816,3,11137,0
30035,128,5,14600,1
30036,42,9,28961,1
30037,106,5,7691,0
30038,3,9,22153,1
30039,3,5,16993,1
30040,29,9,22873,1
30041,301,4,9816,0
30042,58,4,8249,0
30043,217,5,16291,1
30044,417,2,6412,0
30045,428,3,6423,0
30046,582,3,5773,0
30047,92,3,7383,0
30048,173,6,14586,1
30049,132,3,8388,0
30050,438,2,6007,0
30051,477,3,4703,0
30052,377,3,6160,0
30053,897,2,5789,0
30054,84,6,19841,1
30055,230,5,11205,0
30056,124,5,16108,1
30057,93,7,15039,1
30058,3,7,20584,1
30059,532,5,11870,0
30060,129,6,14137,1
30061,447,7,13713,1
30062,513,3,8005,0
30063,424,4,7704,0
30064,114,5,14022,1
30065,403,4,14751,0
30066,374,4,14228,0
30067,238,3,5473,0
30068,438,5,7836,0
30069,682,5,16160,0
30070,98,9,25080,1
30071,40,2,5343,0
30072,199,5,14761,1
30073,12,5,15864,1
30074,260,8,24844,1
30075,156,3,7450,0
30076,400,8,19879,1
30077,651,3,11205,0
30078,139,6,13541,1
30079,43,4,8874,0
30080,534,4,10817,0
30081,825,1,1754,0
30082,508,4,9144,0
30083,141,5,17303,1
30084,247,3,4951,0
30085,1252,2,7875,0
30086,142,6,5088,0
30087,137,1,4211,0
30088,46,10,21427,1
30089,34,5,11353,0
30090,434,5,17462,0
30091,467,7,21565,1
30092,25,9,29794,1
30093,22,4,8082,0
30094,486,6,13288,0
30095,419,5,14582,0
30096,197,2,4845,0
30097,717,3,5428,0
30098,9,7,17562,1
30099,139,3,9981,0
30100,951,1,4087,0
30101,170,5,11052,0
30102,52,4,7279,0
30103,107,5,12755,1
30104,240,7,18627,1
30105,252,9,34286,1
30106,187,4,10202,0
30107,159,3,5471,0
30108,698,5,8846,0
30109,177,3,3124,0
30110,139,7,14650,1
30111,64,3,4936,0
30112,906,5,13607,0
30113,91,10,24902,1
30114,638,3,5748,0
30115,1143,2,3649,0
30116,26,6,14958,1
30117,289,4,7758,0
30118,115,7,24750,1
30119,11,7,14564,1
30120,99,4,12506,0
30121,438,3,10068,0
30122,28,9,26891,1
30123,215,4,7247,0
30124,112,10,24604,1
30125,693,2,2649,0
30126,196,4,9298,0
30127,130,2,874,0
30128,124,4,10219,0
30129,1035,1,837,0
30130,70,8,22336,1
30131,715,1,4729,0
30132,366,10,21267,1
30133,833,2,565,0
30134,513,2,3559,0
30135,58,7,20750,1
30136,235,6,16533,1
30137,41,6,16295,1
30138,175,5,14728,1
30139,174,6,20957,1
30140,431,3,6988,0
30141,207,6,16908,1
30142,295,6,19526,1
30143,482,4,18224,0
30144,76,6,22016,1
30145,448,7,23061,1
30146,617,3,14103,0
30147,498,4,17470,0
30148,252,2,5356,0
30149,223,7,21180,1
30150,94,5,11658,0
30151,187,9,26805,1
30152,1184,3,7977,0
30153,454,3,10586,0
30154,230,3,8724,0
30155,197,5,15927,1
30156,113,5,14180,1
30157,27,4,11038,0
30158,3,7,16756,1
30159,262,6,20250,1
30160,280,6,17819,1
30161,539,2,5101,0
30162,146,8,22091,1
30163,182,5,14846,1
30164,104,8,26662,1
30165,81,5,12025,0
30166,360,6,15211,1
30167,234,6,15574,1
30168,129,6,14672,1
30169,539,3,7493,0
30170,536,5,16785,0
30171,187,7,19644,1
30172,116,5,12422,0
30173,212,2,3115,0
30174,848,2,3807,0
30175,112,5,10487,0
30176,182,7,14197,1
30177,44,7,18030,1
30178,260,2,5271,0
30179,460,3,6913,0
30180,61,7,18474,1
30181,114,1,901,0
30182,1092,1,3732,0
30183,237,2,1485,0
30184,79,2,5890,0
30185,4,6,14138,1
30186,196,3,3688,0
30187,174,5,15543,1
30188,333,9,20003,1
30189,259,4,8612,0
30190,19,6,18199,1
30191,1213,2,7341,0
30192,143,5,21428,1
30193,702,6,13824,0
30194,113,4,9401,0
30195,43,6,15471,1
30196,281,5,18185,1
30197,479,5,17266,0
30198,141,6,20730,1
30199,376,7,26583,1
30200,573,4,9867,0
30201,1,5,18987,1
30202,308,6,16048,1
30203,20,5,10358,0
30204,11,8,23702,1
30205,198,4,8744,0
30206,90,3,8768,0
30207,374,4,9549,0
30208,207,6,15095,1
30209,735,3,9610,0
30210,73,5,14934,1
30211,280,5,13980,0
30212,310,3,8029,0
30213,232,6,13587,1
30214,253,8,24903,1
30215,656,3,8850,0
30216,133,5,15176,1
30217,113,5,12626,1
30218,642,5,13945,0
30219,71,4,14085,0
30220,118,9,20924,1
30221,24,7,22556,1
30222,50,2,4873,0
30223,444,7,17778,1
30224,302,3,8689,0
30225,47,5,13244,1
30226,286,6,19544,1
30227,176,7,20696,1
30228,216,4,12433,0
30229,131,2,4818,0
30230,163,1,4682,0
30231,459,6,16465,1
30232,24,4,12263,0
30233,150,4,7679,0
30234,122,6,17211,1
30235,595,3,6482,0
30236,40,4,9288,0
30237,496,4,7454,0
30239,337,9,26336,1
30240,33,6,14219,1
30241,353,4,9348,0
30242,90,8,24805,1
30243,108,5,12026,0
30244,160,6,15823,1
30245,301,3,11091,0
30246,22,3,9775,0
30247,215,3,4026,0
30248,619,3,4641,0
30249,308,3,8001,0
30250,349,4,10894,0
30251,693,4,10312,0
30252,103,6,17657,1
30253,157,5,16699,1
30254,568,3,8632,0
30255,973,2,4577,0
30256,98,2,5412,0
30257,333,4,6882,0
30258,472,3,10490,0
30259,525,3,10183,0
30260,496,5,11681,0
30261,460,4,8026,0
30262,163,7,19671,1
30263,565,2,3542,0
30264,143,7,20319,1
30265,108,5,5066,0
30266,1093,2,3718,0
30267,213,4,5164,0
30268,54,4,10283,0
30269,365,2,5436,0
30270,305,7,18075,1
30271,565,3,8646,0
30272,318,5,14644,0
30273,259,8,27787,1
30274,127,4,14671,0
30275,411,3,9781,0
30276,600,4,14541,0
30277,80,10,30352,1
30278,156,6,18568,1
30279,151,6,15754,1
30280,680,4,12371,0
30281,193,6,14514,1
30282,22,3,6696,0
30283,280,7,19594,1
30284,197,7,18702,1
30285,402,3,5719,0
30286,97,8,22314,1
30287,356,6,15869,1
30288,391,3,5988,0
30289,1114,2,5306,0
30290,224,8,20494,1
30291,183,5,12790,0
30292,422,5,17627,1
30293,63,4,15439,1
30294,64,6,19753,1
30295,142,6,12429,1
30296,48,5,15763,1
30297,17,5,16486,1
30298,117,7,21338,1
30299,305,8,20599,1
30300,12,9,17950,1
30301,29,7,22022,1
30302,252,5,13729,0
30303,292,8,20495,1
30304,138,6,19716,1
30305,206,3,10685,0
30306,563,1,5188,0
30307,171,4,7516,0
30308,45,8,18575,1
30309,188,9,25958,1
30310,210,4,14708,0
30311,205,4,10211,0
30312,104,7,16086,1
30313,138,6,17784,1
30314,211,5,9744,0
30315,396,4,15646,0
30316,20,4,13877,0
30317,80,6,21622,1
30318,705,4,14237,0
30319,212,5,13973,0
30320,541,5,10564,0
30321,232,4,13860,0
30322,201,2,9411,0
30323,260,5,15398,1
30324,833,2,5864,0
30325,220,4,12425,0
30326,163,7,25273,1
30327,249,3,6614,0
30328,65,5,15909,1
30329,155,8,22958,1
30330,69,5,13685,1
30331,420,5,15569,0
30332,221,5,14316,1
30333,74,9,22793,1
30334,121,6,11354,1
30335,747,3,5888,0
30336,739,5,18836,0
30337,49,4,10289,0
30338,56,10,27519,1
30339,85,9,25421,1
30340,54,9,20257,1
30341,149,9,25985,1
30342,194,3,9082,0
30343,7,7,18287,1
30344,257,9,19654,1
30345,8,7,20291,1
30346,36,5,13613,1
30347,479,6,18884,1
30348,84,6,18175,1
30349,130,6,11175,1
30350,12,4,8395,0
30351,193,4,9211,0
30352,422,5,17260,0
30353,712,2,5745,0
30355,35,5,8014,0
30356,454,5,13660,0
30357,310,7,21498,1
30358,69,7,22045,1
30359,145,5,14471,1
30360,755,2,6662,0
30361,185,10,26906,1
30362,342,3,10352,0
30363,312,3,12754,0
30364,175,3,6820,0
30365,115,3,9986,0
30366,136,6,15575,1
30367,37,8,15619,1
30368,346,5,15408,0
30369,414,5,13026,0
30370,56,4,7938,0
30371,92,2,6192,0
30372,79,8,19824,1
30373,268,3,5671,0
30374,1,8,15042,1
30375,328,5,20792,1
30376,283,8,16406,1
30377,129,8,19934,1
30378,229,4,13799,0
30379,320,5,11149,0
30380,229,4,11418,0
30381,51,9,22474,1
30382,34,8,20082,1
30383,304,5,18152,1
30384,22,6,19066,1
30385,714,5,17111,0
30386,263,3,6777,0
30387,177,5,12792,0
30388,160,4,10673,0
30389,66,3,6905,0
30390,141,2,5905,0
30391,808,4,8804,0
30392,194,7,20107,1
30393,582,6,16090,0
30394,223,7,15393,1
30395,315,3,7121,0
30396,162,7,23063,1
30397,2,10,36700,1
30398,149,7,17227,1
30399,151,3,9266,0
30400,405,3,10803,0
30401,257,7,16137,1
30402,210,5,10361,0
30403,1054,3,8090,0
30404,736,1,940,0
30405,846,2,4687,0
30406,85,7,19018,1
30407,124,7,12097,1
30408,201,3,4076,0
30409,91,4,8953,0
30410,187,7,21963,1
30411,29,3,10896,0
30412,311,1,3661,0
30413,20,5,19430,1
30414,137,6,16532,1
30415,679,5,14898,0
30416,168,5,13113,0
30417,14,4,10116,0
30418,387,2,6742,0
30419,81,7,19796,1
30420,292,6,19634,1
30421,2,8,17810,1
30422,10,6,15621,1
30423,792,3,9019,0
30424,154,4,12540,0
30425,82,3,11374,0
30426,50,8,28677,1
30427,255,4,11551,0
30428,513,3,14455,0
30429,58,7,11261,1
30430,877,3,7925,0
30431,84,7,19389,1
30433,24,5,11425,1
30434,207,3,7447,0
30435,180,3,8807,0
30436,879,2,6274,0
30437,383,4,16173,0
30438,128,4,4853,0
30439,62,5,14165,1
30440,65,8,21764,1
30441,213,7,18814,1
30442,27,6,11760,1
30443,155,9,21120,1
30444,344,3,8974,0
30445,274,2,4903,0
30446,385,4,6497,0
30447,325,3,7710,0
30448,572,4,10553,0
30449,281,6,16985,1
30450,59,6,12636,1
30451,633,3,12207,0
30452,289,6,16414,1
30453,212,7,11008,1
30454,812,4,7169,0
30455,13,8,22710,1
30456,215,9,32589,1
30457,41,8,20529,1
30458,69,5,12297,1
30459,221,6,13505,1
30460,71,6,13914,1
30461,652,3,8646,0
30462,381,2,5219,0
30463,291,6,20736,1
30464,484,4,12921,0
30465,14,6,14484,1
30466,516,8,23087,1
30467,138,2,4453,0
30468,53,5,17481,1
30469,205,4,11589,0
30470,416,2,6436,0
30471,118,8,26428,1
30472,127,7,15511,1
30473,10,5,13110,1
30474,11,6,13872,1
30475,112,9,23750,1
30476,431,6,20280,1
30477,297,3,10463,0
30478,310,3,8870,0
30480,541,4,14330,0
30481,580,3,10997,0
30482,173,5,16308,1
30483,54,5,6314,0
30484,123,7,25515,1
30485,148,5,13933,1
30486,523,4,13130,0
30487,37,5,15369,1
30488,12,4,7310,0
30489,371,2,6430,0
30490,620,4,16360,0
30491,17,4,4925,0
30492,188,7,14785,1
30493,652,2,4443,0
30494,80,7,24007,1
30495,193,8,32700,1
30496,334,5,10794,0
30497,248,3,9769,0
30498,506,3,9702,0
30499,339,5,14339,0
30500,409,4,12762,0
30501,194,3,9061,0
30502,74,5,15838,1
30503,851,3,9610,0
30504,235,5,10511,0
30505,32,4,15713,1
30506,605,8,17272,1
30507,99,8,27290,1
30508,298,8,16796,1
30509,259,3,12238,0
30510,54,4,17148,1
30511,669,3,6132,0
30512,415,7,17266,1
30513,19,4,5690,0
30514,465,4,4939,0
30515,296,6,22490,1
30516,3,8,20662,1
30517,29,9,24141,1
30518,65,7,16127,1
30519,258,5,12450,0
30520,180,4,12498,0
30521,23,5,15572,1
30522,202,9,17709,1
30523,619,4,13970,0
30524,144,5,15988,1
30525,368,5,8733,0
30526,48,4,12885,0
30527,35,8,30541,1
30528,69,5,12320,1
30529,382,7,23663,1
30530,83,6,12233,1
30531,342,5,7734,0
30532,48,4,10878,0
30533,353,6,16635,1
30534,206,11,34002,1
30535,188,4,9262,0
30536,135,4,17695,1
30537,74,2,3844,0
30538,13,6,19075,1
30539,84,8,15183,1
30540,7,4,7911,0
30541,32,5,9676,0
30542,355,6,15289,1
30543,123,5,19118,1
30544,358,5,13487,0
30545,44,7,24332,1
30546,373,5,10637,0
30547,661,2,2989,0
30548,122,5,16762,1
30549,166,6,21534,1
30550,72,6,17224,1
30551,256,6,18344,1
30552,58,11,28311,1
30553,53,5,20581,1
30554,424,4,10676,0
30555,404,4,6243,0
30556,342,5,10807,0
30557,353,5,9371,0
30558,30,7,19865,1
30559,59,2,6362,0
30560,125,5,13028,1
30561,80,7,17701,1
30562,352,3,9463,0
30563,251,5,14202,0
30564,207,4,8067,0
30565,376,6,15332,1
30566,5,4,2836,0
30567,335,3,8920,0
30568,13,4,8933,0
30569,847,2,4545,0
30570,42,8,29126,1
30571,29,8,22121,1
30572,484,5,19759,1
30573,81,5,11072,0
30574,91,5,14501,1
30575,66,3,5179,0
30576,349,5,10195,0
30577,794,2,5503,0
30578,144,2,3043,0
30579,62,6,18850,1
30580,83,1,2711,0
30581,584,5,14432,0
30582,176,7,23640,1
30583,465,4,9198,0
30584,66,7,20158,1
30585,399,3,9236,0
30586,165,9,22876,1
30587,440,4,13199,0
30588,38,6,15766,1
30589,466,6,15118,1
30590,280,5,13303,0
30591,224,5,15324,1
30592,520,6,18709,1
30593,144,8,17661,1
30594,733,5,11091,0
30595,98,6,12315,1
30596,100,5,10988,0
30597,610,4,9935,0
30598,215,6,23699,1
30599,106,3,6396,0
30600,59,6,13083,1
30601,982,1,3645,0
30602,36,5,16116,1
30603,157,4,11036,0
30604,235,3,5700,0
30605,393,5,12982,0
30606,103,4,10686,0
30607,11,4,8158,0
30608,281,4,8185,0
30609,127,3,8870,0
30610,615,3,9763,0
30611,58,8,20975,1
30612,208,5,18225,1
30613,341,4,4945,0
30614,180,5,14940,1
30615,483,3,7748,0
30616,791,2,3340,0
30617,142,7,18084,1
30618,179,7,22084,1
30619,8,6,17867,1
30620,141,4,10129,0
30621,435,2,1690,0
30622,34,4,12713,0
30623,96,8,28998,1
30624,133,5,13359,1
30625,24,5,20680,1
30626,230,6,23589,1
30627,65,6,18153,1
30628,375,6,17140,1
30629,11,4,12201,0
30630,469,2,4154,0
30631,181,3,9906,0
30632,152,8,24332,1
30633,6,8,26465,1
30634,75,9,30894,1
30635,43,2,7558,0
30636,358,3,5705,0
30637,27,4,12089,0
30638,170,7,16109,1
30639,75,4,7803,0
30640,298,5,11992,0
30641,33,9,27020,1
30642,1119,2,6043,0
30643,501,4,12197,0
30644,109,6,15227,1
30645,742,2,7678,0
30646,833,2,2692,0
30647,286,4,9367,0
30648,189,5,17743,1
30649,1164,3,6191,0
30650,474,2,4832,0
30651,231,5,11636,0
30652,41,5,12608,1
30653,541,3,10279,0
30654,15,5,11337,1
30655,367,5,17680,1
30656,546,3,5860,0
30657,56,5,7581,0
30658,220,2,4900,0
30659,730,6,14506,0
30660,79,7,18160,1
30661,1044,1,2605,0
30662,180,5,16946,1
30663,251,7,19725,1
30664,206,7,22461,1
30665,34,5,12284,1
30666,364,8,17831,1
30667,38,6,17910,1
30668,219,6,24885,1
30669,53,6,13782,1
30670,151,6,13513,1
30671,142,9,24572,1
30672,429,5,10650,0
30673,117,7,20482,1
30674,326,4,8140,0
30675,491,6,16879,1
30676,143,7,12748,1
30677,233,8,23844,1
30678,10,9,29693,1
30679,675,3,8734,0
30680,251,1,4583,0
30681,320,5,15286,0
30682,347,7,21567,1
30683,252,5,15035,1
30684,458,2,7405,0
30685,90,9,28102,1
30686,46,8,27216,1
30687,86,3,4963,0
30688,715,5,18891,0
30689,15,3,9456,0
30690,26,6,22641,1
30691,140,4,16389,1
30692,23,4,11732,0
30693,576,3,6357,0
30694,152,8,22606,1
30695,41,7,21202,1
30696,143,6,17602,1
30697,209,5,17790,1
30698,159,5,6570,0
30699,462,6,16537,1
30700,270,3,5960,0
30701,24,6,14743,1
30702,370,2,6327,0
30703,62,4,14260,0
30704,175,9,24060,1
30705,224,3,11275,0
30706,85,11,32772,1
30707,155,4,12341,0
30708,13,11,32784,1
30709,259,5,10473,0
30710,231,6,23808,1
30711,346,6,15032,1
30712,83,7,21461,1
30713,711,7,16179,1
30714,167,4,12697,0
30715,841,2,4932,0
30716,133,3,7657,0
30717,190,5,14395,1
30718,131,7,16135,1
30719,462,5,15936,0
30720,59,6,17037,1
30721,63,6,15636,1
30722,270,2,5181,0
30723,156,10,31982,1
30724,686,6,20429,1
30725,149,8,20556,1
30726,477,4,13598,0
30727,689,2,3380,0
30728,85,4,10874,0
30729,803,2,5776,0
30730,69,7,17362,1
30731,102,2,6468,0
30732,734,7,13123,0
30733,32,8,18077,1
30734,22,8,25156,1
30735,349,3,5964,0
30736,81,5,11644,0
30737,169,7,22890,1
30738,251,5,16363,1
30739,265,8,25934,1
30740,453,7,15745,1
30741,190,6,15911,1
30742,399,4,6522,0
30743,464,3,9960,0
30744,905,3,7987,0
30745,151,3,13225,0
30746,201,4,13860,0
30747,270,3,8697,0
30748,106,9,21646,1
30749,27,7,16086,1
30750,263,2,3479,0
30751,23,6,15497,1
30752,137,2,5308,0
30753,545,6,8944,0
30754,244,4,10446,0
30755,17,3,5783,0
30756,224,2,6201,0
30757,45,4,9213,0
30758,132,2,7492,0
30759,508,5,21350,1
30760,373,5,11083,0
30761,216,12,35438,1
30762,321,3,8734,0
30763,247,3,6910,0
30764,510,3,12702,0
30765,84,6,14937,1
30766,80,5,11024,0
30767,1,6,18248,1
30768,32,2,3665,0
30769,121,5,7835,0
30770,55,4,11397,0
30771,88,3,7757,0
30772,231,3,5046,0
30773,60,6,18015,1
30774,568,5,18337,0
30775,215,2,4320,0
30776,122,6,15521,1
30777,291,6,18531,1
30778,589,4,12188,0
30779,218,3,7792,0
30780,141,4,6551,0
30781,35,10,29818,1
30782,159,2,6397,0
30783,410,5,13544,0
30784,106,3,9520,0
30785,45,7,13180,1
30786,305,8,21281,1
30787,385,6,12968,0
30788,66,6,9494,1
30789,258,3,8420,0
30790,326,5,12456,0
30791,173,3,10350,0
30792,235,7,23071,1
30793,32,7,19815,1
30794,9,3,6187,0
30795,28,6,17424,1
30796,73,8,17581,1
30797,1254,1,1525,0
30798,327,4,7121,0
30799,170,7,17190,1
30800,253,7,18962,1
30801,480,2,3455,0
30802,400,2,4346,0
30803,25,4,10621,0
30804,286,5,15366,1
30805,266,3,11268,0
30806,772,3,9071,0
30807,18,5,16883,1
30808,311,7,23467,1
30809,11,5,15082,1
30810,95,5,10547,0
30811,60,6,15445,1
30812,254,4,11012,0
30813,15,4,9409,0
30814,329,2,5590,0
30815,105,4,13698,0
30816,752,3,4967,0
30817,29,8,20315,1
30818,499,4,12785,0
30819,395,4,9666,0
30820,444,5,19745,1
30821,177,4,16465,0
30822,327,5,19725,1
30823,298,3,8280,0
30824,312,7,19781,1
30825,390,2,6960,0
30826,124,2,7743,0
30827,73,6,21290,1
30828,700,4,14436,0
30829,114,6,17340,1
30830,254,3,9852,0
30831,15,4,14172,0
30832,231,1,4265,0
30833,572,4,6536,0
30834,562,3,10885,0
30835,3,4,9256,0
30836,274,5,12275,0
30837,55,2,9012,0
30838,45,14,42852,1
30839,193,4,10134,0
30840,383,5,18352,1
30841,354,4,10857,0
30842,128,9,27523,1
30843,558,2,7335,0
30844,37,4,12195,0
30845,6,10,24141,1
30846,502,2,6984,0
30847,21,3,8665,0
30848,105,7,17186,1
30849,200,10,29099,1
30850,112,5,13962,1
30851,29,3,9025,0
30852,104,5,17862,1
30853,573,4,10332,0
30854,45,3,4438,0
30855,105,8,20743,1
30856,424,4,11740,0
30857,77,8,24415,1
30858,587,6,20650,1
30859,741,2,1791,0
30860,474,6,19005,1
30861,222,5,12030,0
30862,404,2,3408,0
30863,168,5,15185,1
30865,227,3,11794,0
30866,202,6,15346,1
30867,801,4,13180,0
30868,424,7,12947,1
30869,53,6,16680,1
30870,214,5,13876,0
30871,12,6,21455,1
30872,300,7,13029,1
30873,4,7,17625,1
30874,231,3,3824,0
30875,27,6,18050,1
30876,65,2,3047,0
30878,48,5,13944,1
30879,791,5,14740,0
30880,947,2,3927,0
30881,56,8,16083,1
30882,289,5,13380,0
30883,28,6,13294,1
30884,420,4,8742,0
30885,555,5,14739,0
30886,64,5,12846,1
30887,22,4,8251,0
30888,118,4,13726,0
30889,52,8,22411,1
30890,269,6,16599,1
30891,177,7,18521,1
30892,133,3,10625,0
30893,26,9,20807,1
30894,233,8,15708,1
30895,331,2,4106,0
30896,240,6,19667,1
30897,6,6,14234,1
30898,167,3,5127,0
30899,573,6,24000,1
30900,55,9,25261,1
30901,352,5,17103,1
30902,1150,1,2667,0
30903,14,5,16628,1
30904,163,6,22924,1
30905,6,9,30179,1
30906,360,5,21069,1
30907,97,6,12512,1
30908,147,5,11091,0
30909,270,6,15291,1
30910,174,5,12101,0
30911,76,6,17865,1
30912,219,2,8121,0
30913,141,5,14157,1
30914,40,5,17996,1
30915,43,6,13592,1
30916,117,5,17361,1
30917,114,6,16312,1
30918,288,4,14149,0
30919,350,5,11136,0
30920,952,8,23893,1
30921,296,4,11342,0
30922,255,5,14823,1
30923,371,5,14464,0
30924,49,5,10985,0
30925,123,7,20197,1
30926,59,9,30840,1
30927,200,5,15859,1
30928,498,4,9711,0
30929,1051,3,9001,0
30930,272,5,11689,0
30931,134,12,32256,1
30932,228,3,10833,0
30933,145,3,12149,0
30934,552,2,2116,0
30935,566,6,17863,1
30936,275,10,28308,1
30937,368,5,13879,0
30938,376,3,7968,0
30939,243,3,3523,0
30940,976,5,12770,0
30942,120,7,21409,1
30943,348,3,6921,0
30944,140,8,16237,1
30945,267,5,15294,1
30946,373,10,25436,1
30947,437,4,13280,0
30948,159,2,9907,0
30949,153,5,18028,1
30950,488,4,10060,0
30951,219,5,12419,0
30952,466,3,8237,0
30953,263,6,13109,1
30954,195,4,12459,0
30955,313,3,9591,0
30956,331,5,14670,0
30957,147,6,13087,1
30958,46,6,14721,1
30959,471,3,7971,0
30960,68,7,15819,1
30961,262,10,23082,1
30962,326,4,11293,0
30963,154,2,1539,0
30964,344,5,13512,0
30965,77,9,29353,1
30966,45,7,23847,1
30967,63,3,2748,0
30968,772,3,5736,0
30969,395,1,3619,0
30970,92,5,16140,1
30971,192,8,22337,1
30972,830,2,4740,0
30973,245,4,9684,0
30974,325,6,15224,1
30975,133,5,14998,1
30976,78,5,14194,1
30977,231,8,27704,1
30978,100,8,25762,1
30979,145,6,19915,1
30980,101,4,11672,0
30981,407,5,10326,0
30982,128,6,15975,1
30983,338,5,13433,0
30984,450,6,15354,1
30985,127,5,15329,1
30986,716,1,264,0
30987,416,10,28980,1
30988,187,8,19021,1
30989,4,9,27995,1
30990,263,5,13820,0
30991,57,4,7628,0
30992,296,5,9099,0
30993,268,6,14292,1
30994,443,5,17080,0
30995,39,6,19511,1
30996,91,10,25019,1
30997,40,7,23127,1
30998,839,3,7732,0
30999,123,9,20731,1
31000,14,7,18226,1
31001,246,5,17996,1
31002,148,8,13749,1
31003,478,7,15130,1
31004,135,8,17790,1
31005,48,9,26295,1
31006,255,5,13379,0
31007,492,4,12844,0
31008,20,3,13121,0
31009,771,3,5426,0
31010,63,6,11089,1
31011,123,4,16179,1
31012,118,5,10584,0
31013,25,7,14920,1
31014,126,10,17040,1
31015,681,3,11278,0
31016,1007,2,8518,0
31017,257,11,36309,1
31018,1,5,15220,1
31019,338,6,18036,1
31020,809,5,8963,0
31021,568,7,18840,1
31022,507,3,5262,0
31023,1000,2,7284,0
31024,163,5,19497,1
31025,611,3,9067,0
31026,241,3,7264,0
31027,231,5,12605,0
31028,179,4,7858,0
31029,56,7,19492,1
31030,20,4,15237,1
31031,90,3,7759,0
31032,176,5,13161,0
31033,108,6,14557,1
31034,404,5,10670,0
31035,172,7,14941,1
31036,413,3,6556,0
31037,29,7,20723,1
31038,472,6,24501,1
31039,247,8,25016,1
31040,138,8,18235,1
31041,105,8,20907,1
31042,546,3,8461,0
31043,154,5,13384,1
31044,290,6,17828,1
31045,129,7,15914,1
31046,807,3,9682,0
31047,383,2,8924,0
31048,133,4,12665,0
31049,39,3,6128,0
31050,105,5,14396,1
31051,281,8,18469,1
31052,133,3,10454,0
31053,546,5,12014,0
31054,607,3,6172,0
31055,2,7,12225,1
31056,135,10,27108,1
31057,705,1,3096,0
31058,173,7,19095,1
31059,348,4,13057,0
31060,6,4,11580,0
31061,524,5,12155,0
31062,87,6,12800,1
31063,159,6,14664,1
31064,394,4,15828,0
31065,69,8,16974,1
31066,202,2,6797,0
31067,263,4,5630,0
31068,66,5,16390,1
31069,838,4,14652,0
31070,437,4,10579,0
31071,144,6,16059,1
31072,76,4,9280,0
31073,70,8,17891,1
31074,689,2,3506,0
31075,112,7,19692,1
31076,13,8,22298,1
31077,519,5,14926,0
31078,774,5,8857,0
31079,673,1,4803,0
31080,235,5,15847,1
31081,556,3,9787,0
31082,264,4,12691,0
31083,187,6,17702,1
31084,108,2,7192,0
31085,471,5,12529,0
31086,193,4,9685,0
31087,923,4,11191,0
31088,216,6,16834,1
31089,37,7,22560,1
31090,49,3,5879,0
31091,21,6,12879,1
31092,215,5,10519,0
31093,6,7,17704,1
31094,205,2,6354,0
31095,190,2,3811,0
31096,1005,1,4818,0
31097,421,3,11298,0
31098,218,5,6469,0
31099,1167,1,2593,0
31100,227,5,9261,0
31101,236,5,14287,0
31102,754,4,15222,0
31103,434,1,873,0
31104,1141,1,2085,0
31105,694,1,3892,0
31106,356,5,14859,0
31107,48,3,10003,0
31108,1069,1,5245,0
31109,32,6,14583,1
31110,453,5,13073,0
31111,208,7,19444,1
31112,24,6,10232,1
31113,613,4,9245,0
31114,452,2,5823,0
31115,56,5,14650,1
31116,251,7,18717,1
31117,73,2,4776,0
31118,290,4,12774,0
31119,1301,1,4164,0
31120,658,3,5042,0
31121,10,6,19234,1
31122,9,4,13415,0
31123,198,6,13136,1
31124,18,10,22209,1
31125,616,5,15525,0
31126,232,3,7040,0
31127,62,6,25086,1
31128,9,8,18778,1
31129,1,7,13990,1
31130,7,5,8503,0
31131,50,6,20068,1
31133,195,8,24555,1
31134,318,10,24068,1
31135,360,4,11318,0
31136,314,7,16767,1
31137,456,6,16303,1
31138,41,7,21063,1
31139,115,9,31142,1
31140,227,7,21223,1
31141,130,9,23500,1
31142,21,3,5925,0
31143,190,4,7746,0
31144,160,4,16983,1
31145,17,5,10782,0
31146,137,2,4709,0
31147,82,6,13451,1
31148,147,6,16375,1
31149,24,6,18426,1
31150,55,5,14247,1
31151,108,4,15963,1
31152,377,2,6228,0
31153,540,5,16308,0
31154,567,2,4165,0
31155,13,6,11080,1
31156,277,8,24744,1
31157,19,9,22758,1
31158,271,4,13158,0
31159,286,3,6045,0
31160,546,4,10947,0
31161,729,7,12622,0
31162,223,5,12261,0
31163,378,4,17071,0
31164,61,8,33536,1
31165,32,5,6939,0
31166,182,7,19995,1
31167,21,4,8819,0
31168,78,10,30384,1
31169,911,4,8184,0
31170,90,6,7499,0
31171,312,3,12904,0
31172,53,7,23817,1
31173,433,2,9094,0
31174,339,9,20507,1
31175,337,6,18650,1
31176,100,6,20697,1
31177,51,4,9922,0
31178,233,7,17287,1
31179,165,5,14865,1
31180,302,2,7739,0
31181,27,5,14904,1
31183,581,3,4321,0
31184,598,2,5768,0
31185,4,8,15095,1
31186,268,6,14449,1
31187,25,4,10753,0
31188,476,6,17588,1
31189,26,9,26345,1
31190,18,10,33408,1
31191,202,6,14500,1
31192,461,4,11764,0
31193,427,4,9290,0
31194,203,5,12119,0
31195,78,10,30973,1
31196,204,8,24744,1
31197,123,8,18676,1
31198,405,6,12818,0
31199,178,4,11933,0
31200,107,4,10293,0
31201,112,5,13891,1
31202,138,4,15355,0
31203,472,5,14913,0
31204,20,4,8728,0
31205,102,3,5304,0
31206,104,5,14037,1
31207,155,3,9967,0
31208,175,10,24480,1
31209,194,6,19964,1
31210,109,3,11175,0
31211,36,7,24153,1
31212,344,2,5769,0
31213,693,4,8595,0
31214,83,5,18444,1
31215,68,6,15434,1
31216,152,5,10611,0
31217,364,2,5707,0
31218,82,8,19399,1
31219,77,1,308,0
31220,141,6,8833,0
31221,120,5,14243,1
31222,302,3,7878,0
31223,586,5,17226,0
31224,85,7,19471,1
31225,67,6,13679,1
31226,32,7,19962,1
31227,341,3,11208,0
31228,419,2,5069,0
31229,210,4,11860,0
31230,60,6,23867,1
31231,730,3,5438,0
31232,622,1,3281,0
31233,295,6,9089,0
31234,329,5,18867,1
31235,771,2,3020,0
31236,6,11,25155,1
31237,34,6,15882,1
31238,155,7,18170,1
31239,294,4,12089,0
31240,879,4,6955,0
31241,935,1,4658,0
31242,231,5,17104,1
31243,974,1,3658,0
31244,250,9,20986,1
31245,462,5,14822,0
31246,531,6,16690,1
31247,242,4,5915,0
31248,61,6,22237,1
31249,118,5,16166,1
31250,153,5,13801,1
31251,82,4,13091,0
31252,128,8,21873,1
31253,134,5,10849,0
31254,106,6,17514,1
31255,169,5,15976,1
31256,158,5,17414,1
31257,174,3,10609,0
31258,357,7,16407,1
31259,80,8,22398,1
31260,770,2,6382,0
31261,14,3,12015,0
31262,212,3,8406,0
31263,92,4,4456,0
31264,357,2,3517,0
31265,75,7,27766,1
31266,102,3,12770,0
31267,325,1,2308,0
31268,553,6,21097,1
31269,54,7,12934,1
31270,310,8,25478,1
31271,101,5,17607,1
31272,330,4,9081,0
31273,215,2,3828,0
31274,109,3,11206,0
31275,29,4,10744,0
31276,11,5,18227,1
31277,265,5,11880,0
31278,283,4,8402,0
31279,182,7,12824,1
31280,47,2,8927,0
31281,312,5,15001,0
31282,259,6,13692,1
31283,376,3,6800,0
31284,506,5,9461,0
31285,128,2,3546,0
31286,16,6,20512,1
31287,224,12,40703,1
31288,42,6,14953,1
31289,122,4,11521,0
31290,22,5,9558,0
31291,49,6,19575,1
31292,21,9,32268,1
31293,627,4,11042,0
31294,413,6,15929,1
31295,147,5,15150,1
31296,1110,1,783,0
31297,340,3,9025,0
31298,150,7,22066,1
31299,322,8,17843,1
31300,503,8,21124,1
31301,153,8,19225,1
31302,187,3,9263,0
31303,443,4,10530,0
31304,2,2,4961,0
31305,491,6,15985,1
31306,333,5,14692,0
31307,311,4,10993,0
31308,311,3,7590,0
31309,354,7,16328,1
31311,56,5,12324,1
31312,401,4,12465,0
31313,12,9,15994,1
31314,322,4,11121,0
31315,891,1,2508,0
31316,377,6,24719,1
31317,490,2,3950,0
31318,247,5,8308,0
31319,130,5,17237,1
31320,941,2,2484,0
31321,334,7,16934,1
31322,433,3,3849,0
31323,176,7,16359,1
31324,87,6,15914,1
31325,345,2,7948,0
31326,132,5,13481,1
31327,287,6,21029,1
31328,35,5,15848,1
31329,453,4,11975,0
31330,171,5,8422,0
31331,287,3,8628,0
31332,24,6,22244,1
31333,55,7,18895,1
31334,127,4,10406,0
31335,42,2,9979,0
31336,459,2,8340,0
31337,286,8,17193,1
31338,62,7,15134,1
31339,416,6,16175,1
31340,278,5,14062,0
31341,117,9,30085,1
31342,120,6,13531,1
31343,496,4,11693,0
31344,200,5,12538,0
31345,65,8,25638,1
31346,170,4,3696,0
31347,86,7,18251,1
31348,156,8,23491,1
31349,42,6,14078,1
31350,69,5,12177,1
31351,143,5,13599,1
31352,284,5,8041,0
31353,267,4,12027,0
31354,5,9,16153,1
31355,242,4,15442,0
31356,491,3,7233,0
31357,34,3,7293,0
31358,37,4,11622,0
31359,716,6,22899,1
31360,14,4,7482,0
31361,389,2,8518,0
31362,124,7,26089,1
31363,78,7,17821,1
31364,298,3,9722,0
31365,299,6,11390,0
31366,54,7,13292,1
31367,88,4,7736,0
31368,10,6,12438,1
31369,568,3,8391,0
31370,57,5,12151,1
31371,585,5,8134,0
31372,151,5,14920,1
31373,75,3,10498,0
31374,241,1,4176,0
31375,274,4,12603,0
31376,410,3,9448,0
31377,226,5,18031,1
31378,300,3,7056,0
31379,341,5,15276,0
31380,288,4,12426,0
31381,360,5,13657,0
31382,182,6,22733,1
31383,133,7,20953,1
31384,128,5,14188,1
31385,288,4,13538,0
31386,23,6,24305,1
31387,157,5,15640,1
31388,379,3,10112,0
31389,168,8,15943,1
31390,623,4,12308,0
31391,399,3,8637,0
31392,50,6,15218,1
31393,529,5,15773,0
31394,57,3,7527,0
31395,470,5,10255,0
31396,99,6,12647,1
31397,766,2,6271,0
31398,35,7,13589,1
31399,35,5,10281,0
31400,599,3,6000,0
31401,255,6,17005,1
31402,287,3,6988,0
31403,88,6,18688,1
31404,79,3,11797,0
31405,177,7,15967,1
31406,381,3,13504,0
31407,41,8,22851,1
31408,410,3,5861,0
31409,260,4,15195,0
31410,77,7,19184,1
31411,552,2,8996,0
31412,356,7,19797,1
31413,126,6,18841,1
31414,997,1,1953,0
31415,83,7,16254,1
31416,258,6,11470,0
31417,91,10,31255,1
31418,167,4,12632,0
31419,230,5,12053,0
31420,534,3,9988,0
31421,28,4,15354,1
31422,115,9,21205,1
31423,609,3,13466,0
31424,368,5,14927,0
31425,106,2,7508,0
31426,24,7,17625,1
31427,47,2,6435,0
31428,92,5,18080,1
31429,502,4,12659,0
31430,37,5,10595,0
31431,173,3,6307,0
31432,493,3,7966,0
31433,344,4,13544,0
31434,500,4,15043,0
31435,68,6,11712,1
31436,103,4,12794,0
31437,295,3,11390,0
31438,276,4,15653,0
31439,243,5,19731,1
31440,204,3,4758,0
31441,740,2,7236,0
31442,820,5,11814,0
31443,230,5,16134,1
31444,194,8,24757,1
31445,186,3,8050,0
31446,15,7,24786,1
31447,60,12,28583,1
31448,109,6,16136,1
31449,582,3,9570,0
31450,268,7,19584,1
31451,97,5,20263,1
31452,26,9,22849,1
31453,440,5,10845,0
31454,29,11,21830,1
31455,418,4,9163,0
31456,24,5,11069,0
31457,89,7,12127,1
31458,901,2,6628,0
31459,6,12,38847,1
31460,191,5,8063,0
31461,146,1,3796,0
31462,704,2,4463,0
31463,18,3,6622,0
31464,46,6,19226,1
31465,53,5,8846,0
31466,199,2,5890,0
31467,327,5,17692,1
31468,476,4,7770,0
31469,66,9,26157,1
31470,34,4,9563,0
31471,760,2,6684,0
31472,488,4,8277,0
31473,484,5,9817,0
31474,143,4,17388,1
31475,17,8,18023,1
31476,216,6,19827,1
31477,236,4,11981,0
31478,43,7,14651,1
31479,72,4,7912,0
31480,195,7,16279,1
31481,237,8,18474,1
31482,25,2,5540,0
31483,74,4,9565,0
31484,194,3,3139,0
31485,276,6,15302,1
31486,549,4,12982,0
31487,181,7,23484,1
31488,51,5,17128,1
31489,96,8,23906,1
31490,170,7,25387,1
31491,110,5,21367,1
31492,69,6,15896,1
31493,378,5,16604,0
31494,658,3,8577,0
31495,659,3,6167,0
31496,747,4,9157,0
31497,750,5,14535,0
31498,82,2,6633,0
31499,69,6,14670,1
31500,460,3,9519,0
31501,582,6,15105,0
31502,664,3,6950,0
31503,44,7,19329,1
31504,524,4,7829,0
31505,171,9,18667,1
31506,385,5,17936,1
31507,424,4,8184,0
31508,50,5,9733,0
31509,76,4,14327,0
31510,246,5,10439,0
31511,220,6,19974,1
31512,48,7,18540,1
31513,195,5,18124,1
31514,156,4,7655,0
31515,292,5,13785,0
31516,546,5,15730,0
31517,216,4,8063,0
31518,145,8,21173,1
31520,323,4,7566,0
31521,440,3,7843,0
31522,356,5,18333,1
31523,316,2,4672,0
31524,692,4,7277,0
31525,288,3,9070,0
31526,1169,1,1123,0
31528,100,5,13050,1
31529,255,4,11837,0
31530,122,7,22224,1
31531,34,6,16986,1
31532,151,4,8416,0
31533,98,7,18632,1
31534,17,1,1890,0
31535,268,3,10336,0
31536,15,10,21465,1
31537,241,7,12001,1
31538,56,4,9044,0
31539,426,5,13276,0
31540,750,3,4882,0
31541,33,6,12552,1
31542,825,3,3053,0
31543,164,9,30779,1
31544,167,10,27551,1
31545,27,3,9320,0
31546,26,6,15319,1
31547,67,4,10758,0
31548,22,12,34766,1
31549,140,6,15931,1
31550,234,2,548,0
31551,566,5,16548,0
31552,50,4,6358,0
31553,104,6,11344,1
31554,584,3,10445,0
31555,205,6,12042,1
31556,345,5,13391,0
31557,13,7,19230,1
31558,98,6,19009,1
31559,43,5,7677,0
31560,189,7,17311,1
31561,149,3,8934,0
31562,505,3,5750,0
31563,100,3,12546,0
31564,353,9,24732,1
31565,284,6,14566,1
31566,170,5,14633,1
31567,174,3,6075,0
31568,640,6,22423,1
31569,768,3,4430,0
31570,597,5,15051,0
31571,61,6,21554,1
31572,30,4,12771,0
31573,76,5,17627,1
31574,197,5,12693,0
31575,711,1,4662,0
31576,129,5,11375,0
31577,102,3,9907,0
31578,295,8,15312,1
31579,98,3,1788,0
31580,141,6,20957,1
31581,193,3,6591,0
31582,367,6,21776,1
31583,54,9,29648,1
31584,201,5,22842,1
31585,157,10,34221,1
31586,417,4,10666,0
31587,678,5,17172,0
31588,550,3,9570,0
31589,228,4,10581,0
31590,53,5,13032,1
31591,169,7,18285,1
31592,200,4,13679,0
31593,294,3,8509,0
31594,165,6,12562,1
31595,102,12,25492,1
31596,136,6,15603,1
31597,50,1,3647,0
31598,240,6,14598,1
31599,21,1,284,0
31600,64,4,11749,0
31601,12,6,17472,1
31602,75,8,28154,1
31603,289,7,20456,1
31604,72,8,23107,1
31605,297,4,10078,0
31606,7,4,15366,1
31607,616,6,14833,0
31608,160,5,7472,0
31609,3,6,18854,1
31610,747,4,11309,0
31611,768,3,10531,0
31612,52,2,3405,0
31613,370,5,11744,0
31614,170,5,14137,1
31615,569,4,13598,0
31616,73,4,14076,0
31617,54,4,9356,0
31618,390,5,16622,0
31619,84,2,4707,0
31620,284,2,6831,0
31621,300,3,6312,0
31622,190,6,13180,1
31623,502,6,14013,0
31624,53,5,13249,1
31625,499,4,6999,0
31626,841,3,6228,0
31627,71,7,18286,1
31628,186,6,13780,1
31629,820,2,3012,0
31630,189,7,17818,1
31631,645,4,12669,0
31632,401,6,19117,1
31633,70,3,6824,0
31634,132,4,4941,0
31635,136,4,11663,0
31636,69,5,9879,0
31637,65,6,12539,1
31638,134,7,19885,1
31639,144,7,20547,1
31640,498,2,5086,0
31641,16,5,10572,0
31642,434,4,9521,0
31643,137,3,5784,0
31644,92,10,31554,1
31645,50,7,20171,1
31646,93,3,9396,0
31647,397,4,9656,0
31648,34,6,10878,1
31649,532,8,21604,1
31650,78,6,12410,1
31651,342,5,19989,1
31652,149,4,10548,0
31653,168,3,10916,0
31654,296,6,20648,1
31655,280,5,10271,0
31656,592,1,4118,0
31657,590,3,10576,0
31658,217,7,19521,1
31659,369,10,39068,1
31660,85,2,6968,0
31661,310,3,12106,0
31662,249,4,10567,0
31663,101,9,23490,1
31664,792,5,9445,0
31665,396,4,11109,0
31666,216,2,2842,0
31667,171,4,11593,0
31668,258,3,8975,0
31669,251,4,9302,0
31670,48,4,10290,0
31671,73,4,13816,0
31672,292,2,4590,0
31673,511,2,5108,0
31674,336,3,3922,0
31676,492,5,12453,0
31677,292,7,22510,1
31678,45,4,7037,0
31679,336,4,10687,0
31680,1128,2,9575,0
31681,300,6,16246,1
31682,518,6,13015,0
31683,183,6,17359,1
31684,184,4,12273,0
31685,361,9,19576,1
31686,1,2,4215,0
31687,105,6,16007,1
31688,108,4,8487,0
31689,727,2,8336,0
31690,928,1,2642,0
31691,289,9,20024,1
31692,633,2,2533,0
31693,57,1,904,0
31694,81,6,16504,1
31695,11,7,20086,1
31696,181,11,27556,1
31697,16,10,24025,1
31698,222,5,17209,1
31699,1087,1,5003,0
31700,84,6,13789,1
31701,105,6,17615,1
31702,65,4,9745,0
31703,11,3,13228,0
31704,764,5,8199,0
31705,57,4,7857,0
31706,180,10,23475,1
31707,271,3,8835,0
31708,153,6,18346,1
31709,682,4,10174,0
31710,248,5,8575,0
31711,99,5,14069,1
31712,81,12,40938,1
31713,70,5,12661,1
31714,128,5,17974,1
31715,487,2,5634,0
31716,70,8,20701,1
31717,364,1,4135,0
31718,50,5,13306,1
31719,50,4,6762,0
31720,994,1,1388,0
31721,150,5,11345,0
31722,445,6,12822,0
31723,136,6,20925,1
31724,871,1,1519,0
31725,242,6,13555,1
31726,228,6,12810,1
31727,438,3,5041,0
31728,54,4,12254,0
31729,411,5,14189,0
31730,8,6,17149,1
31731,126,4,10755,0
31732,68,5,16245,1
31733,113,9,27419,1
31734,521,6,18619,1
31735,247,3,5713,0
31736,483,2,10412,0
31737,1,5,13013,1
31738,447,5,10888,0
31739,24,4,6794,0
31740,550,2,5820,0
31741,138,8,23233,1
31742,903,3,7679,0
31743,305,6,19137,1
31744,41,9,15464,1
31745,439,4,9887,0
31746,182,3,5109,0
31747,101,4,12705,0
31748,78,4,7687,0
31749,152,2,2644,0
31750,28,6,10923,1
31751,412,2,7814,0
31752,132,4,11297,0
31753,48,1,3962,0
31754,159,3,8681,0
31755,103,6,14121,1
31756,66,3,10404,0
31757,769,3,6433,0
31758,754,2,4012,0
31759,348,2,6832,0
31760,309,1,1598,0
31761,159,7,18781,1
31762,634,5,16870,0
31763,170,2,8428,0
31764,774,1,2650,0
31765,29,11,30023,1
31766,220,5,9796,0
31767,547,5,12805,0
31768,4,6,10052,1
31769,6,6,10249,1
31770,248,2,6373,0
31771,17,7,18410,1
31772,210,4,9225,0
31773,63,9,21644,1
31774,43,4,12476,0
31775,491,3,5703,0
31776,40,4,5140,0
31777,133,2,5807,0
31778,171,3,7160,0
31779,816,1,1299,0
31780,169,6,16893,1
31781,145,9,27418,1
31782,101,6,17077,1
31783,305,6,23495,1
31784,135,3,10123,0
31785,123,7,21488,1
31786,49,4,14114,0
31787,568,4,9694,0
31788,271,6,11439,0
31789,555,2,9957,0
31790,25,9,24534,1
31791,236,4,8295,0
31792,274,4,12706,0
31793,32,6,17409,1
31794,641,5,11193,0
31795,109,2,2462,0
31796,155,5,16374,1
31797,316,5,11335,0
31798,78,4,5042,0
31799,4,5,10192,0
31800,46,6,12334,1
31801,124,6,13400,1
31802,162,5,11016,0
31803,258,6,19532,1
31804,193,10,25511,1
31805,127,8,24917,1
31806,40,6,21118,1
31807,6,5,11013,1
31808,134,3,6434,0
31809,726,4,8198,0
31810,43,6,16086,1
31811,19,10,33394,1
31812,109,6,12296,1
31813,936,3,9437,0
31814,43,10,26138,1
31815,279,7,19638,1
31816,69,6,14990,1
31817,62,3,8473,0
31818,506,5,15792,0
31819,41,3,6645,0
31820,324,3,5556,0
31821,74,4,7698,0
31822,20,4,9122,0
31823,490,2,8722,0
31824,796,3,9716,0
31825,261,5,13884,0
31826,199,8,30160,1
31827,43,6,16936,1
31828,671,3,8164,0
31829,600,2,2945,0
31830,362,6,23863,1
31831,14,6,16889,1
31832,184,6,10060,0
31833,108,6,21592,1
31834,28,3,4886,0
31835,155,7,18991,1
31836,339,6,22179,1
31837,275,7,20494,1
31838,123,5,16257,1
31839,576,7,19035,1
31840,802,2,4431,0
31841,226,1,538,0
31842,160,4,13313,0
31843,320,9,22599,1
31844,27,4,13221,0
31845,588,1,4327,0
31846,260,6,15589,1
31847,16,8,23026,1
31848,193,4,12265,0
31849,264,9,21163,1
31850,30,7,18799,1
31851,52,3,4890,0
31852,18,7,21876,1
31853,107,7,19525,1
31854,33,10,28049,1
31855,77,4,8971,0
31856,179,8,19757,1
31857,215,5,17212,1
31858,88,6,9633,1
31859,80,5,13599,1
31860,59,8,18741,1
31861,167,5,13685,1
31862,81,2,5522,0
31863,98,4,11382,0
31864,479,2,5434,0
31865,291,6,21859,1
31866,145,7,20097,1
31867,1073,2,5022,0
31868,177,3,6652,0
31869,215,8,25197,1
31870,344,7,22079,1
31871,171,7,12834,1
31872,8,3,7105,0
31873,33,5,14345,1
31874,18,9,36905,1
31875,415,6,16551,1
31876,108,10,31436,1
31877,378,4,12722,0
31878,11,13,28133,1
31879,431,1,1720,0
31880,83,7,20777,1
31881,155,5,18045,1
31882,231,2,2799,0
31883,179,3,6040,0
31884,392,4,5482,0
31885,299,5,7842,0
31886,397,3,9625,0
31887,399,5,16742,0
31888,905,6,21658,1
31889,453,5,16080,0
31890,203,7,20203,1
31891,144,4,10249,0
31892,433,4,12784,0
31893,319,6,18520,1
31894,7,4,8945,0
31895,499,3,4818,0
31896,151,9,23377,1
31897,124,4,15739,0
31898,329,6,13579,1
31899,115,3,11659,0
31900,486,3,9235,0
31901,192,5,12779,0
31902,360,3,12713,0
31903,373,7,18108,1
31904,353,4,14014,0
31905,482,3,7538,0
31906,25,7,18660,1
31907,41,6,12459,1
31908,33,9,30226,1
31909,362,4,13133,0
31910,24,4,13049,0
31911,231,4,10571,0
31912,156,3,10263,0
31913,167,8,26260,1
31914,333,5,12818,0
31915,52,3,8971,0
31916,223,4,12759,0
31917,189,7,22070,1
31918,197,8,25114,1
31919,207,6,11401,1
31920,77,9,23762,1
31921,39,7,21209,1
31922,25,7,21892,1
31923,274,5,10727,0
31924,85,5,13296,1
31925,239,4,13807,0
31926,106,5,14623,1
31927,286,5,19390,1
31928,81,7,12828,1
31929,44,7,19268,1
31930,244,5,11899,0
31931,4,6,13966,1
31932,19,3,10127,0
31933,690,2,6291,0
31934,376,1,3272,0
31935,195,7,23660,1
31936,409,2,4277,0
31937,802,3,5055,0
31938,134,4,12116,0
31939,184,3,13114,0
31940,229,5,19508,1
31941,173,7,17799,1
31942,623,2,4585,0
31943,297,5,9513,0
31944,1086,2,5079,0
31945,369,5,13279,0
31946,66,6,15657,1
31947,487,2,3844,0
31948,52,2,9925,0
31949,824,1,2096,0
31950,60,6,15822,1
31951,520,7,18037,1
31952,601,4,10112,0
31953,286,6,15135,1
31954,23,3,7532,0
31955,147,6,25331,1
31956,72,5,16227,1
31957,169,5,14428,1
31958,181,9,28552,1
31959,438,3,12237,0
31960,27,4,15576,1
31961,318,6,18128,1
31962,234,4,14599,0
31963,1073,1,4996,0
31964,39,7,17867,1
31965,159,6,14527,1
31966,40,5,15320,1
31967,344,7,16629,1
31968,401,8,21329,1
31969,338,3,6154,0
31970,231,2,7515,0
31971,190,6,15792,1
31972,157,9,20230,1
31973,38,4,16567,1
31974,94,3,7755,0
31975,442,4,9833,0
31976,455,4,5829,0
31977,247,2,2274,0
31978,116,6,16942,1
31979,155,3,6300,0
31980,883,3,7386,0
31981,32,5,11741,1
31982,20,4,14009,0
31983,10,4,6961,0
31984,157,5,13939,1
31985,49,8,18860,1
31986,403,4,10800,0
31987,340,5,13732,0
31988,140,6,18642,1
31989,42,4,9518,0
31990,243,6,15936,1
31991,268,6,8423,0
31992,115,5,17691,1
31993,486,3,2731,0
31994,125,5,14908,1
31995,613,3,6315,0
31996,1124,1,1706,0
31997,430,2,5647,0
31998,161,4,9889,0
31999,494,7,18435,1
32000,73,5,21646,1
32001,78,6,9678,1
32002,7,5,12414,1
32003,70,6,10807,1
32004,35,7,21513,1
32005,207,5,16290,1
32006,41,5,13620,1
32007,294,7,22326,1
32008,262,5,8582,0
32009,112,4,10250,0
32010,448,3,8445,0
32011,156,2,5182,0
32012,283,3,11333,0
32013,850,3,6732,0
32014,65,9,26485,1
32015,107,3,9190,0
32016,572,2,2977,0
32017,349,7,21503,1
32018,60,2,5968,0
32019,207,3,7722,0
32020,236,6,26187,1
32021,182,5,13982,1
32022,49,4,7431,0
32023,110,6,13540,1
32024,295,9,25908,1
32025,252,1,2452,0
32026,37,6,17644,1
32027,11,4,11930,0
32028,72,5,12557,1
32029,195,6,17776,1
32030,190,5,17493,1
32031,40,6,16113,1
32032,711,3,7414,0
32033,775,3,4458,0
32034,120,6,17188,1
32035,666,5,13737,0
32036,191,3,9617,0
32037,30,4,10422,0
32038,23,9,31607,1
32039,61,6,23439,1
32040,892,1,2180,0
32041,116,5,11193,0
32042,86,8,18461,1
32043,249,4,10587,0
32044,360,3,12286,0
32045,62,6,21307,1
32046,69,5,15003,1
32047,309,3,4054,0
32048,33,6,14073,1
32049,396,1,3908,0
32050,265,5,12119,0
32051,201,7,20330,1
32052,328,5,6504,0
32053,155,3,10996,0
32054,550,2,10141,0
32056,280,7,26021,1
32057,40,6,13282,1
32058,170,4,12736,0
32059,324,5,16596,1
32060,145,5,10197,0
32061,26,10,33482,1
32062,767,4,13792,0
32063,29,4,13270,0
32064,60,3,8643,0
32065,1250,2,8659,0
32066,315,7,20117,1
32067,516,6,20940,1
32068,58,6,14864,1
32069,810,8,22057,1
32070,349,4,10579,0
32071,265,4,13924,0
32072,203,7,17763,1
32073,211,5,15340,1
32075,167,6,17284,1
32076,210,8,17679,1
32077,387,6,18300,1
32078,407,4,10280,0
32079,41,10,19537,1
32080,205,7,16437,1
32081,252,4,9858,0
32082,60,4,7169,0
32083,36,3,7122,0
32084,657,2,7552,0
32085,40,4,10079,0
32086,210,5,11820,0
32087,15,4,12524,0
32088,155,4,12248,0
32089,15,5,9095,0
32090,13,6,21373,1
32091,2,9,21052,1
32092,545,3,7696,0
32093,246,7,15787,1
32094,91,6,18595,1
32095,301,4,13636,0
32096,135,6,12543,1
32097,279,3,10702,0
32098,6,10,24282,1
32099,105,6,18546,1
32100,116,6,17025,1
32101,319,4,8340,0
32102,34,5,13849,1
32103,305,8,19961,1
32104,43,7,23473,1
32105,286,4,9983,0
32106,220,6,14725,1
32107,396,6,18100,1
32108,144,4,10068,0
32109,36,5,14723,1
32110,9,10,26281,1
32111,30,6,15139,1
32112,356,8,31838,1
32113,13,3,9012,0
32114,62,3,9922,0
32115,142,4,10030,0
32116,743,4,14572,0
32117,146,5,15367,1
32118,213,9,20628,1
32119,94,7,19654,1
32120,76,8,19918,1
32121,889,5,12943,0
32122,222,8,16767,1
32123,195,4,10984,0
32124,118,7,21458,1
32125,59,4,13348,0
32126,1116,2,4019,0
32127,72,5,9203,0
32128,221,3,7384,0
32129,77,6,16110,1
32130,177,3,9501,0
32131,29,7,15226,1
32132,42,5,17153,1
32133,372,5,13666,0
32134,372,4,12884,0
32135,7,8,20699,1
32136,803,1,4260,0
32137,221,3,5557,0
32138,105,5,18248,1
32139,86,6,13485,1
32140,173,2,3697,0
32141,291,4,6716,0
32142,88,4,13078,0
32143,272,7,15074,1
32144,464,2,8289,0
32145,163,2,7029,0
32146,220,5,18138,1
32147,597,6,17521,1
32148,300,5,14648,0
32149,43,3,11607,0
32150,236,5,12917,0
32151,306,3,9652,0
32152,419,3,11693,0
32153,64,8,19069,1
32154,72,4,7055,0
32155,276,8,17981,1
32156,3,9,25329,1
32157,849,3,5661,0
32158,41,6,18442,1
32159,171,3,9707,0
32160,146,9,21452,1
32161,23,7,19915,1
32162,390,8,31335,1
32163,111,6,14791,1
32164,45,6,20658,1
32165,134,5,14089,1
32166,380,8,24176,1
32167,50,6,16651,1
32168,453,3,8437,0
32169,240,6,21801,1
32170,813,5,13392,0
32171,23,7,18571,1
32172,141,6,12066,1
32173,293,4,13796,0
32174,622,3,3941,0
32175,65,10,32403,1
32176,115,8,19505,1
32177,321,7,15520,1
32178,90,8,19603,1
32179,256,5,12345,0
32180,657,2,5604,0
32181,13,6,13122,1
32182,79,9,28418,1
32183,996,2,5019,0
32184,150,8,21055,1
32185,623,3,7890,0
32186,708,3,3715,0
32187,93,7,20040,1
32188,786,4,5355,0
32189,216,6,16090,1
32190,306,5,15822,1
32191,14,11,29612,1
32192,52,6,15312,1
32193,30,5,12233,1
32194,73,3,8956,0
32195,529,4,11956,0
32196,1034,3,9306,0
32197,237,5,16861,1
32198,311,5,16070,1
32199,218,4,8048,0
32200,139,7,22016,1
32201,363,6,9455,0
32202,890,2,5661,0
32203,36,8,25498,1
32204,133,6,19781,1
32205,40,8,19119,1
32206,56,6,10977,1
32207,119,2,1861,0
32208,71,7,21632,1
32209,154,2,5523,0
32210,211,8,21513,1
32211,309,7,20680,1
32212,48,7,21550,1
32213,87,9,21829,1
32214,252,2,4268,0
32215,7,8,19356,1
32216,80,10,24365,1
32217,25,11,22962,1
32218,254,10,36837,1
32219,45,7,22297,1
32220,517,8,23694,1
32221,709,4,12036,0
32222,663,3,6472,0
32223,63,7,17511,1
32224,270,3,6750,0
32225,121,7,14751,1
32226,66,9,25071,1
32227,401,5,13784,0
32228,157,4,10060,0
32229,177,6,13757,1
32230,101,5,14996,1
32231,217,3,13202,0
32232,607,2,2832,0
32233,485,7,15576,1
32234,322,3,7241,0
32235,110,4,7540,0
32236,196,3,4131,0
32237,186,8,23658,1
32238,655,2,5361,0
32239,1005,1,5024,0
32240,981,4,11987,0
32241,70,5,13270,1
32242,47,3,6436,0
32243,242,3,9413,0
32244,227,3,10577,0
32245,169,12,38518,1
32246,246,2,5825,0
32247,306,8,22642,1
32248,17,4,10991,0
32249,237,5,15100,1
32250,314,5,14076,0
32251,2,7,21730,1
32252,97,7,16865,1
32253,168,6,11906,1
32254,70,7,30880,1
32255,130,3,5633,0
32256,55,6,14625,1
32257,12,4,12685,0
32258,259,3,5830,0
32259,1181,2,6390,0
32260,64,6,12571,1
32261,137,6,17856,1
32262,451,3,8460,0
32263,248,2,5089,0
32264,82,7,19436,1
32265,32,10,32519,1
32266,86,5,12686,1
32267,4,5,18439,1
32268,142,5,11450,0
32269,80,5,9712,0
32270,145,4,10582,0
32271,61,4,9384,0
32272,767,1,895,0
32274,239,6,12932,1
32275,512,4,9543,0
32276,672,3,5380,0
32277,260,4,14622,0
32278,140,7,21371,1
32279,366,3,10127,0
32280,1307,1,1826,0
32281,340,5,15611,0
32282,843,1,1625,0
32283,142,3,9781,0
32284,291,6,16549,1
32285,123,4,8566,0
32286,75,6,15948,1
32287,45,5,10595,0
32288,440,2,5460,0
32289,56,10,29762,1
32290,140,4,7409,0
32291,15,5,14171,1
32292,53,3,3819,0
32293,155,1,3584,0
32294,161,2,9789,0
32295,144,2,5612,0
32296,71,3,10798,0
32297,50,6,15064,1
32298,222,3,4173,0
32299,318,7,12556,1
32300,107,3,1677,0
32301,248,6,10255,0
32302,84,3,9241,0
32303,227,6,19599,1
32304,75,6,16420,1
32305,140,6,10694,1
32306,207,5,18939,1
32307,100,6,18620,1
32308,74,2,8054,0
32309,110,6,9935,1
32310,257,8,26571,1
32311,112,7,19097,1
32312,128,2,3417,0
32313,226,8,19633,1
32314,496,7,22683,1
32315,167,4,10444,0
32316,117,5,16933,1
32317,36,5,14118,1
32318,67,5,13973,1
32319,155,5,17772,1
32320,122,4,9918,0
32321,76,2,770,0
32322,282,3,8445,0
32323,76,7,24925,1
32324,172,6,15502,1
32325,73,12,30120,1
32326,292,7,18971,1
32327,496,2,6434,0
32328,149,8,28200,1
32329,47,5,10851,0
32330,151,7,14352,1
32331,417,10,18667,1
32332,146,7,23734,1
32333,46,8,27688,1
32334,29,7,24045,1
32335,109,3,8929,0
32336,166,5,9093,0
32337,15,5,16350,1
32338,83,4,10636,0
32339,552,4,11392,0
32340,23,6,19789,1
32341,503,3,8476,0
32343,379,1,2673,0
32344,284,4,10654,0
32345,39,5,10671,0
32346,17,5,18724,1
32347,1083,1,1472,0
32348,380,8,21357,1
32349,597,7,11611,0
32350,719,4,11416,0
32351,9,7,16715,1
32352,308,6,16700,1
32353,35,2,2643,0
32354,140,2,2902,0
32355,188,5,15673,1
32356,85,3,7818,0
32357,302,2,5637,0
32358,225,3,5148,0
32359,223,6,11619,1
32360,39,8,22025,1
32361,11,9,25605,1
32362,222,5,15996,1
32363,371,5,17583,1
32364,17,11,32386,1
32365,473,2,6123,0
32366,447,6,14760,1
32367,192,3,6555,0
32368,72,9,22901,1
32369,617,1,2855,0
32370,216,5,14423,1
32371,331,3,9666,0
32372,21,5,15657,1
32373,795,3,7179,0
32374,345,6,20298,1
32375,51,11,26780,1
32376,221,1,3207,0
32377,18,6,18383,1
32378,131,9,22305,1
32379,404,2,5249,0
32380,39,7,26665,1
32381,157,5,17839,1
32382,438,3,8480,0
32383,225,6,23968,1
32384,183,8,27350,1
32385,341,5,12756,0
32386,19,7,13582,1
32387,9,3,6075,0
32388,370,7,21441,1
32389,207,9,20809,1
32390,184,5,11849,0
32391,953,3,6879,0
32392,475,4,13420,0
32393,7,5,10439,0
32394,223,7,21185,1
32395,126,5,9733,0
32396,613,2,4983,0
32397,508,2,7932,0
32398,51,6,19968,1
32399,321,3,7782,0
32400,609,2,3516,0
32401,227,3,4335,0
32402,70,5,12332,1
32403,236,3,4447,0
32404,299,4,11236,0
32405,564,4,13194,0
32406,250,9,17546,1
32407,4,8,20958,1
32408,41,7,16286,1
32409,50,5,9824,0
32410,235,6,15527,1
32411,129,1,3469,0
32412,385,7,16813,1
32413,22,6,15068,1
32414,59,4,9164,0
32415,80,5,7740,0
32416,647,3,8827,0
32417,304,8,20938,1
32418,160,5,19486,1
32419,348,4,9982,0
32420,39,4,11349,0
32421,785,2,3523,0
32422,18,4,7168,0
32423,226,6,22397,1
32424,158,2,6162,0
32425,172,3,3157,0
32426,420,5,16153,0
32427,309,4,6985,0
32428,670,7,25002,1
32429,127,6,22659,1
32430,148,4,7176,0
32431,153,7,23526,1
32432,199,4,8227,0
32433,37,2,5699,0
32434,687,2,6340,0
32435,199,4,9645,0
32436,133,7,24087,1
32437,388,4,9515,0
32438,69,4,14014,0
32439,217,6,17829,1
32440,170,7,18454,1
32441,325,7,17164,1
32442,445,4,12131,0
32443,143,9,24159,1
32444,105,4,13670,0
32445,161,3,6381,0
32446,20,2,5702,0
32447,72,3,7636,0
32448,64,7,20682,1
32449,206,1,2183,0
32450,189,4,10995,0
32451,592,1,2659,0
32452,402,6,16803,1
32453,124,5,12711,0
32454,277,6,18263,1
32455,855,3,5372,0
32456,283,4,12254,0
32457,327,7,18879,1
32458,51,5,14480,1
32459,398,4,10193,0
32460,1131,2,3408,0
32461,99,8,22626,1
32462,205,8,23140,1
32463,1192,3,6632,0
32464,338,3,11756,0
32465,445,6,15461,1
32466,6,2,5741,0
32467,511,6,8410,0
32468,336,6,18360,1
32469,308,5,13474,0
32470,476,8,22635,1
32471,186,4,12388,0
32472,248,4,11783,0
32473,482,2,5661,0
32474,111,6,25015,1
32475,379,3,12670,0
32476,10,5,12839,1
32477,24,6,17296,1
32478,92,6,14232,1
32479,149,4,14632,0
32480,262,6,12905,1
32481,320,4,14850,0
32482,16,5,15885,1
32483,678,3,4323,0
32484,24,5,17220,1
32485,4,2,6060,0
32486,255,4,12341,0
32487,888,2,8330,0
32488,87,8,19361,1
32489,71,4,10778,0
32490,134,6,19397,1
32491,12,8,27913,1
32492,544,5,8651,0
32493,39,7,18041,1
32494,217,6,18971,1
32495,43,5,12465,1
32496,381,8,19734,1
32497,269,7,11627,1
32498,9,6,10131,1
32499,379,8,22353,1
32500,9,5,6771,0
32501,37,6,21442,1
32502,179,8,18620,1
32503,437,4,7937,0
32504,3,11,34349,1
32505,18,7,12643,1
32506,175,2,3520,0
32507,88,3,6891,0
32508,1112,1,1240,0
32509,62,8,23579,1
32510,222,5,14980,1
32511,97,5,15321,1
32512,216,4,15335,0
32513,63,5,12082,1
32514,574,6,21241,1
32515,21,7,21729,1
32516,373,4,12212,0
32517,280,6,18444,1
32518,409,2,1875,0
32519,214,4,9030,0
32520,313,2,6484,0
32521,175,3,5663,0
32522,69,2,6114,0
32523,243,9,17387,1
32524,4,6,13262,1
32525,770,5,10516,0
32526,763,2,6537,0
32527,207,6,14892,1
32528,250,3,6959,0
32529,149,4,9132,0
32530,61,8,21947,1
32531,122,5,11938,0
32532,120,8,24185,1
32533,728,4,9483,0
32534,260,1,2916,0
32535,325,5,18272,1
32536,134,9,23744,1
32537,194,5,22075,1
32538,22,7,14491,1
32539,419,3,7546,0
32540,132,5,9575,0
32541,52,3,6825,0
32542,442,3,5177,0
32543,104,9,30698,1
32544,935,1,1564,0
32545,126,11,34001,1
32546,45,1,3304,0
32547,70,6,11100,1
32548,148,8,23039,1
32549,949,1,686,0
32550,180,8,24514,1
32551,7,8,24091,1
32552,353,4,13156,0
32553,561,2,886,0
32554,617,4,8463,0
32555,197,7,16731,1
32556,256,4,13781,0
32557,95,3,3246,0
32558,369,4,10654,0
32559,122,8,22911,1
32560,1,4,10641,0
32561,114,6,10430,1
32562,170,5,15683,1
32563,215,8,15033,1
32564,616,4,9343,0
32565,772,2,4820,0
32566,200,7,16657,1
32567,4,4,12955,0
32568,208,4,11049,0
32569,234,8,22650,1
32570,385,3,11207,0
32571,189,8,23840,1
32572,296,7,16047,1
32573,348,4,8323,0
32574,10,7,25822,1
32575,83,5,13002,1
32576,30,6,17275,1
32577,543,4,7226,0
32578,204,5,17503,1
32579,909,2,1077,0
32580,80,5,13868,1
32581,341,7,14308,1
32582,60,1,3478,0
32583,46,11,35858,1
32584,110,9,21105,1
32585,293,4,5843,0
32586,127,3,13262,0
32587,167,8,17951,1
32588,152,3,10185,0
32589,422,5,14833,0
32590,544,2,6627,0
32591,104,8,15547,1
32592,545,2,4820,0
32593,101,2,6996,0
32594,156,6,22090,1
32595,397,7,17551,1
32596,133,6,18519,1
32597,160,7,21171,1
32598,275,5,11819,0
32599,394,6,14923,1
32600,425,5,10295,0
32601,11,7,16080,1
32602,156,4,11698,0
32603,201,5,10462,0
32604,29,7,20054,1
32605,34,7,16974,1
32606,186,5,13988,1
32607,116,3,10389,0
32608,245,7,22311,1
32609,93,5,11571,0
32610,82,2,6952,0
32611,43,5,12925,1
32612,241,10,32908,1
32613,2,5,15088,1
32614,62,4,8786,0
32615,197,8,24839,1
32616,1104,1,2459,0
32617,674,1,3347,0
32618,143,5,13517,1
32619,707,3,6816,0
32620,101,13,37292,1
32621,258,3,4531,0
32622,79,7,15647,1
32623,79,5,15561,1
32624,11,7,24000,1
32625,244,7,21824,1
32626,482,4,15277,0
32627,300,7,21330,1
32628,1,13,44431,1
32629,863,3,5972,0
32630,185,8,26906,1
32631,445,4,16286,0
32632,123,2,6305,0
32633,194,6,18709,1
32634,63,6,20919,1
32635,187,3,6318,0
32636,113,4,12974,0
32637,276,5,13771,0
32638,430,2,4728,0
32639,138,9,23309,1
32640,407,5,12281,0
32641,94,6,8883,0
32642,336,3,11276,0
32643,14,3,4317,0
32644,446,4,14674,0
32645,275,10,23484,1
32646,38,5,11142,0
32647,135,5,13868,1
32648,10,8,20385,1
32649,240,5,17921,1
32650,27,5,9720,0
32651,213,5,11807,0
32652,26,4,10708,0
32653,150,6,10610,1
32654,58,2,4736,0
32655,54,5,10698,0
32656,478,2,5225,0
32657,11,4,16049,1
32658,309,3,8961,0
32659,22,11,36069,1
32660,4,3,12259,0
32661,259,7,14523,1
32662,444,3,12288,0
32663,102,7,21561,1
32664,91,8,20502,1
32665,59,4,6946,0
32666,272,2,8258,0
32667,185,4,15846,0
32668,252,5,17957,1
32669,111,6,9979,1
32670,45,10,25617,1
32671,971,2,6053,0
32672,99,8,25290,1
32673,335,9,24322,1
32674,171,8,27828,1
32675,123,3,9610,0
32676,347,3,5430,0
32677,1174,2,1801,0
32678,166,5,16551,1
32679,3,6,17721,1
32680,6,4,8492,0
32681,1125,2,6854,0
32682,106,5,14287,1
32683,27,10,26922,1
32684,45,7,16000,1
32685,159,2,5942,0
32686,146,8,17338,1
32687,117,5,17711,1
32688,207,3,2541,0
32689,73,10,32645,1
32690,28,7,19172,1
32691,278,4,10614,0
32692,128,5,12311,0
32693,19,4,6598,0
32694,37,6,23551,1
32695,12,7,21568,1
32696,59,4,12592,0
32697,266,4,11008,0
32698,47,6,20330,1
32699,204,6,17077,1
32700,54,4,9730,0
32701,92,2,6416,0
32702,107,1,2908,0
32703,309,8,19865,1
32704,26,6,13237,1
32705,98,8,21757,1
32706,51,7,16065,1
32707,226,5,11302,0
32708,499,4,14587,0
32709,86,8,22706,1
32710,125,7,16258,1
32711,143,3,10238,0
32712,38,8,16674,1
32713,74,9,24966,1
32714,79,2,5095,0
32715,520,7,17986,1
32716,258,9,31379,1
32717,490,4,10932,0
32718,14,8,23061,1
32719,10,5,14381,1
32720,107,6,12661,1
32721,76,5,10508,0
32722,723,3,9751,0
32723,72,8,20657,1
32724,184,4,14153,0
32725,190,5,8836,0
32726,75,6,17976,1
32727,145,2,5526,0
32728,205,5,16863,1
32729,241,5,7688,0
32730,68,2,7055,0
32731,378,5,12179,0
32732,279,6,17274,1
32733,326,5,11330,0
32734,40,6,15866,1
32735,4,4,9233,0
32736,39,6,14459,1
32737,258,5,13619,0
32738,451,3,4149,0
32739,98,5,6124,0
32740,354,4,8005,0
32741,175,5,14684,1
32742,426,5,9968,0
32743,297,5,9162,0
32744,507,5,8635,0
32745,127,2,4184,0
32746,398,1,1090,0
32747,553,5,17532,0
32748,152,9,31260,1
32749,883,5,9408,0
32750,242,4,5976,0
32751,443,7,17550,1
32752,288,3,4712,0
32753,954,3,10257,0
32754,96,7,17339,1
32755,15,6,14700,1
32756,158,8,29445,1
32757,158,5,11095,0
32758,511,5,12230,0
32759,108,4,8540,0
32760,324,8,17163,1
32761,48,5,10581,0
32762,100,4,13939,0
32763,117,11,26384,1
32764,214,7,19359,1
32765,307,6,14788,1
32766,142,10,27621,1
32767,163,6,14662,1
32768,232,4,13036,0
32769,8,6,21742,1
32770,410,6,19164,1
32771,339,6,17458,1
32772,5,3,4789,0
32773,475,5,14897,0
32774,280,2,5648,0
32775,314,5,19889,1
32776,71,5,6687,0
32777,117,1,3593,0
32778,229,2,4825,0
32779,172,6,25091,1
32780,15,5,15201,1
32781,58,5,12288,1
32782,227,6,14095,1
32783,726,4,11059,0
32784,285,4,9766,0
32786,99,9,35015,1
32787,151,3,9721,0
32788,172,4,8117,0
32789,56,8,11331,1
32790,367,2,7121,0
32791,164,6,17964,1
32792,146,3,8427,0
32793,179,7,23319,1
32794,264,6,16915,1
32795,83,6,17506,1
32796,364,6,13936,1
32797,52,7,16596,1
32798,39,5,17400,1
32799,1,6,15182,1
32800,394,3,10773,0
32801,63,3,10351,0
32802,829,3,7286,0
32803,196,7,22645,1
32804,139,4,13336,0
32805,559,3,13582,0
32806,106,2,3467,0
32807,572,1,1621,0
32808,486,4,11033,0
32809,29,7,19152,1
32810,94,3,10398,0
32811,172,9,17707,1
32812,57,3,7258,0
32813,97,2,6785,0
32814,149,5,9117,0
32815,896,4,11083,0
32816,33,3,4558,0
32817,239,4,6497,0
32818,450,3,7715,0
32819,1205,1,1347,0
32820,23,5,13679,1
32821,189,6,15882,1
32822,84,5,12965,1
32823,606,2,4746,0
32824,1332,1,4549,0
32825,81,3,10493,0
32826,269,2,4527,0
32827,340,7,14190,1
32828,902,3,6662,0
32829,212,6,19288,1
32830,87,5,13452,1
32831,47,8,26473,1
32832,107,4,9754,0
32833,130,6,15010,1
32834,253,5,12734,0
32835,71,2,7869,0
32836,78,2,5466,0
32837,494,4,12523,0
32838,222,6,17963,1
32839,106,2,2180,0
32840,2,4,12182,0
32841,83,9,20185,1
32842,47,4,8806,0
32843,366,3,8913,0
32844,415,3,8445,0
32845,47,8,26573,1
32846,596,5,16981,0
32847,369,5,14718,0
32848,469,6,20340,1
32849,27,3,11045,0
32850,355,5,17506,1
32851,29,6,17529,1
32852,408,3,7926,0
32853,845,2,5146,0
32854,351,3,10744,0
32855,6,2,6020,0
32856,30,2,2809,0
32857,470,7,12282,1
32858,545,4,11642,0
32859,331,5,9789,0
32860,599,4,13727,0
32861,179,4,9457,0
32862,1052,2,5983,0
32863,510,2,5901,0
32864,5,5,13768,1
32865,340,6,19756,1
32866,93,12,28445,1
32867,22,6,19507,1
32868,265,2,10120,0
32869,283,5,14822,0
32870,84,6,13662,1
32871,127,6,17640,1
32872,9,2,7868,0
32873,131,4,9594,0
32874,13,11,26388,1
32875,199,7,19731,1
32876,338,7,14966,1
32877,104,5,14785,1
32878,44,9,30748,1
32879,199,5,17748,1
32880,443,1,2104,0
32881,75,4,11319,0
32882,40,5,13662,1
32883,602,2,3662,0
32884,75,8,28984,1
32885,20,6,12035,1
32886,114,5,9951,0
32887,397,4,13261,0
32888,220,7,18340,1
32889,42,4,12174,0
32890,630,5,6965,0
32891,15,5,15758,1
32892,239,5,9243,0
32893,200,5,13811,0
32894,1008,2,1639,0
32895,72,6,15570,1
32896,336,7,13397,1
32897,624,5,7087,0
32898,68,8,22535,1
32899,513,4,14441,0
32900,101,4,9854,0
32901,96,6,14661,1
32902,125,5,9709,0
32903,15,5,15441,1
32904,37,8,26625,1
32905,252,3,7907,0
32906,19,9,21856,1
32907,97,6,15858,1
32908,5,7,24488,1
32909,652,2,4764,0
32910,21,10,26586,1
32911,103,6,14038,1
32912,1208,1,1067,0
32913,146,4,11629,0
32914,49,7,25622,1
32915,133,5,15070,1
32916,1028,3,9928,0
32917,320,6,17813,1
32918,6,6,14670,1
32919,126,5,11191,0
32920,56,5,12846,1
32921,84,7,20108,1
32922,598,3,7725,0
32923,192,8,18951,1
32924,148,8,24369,1
32925,424,3,10225,0
32926,160,5,8631,0
32927,354,5,11441,0
32928,96,4,10879,0
32929,614,6,13627,0
32930,84,7,12980,1
32931,406,6,19791,1
32932,56,10,31703,1
32933,210,4,5004,0
32934,50,2,8470,0
32935,1078,2,5881,0
32936,91,11,18869,1
32937,649,2,2278,0
32938,110,4,17522,1
32939,3,6,24019,1
32940,951,4,10944,0
32941,158,3,9626,0
32942,368,6,15434,1
32943,740,2,8473,0
32944,126,4,13952,0
32945,1123,1,3792,0
32946,202,5,11717,0
32947,322,4,4096,0
32948,1,7,16153,1
32949,263,2,8284,0
32950,9,5,10679,0
32951,82,7,20922,1
32952,79,7,19892,1
32953,624,3,10395,0
32954,137,4,10973,0
32955,127,7,22733,1
32956,16,4,9149,0
32957,100,5,8650,0
32958,1353,1,4983,0
32959,237,7,23004,1
32960,4,5,9338,0
32961,474,2,4711,0
32962,631,3,8553,0
32963,129,8,24460,1
32964,202,2,4054,0
32965,64,2,9894,0
32966,410,4,8405,0
32967,478,3,8083,0
32968,594,4,11177,0
32969,21,5,14258,1
32970,198,7,15869,1
32971,247,5,15209,1
32972,109,5,19072,1
32973,43,8,22754,1
32974,60,4,12208,0
32975,331,7,26705,1
32976,243,5,13655,0
32977,136,4,17017,1
32978,111,6,16539,1
32979,62,5,15595,1
32980,304,6,10869,0
32981,417,5,11454,0
32982,200,7,21519,1
32983,43,3,9042,0
32984,22,6,17878,1
32985,988,3,8181,0
32986,35,6,16212,1
32987,341,2,2807,0
32988,51,7,15050,1
32989,284,7,18379,1
32990,555,2,2722,0
32991,25,6,10754,1
32992,280,7,22247,1
32993,176,5,14870,1
32994,53,3,3932,0
32995,58,8,21254,1
32996,688,2,8256,0
32997,388,5,15859,0
32998,15,6,8366,1
32999,517,4,9733,0
33000,75,6,18749,1
33001,309,7,20276,1
33002,307,1,3653,0
33003,505,7,19441,1
33004,19,13,34119,1
33005,96,2,9851,0
33006,217,6,12616,1
33007,982,2,6397,0
33008,157,10,23711,1
33009,332,7,18156,1
33010,375,5,12366,0
33011,103,5,14035,1
33012,190,8,30963,1
33013,338,8,18051,1
33014,628,4,9853,0
33015,305,5,12950,0
33016,247,3,3966,0
33017,15,7,25214,1
33018,692,4,12073,0
33019,165,2,5669,0
33020,192,4,11751,0
33021,510,5,11646,0
33022,338,7,17626,1
33023,306,8,22315,1
33024,215,3,4657,0
33025,334,5,12741,0
33026,385,5,14338,0
33027,14,3,4916,0
33028,352,6,17555,1
33029,82,7,15952,1
33030,138,4,13011,0
33031,231,7,20513,1
33032,197,7,24059,1
33033,53,9,24290,1
33034,230,4,8478,0
33035,470,5,17061,0
33036,166,6,14521,1
33037,1265,1,1178,0
33038,296,5,19982,1
33039,460,2,6093,0
33040,49,7,11614,1
33041,382,4,9155,0
33042,80,5,9551,0
33043,406,7,13384,1
33044,544,1,951,0
33045,745,6,12953,0
33046,221,6,8543,0
33047,692,4,12495,0
33048,22,7,19452,1
33049,407,4,17514,0
33050,26,4,6952,0
33051,160,5,12527,0
33052,19,7,20890,1
33053,7,8,22968,1
33054,857,2,4768,0
33055,115,4,16409,1
33056,12,8,28635,1
33057,561,5,14474,0
33058,125,5,8568,0
33059,25,4,10936,0
33060,189,4,13748,0
33061,210,4,11272,0
33062,173,4,9203,0
33063,89,8,15398,1
33064,262,6,17391,1
33065,61,5,14339,1
33066,43,5,14098,1
33067,49,7,17734,1
33068,515,3,9735,0
33069,59,7,20057,1
33070,128,3,8067,0
33071,928,6,18389,0
33072,175,3,8637,0
33073,47,7,17054,1
33074,429,7,20719,1
33075,154,6,17933,1
33076,85,9,21186,1
33077,379,3,12183,0
33078,589,4,11286,0
33079,221,6,10743,0
33080,58,3,13689,0
33081,396,5,14240,0
33082,275,6,14050,1
33083,356,2,3301,0
33084,309,6,13378,1
33085,115,4,7044,0
33086,45,4,10871,0
33087,138,6,16295,1
33088,159,6,13675,1
33089,1084,1,1626,0
33090,28,6,11967,1
33091,558,3,7918,0
33092,141,5,9975,0
33093,7,1,4048,0
33094,789,2,3333,0
33095,67,4,12440,0
33096,71,8,20282,1
33097,32,4,11353,0
33098,302,5,12741,0
33099,16,6,11372,1
33100,175,3,9985,0
33101,133,5,15371,1
33102,274,8,18804,1
33103,273,5,18425,1
33104,86,7,18665,1
33105,38,4,13974,0
33106,295,4,11360,0
33107,314,5,7481,0
33108,204,5,18852,1
33109,493,3,10033,0
33110,54,7,22601,1
33111,481,3,6404,0
33112,52,5,9428,0
33113,58,10,27319,1
33114,189,7,15032,1
33115,280,4,11780,0
33116,85,8,18429,1
33117,235,9,25327,1
33118,584,4,4335,0
33119,2,6,13084,1
33120,768,5,11435,0
33121,115,4,14764,0
33122,458,3,9543,0
33123,49,4,11716,0
33124,134,4,11839,0
33125,27,8,18422,1
33126,190,7,21064,1
33127,337,2,3928,0
33128,196,3,3962,0
33129,59,4,8897,0
33130,1089,2,6251,0
33131,306,6,16066,1
33132,1205,1,3481,0
33133,154,4,10686,0
33134,3,2,2136,0
33135,283,4,14346,0
33136,351,1,618,0
33137,235,8,27437,1
33138,160,3,4802,0
33139,297,3,6852,0
33140,1215,2,3661,0
33141,82,8,31183,1
33142,67,4,17231,1
33143,104,5,15724,1
33144,204,6,12601,1
33145,140,5,12629,0
33146,579,3,7465,0
33147,138,9,24201,1
33148,133,5,12967,1
33149,656,3,10569,0
33150,95,6,21771,1
33151,16,5,13373,1
33152,45,8,19827,1
33153,111,5,9945,0
33154,304,4,14355,0
33155,186,6,9634,0
33156,438,1,2045,0
33157,102,5,15565,1
33158,64,6,16799,1
33159,512,4,14152,0
33160,277,6,18393,1
33161,221,7,18053,1
33162,247,3,6916,0
33163,139,6,15515,1
33164,128,6,20214,1
33165,4,7,18144,1
33166,9,6,10531,1
33167,44,7,17252,1
33168,5,3,7510,0
33169,56,6,12228,1
33170,143,4,9829,0
33171,178,4,12438,0
33172,13,5,12923,1
33173,415,7,20510,1
33174,985,3,11664,0
33175,667,6,21815,1
33176,108,12,32136,1
33177,26,4,13733,0
33178,101,5,12102,0
33179,26,5,14581,1
33180,237,7,24799,1
33181,80,7,18649,1
33182,537,5,11882,0
33183,306,7,18106,1
33184,676,2,7547,0
33185,168,6,10367,1
33186,62,5,10050,0
33187,199,4,13219,0
33188,183,4,16237,0
33189,26,9,18638,1
33190,112,3,6562,0
33191,24,6,17065,1
33192,171,6,11357,1
33193,6,7,16142,1
33194,603,5,12318,0
33195,309,3,7941,0
33196,434,6,21426,1
33197,80,6,21448,1
33198,157,2,2651,0
33199,356,4,13482,0
33200,202,4,7806,0
33201,669,6,23459,1
33202,42,9,22961,1
33203,248,6,15659,1
33204,100,2,9722,0
33205,325,3,8114,0
33206,156,5,14150,1
33207,26,8,20458,1
33208,531,9,25489,1
33209,242,6,20193,1
33210,316,4,8924,0
33211,47,8,26139,1
33212,113,3,9397,0
33213,1304,1,4083,0
33214,12,4,9654,0
33215,164,4,11506,0
33216,1,8,17624,1
33217,294,5,17005,1
33218,726,3,7322,0
33219,271,6,17771,1
33220,106,7,22142,1
33221,187,8,23499,1
33222,102,8,21035,1
33223,676,3,7401,0
33224,183,5,15090,1
33225,264,4,8514,0
33226,533,3,6577,0
33227,227,5,16577,1
33228,22,10,27630,1
33229,160,11,27442,1
33230,370,4,7102,0
33231,386,7,21336,1
33232,95,6,15130,1
33233,461,4,12515,0
33234,79,6,13025,1
33235,376,4,14224,0
33236,11,8,21125,1
33237,305,7,20072,1
33238,474,1,162,0
33240,23,4,10291,0
33241,1023,5,12377,0
33242,71,7,19462,1
33243,14,3,14418,0
33244,7,5,14954,1
33245,277,4,11121,0
33246,15,2,7516,0
33247,20,7,17318,1
33248,232,7,15309,1
33249,225,4,8572,0
33250,44,4,11424,0
33251,211,5,15399,1
33252,927,1,3609,0
33253,376,3,8156,0
33254,230,5,11199,0
33255,212,8,23136,1
33256,92,9,26474,1
33257,184,3,11132,0
33258,273,7,19987,1
33259,131,6,18245,1
33260,221,3,7572,0
33261,162,6,15910,1
33262,94,5,12124,0
33263,255,5,14496,0
33264,396,5,14458,0
33265,124,6,14894,1
33266,73,4,5600,0
33267,135,6,15532,1
33268,488,4,10255,0
33269,3,6,21544,1
33270,155,5,17865,1
33271,870,2,6517,0
33272,318,2,1253,0
33273,96,5,11700,0
33274,97,7,21601,1
33275,7,2,7589,0
33276,11,9,37390,1
33277,503,1,1108,0
33278,4,7,21452,1
33279,130,8,15310,1
33280,81,5,14249,1
33281,26,12,33346,1
33282,53,4,6782,0
33283,75,9,33915,1
33285,91,5,15352,1
33286,879,2,7180,0
33287,284,4,10594,0
33288,743,4,8992,0
33289,197,3,12256,0
33290,100,5,12699,1
33291,1060,4,13142,0
33292,700,3,7063,0
33293,132,5,8878,0
33294,403,5,16608,0
33295,172,4,7613,0
33296,381,4,15008,0
33297,509,4,14019,0
33299,593,1,2270,0
33300,727,4,14626,0
33301,77,4,8707,0
33302,594,6,5908,0
33303,220,5,15224,1
33304,123,4,14771,0
33305,381,3,5754,0
33306,440,6,18124,1
33307,84,7,22801,1
33308,36,1,2187,0
33309,21,11,24934,1
33310,68,9,26846,1
33311,810,2,5907,0
33313,191,5,8453,0
33314,79,4,10034,0
33315,125,5,6590,0
33316,216,9,26224,1
33317,65,5,11528,0
33318,313,6,14289,1
33319,245,5,8465,0
33320,46,10,20949,1
33321,316,7,20013,1
33322,98,6,17903,1
33323,37,8,23559,1
33324,225,2,8384,0
33325,58,6,11787,1
33326,963,1,598,0
33327,222,1,2139,0
33328,85,3,5247,0
33329,299,2,5584,0
33330,10,8,27615,1
33331,174,3,6673,0
33332,347,3,9219,0
33333,114,2,2167,0
33334,213,4,9824,0
33335,340,3,11684,0
33336,199,2,7740,0
33337,195,6,11961,1
33338,21,5,11735,1
33339,134,1,3433,0
33340,11,8,22830,1
33341,36,6,13757,1
33342,209,5,14355,1
33343,68,8,20303,1
33344,281,6,14411,1
33345,1,7,17570,1
33346,694,1,3362,0
33347,210,6,23761,1
33348,9,8,21647,1
33349,54,5,17240,1
33350,623,3,7056,0
33351,273,4,7106,0
33352,370,6,22293,1
33353,253,2,4981,0
33354,166,5,16124,1
33355,129,10,32333,1
33356,346,3,7412,0
33357,118,5,6695,0
33358,538,5,10427,0
33359,78,10,29324,1
33360,101,4,9192,0
33361,54,6,15686,1
33362,14,7,21780,1
33363,402,6,9726,0
33364,68,5,13845,1
33365,442,6,24647,1
33366,325,4,14482,0
33367,531,2,3820,0
33368,130,5,19619,1
33369,176,6,18126,1
33370,581,4,12976,0
33371,547,4,9503,0
33372,445,2,3757,0
33373,196,9,22139,1
33374,269,2,3860,0
33375,362,6,23075,1
33376,37,3,9081,0
33377,315,6,10090,0
33378,369,2,6020,0
33379,60,4,12461,0
33380,1211,4,12136,0
33381,25,4,8653,0
33382,72,6,17728,1
33383,1,3,8397,0
33384,5,5,17895,1
33385,84,3,9153,0
33386,412,6,13643,0
33387,215,2,5750,0
33388,437,6,17263,1
33389,6,4,15431,1
33390,665,1,5089,0
33391,71,3,6374,0
33392,32,6,18837,1
33393,38,4,8869,0
33394,792,5,11105,0
33395,97,8,23829,1
33396,34,10,30499,1
33397,413,4,10867,0
33398,54,7,17675,1
33399,658,4,15236,0
33400,431,3,10341,0
33401,581,6,14240,0
33402,164,6,16739,1
33403,990,4,14649,0
33404,766,4,12584,0
33405,42,10,25127,1
33406,57,9,16933,1
33407,461,2,1878,0
33408,150,9,28110,1
33409,239,3,6380,0
33410,146,4,7827,0
33411,265,2,4200,0
33412,131,6,18375,1
33413,499,3,8518,0
33414,221,4,13038,0
33415,308,4,8756,0
33416,24,4,11386,0
33417,118,8,26547,1
33418,165,6,19884,1
33419,54,2,4498,0
33420,159,4,7529,0
33421,473,8,20972,1
33422,106,1,1527,0
33423,30,5,17700,1
33424,151,11,40152,1
33425,766,5,12619,0
33426,20,2,1839,0
33427,1248,1,2212,0
33428,90,4,16106,1
33429,14,3,7860,0
33430,276,6,22109,1
33431,155,4,6920,0
33432,29,4,12734,0
33433,261,6,18870,1
33434,380,6,12782,0
33435,187,4,9288,0
33436,4,10,30622,1
33437,337,1,3551,0
33438,422,6,17104,1
33439,11,6,7759,0
33440,167,3,1759,0
33441,307,5,16837,1
33442,743,2,7433,0
33443,158,4,6644,0
33444,322,8,24594,1
33445,35,7,19643,1
33446,6,6,14250,1
33447,40,7,13980,1
33448,165,7,19709,1
33449,12,8,18876,1
33450,19,8,30930,1
33451,176,3,8037,0
33452,142,3,7893,0
33453,80,6,15359,1
33454,13,3,10104,0
33455,184,9,22348,1
33456,323,4,7887,0
33457,85,5,15485,1
33458,205,4,9576,0
33459,269,7,23552,1
33460,62,4,10104,0
33461,132,8,15328,1
33462,30,7,15437,1
33463,33,7,20207,1
33464,593,2,7751,0
33465,686,7,21178,1
33466,243,6,23451,1
33467,19,3,8594,0
33468,92,7,24213,1
33469,431,4,3302,0
33470,72,6,12889,1
33471,246,3,4922,0
33472,100,7,17774,1
33473,325,5,19351,1
33474,462,4,11116,0
33475,5,4,12642,0
33476,1068,1,3626,0
33477,69,7,16207,1
33478,306,3,6384,0
33479,110,7,14903,1
33480,222,4,9918,0
33481,192,2,3992,0
33482,22,8,25674,1
33483,211,4,7248,0
33484,1,7,18221,1
33485,250,6,21762,1
33486,299,3,8880,0
33487,206,8,21648,1
33488,51,7,24080,1
33489,22,11,30924,1
33490,232,3,8325,0
33492,15,7,23790,1
33493,536,5,13431,0
33494,398,8,17626,1
33495,107,6,12702,1
33496,589,3,7315,0
33497,587,1,801,0
33498,210,7,16974,1
33499,348,5,11364,0
33500,256,3,5056,0
33501,107,5,6070,0
33502,688,4,6997,0
33503,29,3,8530,0
33504,224,5,14691,1
33505,70,6,17019,1
33506,444,3,7042,0
33507,6,4,7140,0
33508,70,5,12101,1
33509,918,1,2228,0
33510,232,2,2715,0
33511,168,5,8300,0
33512,222,8,23996,1
33513,162,9,20255,1
33514,244,7,21278,1
33515,251,4,10152,0
33516,213,6,13047,1
33517,160,8,19287,1
33518,319,7,16896,1
33519,588,2,6792,0
33520,692,3,7995,0
33521,92,9,25397,1
33522,268,7,13590,1
33523,758,1,658,0
33524,205,6,23049,1
33525,72,6,21617,1
33526,102,4,10679,0
33527,380,4,12810,0
33528,141,3,3790,0
33529,564,5,5982,0
33530,411,5,10664,0
33531,167,5,10801,0
33532,211,5,16614,1
33533,1292,1,3516,0
33534,586,4,10940,0
33535,190,4,5559,0
33536,97,8,19226,1
33537,71,5,8456,0
33538,49,5,12043,1
33539,465,4,8513,0
33540,231,6,16840,1
33541,563,4,10381,0
33542,252,5,21839,1
33543,110,9,29865,1
33544,27,3,11978,0
33545,82,3,9962,0
33546,857,3,6700,0
33547,274,4,6449,0
33548,78,4,13551,0
33549,20,5,14747,1
33550,131,3,7454,0
33551,138,2,8400,0
33552,238,3,6454,0
33553,369,4,14460,0
33554,110,6,15615,1
33555,123,7,18260,1
33556,728,3,8530,0
33557,221,4,12282,0
33558,43,6,15608,1
33559,48,5,15864,1
33560,320,5,9620,0
33561,262,7,17974,1
33562,73,3,8980,0
33563,89,5,16424,1
33564,420,3,2954,0
33565,130,2,5745,0
33566,250,7,21523,1
33567,631,3,5828,0
33568,205,13,31149,1
33569,328,4,8769,0
33570,297,3,8213,0
33571,508,4,11493,0
33572,396,3,7722,0
33573,553,5,12884,0
33574,103,6,17575,1
33575,1045,1,3968,0
33576,358,3,9445,0
33577,325,5,5901,0
33578,151,2,7542,0
33579,36,2,5043,0
33580,480,7,17369,1
33581,54,6,18990,1
33582,1,6,15449,1
33583,372,4,9420,0
33584,191,7,17394,1
33585,319,2,4715,0
33586,253,3,6439,0
33587,288,6,21046,1
33588,193,3,8409,0
33589,173,8,13033,1
33590,272,6,11832,0
33591,162,5,11096,0
33592,373,5,14823,0
33593,252,3,4428,0
33594,84,4,10216,0
33595,58,3,8692,0
33596,80,8,21555,1
33597,535,7,22597,1
33598,527,5,11328,0
33599,46,7,18934,1
33600,194,6,18881,1
33601,115,6,18190,1
33602,194,5,14589,1
33603,369,5,11773,0
33604,200,1,1793,0
33605,145,4,18675,1
33606,508,4,7388,0
33607,21,6,11241,1
33608,1009,2,3044,0
33609,182,5,12416,0
33610,569,4,13337,0
33611,44,4,11040,0
33612,290,5,13980,0
33613,162,5,12583,0
33614,848,5,10606,0
33615,34,11,31907,1
33616,404,2,6127,0
33617,489,5,12218,0
33618,71,7,21267,1
33619,146,3,12027,0
33620,208,5,13671,0
33621,451,5,12384,0
33622,127,3,6631,0
33623,280,4,11239,0
33624,166,6,14936,1
33625,278,9,19717,1
33626,73,6,10444,1
33627,855,2,9025,0
33628,187,3,8834,0
33629,109,6,12492,1
33630,158,7,18040,1
33631,111,4,7175,0
33632,43,5,17438,1
33633,221,4,12212,0
33634,10,5,14975,1
33635,146,5,11577,0
33636,34,5,7820,0
33637,332,7,17354,1
33638,279,4,11184,0
33639,229,5,17773,1
33640,123,4,11795,0
33641,601,2,1998,0
33642,66,4,8968,0
33643,79,5,17007,1
33644,96,5,13238,1
33645,15,7,12862,1
33646,592,6,17449,1
33647,45,8,20570,1
33648,467,2,5583,0
33649,129,6,15080,1
33650,64,5,13346,1
33651,54,2,9199,0
33652,13,5,13100,1
33653,17,5,16629,1
33655,217,3,6177,0
33656,1076,1,3639,0
33657,232,8,14108,1
33658,33,6,17006,1
33659,359,8,24088,1
33660,112,8,19475,1
33661,560,5,14411,0
33662,14,8,25925,1
33663,900,2,4597,0
33664,263,4,11782,0
33665,63,5,11725,0
33666,630,3,5067,0
33667,536,6,12282,0
33668,354,6,16428,1
33669,501,3,8684,0
33670,139,3,6626,0
33671,30,5,12511,1
33672,175,11,31966,1
33673,775,1,4984,0
33674,391,3,5079,0
33675,110,5,23339,1
33676,470,3,8335,0
33677,336,5,9516,0
33678,44,6,15092,1
33679,150,3,3552,0
33680,36,6,19836,1
33681,447,2,5040,0
33682,12,7,23422,1
33683,32,9,24110,1
33684,135,6,17067,1
33685,398,7,20110,1
33686,172,2,5559,0
33687,660,3,3121,0
33688,576,7,13209,0
33689,527,2,8416,0
33690,27,5,10341,0
33691,370,5,13731,0
33692,139,2,1006,0
33693,219,9,21241,1
33694,78,11,38683,1
33695,339,8,20095,1
33696,39,5,12779,1
33697,209,6,16799,1
33698,2,4,12328,0
33699,365,3,3011,0
33700,71,4,10018,0
33701,144,2,3977,0
33702,6,6,15797,1
33703,574,4,9472,0
33704,197,2,6025,0
33705,47,6,11043,1
33706,120,5,14116,1
33707,43,6,19259,1
33708,191,8,26972,1
33709,73,9,26771,1
33710,1050,2,2288,0
33711,68,5,15871,1
33712,271,9,28920,1
33713,97,4,10883,0
33714,1032,1,2964,0
33715,368,2,7336,0
33716,96,5,17704,1
33717,35,6,17569,1
33718,55,6,13925,1
33719,119,5,15014,1
33720,467,5,11949,0
33721,287,3,5499,0
33722,19,3,8649,0
33723,257,4,6983,0
33724,368,5,15578,0
33725,199,9,16785,1
33726,234,2,4204,0
33727,93,8,23286,1
33728,143,5,12371,0
33729,218,5,5877,0
33730,59,6,12426,1
33731,230,5,16545,1
33732,303,8,23934,1
33733,586,5,15639,0
33734,860,3,11749,0
33735,135,2,6288,0
33736,146,4,5496,0
33737,405,6,21883,1
33738,702,2,1438,0
33739,207,11,25881,1
33740,208,6,12788,1
33741,139,4,10618,0
33742,491,6,16545,1
33743,72,8,20485,1
33744,41,8,22084,1
33745,231,4,13110,0
33746,592,5,12627,0
33747,179,4,9101,0
33748,190,5,15854,1
33749,147,2,8758,0
33750,466,5,16450,0
33751,251,4,15318,0
33752,669,3,6947,0
33753,281,3,7418,0
33754,160,8,24917,1
33755,95,9,23260,1
33756,497,1,4935,0
33757,167,4,15465,0
33758,403,6,16465,1
33759,435,7,14960,1
33760,209,5,10736,0
33761,68,9,23521,1
33762,41,3,11120,0
33763,941,3,13221,0
33764,726,5,11838,0
33765,53,4,11541,0
33766,381,7,19033,1
33767,221,2,6774,0
33768,77,7,18675,1
33769,177,2,6525,0
33770,450,4,15108,0
33771,30,8,17651,1
33772,168,5,14141,1
33773,39,3,7138,0
33774,198,4,10716,0
33775,130,4,8009,0
33776,142,6,15763,1
33777,109,9,32783,1
33778,528,5,13486,0
33779,116,4,14389,0
33780,251,4,11901,0
33781,205,5,14290,1
33782,116,9,21270,1
33783,39,5,17951,1
33784,72,3,7022,0
33785,252,6,14148,1
33787,25,7,19890,1
33788,151,8,17239,1
33789,7,4,7705,0
33790,650,2,5735,0
33791,103,5,9428,0
33792,61,4,13047,0
33793,429,4,11617,0
33794,578,2,5201,0
33795,533,2,1568,0
33796,861,4,7474,0
33797,156,4,9694,0
33798,391,6,20192,1
33799,83,7,23143,1
33800,102,8,25962,1
33801,782,3,6801,0
33802,1323,1,831,0
33803,739,3,8952,0
33804,298,3,12896,0
33805,192,4,12925,0
33806,588,4,11195,0
33807,3,10,29022,1
33808,316,4,9841,0
33809,120,6,19938,1
33810,38,8,25203,1
33811,210,5,17660,1
33812,232,8,19745,1
33813,11,9,28862,1
33814,19,6,13298,1
33815,174,3,5684,0
33816,599,2,3751,0
33817,71,6,19881,1
33818,51,5,18662,1
33819,90,7,22306,1
33820,581,3,6512,0
33821,400,3,13819,0
33822,253,9,27861,1
33823,31,5,16203,1
33824,362,8,28014,1
33825,585,3,8833,0
33826,453,4,14985,0
33827,5,4,11058,0
33828,207,4,9507,0
33829,148,6,12789,1
33830,495,3,1105,0
33831,353,3,5806,0
33832,134,10,27707,1
33833,7,5,12597,1
33834,204,9,24743,1
33835,45,6,24676,1
33836,230,7,19388,1
33837,240,5,10352,0
33838,231,7,16611,1
33839,104,6,18664,1
33840,57,6,19893,1
33841,642,2,4767,0
33842,423,5,13781,0
33843,76,4,11079,0
33844,17,4,6610,0
33845,168,10,21390,1
33846,39,5,13594,1
33847,919,2,7407,0
33848,215,3,7491,0
33849,244,4,10890,0
33850,53,5,17724,1
33851,163,7,19280,1
33852,437,3,4147,0
33853,324,5,10073,0
33854,343,1,2129,0
33855,993,3,8824,0
33856,434,6,10991,0
33857,691,3,3089,0
33858,114,6,18842,1
33859,206,4,9417,0
33860,179,5,12141,0
33861,77,6,15763,1
33862,101,8,15908,1
33863,84,6,11451,1
33864,42,7,18080,1
33865,102,12,26381,1
33866,227,6,16052,1
33867,181,3,6225,0
33868,81,7,18726,1
33869,82,7,22451,1
33870,99,4,9330,0
33871,113,6,15792,1
33872,251,7,19095,1
33873,79,4,6250,0
33874,136,10,36346,1
33875,702,3,8406,0
33876,132,6,21091,1
33877,192,6,13206,1
33878,14,3,12119,0
33879,138,5,14577,1
33880,11,7,19819,1
33881,73,4,11285,0
33882,44,8,14900,1
33883,314,6,16852,1
33884,152,8,27109,1
33885,84,4,12975,0
33886,273,4,18099,0
33887,487,5,13541,0
33888,391,5,10917,0
33889,390,3,8907,0
33890,542,3,7046,0
33891,398,5,15265,0
33892,1048,4,11388,0
33893,1072,1,662,0
33894,112,5,12978,1
33895,339,6,12661,0
33896,364,3,12138,0
33897,95,4,12189,0
33898,81,12,40328,1
33899,90,5,9405,0
33900,729,2,5635,0
33901,37,3,7162,0
33902,296,6,16921,1
33903,156,4,11057,0
33904,1104,2,3245,0
33905,621,3,11032,0
33906,49,11,36034,1
33907,1269,1,951,0
33908,944,4,12305,0
33909,112,5,19983,1
33910,130,10,25928,1
33911,68,6,18413,1
33912,14,8,14692,1
33913,529,4,13253,0
33914,644,2,5917,0
33915,237,3,10262,0
33916,35,7,21344,1
33917,1207,3,9328,0
33918,205,6,20549,1
33920,83,5,19193,1
33921,12,3,9248,0
33922,622,6,17813,1
33923,37,5,8947,0
33924,14,12,36550,1
33925,77,5,13770,1
33926,309,6,20262,1
33927,224,9,15039,1
33928,654,3,7292,0
33929,24,4,7290,0
33930,246,7,16447,1
33931,566,6,18236,1
33932,183,4,13657,0
33933,321,4,14721,0
33934,568,2,4817,0
33935,349,6,12467,0
33936,98,4,9894,0
33937,338,3,8395,0
33938,521,3,8985,0
33939,174,6,18263,1
33940,35,6,16556,1
33941,355,3,6736,0
33942,297,5,15413,0
33943,103,5,20718,1
33944,89,6,15145,1
33945,50,5,13452,1
33946,72,9,29584,1
33947,45,7,17356,1
33948,39,3,9773,0
33949,61,8,16079,1
33950,531,3,8110,0
33951,182,4,5370,0
33952,174,5,7262,0
33953,195,8,15997,1
33954,368,9,27700,1
33955,103,7,12304,1
33956,449,3,8211,0
33957,120,4,2835,0
33958,147,5,14079,1
33959,35,4,8297,0
33960,103,5,16743,1
33961,224,7,24646,1
33962,618,2,3450,0
33963,34,5,15185,1
33964,6,7,12838,1
33965,55,3,10381,0
33966,120,6,18738,1
33967,67,8,30454,1
33968,218,3,10058,0
33969,233,3,7739,0
33970,452,3,11130,0
33971,432,5,12233,0
33972,59,6,18948,1
33973,21,6,13721,1
33974,342,4,13136,0
33975,411,5,15324,0
33976,1119,2,3199,0
33977,18,4,14692,1
33978,295,4,12733,0
33979,447,5,15992,0
33980,165,5,11543,0
33981,793,4,11273,0
33982,174,4,9284,0
33983,174,4,9618,0
33984,162,5,15545,1
33985,46,5,8046,0
33986,308,7,10327,1
33987,587,2,1361,0
33988,317,5,12416,0
33989,204,10,33477,1
33990,140,8,14009,1
33991,138,10,19775,1
33992,256,2,5841,0
33993,985,2,7536,0
33994,126,3,10896,0
33995,10,6,16718,1
33996,46,4,9316,0
33997,93,5,11702,0
33998,160,6,10921,1
33999,114,4,9743,0
34000,366,5,13867,0
34001,612,2,8439,0
34002,831,2,8069,0
34003,64,7,15968,1
34004,513,4,15287,0
34005,701,5,10892,0
34006,321,3,14341,0
34007,49,3,7457,0
34008,960,2,3172,0
34009,426,5,9478,0
34010,182,3,4722,0
34011,209,4,11039,0
34012,75,4,8792,0
34013,186,4,10345,0
34014,198,4,5410,0
34015,434,5,17059,0
34016,109,7,19068,1
34017,496,1,3838,0
34018,587,2,7055,0
34019,636,4,7968,0
34020,6,5,14147,1
34021,123,2,4811,0
34022,253,8,17010,1
34023,23,4,11209,0
34024,955,4,9897,0
34025,292,5,18428,1
34026,541,5,15545,0
34027,381,3,7524,0
34028,191,5,19219,1
34029,84,5,7104,0
34030,319,5,5493,0
34031,705,4,13614,0
34032,505,7,14460,1
34033,53,6,12449,1
34034,386,3,7929,0
34035,736,2,6250,0
34036,5,6,14551,1
34037,615,6,22214,1
34038,290,4,15442,0
34039,19,5,12214,1
34040,393,6,18511,1
34041,236,6,17940,1
34042,118,6,18498,1
34043,338,8,26931,1
34044,34,5,12205,1
34045,103,5,18193,1
34046,97,5,13408,1
34047,670,2,7235,0
34048,152,5,13812,1
34049,113,4,7691,0
34050,204,2,6729,0
34051,236,1,4307,0
34052,108,5,13774,1
34053,740,2,7149,0
34054,17,9,17070,1
34055,434,5,13489,0
34056,295,5,13673,0
34057,178,4,11575,0
34058,640,3,11206,0
34059,154,5,10694,0
34060,778,4,14393,0
34061,123,7,22502,1
34062,132,3,9181,0
34063,205,2,2462,0
34064,293,4,4723,0
34066,266,3,8162,0
34067,99,7,14530,1
34068,127,4,8738,0
34069,300,5,19055,1
34070,116,8,20448,1
34071,53,6,15115,1
34072,173,6,19753,1
34073,84,3,4984,0
34074,536,5,14802,0
34075,103,2,5017,0
34076,79,4,8804,0
34077,511,3,10530,0
34078,101,8,18250,1
34079,701,2,8784,0
34080,184,5,16688,1
34081,272,5,16707,1
34082,7,5,17510,1
34083,338,4,13358,0
34084,174,5,17600,1
34085,292,5,11992,0
34086,186,4,13908,0
34087,77,1,707,0
34088,315,5,13981,0
34089,498,2,3484,0
34090,210,4,14341,0
34091,534,5,13553,0
34092,51,5,17953,1
34093,576,6,12680,0
34094,465,3,10164,0
34095,1106,5,14643,0
34096,241,7,23076,1
34097,11,7,26073,1
34098,228,5,11438,0
34099,60,2,1334,0
34100,59,7,19172,1
34101,34,4,12640,0
34102,434,6,14594,1
34103,1166,1,3965,0
34104,4,7,22639,1
34105,826,3,8518,0
34106,402,5,12129,0
34107,52,5,20461,1
34108,218,4,12435,0
34109,25,8,25571,1
34110,287,5,14953,0
34111,130,3,7635,0
34112,144,6,20569,1
34113,439,6,20194,1
34114,268,3,8241,0
34115,237,6,19022,1
34116,128,4,9078,0
34117,6,7,20999,1
34118,361,7,21686,1
34119,492,4,13534,0
34120,1268,2,4372,0
34121,183,4,12810,0
34122,329,7,16035,1
34123,210,5,17308,1
34124,662,3,5725,0
34125,130,5,11666,0
34126,347,5,8229,0
34127,120,3,10537,0
34128,71,5,13534,1
34129,892,1,1664,0
34130,216,5,10164,0
34131,158,7,15052,1
34132,11,3,10145,0
34133,45,8,19713,1
34134,453,4,13151,0
34135,212,9,32997,1
34136,672,2,9306,0
34137,281,5,14830,0
34138,332,5,10011,0
34139,694,4,10997,0
34140,80,3,8035,0
34141,130,6,17679,1
34142,96,4,11875,0
34143,443,2,7111,0
34144,523,4,10184,0
34145,178,5,13774,1
34146,166,4,14779,0
34147,467,1,561,0
34148,111,3,6347,0
34149,97,4,12788,0
34150,2,6,21440,1
34151,333,4,8917,0
34152,372,4,10360,0
34153,476,5,12737,0
34154,114,4,8954,0
34155,266,7,24752,1
34156,946,2,8938,0
34157,104,10,23531,1
34158,318,2,3636,0
34159,111,8,23227,1
34160,145,6,17256,1
34161,34,6,9678,1
34162,31,9,18878,1
34163,77,2,3667,0
34164,54,4,10188,0
34165,57,5,9257,0
34166,58,6,19142,1
34167,394,4,15881,0
34168,803,3,5848,0
34169,3,2,7853,0
34170,169,7,20850,1
34171,984,2,1798,0
34172,11,4,8276,0
34173,167,5,15598,1
34174,38,4,10000,0
34175,505,6,15926,1
34176,155,7,7643,1
34177,25,3,10419,0
34178,159,5,10790,0
34179,151,2,9650,0
34180,672,5,13834,0
34181,116,10,19021,1
34182,237,4,15313,0
34183,71,6,22633,1
34184,101,6,15138,1
34185,115,7,18220,1
34186,113,3,5973,0
34187,55,6,17992,1
34188,293,6,17894,1
34189,1115,1,859,0
34190,191,3,4459,0
34191,171,4,12500,0
34192,74,5,17120,1
34193,173,8,23089,1
34194,5,6,19299,1
34195,252,6,18846,1
34196,202,10,23011,1
34197,8,8,14323,1
34198,256,8,20564,1
34199,365,5,15571,0
34200,204,3,10647,0
34201,837,4,9903,0
34202,315,4,15236,0
34203,90,3,10487,0
34204,198,5,10102,0
34205,132,3,7770,0
34206,13,5,14136,1
34207,375,2,3355,0
34208,845,2,3516,0
34209,203,6,14158,1
34210,108,6,16551,1
34211,229,4,15964,0
34212,347,9,16983,1
34213,132,8,25096,1
34214,103,3,7768,0
34215,505,2,8200,0
34216,15,8,23485,1
34217,805,3,8406,0
34218,758,3,8509,0
34219,273,5,15889,1
34220,41,7,10763,1
34221,614,2,6315,0
34222,575,2,8830,0
34223,137,7,15419,1
34224,74,7,24141,1
34225,328,4,13534,0
34226,163,7,19570,1
34227,64,6,15594,1
34228,290,5,6996,0
34229,407,4,12303,0
34230,220,8,24724,1
34231,364,3,11287,0
34232,126,4,13782,0
34233,116,6,9331,0
34234,298,5,19650,1
34235,53,4,15375,1
34236,133,5,12292,0
34237,265,6,13821,1
34238,16,7,20150,1
34239,535,6,6586,0
34240,67,6,11829,1
34241,645,2,4476,0
34242,163,7,18057,1
34243,345,4,9347,0
34244,42,7,27391,1
34245,274,5,10454,0
34246,57,3,9303,0
34247,541,9,17159,1
34248,20,4,13950,0
34249,11,7,17673,1
34250,223,3,2629,0
34251,31,5,13093,1
34252,43,7,18934,1
34253,454,3,10650,0
34254,67,4,12271,0
34255,47,3,7273,0
34256,64,5,13961,1
34257,30,8,28686,1
34258,1152,1,879,0
34259,110,6,15992,1
34260,376,5,11902,0
34261,38,6,15886,1
34262,122,4,11933,0
34263,155,1,516,0
34264,151,7,27913,1
34265,85,4,9086,0
34266,3,7,16750,1
34267,29,3,6565,0
34268,206,6,11961,1
34269,34,2,2559,0
34270,862,2,5738,0
34271,312,6,19913,1
34272,285,5,20967,1
34273,160,11,28765,1
34274,40,8,17751,1
34275,1040,2,3463,0
34276,14,4,11007,0
34277,70,2,4434,0
34278,208,4,10911,0
34279,611,2,6701,0
34280,380,2,5844,0
34281,15,4,11264,0
34282,42,8,25879,1
34283,32,5,13573,1
34284,215,4,6542,0
34285,39,4,9422,0
34286,292,5,14234,0
34287,487,6,21585,1
34288,354,8,21745,1
34289,53,6,17740,1
34290,62,3,6584,0
34291,39,6,17830,1
34292,200,3,6766,0
34293,154,5,11826,0
34294,46,5,13694,1
34295,258,7,18673,1
34296,139,7,26156,1
34297,323,9,26721,1
34298,402,7,19726,1
34299,65,5,13228,1
34300,66,7,22485,1
34301,212,7,12252,1
34302,232,2,2505,0
34303,32,6,14417,1
34304,163,5,12514,0
34305,1126,1,3078,0
34306,145,5,11313,0
34307,363,3,10812,0
34308,172,4,10794,0
34309,280,3,6116,0
34310,105,9,27018,1
34311,231,4,9053,0
34312,27,10,31986,1
34313,23,5,17558,1
34314,306,5,16570,1
34315,78,7,22258,1
34316,158,5,8398,0
34317,24,4,14211,0
34318,211,6,13394,1
34319,352,1,990,0
34320,40,5,18093,1
34321,245,3,7052,0
34322,25,6,22948,1
34323,607,4,14165,0
34324,97,6,13284,1
34325,293,10,28451,1
34326,1045,3,6475,0
34327,153,7,17440,1
34328,407,4,8449,0
34329,96,5,14359,1
34330,47,8,15646,1
34331,691,2,3596,0
34332,69,4,9702,0
34333,95,3,6001,0
34334,179,2,6042,0
34335,448,4,10613,0
34336,619,4,10771,0
34337,224,4,7375,0
34338,616,4,11934,0
34339,346,3,9825,0
34340,334,4,15744,0
34341,57,8,20530,1
34342,429,3,6514,0
34343,67,2,4006,0
34344,539,3,9734,0
34345,387,3,10654,0
34346,3,6,16958,1
34347,144,5,16380,1
34348,426,4,8847,0
34349,352,6,15137,1
34350,79,7,24494,1
34351,252,8,21556,1
34352,175,5,14276,1
34353,165,7,10810,1
34354,476,3,10816,0
34355,367,10,22837,1
34356,202,2,5320,0
34357,244,5,9981,0
34358,78,3,14820,0
34359,138,3,12009,0
34360,65,9,27335,1
34361,189,6,21166,1
34362,108,5,11768,0
34363,153,9,26006,1
34364,360,5,14162,0
34365,770,1,1317,0
34366,717,2,4417,0
34367,161,2,4890,0
34368,22,7,25123,1
34369,19,5,12968,1
34370,34,4,10705,0
34371,612,2,5496,0
34372,33,12,33842,1
34373,440,6,17558,1
34374,277,7,18542,1
34375,28,4,13277,0
34376,202,4,9622,0
34377,590,4,12101,0
34378,337,5,11575,0
34379,258,3,6820,0
34381,40,4,11977,0
34382,59,6,15569,1
34383,135,4,6874,0
34384,65,6,16813,1
34385,125,7,21214,1
34386,245,3,9029,0
34387,619,2,7221,0
34388,131,3,9587,0
34389,38,3,9860,0
34390,165,6,7007,0
34391,321,6,16458,1
34392,759,4,7525,0
34393,114,6,17053,1
34394,316,4,12204,0
34395,175,5,11131,0
34396,30,3,9376,0
34397,199,5,7435,0
34398,312,7,16933,1
34399,64,4,15879,1
34400,132,7,26120,1
34401,744,4,10500,0
34402,1299,2,2646,0
34403,226,6,16896,1
34404,359,3,9059,0
34405,200,8,18371,1
34406,838,5,13828,0
34407,938,5,14876,0
34408,139,3,6645,0
34409,768,3,9898,0
34410,135,1,3743,0
34411,494,5,16730,0
34412,150,5,15367,1
34413,28,7,22317,1
34414,536,4,8447,0
34415,1041,4,17431,0
34416,168,4,14158,0
34417,329,4,12526,0
34418,165,7,14328,1
34419,192,6,14431,1
34420,94,4,10063,0
34421,49,6,11826,1
34422,302,4,9375,0
34423,569,3,7558,0
34424,36,4,11086,0
34425,221,10,32975,1
34426,362,4,13525,0
34427,99,8,19693,1
34428,810,3,9579,0
34429,140,9,24644,1
34430,83,4,17627,1
34431,3,3,9798,0
34432,207,4,9434,0
34433,84,6,10826,1
34434,891,4,10353,0
34435,323,6,14917,1
34436,205,4,12976,0
34437,113,9,25219,1
34438,210,7,24285,1
34439,119,3,11693,0
34440,556,5,11461,0
34441,310,4,7159,0
34442,2,1,2408,0
34443,52,4,7545,0
34444,164,5,13024,0
34445,957,2,4567,0
34446,105,3,8379,0
34447,286,2,3437,0
34448,140,5,15706,1
34449,676,2,5527,0
34450,32,6,8906,1
34451,54,3,6994,0
34452,695,4,11028,0
34453,54,13,20432,1
34454,55,5,17945,1
34455,138,7,15592,1
34456,257,9,21737,1
34457,208,8,15234,1
34458,208,9,26741,1
34459,28,4,8316,0
34460,172,7,24111,1
34461,90,2,839,0
34462,158,7,22283,1
34463,597,2,6382,0
34464,87,5,13910,1
34465,312,3,6359,0
34466,32,5,11345,0
34467,91,7,21110,1
34468,1,2,4598,0
34469,277,5,16965,1
34470,426,3,11057,0
34471,367,4,6797,0
34472,73,5,13378,1
34473,111,6,16541,1
34474,138,4,7900,0
34475,613,3,8928,0
34476,135,7,18621,1
34477,139,7,19672,1
34478,59,6,12590,1
34479,120,5,12647,0
34480,440,5,16425,0
34481,41,9,27314,1
34482,64,1,4911,0
34483,326,5,19695,1
34484,57,6,15755,1
34486,255,5,10415,0
34487,50,4,17658,1
34488,154,7,24450,1
34489,93,5,10028,0
34490,72,11,39265,1
34491,191,6,8598,0
34492,68,8,18902,1
34493,93,5,9705,0
34494,105,3,2684,0
34495,283,2,3182,0
34496,102,4,8336,0
34497,118,4,10518,0
34498,58,6,18685,1
34499,201,6,15782,1
34500,144,9,26756,1
34501,161,3,11480,0
34502,52,9,26291,1
34503,76,6,16805,1
34504,281,5,16600,1
34506,227,4,12864,0
34507,455,7,15163,1
34508,50,6,15302,1
34509,182,5,17269,1
34510,37,3,3223,0
34511,233,4,16152,0
34512,116,8,21786,1
34513,697,2,6174,0
34514,195,5,15836,1
34515,295,3,10483,0
34516,288,8,21038,1
34517,522,2,6679,0
34518,823,3,9466,0
34519,24,3,8737,0
34520,209,4,12138,0
34521,1,11,29560,1
34522,106,5,13805,1
34523,95,5,21429,1
34524,1124,1,939,0
34525,186,6,14413,1
34526,624,2,1423,0
34527,48,10,26394,1
34528,5,8,23378,1
34529,65,7,14283,1
34530,88,7,23201,1
34531,118,7,15153,1
34532,280,7,22733,1
34533,592,1,4199,0
34534,224,5,11336,0
34535,17,2,5609,0
34536,563,4,4955,0
34537,297,5,8461,0
34538,212,8,22892,1
34539,406,4,15307,0
34540,235,3,6118,0
34541,260,5,10161,0
34542,963,4,7028,0
34543,9,5,18666,1
34544,23,8,17797,1
34545,322,5,14903,0
34546,134,9,29772,1
34547,106,6,23205,1
34548,22,7,21442,1
34549,146,7,19045,1
34550,28,6,19013,1
34551,55,13,32640,1
34552,93,4,8136,0
34553,441,5,7615,0
34554,86,6,15168,1
34555,14,10,19900,1
34556,642,5,18210,0
34557,13,4,9712,0
34558,538,4,10071,0
34559,207,3,3099,0
34560,913,3,9537,0
34561,35,7,23835,1
34562,411,5,10936,0
34563,15,5,10969,0
34564,237,4,7517,0
34565,454,7,13793,1
34566,78,7,21265,1
34567,35,5,14911,1
34568,815,2,3353,0
34569,75,7,19855,1
34570,504,6,20158,1
34571,818,3,4040,0
34572,239,3,6780,0
34573,116,6,17010,1
34574,979,3,9967,0
34575,269,5,10862,0
34576,369,5,14567,0
34577,235,7,16524,1
34578,851,2,3517,0
34579,28,7,18704,1
34580,521,8,28951,1
34581,119,5,12191,0
34582,68,6,13046,1
34583,47,6,16244,1
34584,95,5,15474,1
34585,31,3,6135,0
34586,123,3,8394,0
34587,250,3,2280,0
34588,6,6,15535,1
34589,5,6,18700,1
34590,187,4,13169,0
34591,6,8,21936,1
34592,47,5,12321,1
34593,126,2,3200,0
34594,151,2,6366,0
34595,31,2,1761,0
34596,252,6,16710,1
34597,220,5,16382,1
34598,221,5,12408,0
34599,429,5,9710,0
34600,160,4,10161,0
34601,1017,2,3465,0
34602,131,7,12450,1
34603,34,7,23219,1
34604,99,5,13507,1
34605,328,1,3315,0
34606,757,2,7178,0
34607,68,4,5994,0
34608,189,5,15981,1
34609,321,2,5305,0
34610,181,4,11691,0
34611,148,7,19894,1
34612,35,6,8340,1
34613,222,5,15339,1
34614,303,10,24011,1
34615,105,4,7279,0
34616,317,8,25057,1
34617,38,8,17620,1
34618,38,9,20944,1
34619,188,3,13901,0
34620,482,2,5559,0
34621,290,8,27214,1
34622,604,2,7322,0
34623,455,7,18430,1
34624,640,3,8105,0
34625,663,2,6337,0
34626,50,2,6932,0
34627,351,6,21794,1
34628,119,6,13845,1
34629,45,4,18461,1
34630,479,3,5901,0
34631,54,11,34625,1
34632,282,9,21081,1
34633,416,3,6545,0
34634,412,2,7812,0
34635,237,4,8874,0
34636,286,6,19505,1
34637,114,5,15319,1
34638,117,4,12794,0
34639,61,6,18139,1
34640,86,4,12560,0
34641,397,5,14017,0
34642,486,5,12485,0
34643,561,4,11809,0
34644,94,8,8036,1
34645,39,9,23625,1
34646,119,3,10313,0
34647,56,9,12742,1
34648,378,3,14480,0
34649,512,3,9613,0
34650,228,2,5390,0
34651,151,7,13426,1
34652,55,13,31006,1
34653,176,6,24511,1
34654,137,8,20427,1
34655,352,4,11884,0
34656,791,2,8804,0
34657,8,12,37822,1
34658,185,6,21916,1
34659,628,2,5770,0
34660,4,6,19180,1
34661,159,7,25387,1
34662,309,5,10484,0
34663,350,6,10703,0
34664,111,5,12501,0
34665,122,7,18419,1
34666,487,3,8882,0
34667,90,8,21983,1
34668,473,4,15167,0
34669,386,4,5422,0
34670,408,4,15023,0
34671,476,3,4044,0
34672,7,7,26494,1
34673,144,11,30361,1
34674,293,4,8784,0
34675,24,3,6504,0
34676,63,6,20531,1
34677,243,6,15062,1
34678,43,7,21156,1
34679,434,7,14653,1
34680,361,6,15628,1
34681,186,2,5434,0
34682,261,5,11883,0
34683,119,5,19210,1
34684,426,4,14408,0
34685,175,6,15157,1
34686,4,7,19419,1
34687,487,4,10318,0
34688,87,3,5234,0
34689,168,6,11161,1
34690,24,11,24758,1
34691,92,9,24352,1
34692,7,8,23150,1
34693,279,2,5870,0
34694,40,7,19170,1
34695,93,5,17923,1
34696,256,4,10811,0
34697,184,6,17498,1
34698,534,2,7021,0
34699,192,7,21147,1
34700,90,3,5860,0
34701,626,3,10357,0
34702,145,7,20031,1
34703,545,5,20966,1
34704,223,5,15275,1
34705,89,4,8018,0
34706,407,4,9935,0
34707,921,2,7162,0
34708,552,3,3939,0
34709,104,6,19275,1
34710,1119,1,2094,0
34711,27,6,19497,1
34712,433,4,11928,0
34713,62,4,9579,0
34714,162,5,16948,1
34715,12,6,8100,1
34716,363,4,10993,0
34717,108,4,11207,0
34718,233,5,20263,1
34719,175,6,18354,1
34720,535,11,36175,1
34721,145,8,17633,1
34722,79,8,19548,1
34723,11,3,8275,0
34724,173,8,25903,1
34725,88,5,12485,1
34726,199,2,7958,0
34727,202,3,10831,0
34728,35,7,21894,1
34729,158,6,18717,1
34730,244,5,13121,0
34731,224,6,20700,1
34732,328,6,18318,1
34733,400,10,32757,1
34734,136,8,28173,1
34735,369,6,14826,1
34736,91,3,10089,0
34737,277,6,7351,0
34738,536,5,13690,0
34739,101,6,15806,1
34740,143,3,7916,0
34741,730,2,4441,0
34742,8,7,17605,1
34743,66,5,18490,1
34744,175,6,18645,1
34745,133,5,15804,1
34746,134,6,18685,1
34747,159,7,15235,1
34748,585,2,4673,0
34749,570,6,14027,0
34750,48,5,13803,1
34751,181,4,9667,0
34752,341,2,8987,0
34753,15,4,8424,0
34754,68,5,14748,1
34755,599,5,17635,0
34756,77,6,13268,1
34757,160,7,18833,1
34758,90,4,17657,1
34759,270,8,17437,1
34760,397,3,12493,0
34761,60,10,30276,1
34762,28,7,21933,1
34763,59,6,25831,1
34764,875,1,2434,0
34765,280,6,15141,1
34766,104,3,9438,0
34767,201,5,13558,0
34768,60,4,9853,0
34769,126,7,17214,1
34770,480,4,13124,0
34771,323,5,11200,0
34772,289,8,25300,1
34773,346,3,5703,0
34774,218,5,15593,1
34775,96,6,18145,1
34776,176,4,11396,0
34777,56,5,12648,1
34778,524,4,12051,0
34779,336,2,2809,0
34780,599,2,9421,0
34781,267,11,25488,1
34782,666,4,12485,0
34783,253,2,6877,0
34784,209,1,4343,0
34785,297,4,15530,0
34786,146,6,10836,1
34787,60,6,16541,1
34788,710,4,8120,0
34789,17,9,24384,1
34790,60,9,19916,1
34791,8,10,24321,1
34792,88,4,8396,0
34793,214,6,12406,1
34794,94,4,11107,0
34795,277,3,10203,0
34796,158,2,5139,0
34797,17,5,12445,1
34798,576,2,4719,0
34799,139,7,17991,1
34800,343,5,10496,0
34801,105,4,12422,0
34802,509,4,13714,0
34803,93,2,5543,0
34804,195,5,15253,1
34805,584,2,6695,0
34806,704,2,2394,0
34807,129,8,18622,1
34808,267,6,14306,1
34809,13,10,30665,1
34810,241,4,9881,0
34811,120,4,13191,0
34812,327,9,20347,1
34813,2,6,8389,1
34814,103,4,11738,0
34815,86,5,17323,1
34816,324,5,18079,1
34817,16,3,7063,0
34818,147,7,17338,1
34819,226,5,11476,0
34820,154,4,14811,0
34821,416,2,7948,0
34822,316,3,9036,0
34823,398,4,9453,0
34824,13,10,25074,1
34825,86,3,9235,0
34826,21,4,10332,0
34827,1323,1,3799,0
34828,559,5,16526,0
34829,60,3,8344,0
34830,301,6,24359,1
34831,106,6,20724,1
34832,75,6,10639,1
34833,202,4,12304,0
34834,520,9,25854,1
34835,136,7,15493,1
34836,155,6,19570,1
34837,49,9,22391,1
34838,205,4,13514,0
34839,129,6,18698,1
34840,22,6,12146,1
34841,132,5,18430,1
34842,137,3,10019,0
34843,65,9,21767,1
34844,39,7,18971,1
34845,379,3,11202,0
34846,108,3,5326,0
34847,280,7,18217,1
34848,580,5,14717,0
34849,482,2,8155,0
34850,731,1,2664,0
34851,298,2,4747,0
34852,532,7,16497,1
34853,39,10,29900,1
34854,293,3,11145,0
34855,309,4,10115,0
34856,178,4,9236,0
34857,155,2,6910,0
34858,1230,2,7892,0
34859,768,1,3519,0
34860,237,4,14388,0
34861,202,2,4124,0
34862,345,6,13108,1
34863,244,5,16358,1
34864,532,3,12562,0
34865,157,6,20445,1
34866,193,3,9863,0
34867,215,7,11433,1
34868,106,6,15163,1
34869,14,10,34554,1
34870,91,3,12710,0
34871,1245,1,2080,0
34872,914,4,12027,0
34873,207,7,22744,1
34874,206,2,7221,0
34875,33,7,20380,1
34876,169,5,10221,0
34877,226,6,16788,1
34878,21,7,24433,1
34879,461,2,5519,0
34880,95,4,11633,0
34881,89,7,16497,1
34882,243,6,20600,1
34883,51,8,17332,1
34884,1030,1,1045,0
34885,15,8,21117,1
34886,1182,1,4915,0
34887,357,3,4011,0
34888,59,7,16299,1
34889,718,1,2452,0
34890,513,6,16060,1
34891,1247,1,317,0
34892,886,1,2199,0
34893,217,7,18104,1
34894,637,4,11467,0
34895,214,6,15497,1
34896,61,4,5588,0
34897,23,2,698,0
34898,126,5,11873,0
34899,25,5,8187,0
34900,306,5,11996,0
34901,432,6,22729,1
34902,550,2,4063,0
34903,590,4,11481,0
34904,338,8,22381,1
34905,59,6,16117,1
34906,537,3,8200,0
34907,503,6,15476,1
34908,47,5,16499,1
34909,269,5,13356,0
34910,299,6,16278,1
34911,164,2,1822,0
34912,168,3,9884,0
34913,110,6,15834,1
34914,336,4,12178,0
34915,331,3,11368,0
34916,535,3,12527,0
34917,351,6,19602,1
34918,638,1,1291,0
34919,17,8,25709,1
34920,70,7,17267,1
34921,481,2,4378,0
34922,15,4,14482,1
34923,211,3,11329,0
34924,22,4,10889,0
34925,53,9,30844,1
34926,129,6,15222,1
34927,372,3,6164,0
34928,86,8,15267,1
34929,4,4,10946,0
34930,662,7,15173,1
34931,290,12,28634,1
34932,73,6,21118,1
34933,12,8,19364,1
34934,121,4,14024,0
34935,239,9,14021,1
34936,205,5,14517,1
34937,327,7,16628,1
34938,244,5,17064,1
34939,21,3,5920,0
34940,220,4,8220,0
34941,138,5,11902,0
34942,212,2,6042,0
34943,334,3,5603,0
34944,138,5,18657,1
34945,281,2,6267,0
34946,79,5,13867,1
34947,152,4,10236,0
34948,145,4,15527,0
34949,470,3,10433,0
34950,120,6,26024,1
34951,305,5,8535,0
34952,223,4,13650,0
34953,48,3,4511,0
34954,157,7,11964,1
34955,255,3,5944,0
34956,92,6,15337,1
34957,117,2,5532,0
34958,1191,1,4306,0
34959,122,4,11598,0
34960,243,8,20740,1
34961,45,10,26186,1
34962,145,8,23293,1
34963,941,2,2594,0
34964,309,5,11442,0
34965,275,4,15635,0
34966,64,7,23390,1
34967,43,6,18407,1
34968,730,4,16643,0
34969,421,5,10974,0
34970,139,4,9187,0
34971,8,7,23290,1
34972,688,6,20170,1
34973,30,6,14624,1
34974,290,4,11532,0
34975,478,3,6518,0
34976,154,7,18817,1
34977,172,5,13146,0
34978,597,5,11061,0
34979,64,7,18635,1
34980,492,3,12203,0
34981,920,5,14343,0
34982,37,6,15498,1
34983,912,1,4849,0
34984,97,7,23853,1
34985,466,2,8962,0
34986,266,3,10924,0
34987,371,8,21652,1
34988,512,3,9437,0
34989,94,6,15072,1
34990,179,5,9636,0
34991,116,6,18247,1
34992,152,7,15154,1
34993,120,5,9954,0
34994,463,5,12615,0
34995,133,7,18461,1
34996,115,5,13091,1
34997,549,3,5999,0
34998,46,6,11024,1
34999,160,8,24844,1
35000,26,2,3632,0
35001,40,6,8065,0
35002,136,4,7956,0
35003,633,5,14413,0
35004,59,7,11891,1
35005,6,6,13349,1
35006,183,7,21451,1
35007,1,5,12209,1
35008,276,2,2908,0
35009,69,6,19754,1
35010,518,5,16111,0
35011,182,5,16132,1
35012,229,8,24011,1
35013,334,2,1055,0
35014,75,6,10146,1
35015,336,3,4493,0
35016,494,5,9888,0
35017,32,9,23592,1
35018,868,1,2667,0
35019,348,5,13108,0
35020,205,1,2203,0
35021,209,5,15756,1
35022,15,6,14467,1
35023,304,2,6286,0
35024,319,5,11331,0
35025,177,7,15236,1
35026,160,6,17193,1
35027,7,5,14372,1
35028,121,7,19673,1
35029,101,6,24005,1
35030,581,3,7095,0
35031,173,8,15669,1
35032,97,7,19562,1
35033,557,3,6202,0
35034,813,3,10496,0
35035,366,6,18749,1
35036,479,1,2106,0
35037,350,11,41218,1
35038,371,3,7027,0
35039,594,5,12915,0
35040,738,3,9534,0
35041,44,5,9395,0
35042,268,3,6419,0
35043,83,7,19776,1
35044,346,5,15096,0
35045,226,8,21615,1
35046,236,3,9383,0
35047,1260,1,4913,0
35048,159,3,5893,0
35049,147,6,15131,1
35050,89,8,17430,1
35051,197,2,2961,0
35052,340,3,8494,0
35053,194,3,8857,0
35054,258,5,18329,1
35055,75,6,18974,1
35056,417,8,20764,1
35057,800,2,3859,0
35058,264,8,30450,1
35059,253,5,15631,1
35060,150,5,11701,0
35061,11,5,12074,1
35062,152,3,10510,0
35063,352,6,20388,1
35064,340,4,9501,0
35065,688,4,10923,0
35066,285,7,15905,1
35067,573,3,9966,0
35068,226,6,14002,1
35069,134,6,10489,1
35070,124,4,9373,0
35071,55,7,12461,1
35072,502,7,16513,1
35073,1040,3,4928,0
35074,98,5,11355,0
35075,182,6,15284,1
35076,69,8,26571,1
35077,602,5,14789,0
35078,32,6,14597,1
35079,609,5,14237,0
35080,295,4,11200,0
35081,68,6,22362,1
35082,180,5,16013,1
35083,141,1,996,0
35084,439,5,11438,0
35085,1331,1,5276,0
35086,125,2,7359,0
35087,104,8,24377,1
35088,177,6,14917,1
35089,7,10,30127,1
35090,32,9,26658,1
35091,586,2,5234,0
35092,13,5,11184,1
35093,253,8,22337,1
35094,392,5,16125,0
35095,42,8,21336,1
35096,586,3,11525,0
35097,572,1,3460,0
35098,19,9,29606,1
35099,123,7,25542,1
35100,183,6,19909,1
35101,43,4,13562,0
35102,675,3,6057,0
35103,109,4,16109,1
35104,276,5,8890,0
35105,430,5,15320,0
35106,344,1,4796,0
35107,714,4,10611,0
35108,375,5,16088,0
35109,79,7,16360,1
35110,1,5,11928,1
35111,140,3,8633,0
35112,34,8,18342,1
35113,338,6,8807,0
35114,88,6,16859,1
35115,693,3,10603,0
35116,57,7,12503,1
35118,166,7,17392,1
35119,75,4,16164,1
35120,105,4,13260,0
35121,116,6,17686,1
35122,60,4,5780,0
35123,142,8,18271,1
35124,158,4,13594,0
35125,386,2,5529,0
35126,283,4,8574,0
35127,214,3,6277,0
35128,147,4,9050,0
35129,116,5,14473,1
35130,491,7,21227,1
35131,42,5,12872,1
35132,930,6,17689,0
35133,64,10,22371,1
35134,707,2,5609,0
35135,7,5,10016,0
35136,777,2,7307,0
35137,755,7,13846,0
35138,99,7,13795,1
35139,181,8,22030,1
35140,702,3,6694,0
35141,54,8,20070,1
35142,36,8,20262,1
35143,28,7,16842,1
35144,840,1,3751,0
35145,875,2,4686,0
35146,273,7,17961,1
35147,129,5,15218,1
35148,179,7,17295,1
35149,456,6,15023,1
35150,130,3,5269,0
35151,171,7,12336,1
35152,247,4,10245,0
35153,77,3,2345,0
35154,11,7,22633,1
35156,328,6,16702,1
35157,333,9,26259,1
35158,311,2,2783,0
35159,50,8,20888,1
35160,140,10,30368,1
35161,55,4,14449,0
35162,289,4,11215,0
35163,49,6,15922,1
35164,17,9,27039,1
35165,273,4,6762,0
35166,100,8,14844,1
35167,14,4,13304,0
35168,23,7,10969,1
35169,305,4,12759,0
35170,107,9,22879,1
35171,740,2,4705,0
35172,354,6,15466,1
35173,9,8,22331,1
35174,29,3,9878,0
35175,712,1,3613,0
35176,13,5,16419,1
35177,78,3,10186,0
35178,33,5,13336,1
35179,15,6,17080,1
35180,851,2,6963,0
35181,147,4,13803,0
35182,192,4,6545,0
35183,129,7,14824,1
35184,8,4,11982,0
35185,13,8,17866,1
35186,244,11,30646,1
35187,117,4,16320,1
35188,26,9,19501,1
35189,272,11,27982,1
35190,42,6,15921,1
35191,127,5,12251,0
35192,146,8,20529,1
35193,47,2,5679,0
35194,234,8,26066,1
35195,106,6,18673,1
35196,98,4,13635,0
35197,115,6,19161,1
35198,56,6,20147,1
35199,177,6,13875,1
35200,15,4,16307,1
35201,87,8,18785,1
35202,158,9,26019,1
35203,4,5,16421,1
35204,66,3,8058,0
35205,52,2,3029,0
35206,172,2,4890,0
35207,128,6,12642,1
35208,272,4,16396,0
35209,139,5,14690,1
35210,244,5,13762,0
35211,711,2,8667,0
35212,54,3,13122,0
35213,111,5,16663,1
35214,22,12,30294,1
35215,59,8,19901,1
35216,29,5,8508,0
35217,32,9,15484,1
35218,280,2,3183,0
35219,253,6,19347,1
35220,44,2,7255,0
35221,355,2,5992,0
35222,783,2,6533,0
35223,498,7,21980,1
35224,281,4,6907,0
35225,246,4,14533,0
35226,33,5,14867,1
35227,80,4,9238,0
35228,277,3,6260,0
35229,152,3,7889,0
35230,1248,2,2348,0
35231,166,7,14456,1
35232,8,6,13491,1
35233,691,4,6922,0
35234,313,7,20144,1
35235,290,8,17128,1
35236,89,3,7491,0
35237,551,2,3893,0
35238,312,6,14856,1
35239,740,4,16310,0
35240,210,9,31772,1
35241,534,5,12682,0
35242,193,8,23504,1
35243,128,4,10440,0
35244,169,5,14023,1
35245,240,5,13349,0
35246,66,7,25245,1
35247,413,3,9182,0
35248,7,2,6249,0
35249,89,4,6977,0
35250,70,7,17710,1
35251,198,6,10430,0
35252,163,4,8802,0
35253,148,6,11797,1
35254,17,6,16264,1
35255,930,2,3438,0
35256,292,11,39268,1
35257,42,6,20431,1
35258,235,3,10027,0
35259,30,5,11527,1
35260,314,5,17917,1
35261,112,8,20315,1
35262,63,3,9286,0
35263,104,5,14583,1
35264,544,1,2114,0
35265,40,4,14442,0
35266,956,2,5566,0
35267,124,6,14266,1
35268,9,9,33176,1
35269,335,4,5894,0
35270,562,5,14576,0
35271,865,4,10445,0
35272,1300,1,956,0
35273,32,5,17533,1
35274,511,5,10540,0
35275,364,3,6321,0
35276,38,4,13874,0
35277,16,7,13555,1
35278,236,5,19524,1
35279,261,4,13630,0
35280,314,6,21201,1
35281,526,8,19086,1
35282,287,8,20139,1
35283,291,5,14488,0
35284,89,3,7535,0
35285,535,5,13267,0
35286,319,9,26506,1
35287,406,4,12167,0
35288,321,4,9971,0
35289,168,6,15084,1
35290,204,4,11210,0
35291,311,9,30067,1
35292,63,6,15940,1
35293,699,3,6022,0
35294,461,2,9007,0
35295,241,5,13562,0
35296,584,6,12705,0
35297,205,3,6618,0
35298,58,8,34165,1
35299,106,6,16874,1
35300,276,6,11737,0
35301,372,1,4913,0
35302,333,4,15642,0
35303,117,7,16048,1
35304,229,4,15490,0
35305,286,6,16175,1
35306,126,7,20179,1
35307,599,5,16285,0
35308,130,8,25498,1
35309,294,4,15543,0
35310,227,10,32436,1
35311,72,7,20614,1
35312,259,8,16767,1
35313,351,4,16022,0
35314,350,3,4307,0
35315,132,3,7122,0
35316,684,3,8175,0
35317,44,8,19114,1
35318,71,5,13065,1
35319,24,4,8091,0
35320,1160,3,8315,0
35321,69,9,25935,1
35322,216,6,23421,1
35323,431,5,17552,1
35324,312,7,21874,1
35325,311,2,4298,0
35326,270,5,17776,1
35327,5,5,8630,0
35328,629,5,18645,0
35329,299,4,11435,0
35330,66,5,11456,0
35331,75,7,20860,1
35332,720,4,11575,0
35333,79,2,3543,0
35334,191,8,15567,1
35335,13,7,13498,1
35336,421,6,20746,1
35337,170,8,15714,1
35338,1,5,11488,1
35339,162,2,3184,0
35340,115,9,21605,1
35341,142,10,25088,1
35342,488,5,13368,0
35343,41,8,19256,1
35344,576,4,9665,0
35345,263,7,25902,1
35346,722,5,13637,0
35347,8,4,8676,0
35348,16,9,20261,1
35349,31,6,20314,1
35350,125,4,10377,0
35351,17,3,5866,0
35352,17,6,16696,1
35353,8,6,14415,1
35354,401,3,7376,0
35355,7,10,25277,1
35356,256,7,26434,1
35357,141,10,28447,1
35358,1038,2,3631,0
35359,295,5,21904,1
35360,167,3,6860,0
35361,46,10,32711,1
35363,88,7,20233,1
35364,214,7,18058,1
35365,109,11,31505,1
35366,271,5,13384,0
35367,155,6,24219,1
35368,533,4,12840,0
35369,139,4,14712,0
35370,315,2,5105,0
35371,218,7,21685,1
35372,253,3,7243,0
35373,81,8,18613,1
35374,174,9,22668,1
35375,819,2,7458,0
35376,3,8,8028,1
35377,372,5,14511,0
35378,275,5,10412,0
35379,1088,1,4624,0
35380,148,4,10649,0
35381,114,5,13775,1
35382,139,12,33451,1
35383,371,5,17114,1
35384,54,6,17672,1
35385,30,3,9371,0
35386,14,9,16584,1
35387,258,4,15008,0
35388,477,1,1604,0
35389,296,5,14938,0
35390,177,7,18305,1
35391,197,2,8839,0
35392,641,2,3285,0
35393,270,4,10911,0
35394,475,5,10952,0
35395,276,3,11723,0
35396,384,2,2026,0
35397,280,3,6853,0
35398,116,6,21016,1
35399,88,3,13344,0
35400,38,7,20269,1
35401,88,5,10228,0
35402,34,10,23162,1
35403,281,6,11888,0
35404,289,1,3440,0
35405,904,2,7285,0
35406,784,1,4084,0
35407,274,6,14538,1
35408,94,6,17592,1
35409,409,6,23563,1
35410,272,8,26351,1
35411,147,4,11456,0
35412,313,5,9391,0
35413,726,3,9700,0
35414,58,5,8638,0
35415,24,6,20012,1
35416,125,3,10418,0
35417,112,5,9698,0
35418,288,6,18100,1
35419,280,4,5563,0
35420,874,2,3899,0
35421,1046,2,6989,0
35422,728,1,1734,0
35423,511,4,11781,0
35424,52,15,40287,1
35425,347,3,9568,0
35426,628,5,13469,0
35427,240,4,7830,0
35428,8,5,19225,1
35429,300,6,15563,1
35430,149,4,10753,0
35431,189,6,19635,1
35432,479,4,14211,0
35433,114,4,6026,0
35434,326,5,13935,0
35435,131,7,16852,1
35436,737,3,14444,0
35437,209,3,13554,0
35438,742,2,4646,0
35439,92,7,11400,1
35440,300,5,20059,1
35441,4,6,14598,1
35442,43,2,3290,0
35443,948,1,3485,0
35444,141,8,16932,1
35445,441,5,13425,0
35446,206,5,12864,0
35447,193,7,21239,1
35448,67,3,9736,0
35449,29,6,14724,1
35450,123,6,15235,1
35451,74,9,31805,1
35452,752,4,8439,0
35453,122,4,12897,0
35454,50,5,11747,1
35455,296,5,18501,1
35456,270,4,10274,0
35457,64,9,25267,1
35458,1112,1,2239,0
35459,162,10,25349,1
35460,161,7,23730,1
35461,32,5,13113,1
35462,243,3,6723,0
35463,687,5,12404,0
35464,316,5,16039,1
35465,328,6,14027,1
35466,136,4,10722,0
35467,173,7,15724,1
35468,647,2,2854,0
35469,41,7,26102,1
35470,672,4,11170,0
35471,934,3,9901,0
35472,360,4,11968,0
35473,47,7,16850,1
35474,243,5,16136,1
35475,753,2,5365,0
35476,129,3,7322,0
35477,613,3,10031,0
35478,4,7,16857,1
35479,2,2,4076,0
35481,41,3,6392,0
35482,113,5,13529,1
35483,418,6,18824,1
35484,162,6,14735,1
35485,256,3,7641,0
35486,401,2,707,0
35487,137,4,9663,0
35488,354,2,5176,0
35489,345,3,5597,0
35490,432,6,11044,0
35491,241,3,9971,0
35492,32,4,10322,0
35493,146,6,15611,1
35494,163,4,14523,0
35495,167,7,11162,1
35496,458,4,10997,0
35497,775,5,11468,0
35498,82,4,4881,0
35499,221,3,6048,0
35500,420,3,8109,0
35501,229,4,11814,0
35502,150,7,17540,1
35503,594,5,15750,0
35504,89,7,19481,1
35505,395,4,15707,0
35506,946,2,6215,0
35507,86,6,18265,1
35508,22,8,24522,1
35509,66,6,16112,1
35510,158,7,25641,1
35511,707,3,6374,0
35512,67,7,19565,1
35513,308,4,7659,0
35514,167,4,13642,0
35515,293,3,8369,0
35516,16,4,6883,0
35517,243,3,7515,0
35518,14,7,20847,1
35519,36,5,15782,1
35520,440,5,15939,0
35521,60,4,8358,0
35522,441,3,6815,0
35523,66,4,13596,0
35524,494,5,17095,0
35525,119,7,17806,1
35526,303,7,26367,1
35527,419,3,11631,0
35528,105,6,24054,1
35529,27,4,12566,0
35530,253,4,7160,0
35531,127,9,17630,1
35532,167,7,25974,1
35533,243,2,4059,0
35534,38,6,16688,1
35535,141,4,12261,0
35536,509,10,29434,1
35537,209,4,6639,0
35538,72,3,11256,0
35539,265,4,9496,0
35540,142,11,37567,1
35541,2,7,18342,1
35542,36,7,21452,1
35543,308,5,9974,0
35544,42,5,10918,0
35545,20,7,21090,1
35546,158,5,10602,0
35547,149,5,18341,1
35548,386,5,13226,0
35549,312,4,11940,0
35550,525,5,15917,0
35551,277,4,12141,0
35552,176,6,19294,1
35553,57,7,18736,1
35554,104,4,7931,0
35555,145,3,5076,0
35556,380,5,12901,0
35557,32,6,23151,1
35558,161,5,7994,0
35559,329,6,9357,0
35560,82,8,22451,1
35561,18,7,21937,1
35563,179,5,13529,0
35564,5,6,19923,1
35565,36,6,15983,1
35566,259,6,15305,1
35567,105,10,29828,1
35568,398,5,13609,0
35569,71,2,4122,0
35570,18,7,15984,1
35571,171,8,25982,1
35572,42,10,22350,1
35573,49,2,2609,0
35574,427,2,5582,0
35575,14,10,25476,1
35576,367,1,2576,0
35577,562,5,13101,0
35578,435,5,13937,0
35579,315,9,28208,1
35580,152,5,16098,1
35581,597,4,6789,0
35582,384,5,14618,0
35583,51,7,20943,1
35584,54,5,15255,1
35586,35,7,20980,1
35587,28,6,18006,1
35588,180,5,14212,1
35589,26,7,22126,1
35590,796,4,5558,0
35591,74,4,8542,0
35592,137,3,3081,0
35593,493,6,23243,1
35594,237,4,13866,0
35595,78,6,13092,1
35596,59,2,3462,0
35597,17,7,19002,1
35598,12,10,22514,1
35599,112,4,12235,0
35600,53,5,7118,0
35601,222,4,10548,0
35602,174,5,8953,0
35603,240,7,19661,1
35604,6,7,15106,1
35605,77,8,26895,1
35606,228,6,18263,1
35607,11,7,16002,1
35608,31,3,6776,0
35609,221,8,16746,1
35610,1100,2,2514,0
35611,509,4,8035,0
35612,106,4,12506,0
35613,45,7,16388,1
35615,574,6,14664,0
35616,613,2,7274,0
35617,206,6,12451,1
35618,190,6,18758,1
35619,86,3,8557,0
35620,229,7,24130,1
35621,61,7,13910,1
35622,19,4,13291,0
35623,128,3,9280,0
35624,652,4,9089,0
35625,53,9,17200,1
35626,58,9,33209,1
35627,164,6,20055,1
35629,669,5,10156,0
35630,383,5,17835,1
35631,103,4,8278,0
35632,71,3,5927,0
35633,236,5,9362,0
35634,284,5,8744,0
35635,197,4,14228,0
35636,170,3,6049,0
35637,28,8,31241,1
35638,443,7,18117,1
35639,642,1,2905,0
35640,231,3,3026,0
35641,299,2,6790,0
35642,21,4,12603,0
35643,16,9,20323,1
35644,405,4,8135,0
35645,201,4,12962,0
35646,142,4,5919,0
35647,365,5,7397,0
35648,198,4,7628,0
35649,299,3,10291,0
35650,120,4,10255,0
35651,67,3,8149,0
35652,111,6,21914,1
35653,144,2,8172,0
35654,402,1,4109,0
35655,3,7,12321,1
35656,39,7,19813,1
35657,741,4,8076,0
35658,31,7,19140,1
35659,193,2,3637,0
35660,214,6,20865,1
35661,416,5,15089,0
35662,571,3,11303,0
35663,88,6,22528,1
35664,1210,3,9497,0
35665,261,4,15398,0
35666,178,5,11352,0
35667,110,5,14814,1
35668,213,4,8501,0
35669,53,8,23131,1
35670,219,7,20787,1
35671,403,7,20778,1
35672,408,7,23749,1
35673,155,3,10552,0
35674,222,7,20923,1
35675,381,4,13301,0
35676,450,4,12312,0
35677,486,2,8448,0
35678,195,1,3190,0
35679,51,12,31849,1
35680,123,5,19733,1
35681,34,11,35912,1
35682,299,4,9806,0
35683,317,4,13272,0
35684,865,2,7987,0
35685,115,4,11217,0
35686,3,4,11938,0
35687,377,4,15421,0
35688,47,7,20040,1
35689,68,5,12595,1
35690,51,4,14030,0
35691,987,5,10786,0
35692,25,9,26539,1
35693,12,4,14002,0
35694,491,5,10227,0
35695,584,3,7870,0
35696,46,7,23410,1
35697,734,4,8151,0
35698,59,6,13392,1
35699,4,6,18323,1
35700,444,2,6411,0
35701,185,1,2406,0
35702,343,3,6300,0
35703,203,5,18057,1
35704,10,6,23099,1
35705,263,8,24780,1
35706,376,5,13698,0
35707,70,7,22268,1
35708,499,3,5712,0
35709,1,5,18161,1
35710,42,4,9414,0
35711,187,6,12398,1
35712,133,9,24762,1
35713,20,7,13589,1
35714,58,7,19223,1
35715,213,8,22141,1
35716,65,5,11221,0
35717,43,7,18962,1
35718,121,5,20781,1
35719,203,9,26641,1
35720,350,3,8942,0
35721,717,3,6511,0
35722,253,4,6098,0
35723,321,5,6645,0
35724,221,4,9075,0
35725,431,6,21736,1
35726,171,4,10002,0
35727,227,4,10745,0
35728,375,7,17930,1
35729,226,6,17637,1
35730,388,3,7344,0
35731,549,5,16092,0
35732,461,2,6679,0
35733,53,5,10893,0
35734,76,8,27587,1
35735,171,5,16248,1
35736,32,8,22327,1
35737,628,5,12103,0
35738,164,7,20105,1
35739,544,2,5759,0
35740,983,1,1953,0
35741,692,3,9342,0
35742,160,4,6824,0
35743,145,6,16783,1
35744,390,3,6311,0
35745,1063,2,4767,0
35746,16,4,10335,0
35747,393,4,13960,0
35748,104,9,23827,1
35749,377,5,11863,0
35750,211,4,14653,0
35751,267,6,12855,1
35752,653,2,9085,0
35753,64,9,25124,1
35754,294,3,11079,0
35755,278,2,5737,0
35756,559,4,6218,0
35757,68,4,12752,0
35758,306,4,10905,0
35759,117,9,20523,1
35760,675,3,9369,0
35761,44,9,19449,1
35762,217,3,5608,0
35763,459,3,12202,0
35764,55,8,22152,1
35765,679,6,12026,0
35766,1064,1,3292,0
35767,302,5,15287,0
35768,826,4,9900,0
35769,135,4,8805,0
35770,4,8,24417,1
35771,99,3,9233,0
35772,207,5,16973,1
35773,130,6,20972,1
35774,566,2,948,0
35775,148,5,14804,1
35776,749,6,15283,0
35778,3,4,10796,0
35779,1082,1,4582,0
35780,81,4,12777,0
35781,864,1,528,0
35782,435,2,5151,0
35783,205,4,10069,0
35784,199,4,17417,1
35785,80,9,28607,1
35786,205,8,14507,1
35787,709,5,15374,0
35788,202,6,17337,1
35789,465,5,8613,0
35790,295,4,11350,0
35791,57,3,6132,0
35792,362,2,7667,0
35793,57,4,8118,0
35794,661,4,9726,0
35795,583,6,13855,0
35796,20,7,13677,1
35797,164,1,1395,0
35798,40,4,10333,0
35799,312,5,7447,0
35800,427,4,7870,0
35801,335,3,9967,0
35802,886,4,9692,0
35803,53,4,10334,0
35804,79,9,29974,1
35805,130,5,7949,0
35806,409,5,10472,0
35807,648,5,8261,0
35808,108,6,15849,1
35809,523,9,23453,1
35810,24,4,14661,1
35811,15,7,30376,1
35812,32,4,10640,0
35813,41,2,5717,0
35814,281,8,31063,1
35815,257,4,10862,0
35816,102,6,19502,1
35817,320,8,24612,1
35818,620,4,8145,0
35819,171,6,17671,1
35820,434,1,3567,0
35821,57,6,9804,1
35822,99,4,10600,0
35823,561,2,5925,0
35824,478,3,9324,0
35825,496,5,4644,0
35826,31,6,13052,1
35827,75,4,10855,0
35828,310,8,22441,1
35829,179,9,19809,1
35830,336,5,14779,0
35831,102,5,17418,1
35832,329,7,15375,1
35833,218,7,17185,1
35834,374,5,16138,0
35835,226,5,14249,0
35836,211,9,33308,1
35837,314,2,7601,0
35838,149,6,18803,1
35839,1258,2,3263,0
35840,4,3,5587,0
35841,351,4,10460,0
35842,210,7,14268,1
35843,748,5,11158,0
35844,5,7,14273,1
35845,144,8,15414,1
35846,75,3,7242,0
35847,123,5,12914,1
35848,190,7,23033,1
35849,477,6,14849,0
35850,41,6,19696,1
35851,191,5,20329,1
35852,257,8,19836,1
35853,115,5,10103,0
35854,149,4,9560,0
35855,199,4,5117,0
35856,901,3,7778,0
35857,140,5,10262,0
35858,298,2,4301,0
35859,78,8,17757,1
35860,85,7,26767,1
35861,68,7,23505,1
35862,671,3,12941,0
35863,385,4,14703,0
35864,795,3,12467,0
35865,80,4,12917,0
35866,59,6,26880,1
35867,153,6,10105,1
35868,116,3,8444,0
35869,226,5,16291,1
35870,66,4,16099,1
35871,33,9,26907,1
35872,219,3,13412,0
35873,199,7,18223,1
35874,262,5,12813,0
35875,346,4,5419,0
35876,295,3,10817,0
35877,827,4,7308,0
35878,166,6,19179,1
35879,78,3,6376,0
35880,922,1,4777,0
35881,62,5,10350,0
35882,116,2,3457,0
35883,719,2,8719,0
35884,542,4,7453,0
35885,237,6,15488,1
35886,208,6,17298,1
35887,61,2,4710,0
35888,181,3,11727,0
35889,59,3,9439,0
35890,53,6,13675,1
35891,197,3,4698,0
35892,222,6,15053,1
35894,137,2,5942,0
35895,126,6,18023,1
35896,165,4,14037,0
35897,254,3,11858,0
35898,63,7,21849,1
35899,10,2,4177,0
35900,313,6,17830,1
35901,784,3,9989,0
35902,114,8,17625,1
35903,582,2,5508,0
35904,180,5,9166,0
35905,9,11,30111,1
35906,159,6,13289,1
35907,262,6,10631,0
35908,217,5,11686,0
35909,15,4,9566,0
35910,614,3,9940,0
35911,78,4,8085,0
35912,627,2,5494,0
35913,1136,2,2507,0
35914,284,7,15085,1
35915,542,5,18678,0
35916,14,5,12858,1
35917,88,6,18179,1
35918,100,10,34519,1
35919,705,1,3213,0
35920,44,3,8959,0
35921,1271,1,584,0
35922,14,10,30454,1
35923,336,4,9246,0
35924,110,3,8197,0
35925,241,4,8655,0
35926,347,6,21089,1
35927,16,1,3228,0
35928,113,6,12100,1
35929,140,7,19636,1
35930,308,4,15433,0
35931,24,3,6746,0
35932,697,4,15959,0
35933,20,7,25042,1
35934,556,5,12233,0
35935,162,3,9134,0
35936,707,3,5143,0
35937,603,4,12000,0
35938,403,4,11853,0
35939,42,5,12671,1
35940,401,3,10050,0
35941,52,4,7882,0
35942,49,4,13440,0
35943,155,9,24783,1
35944,6,7,21783,1
35945,528,2,8504,0
35946,460,5,22905,1
35947,61,7,19228,1
35948,1034,1,5052,0
35949,774,3,6886,0
35950,132,4,7413,0
35951,114,5,16059,1
35952,8,4,8443,0
35954,9,6,15448,1
35955,35,8,20339,1
35956,714,3,9049,0
35957,207,5,10436,0
35958,794,6,12760,0
35959,229,3,6324,0
35960,314,7,16878,1
35961,96,4,12506,0
35962,274,5,11888,0
35963,6,11,33604,1
35964,48,5,10614,0
35965,337,1,1335,0
35966,345,3,6161,0
35967,1235,1,4154,0
35968,48,6,15100,1
35969,199,5,13637,0
35970,370,4,7563,0
35971,96,5,8565,0
35972,102,7,21341,1
35973,309,4,8873,0
35974,208,6,14608,1
35975,242,7,13132,1
35976,305,4,12288,0
35977,194,6,20004,1
35978,405,3,6487,0
35979,307,3,8470,0
35981,240,7,26238,1
35982,192,7,15667,1
35983,528,4,5970,0
35984,171,5,12906,0
35985,243,5,7974,0
35986,147,8,20721,1
35987,1240,1,5133,0
35988,289,6,15289,1
35989,405,7,15410,1
35990,265,6,18196,1
35991,232,2,7119,0
35992,76,11,36539,1
35993,410,4,11733,0
35994,106,6,17645,1
35995,340,4,8480,0
35996,30,5,14216,1
35997,472,4,13423,0
35998,858,5,8506,0
35999,184,2,3442,0
36000,222,2,2991,0
36001,270,4,14862,0
36002,124,10,31039,1
36003,173,6,16628,1
36004,77,7,14823,1
36005,53,3,4809,0
36006,269,5,8227,0
36007,162,6,9895,0
36008,113,8,12346,1
36009,195,4,17206,1
36010,459,4,14491,0
36011,202,10,22385,1
36012,87,8,29827,1
36013,660,2,8005,0
36014,36,5,16750,1
36015,149,4,7986,0
36016,462,2,3800,0
36017,190,7,26397,1
36018,79,7,27878,1
36019,15,4,9373,0
36020,257,5,15157,1
36021,41,7,20430,1
36022,324,4,14551,0
36023,450,6,11256,0
36024,470,3,5381,0
36025,41,3,9009,0
36026,314,5,14074,0
36027,686,1,1240,0
36028,100,7,21382,1
36029,220,3,11718,0
36030,135,6,13464,1
36031,135,7,18620,1
36032,91,8,22147,1
36033,8,3,10861,0
36034,448,3,11854,0
36035,628,3,10513,0
36036,19,3,12289,0
36037,549,2,9318,0
36038,120,2,7105,0
36039,300,8,22095,1
36040,253,8,23215,1
36041,777,1,3732,0
36042,307,6,13291,1
36043,217,5,17023,1
36044,306,3,10395,0
36045,461,5,10516,0
36046,3,9,22938,1
36047,155,7,16499,1
36048,372,4,10273,0
36049,28,6,16427,1
36050,896,4,9117,0
36051,88,6,21434,1
36052,271,8,14446,1
36053,653,3,5764,0
36054,886,2,4131,0
36055,508,6,10130,0
36056,45,1,2396,0
36057,137,9,26769,1
36058,263,1,3364,0
36059,122,6,18285,1
36060,210,3,7157,0
36061,65,10,30931,1
36062,39,7,15671,1
36063,30,4,10721,0
36064,518,2,3803,0
36065,43,6,13411,1
36066,21,9,21000,1
36067,142,4,8498,0
36068,110,8,21689,1
36069,428,5,10193,0
36070,165,4,8999,0
36071,405,4,10647,0
36072,478,3,7374,0
36073,797,6,12496,0
36074,292,4,11474,0
36075,1252,1,1893,0
36076,47,3,6838,0
36077,730,3,10989,0
36078,453,2,4475,0
36079,32,7,22290,1
36080,188,5,9043,0
36081,179,7,14099,1
36082,27,5,11835,1
36083,725,3,12538,0
36084,415,4,13944,0
36085,1136,3,7326,0
36086,50,4,12682,0
36087,94,5,18088,1
36088,234,5,16182,1
36089,268,2,5095,0
36090,347,3,9619,0
36091,901,1,3979,0
36092,477,5,19171,1
36093,264,3,7886,0
36094,498,5,17855,0
36095,253,5,16813,1
36096,217,4,10131,0
36097,89,6,19305,1
36098,501,4,17478,0
36099,553,4,5934,0
36100,23,8,23840,1
36101,357,8,19332,1
36102,189,6,16501,1
36103,263,3,4688,0
36104,37,4,7420,0
36105,894,3,6723,0
36106,191,8,18837,1
36107,6,7,10251,1
36108,42,8,19859,1
36109,460,4,13041,0
36110,82,7,21414,1
36111,358,8,21454,1
36112,41,5,11839,1
36113,82,2,8959,0
36114,333,6,21858,1
36115,662,3,9781,0
36116,158,7,19965,1
36117,838,4,13977,0
36118,177,5,18578,1
36119,243,3,6469,0
36120,343,2,4308,0
36121,123,6,21446,1
36122,45,2,9613,0
36123,81,7,23978,1
36124,99,8,22254,1
36125,167,4,14554,0
36126,80,6,20165,1
36127,1,5,15151,1
36128,173,5,11859,0
36129,135,5,18587,1
36130,353,3,4577,0
36131,20,10,24499,1
36132,210,9,25728,1
36133,245,8,26241,1
36134,134,6,16805,1
36135,646,3,10571,0
36136,113,9,26147,1
36137,401,3,5784,0
36138,810,2,4037,0
36139,107,4,13119,0
36140,47,5,16086,1
36141,117,6,19267,1
36142,181,8,21031,1
36143,140,5,17860,1
36144,170,4,12198,0
36145,57,5,9753,0
36146,141,7,19078,1
36147,196,7,19621,1
36148,75,5,15249,1
36149,789,1,1861,0
36150,96,3,6068,0
36151,570,7,15718,1
36152,62,5,18869,1
36153,345,3,5357,0
36154,97,6,15051,1
36155,286,3,10118,0
36156,58,5,14560,1
36157,41,4,8500,0
36158,123,7,24459,1
36159,159,5,17054,1
36160,96,6,11904,1
36161,278,4,10823,0
36162,18,4,9866,0
36163,390,5,10095,0
36164,414,9,30161,1
36165,328,3,9740,0
36166,188,4,12800,0
36167,342,6,14330,1
36168,320,6,20486,1
36169,10,4,9557,0
36170,848,3,9263,0
36171,1061,1,2166,0
36172,270,11,27305,1
36173,178,6,19858,1
36174,110,11,24872,1
36175,40,5,9295,0
36176,448,3,12229,0
36177,272,4,10018,0
36178,186,4,11449,0
36179,793,2,5113,0
36180,23,8,22421,1
36181,84,3,5120,0
36182,846,5,13204,0
36183,446,4,7944,0
36184,329,2,7428,0
36185,181,4,17351,1
36186,38,6,18787,1
36187,153,2,5511,0
36188,43,5,8878,0
36189,11,5,7087,0
36190,155,3,11565,0
36191,29,5,11181,0
36192,111,6,17356,1
36193,518,7,24045,1
36194,66,7,21383,1
36195,336,11,32163,1
36196,45,10,31932,1
36197,107,6,13336,1
36198,415,6,18237,1
36199,443,4,9707,0
36200,270,6,14571,1
36201,273,5,12245,0
36202,310,10,28048,1
36203,291,5,11060,0
36204,41,5,18601,1
36205,196,3,6736,0
36206,44,4,12917,0
36207,97,4,12024,0
36208,139,9,23106,1
36209,39,8,21315,1
36210,153,9,20079,1
36211,35,5,13315,1
36212,184,9,26845,1
36213,261,9,21353,1
36214,84,6,13441,1
36215,76,6,11113,1
36216,1007,1,2786,0
36217,26,6,17277,1
36218,460,6,19856,1
36219,374,4,12308,0
36220,129,4,9087,0
36221,110,7,10030,1
36222,505,2,1976,0
36223,25,6,17029,1
36224,883,4,10594,0
36225,149,8,22161,1
36226,6,4,11747,0
36227,21,5,10779,0
36228,56,9,26042,1
36230,7,5,14176,1
36231,286,7,18312,1
36232,77,4,11764,0
36233,73,6,13146,1
36234,107,7,14989,1
36235,336,4,11237,0
36236,215,7,14609,1
36237,1140,3,12160,0
36238,82,3,6286,0
36239,1334,1,4224,0
36240,541,3,11027,0
36241,491,2,5120,0
36242,48,4,14647,0
36243,672,5,16467,0
36244,61,5,11425,0
36245,129,5,15412,1
36246,154,7,19661,1
36247,65,4,9597,0
36248,668,5,9782,0
36249,165,1,1702,0
36250,440,4,12234,0
36251,235,10,24032,1
36252,156,6,14008,1
36253,230,5,11271,0
36254,24,4,13379,0
36255,36,6,20293,1
36256,368,3,5024,0
36257,103,3,10799,0
36258,509,3,9782,0
36259,362,4,10396,0
36260,212,5,9309,0
36261,730,2,5471,0
36262,2,6,18279,1
36263,515,4,9127,0
36264,84,10,28718,1
36265,78,5,11892,0
36266,350,6,17341,1
36267,322,2,4954,0
36268,1,8,22615,1
36269,153,5,9034,0
36270,136,3,6090,0
36271,436,6,22386,1
36272,36,6,15693,1
36273,615,2,963,0
36274,142,6,16052,1
36275,556,3,5350,0
36276,219,6,16552,1
36277,711,3,10273,0
36278,52,4,11419,0
36279,38,8,25315,1
36280,179,1,1121,0
36281,91,9,23865,1
36282,402,5,20430,1
36283,232,6,17226,1
36284,186,6,18392,1
36285,293,6,15326,1
36286,129,8,27043,1
36287,535,4,10737,0
36288,517,4,8637,0
36289,107,6,15727,1
36290,656,7,14812,1
36291,178,4,10802,0
36292,255,4,7382,0
36293,251,6,15678,1
36294,100,3,8627,0
36295,28,6,11239,1
36296,475,3,8678,0
36297,23,6,10456,1
36298,55,7,17282,1
36299,207,5,12086,0
36300,285,6,16343,1
36301,235,6,12865,1
36302,240,5,13143,0
36303,19,5,15405,1
36304,509,6,22475,1
36305,496,5,8737,0
36306,385,4,6442,0
36307,364,1,1503,0
36308,84,6,17963,1
36309,272,5,10810,0
36310,56,8,19562,1
36311,227,4,10771,0
36312,244,5,11384,0
36313,195,5,13519,0
36314,22,8,20605,1
36315,1,4,12162,0
36316,437,4,14025,0
36317,148,5,19555,1
36318,47,6,16241,1
36319,67,11,28800,1
36320,103,8,15263,1
36321,21,10,21110,1
36322,72,5,17337,1
36323,675,3,10009,0
36324,86,3,11172,0
36325,54,9,30749,1
36326,123,4,11779,0
36327,18,10,24127,1
36328,223,4,11653,0
36329,263,7,22642,1
36330,181,1,2909,0
36331,237,3,6731,0
36332,568,4,8632,0
36333,12,6,16368,1
36334,66,4,9052,0
36335,356,8,22280,1
36336,474,4,8863,0
36337,30,8,21642,1
36338,37,8,18733,1
36339,499,3,12709,0
36340,244,6,15154,1
36341,7,5,16658,1
36342,137,4,15068,0
36343,579,4,10837,0
36345,221,2,578,0
36346,321,4,9787,0
36347,54,12,37986,1
36348,43,6,6168,0
36349,415,2,5087,0
36350,223,9,24509,1
36351,65,4,8646,0
36352,98,7,24383,1
36353,1,6,18602,1
36354,89,7,18397,1
36355,81,7,22182,1
36356,130,5,12931,1
36357,231,5,16818,1
36358,261,4,9850,0
36359,523,2,8881,0
36360,4,6,18067,1
36361,92,6,16453,1
36362,285,5,13227,0
36363,1,9,20604,1
36364,195,7,16861,1
36365,259,6,15453,1
36366,439,4,14372,0
36367,172,7,18489,1
36368,198,6,9536,0
36369,325,5,12482,0
36370,149,6,23861,1
36371,437,5,16468,0
36372,125,6,20277,1
36373,185,10,32790,1
36374,95,5,18897,1
36375,560,3,10070,0
36376,543,7,16518,1
36377,702,2,3908,0
36378,204,10,27437,1
36379,473,4,13622,0
36380,5,7,17570,1
36381,350,7,23665,1
36382,54,9,26314,1
36383,446,3,10256,0
36384,393,3,8936,0
36385,424,7,24833,1
36386,400,6,11772,0
36387,997,1,4522,0
36388,404,6,15539,1
36389,226,3,8858,0
36390,112,4,12963,0
36391,549,6,19935,1
36392,32,10,20743,1
36393,243,6,15116,1
36394,742,1,1231,0
36395,110,9,21230,1
36396,109,7,22189,1
36397,482,3,12752,0
36398,86,8,19087,1
36399,472,3,10524,0
36400,399,4,10113,0
36401,431,3,4821,0
36402,101,7,11596,1
36403,419,4,13690,0
36404,223,4,13223,0
36405,17,8,20105,1
36406,411,2,3823,0
36408,23,8,29221,1
36409,226,4,8869,0
36410,237,4,12196,0
36411,127,7,22500,1
36412,204,6,19435,1
36413,217,2,5218,0
36414,485,4,9158,0
36415,989,2,8200,0
36416,33,8,24038,1
36417,531,4,16352,0
36418,486,5,17175,0
36419,7,7,13181,1
36420,316,6,14430,1
36421,220,6,14078,1
36423,164,3,7052,0
36424,107,5,4646,0
36425,34,4,9986,0
36426,407,6,11610,0
36427,29,6,13285,1
36428,295,2,6267,0
36429,193,6,16264,1
36430,74,5,6730,0
36431,452,5,9587,0
36432,70,6,10297,1
36433,27,9,23933,1
36434,353,3,3586,0
36435,372,4,6495,0
36436,24,5,12792,1
36437,21,17,55339,1
36438,38,10,26374,1
36439,1002,4,7770,0
36440,505,7,12066,0
36441,383,3,14328,0
36442,112,8,14930,1
36443,159,8,16607,1
36444,422,3,8909,0
36445,147,3,8280,0
36446,227,5,11269,0
36447,190,8,21621,1
36448,19,5,15173,1
36449,495,3,5797,0
36450,229,3,8552,0
36451,168,8,18200,1
36452,257,4,5996,0
36453,158,9,32689,1
36454,364,4,14573,0
36455,51,3,10100,0
36456,47,8,26468,1
36457,55,5,7711,0
36458,103,5,9773,0
36459,480,4,15045,0
36460,88,5,12899,1
36461,57,4,10835,0
36462,775,3,9394,0
36464,450,6,12671,0
36465,208,9,22877,1
36466,178,5,12021,0
36467,213,5,14191,1
36468,283,4,14896,0
36469,108,5,10945,0
36470,259,3,10289,0
36471,266,4,8301,0
36472,148,6,12304,1
36473,95,5,16479,1
36474,44,6,17587,1
36475,149,5,12548,0
36476,119,7,17264,1
36477,393,3,10396,0
36478,12,3,7275,0
36479,845,1,4401,0
36480,75,5,13007,1
36481,154,6,19075,1
36482,1063,4,10618,0
36483,31,4,9674,0
36484,88,9,23075,1
36485,269,3,8099,0
36486,240,8,13311,1
36487,642,2,3332,0
36488,6,3,12397,0
36489,208,4,12208,0
36490,15,7,16744,1
36491,185,5,10051,0
36492,53,6,15218,1
36493,22,9,24920,1
36494,427,6,16750,1
36495,16,6,19334,1
36496,27,5,19779,1
36497,374,6,12660,0
36498,202,5,6515,0
36499,168,9,23987,1
36500,36,7,24682,1
36501,373,7,23028,1
36502,342,4,8392,0
36503,77,11,37053,1
36504,301,5,15201,0
36505,510,5,12592,0
36506,580,5,11189,0
36507,45,9,24080,1
36508,54,4,10787,0
36509,340,10,25375,1
36510,56,4,12944,0
36511,144,3,6203,0
36512,70,8,26171,1
36513,195,2,2339,0
36514,91,4,10050,0
36515,168,5,13603,1
36516,209,6,13877,1
36517,489,1,2015,0
36518,210,3,6848,0
36519,870,1,570,0
36520,66,3,6111,0
36521,19,5,12469,1
36522,89,8,26427,1
36523,41,3,8185,0
36524,290,3,9443,0
36525,685,3,6933,0
36526,25,5,13689,1
36527,10,8,15839,1
36528,407,3,8383,0
36529,348,4,14017,0
36530,94,2,8960,0
36531,60,8,18611,1
36532,388,5,15739,0
36533,169,8,31255,1
36534,905,3,10891,0
36535,598,3,10404,0
36536,138,4,15252,0
36537,52,4,10813,0
36538,91,5,14643,1
36539,21,5,16123,1
36540,150,1,385,0
36541,206,7,19185,1
36542,229,6,18893,1
36543,117,8,19602,1
36544,186,2,7205,0
36545,190,5,15539,1
36546,101,5,10753,0
36547,427,5,12522,0
36548,21,7,16530,1
36549,216,3,7044,0
36550,288,8,24767,1
36551,47,6,20262,1
36552,101,5,12168,0
36553,948,1,4356,0
36555,716,2,5614,0
36556,114,7,20656,1
36557,281,3,10046,0
36558,83,7,14439,1
36559,239,6,12128,1
36560,215,10,28261,1
36561,128,7,20302,1
36562,825,2,2110,0
36563,361,8,21611,1
36564,183,3,7735,0
36565,622,6,16751,0
36566,98,3,9816,0
36567,9,7,18875,1
36568,33,7,17808,1
36569,368,3,10662,0
36570,110,6,15848,1
36571,73,7,18324,1
36572,386,3,11748,0
36573,60,6,13590,1
36574,48,7,20401,1
36575,32,4,9282,0
36576,133,7,19379,1
36577,122,1,1581,0
36578,143,6,18985,1
36579,117,7,15751,1
36580,218,11,28342,1
36581,134,8,17204,1
36582,334,7,24403,1
36583,136,4,5913,0
36584,100,5,12824,1
36585,410,8,26866,1
36586,326,5,11982,0
36587,156,5,13754,1
36588,598,10,24939,1
36589,987,3,10492,0
36590,276,8,25671,1
36591,1123,1,1430,0
36592,6,5,15222,1
36593,68,8,25792,1
36594,316,6,17898,1
36595,55,6,12982,1
36596,246,3,11438,0
36597,196,6,17847,1
36598,37,11,30525,1
36599,999,2,5901,0
36600,379,5,10217,0
36601,259,2,6095,0
36602,431,8,17950,1
36603,75,8,27133,1
36604,153,3,6593,0
36605,696,1,3161,0
36606,156,5,19540,1
36607,247,1,3819,0
36608,121,6,17228,1
36609,72,10,31794,1
36610,16,6,16490,1
36611,14,6,15522,1
36612,437,4,7940,0
36613,51,4,9318,0
36614,28,10,32577,1
36615,141,5,13751,1
36616,272,4,15178,0
36617,217,4,12251,0
36618,715,3,13076,0
36619,3,9,28479,1
36620,224,2,4661,0
36621,368,6,17919,1
36622,177,7,14116,1
36623,50,8,24420,1
36624,507,6,19059,1
36625,882,3,9543,0
36626,205,3,7459,0
36627,603,2,5917,0
36628,64,3,3829,0
36629,235,5,12610,0
36630,592,5,11775,0
36631,675,6,20319,1
36632,138,2,4014,0
36633,315,3,8947,0
36634,380,2,2030,0
36635,19,4,10916,0
36636,3,5,12588,1
36637,41,3,9228,0
36638,98,5,14975,1
36639,215,4,9916,0
36641,1064,1,4802,0
36642,181,5,12224,0
36643,230,7,14411,1
36644,8,7,21888,1
36645,112,6,17197,1
36646,521,3,5291,0
36647,692,4,14527,0
36648,190,10,30335,1
36649,35,4,12877,0
36650,639,3,8811,0
36651,143,6,23059,1
36652,7,9,18488,1
36653,76,9,24938,1
36654,37,5,15126,1
36655,101,4,9127,0
36656,15,4,5466,0
36657,181,4,6517,0
36658,68,7,18483,1
36659,519,3,7656,0
36660,158,5,16413,1
36661,14,6,18530,1
36662,32,6,21857,1
36663,130,8,13788,1
36664,59,9,21018,1
36665,183,5,16347,1
36666,117,5,13536,1
36667,60,9,27440,1
36668,30,5,13301,1
36669,437,3,10098,0
36670,138,9,26378,1
36671,36,4,13725,0
36672,63,7,11305,1
36673,193,9,20975,1
36674,71,5,14620,1
36675,109,7,23506,1
36676,62,7,17616,1
36677,223,8,19748,1
36678,182,5,16833,1
36679,304,2,5922,0
36680,105,5,18791,1
36681,561,3,9255,0
36682,232,4,10347,0
36683,6,7,19867,1
36684,355,3,12163,0
36685,529,8,25743,1
36686,734,5,17139,0
36687,62,7,16623,1
36688,258,9,23647,1
36689,228,2,8089,0
36690,251,1,892,0
36691,6,8,29870,1
36692,751,5,16080,0
36693,413,4,3862,0
36694,140,4,12411,0
36695,53,6,18506,1
36696,560,3,5856,0
36697,810,2,5151,0
36698,34,9,22577,1
36699,72,6,16403,1
36700,98,4,14555,0
36701,939,1,4981,0
36702,142,6,13197,1
36703,390,2,7466,0
36704,190,6,17642,1
36705,192,5,10441,0
36706,144,13,41976,1
36707,27,4,5609,0
36708,483,7,16140,1
36709,41,8,24741,1
36710,130,3,12097,0
36711,96,8,24826,1
36712,121,4,14176,0
36713,187,4,13630,0
36714,295,7,18812,1
36715,258,4,9036,0
36716,112,3,6329,0
36717,254,5,12834,0
36718,259,3,6053,0
36719,23,7,22746,1
36720,232,4,14310,0
36721,982,2,5480,0
36722,253,4,11688,0
36723,849,2,3064,0
36724,207,8,29443,1
36725,73,2,3981,0
36726,572,7,13184,0
36727,183,7,21710,1
36728,85,2,7618,0
36729,553,6,20037,1
36730,37,5,14135,1
36731,782,4,15682,0
36732,39,7,19698,1
36733,9,8,18412,1
36734,102,2,5879,0
36735,263,5,6333,0
36736,255,6,10508,0
36737,52,4,13864,0
36738,319,4,14195,0
36739,270,5,13112,0
36740,290,5,11723,0
36741,196,6,17107,1
36742,136,5,9690,0
36743,341,6,18330,1
36744,701,2,2901,0
36745,697,3,8914,0
36746,74,5,14258,1
36747,6,6,11367,1
36748,259,3,5560,0
36749,550,6,16045,0
36750,628,2,6586,0
36751,152,7,25143,1
36752,90,3,11604,0
36753,272,5,11665,0
36754,801,1,4693,0
36755,57,6,24767,1
36756,362,7,18885,1
36757,289,3,12159,0
36758,53,7,17542,1
36759,78,4,8704,0
36760,182,3,11613,0
36761,212,1,708,0
36762,204,9,25173,1
36763,224,7,23800,1
36764,27,6,19320,1
36765,628,4,10260,0
36766,989,1,4788,0
36767,342,7,18069,1
36768,796,2,6826,0
36769,404,3,4351,0
36770,39,6,20441,1
36771,94,8,22170,1
36772,24,4,12528,0
36773,114,5,17203,1
36774,569,5,13808,0
36775,126,5,13474,1
36776,706,1,3753,0
36777,210,7,24303,1
36778,138,4,12026,0
36779,65,8,15717,1
36780,348,4,14661,0
36781,16,5,16137,1
36782,199,3,10779,0
36783,8,7,19923,1
36784,22,7,14733,1
36785,348,3,6110,0
36786,401,3,5674,0
36787,89,7,25408,1
36788,73,9,17591,1
36789,277,2,5057,0
36790,500,6,14768,0
36791,23,7,20714,1
36792,595,6,16979,1
36793,61,5,8095,0
36794,252,4,11879,0
36795,261,7,12993,1
36796,111,6,22367,1
36797,84,11,31651,1
36798,15,5,21295,1
36799,105,3,9914,0
36800,296,3,4133,0
36801,218,7,16325,1
36802,233,3,9373,0
36803,533,6,17422,1
36804,21,8,20075,1
36805,500,3,7394,0
36806,175,4,11265,0
36807,285,5,15008,0
36808,154,4,7068,0
36809,37,8,24603,1
36810,835,3,9225,0
36811,355,4,11234,0
36812,715,5,16556,0
36813,116,4,12769,0
36814,273,5,11987,0
36815,649,5,10250,0
36816,56,3,11337,0
36817,199,6,19462,1
36818,76,6,13073,1
36819,180,3,7695,0
36820,146,5,12120,0
36821,665,2,7935,0
36822,314,6,19567,1
36823,173,5,15908,1
36824,94,3,10861,0
36825,5,11,41477,1
36826,309,3,5106,0
36827,329,8,31321,1
36828,153,9,24791,1
36829,975,1,256,0
36830,56,8,22537,1
36831,812,2,7705,0
36832,119,6,16674,1
36833,284,6,11531,0
36834,116,10,31207,1
36835,356,7,12338,1
36836,100,5,15003,1
36837,204,5,14362,1
36838,57,5,8039,0
36839,286,8,27285,1
36840,285,7,18532,1
36841,444,8,13714,1
36842,16,5,12779,1
36844,341,7,24543,1
36845,272,4,12457,0
36846,253,2,4243,0
36847,86,11,32138,1
36848,161,6,18006,1
36849,185,10,28665,1
36850,708,3,8219,0
36851,239,5,14695,1
36852,517,2,5182,0
36853,64,5,21364,1
36854,245,3,7193,0
36855,113,2,8661,0
36856,76,4,13442,0
36857,206,7,16840,1
36858,264,3,5237,0
36859,193,4,8693,0
36860,184,4,14430,0
36861,12,5,15570,1
36862,36,5,10480,0
36863,298,2,6121,0
36864,654,2,2698,0
36865,30,3,13278,0
36866,119,3,7091,0
36867,415,1,2210,0
36868,204,8,12387,1
36869,211,5,10489,0
36870,183,8,15848,1
36871,313,5,13925,0
36872,106,8,18797,1
36873,404,6,15130,1
36874,51,7,21244,1
36875,40,7,21882,1
36876,387,3,7015,0
36877,503,3,11589,0
36878,23,7,18702,1
36879,664,1,639,0
36880,227,3,8068,0
36881,29,6,17429,1
36882,74,9,29461,1
36883,52,9,24981,1
36884,808,3,7371,0
36885,982,1,4151,0
36886,205,6,14621,1
36887,40,6,8679,1
36888,116,4,5875,0
36889,419,5,9689,0
36890,184,10,30681,1
36891,92,3,10618,0
36892,499,5,10279,0
36893,90,4,9846,0
36894,95,5,14752,1
36895,798,1,2537,0
36896,74,8,19919,1
36897,338,6,14710,1
36898,59,8,21604,1
36899,63,4,10028,0
36900,83,5,9525,0
36901,249,4,9123,0
36902,1296,1,670,0
36903,102,8,27126,1
36904,251,1,1788,0
36905,319,6,15224,1
36906,230,4,8427,0
36907,88,8,12086,1
36908,97,2,1597,0
36909,49,6,20490,1
36910,538,2,9424,0
36911,189,4,15790,0
36912,70,5,11977,1
36913,305,9,19959,1
36914,221,4,10869,0
36915,413,3,11116,0
36916,67,6,15070,1
36917,349,3,6565,0
36918,501,6,13437,0
36919,190,7,18169,1
36920,289,1,4688,0
36921,386,3,12803,0
36922,149,4,13289,0
36923,127,4,15277,0
36924,849,1,4303,0
36925,57,3,8595,0
36926,98,9,35757,1
36927,384,7,14566,1
36928,195,5,16397,1
36929,957,1,2638,0
36930,96,5,17995,1
36931,339,5,14844,0
36932,25,9,31631,1
36933,142,7,15414,1
36934,37,5,12319,1
36935,73,5,17553,1
36936,32,3,3863,0
36937,526,5,17397,0
36938,1078,2,4342,0
36939,306,5,12846,0
36940,532,5,14488,0
36941,167,3,5595,0
36942,49,6,19777,1
36943,302,4,10410,0
36944,159,5,12326,0
36945,241,8,20622,1
36946,18,8,20287,1
36947,242,6,15075,1
36948,103,6,13500,1
36949,13,13,38569,1
36950,93,7,13453,1
36951,460,5,10303,0
36952,325,10,28761,1
36953,1156,2,6585,0
36954,334,5,17615,1
36955,5,7,18190,1
36956,349,4,13379,0
36957,82,6,15572,1
36958,11,7,14944,1
36959,353,3,8671,0
36960,106,6,24845,1
36961,476,4,7872,0
36962,434,6,10566,0
36963,651,4,9408,0
36964,259,4,15155,0
36965,303,11,35844,1
36966,106,3,9402,0
36967,48,7,18205,1
36968,277,6,19521,1
36969,261,2,7338,0
36970,726,2,6478,0
36971,260,2,6655,0
36972,385,5,19722,1
36973,386,4,12774,0
36974,109,6,13648,1
36975,7,7,21730,1
36976,585,2,6509,0
36977,202,4,11363,0
36978,205,6,11738,1
36979,271,6,21566,1
36980,51,4,8883,0
36981,352,4,6768,0
36982,122,7,20302,1
36983,208,6,19364,1
36984,286,4,13933,0
36985,110,4,10882,0
36986,250,6,11122,0
36987,186,5,15042,1
36988,710,2,8643,0
36989,206,5,11188,0
36990,271,4,12992,0
36991,922,3,10405,0
36992,276,6,17268,1
36993,513,4,11898,0
36994,191,7,22530,1
36995,553,4,13395,0
36996,190,5,15102,1
36997,85,4,12981,0
36998,62,4,12498,0
36999,43,6,7758,0
37000,246,8,20777,1
37001,393,5,13419,0
37002,105,5,12776,1
37003,373,2,3401,0
37004,22,3,4580,0
37005,212,3,8937,0
37006,951,6,14524,0
37007,423,4,9950,0
37008,178,11,31174,1
37009,287,8,18191,1
37010,169,7,16214,1
37011,472,3,9576,0
37012,72,3,11867,0
37013,118,8,19021,1
37014,41,1,1502,0
37015,363,7,18068,1
37016,97,4,11529,0
37017,455,4,7447,0
37018,20,5,11652,1
37019,87,4,10709,0
37020,766,4,15784,0
37021,189,4,9256,0
37022,609,5,17455,0
37023,287,5,13261,0
37024,368,6,16871,1
37025,169,7,16352,1
37026,276,4,12010,0
37027,289,3,9132,0
37028,38,4,8108,0
37029,282,3,9562,0
37030,15,3,6229,0
37031,360,4,14568,0
37032,377,5,10258,0
37033,30,8,19985,1
37034,120,8,23333,1
37035,171,8,24069,1
37036,80,3,6410,0
37037,203,2,5832,0
37038,353,3,5895,0
37039,147,5,12275,0
37040,604,5,13454,0
37041,474,5,13856,0
37042,139,6,16053,1
37043,502,3,7721,0
37044,103,6,15588,1
37045,334,6,16586,1
37046,12,7,26277,1
37047,365,8,24118,1
37048,336,4,9159,0
37050,152,5,12483,0
37051,694,5,16834,0
37052,704,4,10713,0
37053,180,4,11771,0
37054,923,3,4623,0
37055,256,3,11228,0
37056,79,9,24175,1
37057,187,6,13542,1
37058,152,5,15471,1
37059,769,3,6657,0
37060,261,7,25168,1
37061,206,7,15882,1
37062,136,9,25734,1
37063,435,5,13601,0
37064,526,6,13782,0
37065,260,6,22742,1
37066,360,4,11213,0
37067,55,7,22130,1
37068,197,8,24917,1
37069,121,7,24467,1
37070,29,8,17260,1
37072,35,7,23922,1
37073,554,2,2418,0
37074,349,6,24104,1
37075,903,2,6312,0
37076,59,5,15441,1
37077,96,6,16199,1
37078,373,4,10194,0
37079,183,6,18603,1
37080,148,4,13127,0
37081,78,7,26020,1
37082,54,9,16884,1
37083,223,5,21744,1
37084,5,6,14615,1
37085,181,8,16951,1
37086,64,7,11334,1
37087,1046,4,11239,0
37088,439,5,10933,0
37089,160,10,34866,1
37090,16,7,21458,1
37091,535,3,8623,0
37092,244,6,16238,1
37093,193,6,20957,1
37094,56,5,18934,1
37095,404,5,10782,0
37096,213,5,13965,0
37097,44,7,22607,1
37098,277,7,16365,1
37099,167,4,12458,0
37100,277,5,15857,1
37101,508,3,12818,0
37102,62,7,19908,1
37103,40,5,17603,1
37104,222,3,9833,0
37105,191,4,9694,0
37106,254,5,12601,0
37107,486,4,15298,0
37108,278,4,12048,0
37109,399,7,17884,1
37110,116,10,29197,1
37111,758,4,15552,0
37112,100,4,11776,0
37113,52,5,14409,1
37114,33,5,16819,1
37115,188,4,13380,0
37116,145,3,7834,0
37117,54,12,31413,1
37118,478,5,7781,0
37119,467,3,13203,0
37120,628,1,918,0
37121,508,5,7945,0
37122,2,6,14330,1
37123,85,7,18796,1
37124,408,2,3199,0
37125,564,2,1144,0
37126,68,8,19352,1
37127,111,4,13057,0
37128,93,7,12096,1
37129,37,5,14300,1
37130,164,3,10809,0
37131,431,3,10381,0
37132,186,3,4452,0
37133,419,1,1413,0
37134,16,5,17007,1
37135,530,2,6715,0
37136,300,7,20221,1
37137,262,6,12653,1
37138,65,4,10179,0
37139,71,5,12718,1
37140,495,3,9645,0
37141,283,2,7754,0
37142,223,5,14814,1
37143,71,9,22521,1
37144,747,2,6815,0
37145,4,4,9984,0
37146,292,4,14186,0
37147,196,3,5731,0
37148,90,4,12020,0
37149,22,6,20341,1
37150,33,4,10815,0
37151,27,5,8849,0
37152,129,6,18043,1
37153,41,4,6629,0
37154,381,4,16229,0
37155,154,4,10985,0
37156,94,6,14824,1
37157,306,4,9917,0
37158,81,5,11254,0
37159,321,2,5529,0
37160,602,3,9410,0
37161,366,2,5184,0
37162,128,3,8038,0
37163,218,3,10236,0
37164,586,4,13343,0
37165,534,2,6210,0
37166,413,6,19091,1
37167,703,3,3899,0
37168,576,5,15451,0
37169,257,6,17299,1
37170,13,9,18757,1
37171,37,4,9634,0
37172,27,4,10613,0
37173,202,4,12166,0
37174,50,7,17456,1
37175,124,7,20956,1
37176,642,4,7255,0
37177,57,4,15301,1
37178,222,4,9501,0
37179,976,5,14702,0
37180,31,5,13698,1
37181,13,8,18301,1
37182,64,5,14632,1
37183,265,5,9581,0
37184,542,3,8861,0
37185,148,6,19969,1
37186,196,6,13084,1
37187,86,2,7197,0
37188,594,2,9135,0
37189,183,9,25542,1
37190,10,3,6461,0
37191,64,10,18020,1
37192,175,7,20393,1
37193,48,5,15611,1
37194,378,8,16308,1
37195,381,2,2153,0
37196,116,9,23792,1
37197,7,4,11992,0
37198,83,4,13172,0
37199,27,4,14195,0
37200,246,8,21859,1
37201,10,5,15759,1
37202,61,6,22105,1
37203,425,8,20124,1
37204,363,4,7333,0
37205,332,4,13384,0
37206,174,6,14004,1
37207,349,2,6687,0
37208,3,3,10691,0
37209,1191,2,1774,0
37210,797,1,2919,0
37211,87,8,21220,1
37212,134,8,24923,1
37213,264,6,15381,1
37214,756,1,3423,0
37215,664,1,4650,0
37216,9,5,14768,1
37217,18,7,20693,1
37218,215,6,15640,1
37219,38,4,11929,0
37220,28,5,7322,0
37221,449,3,1353,0
37222,268,3,5193,0
37223,155,6,13069,1
37224,56,4,13590,0
37225,77,5,13093,1
37226,140,9,22317,1
37227,784,1,4918,0
37228,530,6,19615,1
37229,250,3,9706,0
37230,339,3,8397,0
37231,160,6,10561,1
37232,65,5,15125,1
37233,68,3,9320,0
37234,817,3,11151,0
37235,571,7,18181,1
37236,13,9,20943,1
37237,629,1,3560,0
37239,209,7,17336,1
37240,32,3,6023,0
37241,5,10,28285,1
37242,407,2,6583,0
37243,71,4,8958,0
37244,329,5,12699,0
37245,133,4,8730,0
37246,333,4,14829,0
37247,26,4,14698,1
37248,432,3,9317,0
37249,137,6,19819,1
37250,149,8,19366,1
37251,7,7,13575,1
37252,479,5,15733,0
37253,8,8,20991,1
37254,515,5,16110,0
37255,58,3,9619,0
37256,258,3,7580,0
37257,117,9,29107,1
37258,23,6,13166,1
37259,527,4,15387,0
37260,284,4,5221,0
37261,595,5,8262,0
37262,788,3,9751,0
37263,221,8,30837,1
37264,252,3,5683,0
37265,336,4,7089,0
37266,374,7,22795,1
37267,192,5,14849,1
37268,12,5,13580,1
37269,409,4,7989,0
37270,160,5,19291,1
37271,71,10,30861,1
37272,17,9,18395,1
37273,204,8,21782,1
37274,197,4,15312,0
37275,193,5,12664,0
37276,26,5,7857,0
37277,92,7,12732,1
37278,33,7,17890,1
37279,278,5,17877,1
37280,32,4,6917,0
37281,356,2,3616,0
37282,54,4,11940,0
37283,5,2,1497,0
37284,119,6,17476,1
37285,364,2,3953,0
37286,369,6,21021,1
37287,91,6,21094,1
37288,343,4,13182,0
37289,270,8,22511,1
37290,604,5,16717,0
37291,64,8,22806,1
37292,584,6,17466,1
37293,457,5,12395,0
37294,34,2,2812,0
37295,56,2,7104,0
37296,73,6,17954,1
37297,485,3,6524,0
37298,346,2,5438,0
37299,59,4,11239,0
37300,191,3,6882,0
37301,295,2,1219,0
37302,251,3,12562,0
37303,20,6,18011,1
37304,387,6,17999,1
37305,1320,1,1117,0
37306,453,2,7530,0
37307,77,7,23311,1
37308,302,6,21569,1
37309,351,4,8231,0
37310,90,10,31418,1
37311,155,6,19513,1
37312,237,3,9674,0
37313,101,7,14290,1
37314,143,6,16735,1
37315,584,7,20206,1
37316,442,3,12357,0
37317,88,4,9905,0
37318,419,6,11157,0
37319,254,5,18452,1
37320,356,1,1049,0
37321,70,4,14032,0
37322,304,4,14628,0
37323,813,1,1684,0
37324,146,7,21416,1
37325,628,3,11232,0
37326,1002,3,7931,0
37327,267,9,30770,1
37328,481,2,7398,0
37329,313,2,3593,0
37330,202,2,5360,0
37331,108,3,6816,0
37332,132,8,18674,1
37333,324,6,19011,1
37334,139,6,23470,1
37335,166,2,6773,0
37336,69,8,22569,1
37337,624,7,17883,1
37338,230,6,17090,1
37339,79,4,9411,0
37340,108,5,11772,0
37341,115,8,24015,1
37342,39,10,36121,1
37343,552,3,6881,0
37344,38,6,13915,1
37345,538,2,6125,0
37346,155,7,24738,1
37347,14,6,14214,1
37348,400,4,14158,0
37349,147,9,22681,1
37350,29,9,23490,1
37351,491,3,6116,0
37352,225,7,20207,1
37353,320,7,14474,1
37354,193,5,18463,1
37355,41,6,25124,1
37356,68,7,22361,1
37357,183,4,10498,0
37358,32,8,25269,1
37359,51,12,32525,1
37360,138,3,7796,0
37361,9,7,16794,1
37362,238,5,15873,1
37363,314,4,8729,0
37364,73,5,12705,1
37365,315,5,13185,0
37366,40,6,17096,1
37367,407,5,8667,0
37368,301,5,14141,0
37369,527,6,10776,0
37370,200,2,2847,0
37371,951,1,167,0
37372,36,4,10028,0
37373,116,5,19692,1
37374,335,5,13411,0
37375,48,5,12999,1
37376,724,5,15429,0
37377,757,2,4301,0
37378,167,5,16108,1
37379,97,3,2666,0
37380,18,7,23234,1
37381,292,4,13698,0
37382,791,1,4086,0
37383,80,3,9002,0
37384,98,8,17870,1
37385,624,3,7621,0
37386,644,7,8205,0
37387,66,6,20547,1
37388,504,4,5138,0
37389,57,8,26124,1
37390,2,5,11936,1
37391,405,8,25375,1
37392,74,6,14042,1
37393,19,7,24838,1
37394,659,5,15429,0
37395,79,3,10813,0
37396,296,4,11033,0
37397,46,9,25834,1
37398,244,10,24889,1
37399,164,5,11686,0
37400,56,8,27262,1
37401,27,6,25124,1
37402,95,6,18970,1
37403,79,11,25388,1
37404,112,8,27554,1
37405,113,2,4665,0
37406,67,2,3548,0
37407,476,4,10375,0
37408,425,6,20841,1
37409,1,4,11024,0
37410,217,9,22274,1
37411,72,5,15014,1
37412,459,3,10413,0
37413,43,5,14391,1
37414,718,3,8456,0
37415,3,4,6760,0
37416,77,7,18547,1
37417,66,8,25387,1
37418,14,7,16114,1
37419,333,3,8244,0
37420,416,3,4841,0
37421,122,7,22603,1
37422,1047,4,9445,0
37423,319,5,12167,0
37424,223,7,16389,1
37425,134,7,17228,1
37426,279,1,4518,0
37427,229,7,24265,1
37428,75,10,27610,1
37430,114,5,15321,1
37431,1013,2,4984,0
37432,83,3,11589,0
37433,201,5,18564,1
37434,315,6,7550,0
37435,86,5,11010,0
37436,458,9,25772,1
37437,334,4,13339,0
37438,185,5,12801,0
37439,175,7,26371,1
37440,453,2,7494,0
37441,384,3,8982,0
37442,349,4,11011,0
37443,65,8,25122,1
37444,80,7,16948,1
37445,47,6,17138,1
37446,84,6,17362,1
37447,198,4,14464,0
37448,982,3,6505,0
37449,24,8,24585,1
37450,87,6,11630,1
37451,1309,1,799,0
37452,60,2,6351,0
37453,203,3,9830,0
37454,163,6,14025,1
37455,166,6,16362,1
37456,105,7,13884,1
37457,25,6,11472,1
37458,14,3,5475,0
37459,900,3,7595,0
37460,79,5,17970,1
37461,165,7,18762,1
37462,936,4,14383,0
37463,371,5,19437,1
37464,557,7,24144,1
37465,16,4,15502,1
37466,834,2,2191,0
37467,207,2,9602,0
37468,868,1,2959,0
37469,513,4,14736,0
37470,320,3,9924,0
37471,47,5,12964,1
37472,120,6,15993,1
37473,182,6,21722,1
37474,190,6,11893,1
37475,54,4,7398,0
37476,418,3,5069,0
37477,234,3,9998,0
37479,71,7,22016,1
37480,77,8,23172,1
37481,95,3,8426,0
37482,43,5,18156,1
37483,31,6,21136,1
37484,120,5,11687,0
37485,665,1,3109,0
37486,209,5,13047,0
37487,823,3,7035,0
37488,199,6,17058,1
37489,36,4,9554,0
37490,207,5,9180,0
37491,160,6,16677,1
37492,23,2,4583,0
37493,176,4,7745,0
37494,425,6,14211,0
37495,280,6,12446,1
37496,121,6,16738,1
37497,154,5,6659,0
37498,199,7,16479,1
37499,432,2,5094,0
37500,10,6,15390,1
37501,180,6,15411,1
37502,72,5,13487,1
37503,57,4,13067,0
37504,557,5,13036,0
37505,222,6,20620,1
37506,104,6,15866,1
37507,599,4,11992,0
37508,81,7,24483,1
37509,27,9,20002,1
37510,660,7,10538,0
37511,64,5,16222,1
37512,156,2,5148,0
37513,338,4,11612,0
37514,61,2,2994,0
37515,408,3,3325,0
37516,194,7,22553,1
37517,102,5,14536,1
37518,169,5,10893,0
37519,272,6,17406,1
37520,281,3,10468,0
37521,415,3,14995,0
37522,485,4,7713,0
37523,208,5,16437,1
37524,115,12,28761,1
37525,146,3,9930,0
37526,112,7,16463,1
37527,40,7,11647,1
37528,330,2,9507,0
37529,178,9,32592,1
37530,54,3,12664,0
37531,53,6,18057,1
37532,5,9,22726,1
37533,79,3,11130,0
37534,11,6,16875,1
37535,291,5,12872,0
37536,85,4,11251,0
37537,319,6,15053,1
37538,25,4,13554,0
37539,60,7,11078,1
37540,693,1,3295,0
37541,138,5,20608,1
37542,350,7,22167,1
37543,431,3,8550,0
37544,68,5,14954,1
37545,60,3,9388,0
37546,122,4,13466,0
37547,45,8,13545,1
37548,678,3,5610,0
37549,453,4,10314,0
37550,175,5,9965,0
37551,135,1,2274,0
37552,281,6,15018,1
37553,229,6,10948,0
37554,310,5,9669,0
37555,262,8,23816,1
37556,8,9,29179,1
37557,98,3,4988,0
37558,301,5,12005,0
37559,70,7,20251,1
37560,219,9,18484,1
37561,80,7,15922,1
37562,127,6,13835,1
37563,145,5,7202,0
37564,313,6,14733,1
37565,379,2,5199,0
37566,24,5,9193,0
37567,86,7,20326,1
37568,10,7,17993,1
37569,188,5,16618,1
37570,111,5,13991,1
37571,158,4,7805,0
37572,612,6,12677,0
37573,122,8,34491,1
37574,200,7,20483,1
37575,376,5,11892,0
37576,513,7,14794,1
37577,186,3,7448,0
37578,54,3,10383,0
37579,232,6,16922,1
37580,953,4,6884,0
37581,158,5,11249,0
37582,82,6,12434,1
37583,441,5,9497,0
37584,81,9,24075,1
37585,231,7,12780,1
37586,81,6,16497,1
37587,341,7,19936,1
37588,67,7,15982,1
37589,796,4,8075,0
37590,272,6,14360,1
37591,35,5,15942,1
37592,52,2,7294,0
37593,101,9,28126,1
37594,276,1,1124,0
37595,100,4,12295,0
37596,5,10,28846,1
37597,95,7,17591,1
37598,484,5,15042,0
37599,207,2,6965,0
37600,187,4,15150,0
37601,134,3,4910,0
37602,14,3,9096,0
37603,88,10,30306,1
37604,192,2,8763,0
37605,769,4,7987,0
37606,250,4,10104,0
37607,245,5,14923,1
37608,209,2,7641,0
37609,126,5,13993,1
37610,185,4,13240,0
37611,135,4,10990,0
37612,91,6,14101,1
37613,816,1,3625,0
37614,307,6,14068,1
37615,942,3,9077,0
37616,317,6,16917,1
37617,186,6,11098,1
37618,215,4,16699,0
37619,747,3,10653,0
37620,166,13,40480,1
37621,801,2,4135,0
37622,145,5,13958,1
37623,144,3,10846,0
37624,317,4,11424,0
37625,483,3,9251,0
37626,146,1,4273,0
37627,708,3,8913,0
37628,445,4,10069,0
37629,149,6,17876,1
37630,24,5,19395,1
37631,142,5,8135,0
37632,254,2,2761,0
37633,182,6,19893,1
37634,107,4,9096,0
37635,401,5,9913,0
37636,267,4,14071,0
37637,733,5,15917,0
37638,151,3,6656,0
37639,96,5,8964,0
37640,205,4,7806,0
37641,202,6,12966,1
37642,181,4,14933,0
37643,104,4,13103,0
37644,188,6,17387,1
37645,301,4,11308,0
37646,202,7,20348,1
37647,612,8,20351,1
37648,701,4,7256,0
37649,149,9,27398,1
37650,81,3,5079,0
37651,213,6,17607,1
37652,340,6,8393,0
37653,282,6,16906,1
37654,66,4,6807,0
37655,157,7,15249,1
37656,85,3,4556,0
37657,298,1,4937,0
37658,172,3,11448,0
37659,209,5,14739,1
37660,40,7,21882,1
37661,167,4,11940,0
37662,10,4,7233,0
37663,13,4,9547,0
37664,77,2,5429,0
37665,159,3,10077,0
37667,657,5,11449,0
37668,200,6,9435,0
37669,196,8,15897,1
37670,88,6,16326,1
37671,80,5,15550,1
37672,168,8,20882,1
37673,72,5,12791,1
37674,137,4,10970,0
37675,479,8,20731,1
37676,17,13,44920,1
37677,3,10,29074,1
37678,334,5,13586,0
37679,123,6,17472,1
37680,90,4,15515,1
37681,17,4,11374,0
37682,23,4,11794,0
37683,126,3,8076,0
37684,251,9,18284,1
37685,197,4,10185,0
37686,851,3,7846,0
37687,26,6,6411,0
37688,168,5,10741,0
37689,57,6,11071,1
37690,12,3,9172,0
37691,876,4,14964,0
37692,300,3,10230,0
37693,87,8,16076,1
37694,219,10,27171,1
37695,626,1,4673,0
37696,421,4,12875,0
37697,61,9,31116,1
37698,218,7,19347,1
37699,432,2,7721,0
37700,473,4,11191,0
37701,1283,2,5792,0
37702,1115,4,14691,0
37703,490,4,8359,0
37704,1042,4,7097,0
37705,164,7,21200,1
37706,66,5,12291,1
37707,94,3,4363,0
37708,3,7,16196,1
37709,483,2,5841,0
37710,265,8,18150,1
37711,372,5,16766,1
37712,73,9,23750,1
37713,191,4,11406,0
37714,290,4,12435,0
37715,419,5,12236,0
37716,522,2,5956,0
37717,129,4,9572,0
37718,112,7,26047,1
37719,57,7,19626,1
37720,455,3,13039,0
37721,9,8,14481,1
37722,1134,2,3030,0
37723,18,8,26007,1
37724,21,3,6769,0
37725,875,3,9744,0
37726,401,6,15657,1
37727,384,3,10334,0
37728,141,7,19572,1
37729,65,11,30477,1
37730,549,5,9064,0
37731,378,3,13762,0
37732,327,5,13914,0
37733,139,5,13649,1
37734,6,6,19377,1
37735,241,4,10832,0
37736,229,6,17547,1
37737,111,7,19998,1
37738,405,4,13910,0
37739,269,7,28712,1
37740,156,6,16034,1
37741,153,8,20444,1
37742,223,4,13424,0
37743,301,4,16148,0
37744,240,1,2783,0
37745,11,9,26854,1
37746,8,9,22968,1
37747,1,7,22607,1
37748,190,5,20018,1
37749,371,3,13206,0
37750,273,3,13230,0
37751,122,4,14674,0
37752,74,7,22930,1
37753,1084,1,1320,0
37754,12,1,3164,0
37755,138,7,22007,1
37756,105,3,6650,0
37757,509,3,9595,0
37758,7,4,13673,0
37759,262,3,7237,0
37760,99,5,18600,1
37761,28,3,8677,0
37762,195,6,21274,1
37763,906,2,3318,0
37764,893,4,9706,0
37765,127,4,9521,0
37766,431,2,4064,0
37767,18,8,26687,1
37768,878,3,11481,0
37769,32,4,7769,0
37770,26,7,16243,1
37771,192,7,19947,1
37772,200,4,13243,0
37773,558,5,3770,0
37774,216,12,35386,1
37775,813,2,4268,0
37776,515,3,6185,0
37777,291,4,10165,0
37778,2,9,22997,1
37779,2,5,17973,1
37780,246,7,27045,1
37781,128,3,13023,0
37782,139,9,25812,1
37783,81,5,12777,1
37784,192,10,23404,1
37785,116,7,27148,1
37786,35,6,19597,1
37787,17,8,12209,1
37788,1054,1,4814,0
37789,237,6,15970,1
37790,113,7,15832,1
37791,1087,1,261,0
37792,347,5,9790,0
37793,23,4,13293,0
37794,80,2,8970,0
37795,174,6,25070,1
37796,275,8,21945,1
37797,47,3,12472,0
37798,143,12,37481,1
37799,206,5,9787,0
37800,3,4,14734,1
37801,138,6,16928,1
37802,178,9,25427,1
37803,209,4,19394,1
37804,8,8,24085,1
37805,20,9,25182,1
37806,98,7,13109,1
37807,146,10,33918,1
37808,386,8,17920,1
37809,25,6,12503,1
37810,141,4,12586,0
37811,346,8,28802,1
37812,561,4,7218,0
37813,164,6,20558,1
37814,111,3,6222,0
37815,740,2,2812,0
37816,36,5,15910,1
37817,46,4,8481,0
37818,435,5,12553,0
37819,366,2,8363,0
37820,260,5,12472,0
37821,664,4,13234,0
37822,81,7,20867,1
37823,117,2,810,0
37824,214,5,16558,1
37825,344,1,2795,0
37826,800,3,4962,0
37827,75,5,9853,0
37828,137,7,20684,1
37829,398,3,6490,0
37830,69,10,21921,1
37831,229,4,6206,0
37832,771,3,9873,0
37833,262,6,11955,1
37834,71,4,13599,0
37835,20,6,11033,1
37836,89,6,21784,1
37837,386,5,13989,0
37838,250,3,7699,0
37839,128,9,31293,1
37840,64,4,7978,0
37841,331,4,11151,0
37842,1128,1,906,0
37843,70,3,8483,0
37845,65,3,6133,0
37846,10,6,19251,1
37847,30,2,4486,0
37848,294,4,14808,0
37849,639,4,9146,0
37850,1,7,20595,1
37851,99,5,13351,1
37852,980,2,7454,0
37853,39,5,12896,1
37854,54,5,11437,0
37855,238,7,11670,1
37856,321,3,9964,0
37857,184,6,16782,1
37858,25,9,30613,1
37859,170,6,12825,1
37860,299,11,30214,1
37861,419,4,13501,0
37862,246,6,14055,1
37863,333,5,10899,0
37864,88,9,23667,1
37865,113,7,19778,1
37866,595,4,14778,0
37867,52,5,14040,1
37868,262,5,10485,0
37869,411,3,6414,0
37870,772,1,1891,0
37871,460,3,7358,0
37872,359,5,12338,0
37873,462,3,9117,0
37874,120,6,15587,1
37875,7,6,16751,1
37876,98,5,12700,1
37877,187,2,5234,0
37878,292,2,4472,0
37879,105,5,14520,1
37880,621,3,10382,0
37881,106,5,10436,0
37882,41,2,4487,0
37883,161,5,15819,1
37884,394,3,5677,0
37885,775,2,3502,0
37886,176,4,8938,0
37887,15,5,11815,1
37888,600,3,6850,0
37889,180,4,8547,0
37890,362,4,7178,0
37891,30,5,16580,1
37892,206,7,15763,1
37893,158,4,14793,0
37894,643,3,12208,0
37895,263,3,11939,0
37896,265,5,12400,0
37897,69,6,15396,1
37898,822,3,8289,0
37899,13,8,24591,1
37900,122,3,4477,0
37901,166,6,20848,1
37902,448,4,10352,0
37903,223,7,26455,1
37904,705,8,23693,1
37905,365,2,6397,0
37906,830,4,14778,0
37907,157,10,30563,1
37908,81,4,9422,0
37909,54,4,8716,0
37910,86,3,5319,0
37911,9,8,30952,1
37912,80,6,19407,1
37913,201,4,6498,0
37914,8,8,18294,1
37915,240,4,11705,0
37916,543,3,8422,0
37917,152,6,10764,1
37918,329,2,7351,0
37919,13,6,8828,1
37920,119,10,22542,1
37921,500,6,10659,0
37922,89,7,24348,1
37923,481,6,13914,0
37924,297,3,4272,0
37925,17,5,6776,0
37926,25,4,12727,0
37927,38,6,18761,1
37928,326,5,14825,0
37929,153,4,10814,0
37930,190,7,22216,1
37931,179,6,19011,1
37932,281,3,9619,0
37933,371,7,14281,1
37934,112,5,18141,1
37935,55,4,9432,0
37936,238,9,20076,1
37937,325,4,8569,0
37938,84,8,17564,1
37939,35,2,6869,0
37940,10,4,7760,0
37941,78,5,13462,1
37942,16,9,24142,1
37943,139,5,11626,0
37944,358,5,9685,0
37945,138,6,8282,0
37946,88,4,10931,0
37947,80,4,13977,0
37948,83,4,8069,0
37949,132,5,15032,1
37950,82,8,26229,1
37951,63,3,5367,0
37952,1106,3,8240,0
37953,66,7,19774,1
37954,144,4,11233,0
37955,491,3,5999,0
37956,760,4,8359,0
37957,5,7,22313,1
37958,73,4,6033,0
37959,372,8,23775,1
37960,278,4,12367,0
37961,790,1,604,0
37962,70,6,11217,1
37963,115,7,17682,1
37964,398,3,8820,0
37965,57,4,11068,0
37966,47,7,21752,1
37967,26,7,16866,1
37968,32,5,12104,1
37969,867,5,16458,0
37970,1244,1,2182,0
37971,125,8,30042,1
37972,293,4,7447,0
37973,807,2,6881,0
37974,123,3,13486,0
37975,208,5,10243,0
37976,779,2,4143,0
37977,103,6,15681,1
37978,47,5,15324,1
37979,118,7,9497,1
37980,19,8,19163,1
37981,29,4,8578,0
37982,155,3,4580,0
37983,131,5,19222,1
37984,438,6,15361,1
37985,422,7,19246,1
37986,730,1,4930,0
37987,426,4,11900,0
37988,98,4,11256,0
37989,304,5,19665,1
37990,211,8,24661,1
37991,41,9,23485,1
37992,838,4,7970,0
37993,232,5,12810,0
37994,147,6,10490,1
37995,56,8,15214,1
37996,437,3,5063,0
37997,304,6,13117,1
37998,817,6,15165,0
37999,309,2,5212,0
38000,374,3,10390,0
38001,310,4,14659,0
38002,78,9,21397,1
38003,137,7,24652,1
38004,44,4,11554,0
38005,162,9,22700,1
38006,198,4,12269,0
38007,97,4,8756,0
38008,152,6,21044,1
38009,184,4,13165,0
38010,21,7,16789,1
38011,35,6,20140,1
38012,15,5,13375,1
38013,291,3,2934,0
38014,27,4,14621,1
38015,14,7,27833,1
38016,353,2,5236,0
38017,9,6,15253,1
38018,34,6,14030,1
38019,82,3,4914,0
38020,688,5,13199,0
38021,77,6,20047,1
38022,41,5,13621,1
38023,226,5,13442,0
38024,4,5,14294,1
38025,414,3,12090,0
38026,233,4,11550,0
38027,84,3,8946,0
38028,85,8,25960,1
38029,150,5,10246,0
38030,162,5,15237,1
38031,35,8,22662,1
38032,12,8,29086,1
38033,62,6,14164,1
38034,384,6,14036,1
38035,811,3,5632,0
38036,149,6,17500,1
38037,371,3,7719,0
38038,425,4,6841,0
38039,102,6,12533,1
38040,606,5,17334,0
38041,162,6,13767,1
38042,36,7,12789,1
38043,111,3,6785,0
38044,24,5,17226,1
38045,18,5,11256,1
38046,757,2,2304,0
38047,250,6,20363,1
38048,201,4,11626,0
38049,788,3,7146,0
38050,222,8,20356,1
38051,61,6,19098,1
38052,406,6,19259,1
38053,600,2,9270,0
38054,53,7,19764,1
38055,414,6,9339,0
38056,79,8,24252,1
38057,539,9,29925,1
38058,279,7,16914,1
38059,38,4,11899,0
38060,495,4,7821,0
38061,111,7,23341,1
38062,212,4,13219,0
38063,30,8,20470,1
38064,144,1,2521,0
38065,209,2,8345,0
38066,52,4,7176,0
38067,48,3,9295,0
38068,27,6,18149,1
38069,225,6,16128,1
38070,304,2,9133,0
38071,334,4,17162,0
38072,312,3,8288,0
38073,59,8,20934,1
38074,188,5,16958,1
38075,298,6,23011,1
38076,476,4,6597,0
38077,79,8,33471,1
38078,111,3,3389,0
38079,101,3,5129,0
38080,626,5,13095,0
38081,83,7,14030,1
38082,279,4,12940,0
38083,3,5,12932,1
38084,165,2,6150,0
38085,763,1,4857,0
38086,534,3,9253,0
38087,287,5,9039,0
38088,150,6,17830,1
38089,146,5,14081,1
38090,32,7,15790,1
38091,112,8,11667,1
38092,60,8,20187,1
38093,400,4,11936,0
38094,574,4,6297,0
38095,86,1,5157,0
38096,70,4,14068,0
38097,173,6,7630,0
38098,46,5,9285,0
38099,41,3,5615,0
38100,201,7,13106,1
38101,642,2,1878,0
38102,129,8,31786,1
38103,258,4,11571,0
38104,157,3,10701,0
38105,12,6,13904,1
38106,111,5,16755,1
38107,123,6,19320,1
38108,259,8,23671,1
38109,324,4,10526,0
38110,336,5,13344,0
38111,638,3,4797,0
38112,153,4,8838,0
38113,4,7,20251,1
38114,195,4,10178,0
38115,352,7,17028,1
38116,82,6,13306,1
38117,591,6,21917,1
38118,179,3,5567,0
38119,37,11,27605,1
38120,620,6,9951,0
38121,872,1,413,0
38122,375,5,8621,0
38123,334,10,27963,1
38124,97,9,22986,1
38125,161,8,21219,1
38126,33,8,17613,1
38127,249,2,3554,0
38128,47,5,10852,0
38129,182,2,4935,0
38130,165,8,24300,1
38131,284,2,6371,0
38132,73,7,18971,1
38133,121,5,11020,0
38134,285,8,29038,1
38135,64,3,8499,0
38136,360,5,15537,0
38137,72,10,24940,1
38138,107,5,16843,1
38139,115,8,20502,1
38140,35,10,27339,1
38141,257,9,22992,1
38142,49,8,14135,1
38143,22,7,15694,1
38144,3,8,15420,1
38145,391,1,4169,0
38146,597,5,15259,0
38147,211,5,10929,0
38148,177,6,14316,1
38149,497,5,12080,0
38150,620,7,19787,1
38151,57,2,9873,0
38152,29,4,13591,0
38153,360,2,5639,0
38154,73,6,12494,1
38155,11,11,38405,1
38156,137,3,14180,0
38157,84,7,17336,1
38158,160,4,6705,0
38159,154,6,12864,1
38160,338,10,26702,1
38161,342,5,13649,0
38162,141,3,8272,0
38163,231,4,8810,0
38164,170,7,21718,1
38165,113,5,10497,0
38166,74,7,18255,1
38167,807,3,7583,0
38168,839,2,3796,0
38169,246,8,27631,1
38170,319,1,830,0
38171,490,3,8408,0
38172,23,4,10964,0
38173,65,9,24000,1
38174,392,4,12295,0
38175,77,6,14848,1
38176,97,5,13491,1
38177,738,1,4267,0
38178,306,5,16278,1
38179,162,6,15461,1
38180,521,2,6361,0
38181,346,7,19165,1
38182,441,2,7095,0
38183,195,8,25306,1
38184,683,5,3976,0
38185,26,4,14468,1
38186,41,6,15262,1
38187,106,6,18955,1
38188,1020,1,798,0
38189,266,5,14800,0
38190,109,5,11301,0
38191,91,4,8697,0
38192,213,6,21546,1
38193,99,3,8821,0
38194,882,2,4095,0
38195,156,9,22743,1
38196,911,2,4502,0
38197,80,5,6278,0
38198,163,6,18038,1
38199,456,5,13115,0
38200,52,4,7109,0
38201,123,6,17097,1
38202,56,4,5527,0
38203,269,4,8844,0
38204,579,4,7642,0
38205,236,4,8824,0
38206,28,8,22911,1
38207,201,4,18081,1
38208,522,2,8072,0
38209,565,6,15656,0
38210,278,4,10318,0
38211,133,7,23283,1
38212,218,6,19431,1
38213,124,5,15345,1
38214,41,1,1949,0
38215,287,5,16708,1
38216,101,2,4129,0
38217,439,4,8090,0
38218,186,5,12080,0
38219,191,3,8483,0
38220,472,2,6031,0
38221,253,6,17521,1
38222,107,4,7855,0
38223,133,1,2073,0
38224,23,6,19071,1
38225,199,6,20479,1
38226,655,6,16404,0
38227,17,9,24161,1
38228,99,5,14080,1
38229,352,4,17383,0
38230,592,6,18078,1
38232,180,5,16595,1
38233,193,6,12830,1
38234,376,7,11945,1
38236,233,5,11260,0
38237,673,1,3030,0
38238,125,4,10632,0
38239,245,6,17846,1
38240,225,5,13644,0
38241,510,2,9152,0
38242,509,4,11218,0
38243,50,8,30556,1
38244,436,3,4362,0
38245,157,4,13089,0
38246,173,4,8628,0
38247,935,2,7267,0
38248,232,7,20585,1
38249,123,3,9989,0
38250,595,2,8402,0
38251,4,5,12008,1
38252,247,9,30858,1
38253,26,3,7869,0
38254,133,8,24078,1
38255,330,6,11926,0
38256,511,5,11249,0
38257,195,4,12624,0
38258,293,6,19399,1
38259,192,5,15200,1
38260,32,5,14011,1
38261,43,3,8331,0
38262,44,5,10790,0
38263,604,5,17656,0
38264,16,2,9153,0
38265,156,4,10893,0
38266,530,6,20563,1
38267,93,5,17184,1
38268,32,8,32105,1
38269,123,10,27357,1
38270,151,5,15424,1
38271,29,2,1881,0
38272,268,4,12824,0
38273,95,7,23326,1
38274,13,6,19772,1
38275,192,9,18512,1
38276,423,4,17221,0
38277,106,3,9939,0
38278,140,4,11399,0
38279,22,6,19293,1
38280,28,6,12958,1
38281,166,5,21754,1
38282,113,6,19241,1
38284,246,6,11938,1
38285,403,7,18253,1
38286,418,5,11930,0
38287,193,6,22818,1
38288,423,2,6175,0
38289,34,1,2318,0
38290,99,9,25544,1
38291,696,3,5109,0
38292,35,10,25302,1
38293,114,6,16512,1
38294,202,5,13063,0
38295,242,3,1913,0
38296,220,4,7085,0
38297,449,5,12264,0
38298,452,3,11915,0
38299,92,3,8934,0
38300,374,4,9907,0
38301,101,4,15882,1
38302,144,4,13437,0
38303,16,9,22330,1
38304,40,9,31886,1
38305,124,5,14998,1
38306,501,8,24437,1
38307,870,3,7705,0
38308,729,3,7165,0
38309,399,5,12499,0
38310,411,5,17847,1
38311,145,3,2595,0
38312,216,5,12128,0
38313,31,8,13991,1
38314,53,3,9610,0
38315,146,5,13054,0
38316,31,7,22593,1
38317,47,8,24264,1
38318,424,3,6102,0
38319,420,5,13327,0
38320,366,3,10139,0
38321,291,7,20394,1
38322,108,6,18657,1
38323,199,7,19662,1
38324,67,4,9255,0
38325,562,3,9568,0
38326,348,5,16511,1
38327,20,3,6015,0
38328,404,3,3149,0
38329,206,11,39101,1
38330,218,2,5653,0
38331,128,3,5136,0
38332,149,2,1355,0
38333,44,8,21954,1
38335,440,5,14256,0
38336,739,2,6406,0
38337,76,5,13613,1
38338,207,7,15767,1
38339,154,6,17562,1
38340,346,7,20723,1
38341,80,5,13369,1
38342,202,7,10761,1
38343,52,8,18109,1
38344,217,2,1132,0
38345,643,2,4823,0
38346,242,5,12533,0
38347,65,10,24216,1
38348,92,6,18841,1
38349,111,8,31576,1
38350,263,4,11229,0
38351,174,4,6204,0
38352,167,5,16646,1
38353,55,7,23228,1
38354,5,5,14708,1
38355,91,3,7856,0
38356,74,2,8636,0
38357,610,4,14935,0
38358,530,4,15010,0
38359,319,3,12713,0
38360,133,6,17459,1
38361,283,4,9594,0
38362,77,7,22244,1
38363,639,2,6083,0
38364,551,5,8818,0
38365,135,6,13631,1
38366,174,8,20454,1
38367,398,2,2834,0
38368,15,4,13274,0
38369,395,8,28236,1
38370,33,3,7084,0
38371,20,10,27139,1
38372,397,3,9587,0
38373,277,10,34580,1
38374,101,8,25187,1
38375,338,6,15871,1
38376,21,8,17832,1
38378,146,4,6750,0
38379,661,2,6339,0
38380,24,5,15298,1
38381,414,3,8200,0
38382,115,8,15987,1
38383,28,7,17333,1
38384,48,4,13920,0
38385,134,5,16178,1
38386,257,3,8878,0
38387,289,6,18894,1
38388,470,4,15469,0
38389,61,3,9612,0
38390,195,4,9383,0
38391,132,5,16038,1
38392,23,7,15239,1
38393,103,5,10655,0
38394,21,7,21319,1
38395,57,5,13080,1
38396,805,3,5209,0
38397,773,4,11933,0
38398,727,6,19666,1
38399,791,3,13136,0
38400,82,2,3455,0
38401,85,4,10027,0
38402,73,7,23577,1
38403,542,6,10445,0
38405,307,7,10515,1
38406,767,1,1162,0
38407,33,10,26946,1
38408,98,6,15590,1
38409,726,3,8025,0
38410,30,6,16594,1
38411,70,6,17039,1
38412,95,8,17495,1
38413,220,4,11335,0
38414,300,6,18106,1
38415,1096,1,1459,0
38416,42,9,18435,1
38417,129,5,11918,0
38418,293,4,9645,0
38419,81,5,15239,1
38420,136,3,8872,0
38421,65,3,9797,0
38422,362,9,22229,1
38423,284,5,12220,0
38424,77,6,14779,1
38425,395,4,10015,0
38426,186,6,18755,1
38427,373,4,11842,0
38428,401,3,9680,0
38429,494,3,13416,0
38430,136,6,18575,1
38431,1162,2,5317,0
38432,117,4,10464,0
38433,745,3,9549,0
38434,243,4,14087,0
38435,315,4,12171,0
38436,166,5,9655,0
38437,231,6,16580,1
38438,263,5,13585,0
38439,23,5,11831,1
38440,180,9,27816,1
38441,405,2,8599,0
38442,34,6,17393,1
38443,656,8,20444,1
38444,347,5,12666,0
38445,237,6,12692,1
38446,135,9,27954,1
38447,308,5,17259,1
38448,116,9,19777,1
38449,70,3,4404,0
38450,106,6,12546,1
38451,278,2,4875,0
38452,94,5,12300,0
38453,383,4,8437,0
38454,26,7,12849,1
38455,133,8,16145,1
38456,251,5,12044,0
38457,245,6,14126,1
38458,396,2,5192,0
38459,43,10,23869,1
38460,12,6,11648,1
38461,32,7,14651,1
38462,436,3,7353,0
38463,80,5,9426,0
38464,811,3,2387,0
38465,316,3,6830,0
38466,6,8,25209,1
38467,199,6,13799,1
38468,262,4,11917,0
38469,33,5,18363,1
38470,54,6,15695,1
38471,357,4,8742,0
38472,72,3,10049,0
38473,661,5,13765,0
38474,197,2,5107,0
38475,30,8,14252,1
38476,858,1,841,0
38477,144,6,17346,1
38478,17,3,4585,0
38479,623,4,8355,0
38480,113,11,32950,1
38481,15,9,26139,1
38482,112,6,8389,0
38483,149,9,26270,1
38484,22,11,34588,1
38485,169,3,8727,0
38486,190,8,24375,1
38487,628,6,18301,1
38488,98,8,15755,1
38489,369,3,6608,0
38490,8,7,25288,1
38491,214,5,15043,1
38492,157,4,13258,0
38493,267,5,9957,0
38494,23,7,16696,1
38495,234,7,17254,1
38496,73,7,27544,1
38497,138,4,3004,0
38498,170,3,2966,0
38499,495,4,9879,0
38500,117,5,12381,0
38501,80,4,7580,0
38502,22,6,20188,1
38503,35,3,5338,0
38504,32,7,22044,1
38505,289,7,27123,1
38506,487,6,16450,1
38507,48,5,15398,1
38508,326,7,25328,1
38509,41,5,14686,1
38510,480,4,9197,0
38511,230,4,9270,0
38512,71,6,19319,1
38513,145,3,6365,0
38514,438,3,9462,0
38515,35,4,16228,1
38516,14,6,16532,1
38517,116,8,17983,1
38518,590,3,11478,0
38519,66,8,24275,1
38520,154,7,21827,1
38521,123,3,7384,0
38522,112,8,17346,1
38523,548,2,8309,0
38524,350,5,10830,0
38525,238,3,5851,0
38526,93,5,20829,1
38527,199,5,9131,0
38528,80,3,12501,0
38529,139,4,18040,1
38530,700,3,5281,0
38531,56,8,23751,1
38532,245,7,18197,1
38533,28,8,25397,1
38534,65,10,27302,1
38535,150,4,10627,0
38536,713,2,4031,0
38537,2,4,15646,1
38538,452,5,14900,0
38539,234,9,17802,1
38540,54,7,20340,1
38541,163,7,17583,1
38542,425,9,22400,1
38543,595,4,11650,0
38544,145,6,10137,1
38545,124,3,6082,0
38546,67,7,21083,1
38547,494,5,10193,0
38548,265,6,15444,1
38549,775,2,2670,0
38550,95,6,18076,1
38551,532,2,6517,0
38552,34,5,14631,1
38553,13,7,20050,1
38554,94,4,12969,0
38555,324,8,20192,1
38556,218,4,13663,0
38557,89,7,14395,1
38558,273,6,21736,1
38559,201,5,13590,0
38560,331,5,11060,0
38561,218,6,12847,1
38562,252,9,26379,1
38563,3,6,12035,1
38564,1039,1,2356,0
38565,403,3,6561,0
38566,6,9,20989,1
38567,785,3,2350,0
38568,610,5,16058,0
38569,227,6,14909,1
38570,88,1,2580,0
38571,296,8,18496,1
38572,306,7,15471,1
38573,413,6,16061,1
38574,35,3,11639,0
38575,266,2,8701,0
38576,708,2,4983,0
38577,17,7,16511,1
38578,518,2,3004,0
38579,525,7,12792,1
38580,136,2,5985,0
38581,400,3,6869,0
38582,150,9,26699,1
38583,70,6,20044,1
38584,188,7,20802,1
38585,263,4,12900,0
38586,482,2,7941,0
38587,192,5,10813,0
38588,971,2,7116,0
38589,116,2,7027,0
38590,193,5,8346,0
38591,364,6,13680,1
38592,470,4,9233,0
38593,7,7,17929,1
38594,1210,2,5774,0
38595,81,5,14287,1
38596,110,10,30160,1
38597,174,7,16439,1
38598,149,3,9161,0
38599,126,6,17776,1
38600,11,8,26402,1
38601,41,2,7462,0
38602,224,4,14151,0
38603,201,4,17759,1
38604,85,6,16441,1
38605,800,4,15389,0
38606,46,6,10924,1
38607,248,4,15238,0
38608,85,8,14007,1
38609,386,3,7559,0
38610,11,6,16057,1
38611,77,5,11186,0
38612,141,7,20191,1
38614,246,7,19674,1
38615,7,5,12793,1
38616,224,2,6368,0
38617,104,6,11692,1
38618,271,10,31926,1
38619,395,9,26016,1
38620,862,3,4216,0
38621,369,2,5180,0
38622,69,6,10434,1
38623,379,5,10665,0
38624,62,4,6597,0
38625,210,10,27702,1
38626,57,8,25510,1
38627,89,6,18120,1
38628,30,1,4301,0
38629,92,9,26235,1
38630,5,5,15658,1
38631,22,5,12893,1
38632,68,6,18267,1
38633,151,9,24400,1
38634,3,12,34753,1
38635,341,4,7944,0
38636,226,2,8344,0
38637,137,4,13581,0
38638,89,7,18005,1
38639,529,4,10344,0
38640,119,5,10074,0
38641,230,6,15684,1
38642,5,9,34299,1
38643,294,1,4619,0
38644,220,6,11795,1
38645,176,9,22783,1
38646,166,2,6804,0
38647,140,8,23869,1
38648,157,6,13563,1
38649,285,4,8784,0
38650,31,7,21700,1
38651,96,5,14746,1
38652,129,7,21569,1
38653,308,7,17390,1
38654,140,5,20509,1
38655,203,2,8042,0
38656,707,3,6936,0
38657,161,10,18309,1
38658,148,3,6223,0
38659,473,6,13857,0
38660,559,7,11275,0
38661,158,7,20013,1
38662,335,4,10919,0
38663,79,4,11131,0
38664,449,3,7449,0
38665,159,4,4222,0
38666,1221,3,10282,0
38667,41,5,8060,0
38668,177,5,14560,1
38669,817,4,6718,0
38670,309,3,4995,0
38671,27,6,17376,1
38672,209,4,7931,0
38673,81,7,16469,1
38674,490,9,29343,1
38675,47,4,8342,0
38676,4,5,18191,1
38677,104,7,22997,1
38678,783,3,6142,0
38679,113,5,16940,1
38680,301,6,13196,1
38681,608,2,3682,0
38682,100,5,12976,1
38683,105,5,7047,0
38684,100,4,11713,0
38685,294,10,23676,1
38686,1008,2,3687,0
38687,679,3,6723,0
38688,92,5,10605,0
38689,98,7,18081,1
38690,46,8,21721,1
38691,386,2,3506,0
38692,115,4,9817,0
38693,114,7,25213,1
38694,107,6,14395,1
38695,122,4,12170,0
38696,70,8,29609,1
38697,38,5,12189,1
38698,162,6,13044,1
38699,691,1,3414,0
38700,426,5,13543,0
38701,71,4,7123,0
38702,4,5,12002,1
38703,72,6,14030,1
38704,139,6,20879,1
38705,21,8,19965,1
38706,790,3,6646,0
38707,177,3,6782,0
38708,225,3,6265,0
38709,96,5,16101,1
38710,117,6,19736,1
38711,78,3,9954,0
38712,62,3,13966,0
38713,147,5,11570,0
38714,752,5,11912,0
38715,74,5,13727,1
38716,269,7,21089,1
38717,36,9,20753,1
38718,497,1,4592,0
38719,232,7,20224,1
38720,176,7,21144,1
38721,138,2,4877,0
38722,186,6,14166,1
38723,226,2,4276,0
38724,207,10,24159,1
38725,180,3,9419,0
38726,683,2,8263,0
38727,79,5,16377,1
38728,41,8,27530,1
38729,238,10,15886,1
38730,507,9,28248,1
38731,28,8,13560,1
38732,37,7,18034,1
38733,758,3,6356,0
38734,696,3,8211,0
38735,68,7,22990,1
38736,170,4,6216,0
38737,52,6,10246,1
38738,398,5,16041,0
38739,124,4,13871,0
38740,723,4,4127,0
38741,293,6,13301,1
38742,41,4,13436,0
38743,267,5,10476,0
38744,509,2,8691,0
38745,92,10,21707,1
38746,880,1,1330,0
38747,350,4,14679,0
38748,230,6,22649,1
38749,124,5,9130,0
38750,112,3,7173,0
38751,455,2,1637,0
38752,24,6,16713,1
38753,284,4,10055,0
38754,45,5,9856,0
38755,28,5,14772,1
38756,329,6,21236,1
38757,163,4,8321,0
38758,445,5,14988,0
38759,32,9,21153,1
38760,168,3,7598,0
38761,203,5,9444,0
38762,77,4,8792,0
38763,641,3,4951,0
38764,366,6,12555,0
38765,44,7,18814,1
38766,135,8,17806,1
38767,40,6,16044,1
38768,98,6,13268,1
38769,240,7,15216,1
38770,11,5,13452,1
38771,30,8,19978,1
38772,634,2,1131,0
38773,64,3,8270,0
38774,400,5,11027,0
38775,233,5,15054,1
38776,503,2,4578,0
38777,70,4,7027,0
38779,254,2,5974,0
38780,54,9,31529,1
38781,557,5,13602,0
38782,209,4,11568,0
38783,139,9,24205,1
38784,47,4,8953,0
38785,522,3,4472,0
38786,236,4,9636,0
38787,323,4,7618,0
38788,434,6,12747,0
38789,352,4,16933,0
38790,465,6,17786,1
38791,84,9,29388,1
38792,125,10,25047,1
38793,46,5,13353,1
38794,9,8,19199,1
38795,1024,4,7161,0
38796,243,3,11429,0
38798,77,4,13068,0
38799,1170,2,3700,0
38800,197,5,16217,1
38801,33,2,5227,0
38802,23,4,9745,0
38803,176,7,14028,1
38804,68,3,13933,0
38805,11,7,25073,1
38806,182,7,13313,1
38807,515,3,8770,0
38808,256,1,4724,0
38809,311,6,17009,1
38810,2,6,14954,1
38811,307,5,13492,0
38812,162,5,15086,1
38813,1231,2,3572,0
38814,45,5,15768,1
38815,537,4,7804,0
38816,126,4,5707,0
38817,124,5,18587,1
38818,89,7,18985,1
38819,18,6,16985,1
38820,103,7,17126,1
38821,27,7,20656,1
38822,191,2,3832,0
38823,24,4,12518,0
38824,428,5,15282,0
38825,8,4,11349,0
38826,47,6,19699,1
38827,548,4,10946,0
38828,74,7,15169,1
38829,110,4,7172,0
38830,64,9,19029,1
38831,914,4,11986,0
38832,333,4,17886,0
38833,364,3,6938,0
38834,152,8,16173,1
38835,300,5,9309,0
38836,500,3,6454,0
38837,51,3,12298,0
38838,74,7,21377,1
38839,497,3,8133,0
38840,1,5,11138,1
38841,291,4,18842,1
38842,63,8,13587,1
38843,185,4,5568,0
38845,500,6,21677,1
38847,111,5,15617,1
38848,446,4,9853,0
38849,237,8,22666,1
38850,79,5,16608,1
38851,867,2,8606,0
38852,206,5,12966,0
38853,63,7,24455,1
38854,611,5,14035,0
38855,51,8,20375,1
38856,110,4,14132,0
38857,372,2,2235,0
38858,180,7,14695,1
38859,476,6,10513,0
38860,483,8,25719,1
38861,709,2,6378,0
38862,19,7,14906,1
38863,119,1,2192,0
38864,54,11,34499,1
38865,655,5,13697,0
38866,16,10,25779,1
38867,147,7,18707,1
38868,536,2,3849,0
38869,185,4,16162,0
38870,246,4,12901,0
38871,62,5,12331,1
38872,175,5,17707,1
38873,23,6,20359,1
38874,100,6,13037,1
38875,180,4,11270,0
38876,77,9,19924,1
38877,130,8,24433,1
38878,12,2,7040,0
38879,124,6,15427,1
38880,367,7,14048,1
38881,46,6,18797,1
38882,25,8,21768,1
38883,183,3,9580,0
38884,132,9,31175,1
38885,324,6,15975,1
38886,86,4,10179,0
38887,121,6,15120,1
38888,364,3,8999,0
38889,161,8,23140,1
38890,489,6,15962,1
38891,195,3,5882,0
38892,176,8,24576,1
38893,165,4,10998,0
38894,2,5,16887,1
38895,244,4,11031,0
38896,117,6,19008,1
38897,23,7,13591,1
38898,40,2,5952,0
38899,365,3,8249,0
38900,569,5,16832,0
38901,5,6,11316,1
38902,184,8,21372,1
38903,141,6,20173,1
38904,160,2,4265,0
38905,454,2,7418,0
38906,406,4,12464,0
38907,68,5,19052,1
38908,213,5,17676,1
38909,541,3,6016,0
38910,132,6,18072,1
38911,168,6,17551,1
38912,2,7,13671,1
38913,611,3,5450,0
38914,7,13,40879,1
38915,752,1,527,0
38916,15,4,4878,0
38917,201,4,19156,1
38918,469,6,18171,1
38919,142,4,6725,0
38920,241,3,10052,0
38921,61,2,1036,0
38922,273,4,8352,0
38923,280,6,23593,1
38924,106,4,13554,0
38925,61,13,30770,1
38926,182,4,15021,0
38927,32,4,10939,0
38928,213,5,12432,0
38929,86,6,10853,1
38930,368,8,15723,1
38931,471,5,12153,0
38932,19,7,16377,1
38933,23,3,8354,0
38934,319,3,5175,0
38935,6,7,19326,1
38936,271,3,11890,0
38937,35,4,9024,0
38938,146,7,19207,1
38939,39,7,16771,1
38940,282,1,3093,0
38941,86,5,11946,0
38942,656,5,15045,0
38943,260,6,14591,1
38944,549,4,10399,0
38945,172,7,16894,1
38946,364,5,18013,1
38947,666,6,17439,0
38948,53,4,2161,0
38949,67,4,10849,0
38950,797,4,12097,0
38951,364,5,10271,0
38952,233,7,20068,1
38953,224,6,19085,1
38954,327,5,13933,0
38955,8,4,14612,1
38956,143,4,8822,0
38957,569,5,16997,0
38958,19,3,9994,0
38959,813,2,6026,0
38960,201,5,14240,1
38962,133,3,6255,0
38963,100,11,27966,1
38964,727,3,8665,0
38965,283,5,11362,0
38966,68,5,8379,0
38967,139,6,21376,1
38968,58,7,15954,1
38969,112,7,16596,1
38970,344,4,13803,0
38971,123,5,12614,0
38972,78,6,12428,1
38973,57,8,22515,1
38974,272,5,10963,0
38975,14,11,28638,1
38976,188,3,10876,0
38977,833,5,13793,0
38978,35,7,14179,1
38979,68,7,23651,1
38980,111,2,4864,0
38981,458,2,5335,0
38982,499,4,11022,0
38983,19,6,12122,1
38984,175,4,9332,0
38985,99,6,20747,1
38986,87,3,9127,0
38987,370,5,11539,0
38988,525,5,18366,0
38989,73,7,17961,1
38990,209,4,10456,0
38991,170,3,9010,0
38992,433,9,28517,1
38993,30,8,19703,1
38994,275,5,19930,1
38995,46,5,16533,1
38996,57,7,19367,1
38997,179,5,8260,0
38998,222,4,13850,0
38999,145,5,18443,1
39000,167,5,20440,1
39001,27,5,14856,1
39002,23,6,18394,1
39003,32,10,26903,1
39004,49,4,11103,0
39005,150,4,13420,0
39006,211,6,23005,1
39007,789,2,2570,0
39008,135,5,16105,1
39009,96,9,23576,1
39010,15,5,12176,1
39011,831,3,5523,0
39012,19,5,11467,1
39013,7,5,13887,1
39014,121,9,16771,1
39015,150,7,19669,1
39016,1056,2,3943,0
39017,20,6,21419,1
39018,122,5,14968,1
39019,426,8,26255,1
39020,496,1,2990,0
39021,78,5,17329,1
39022,323,2,3112,0
39023,123,5,15034,1
39024,42,8,14545,1
39025,134,9,25189,1
39026,70,8,22891,1
39027,320,2,6901,0
39028,1258,1,1879,0
39029,1045,2,5604,0
39030,28,8,23625,1
39031,16,5,12244,1
39032,425,6,13343,0
39033,211,3,4709,0
39034,383,5,15917,0
39035,157,3,10551,0
39036,78,5,12676,1
39037,767,4,5193,0
39038,99,9,25440,1
39039,11,7,20604,1
39040,102,5,14367,1
39041,13,8,29370,1
39042,1129,1,4945,0
39043,192,5,17292,1
39044,25,5,19398,1
39045,39,6,12415,1
39046,215,5,14739,1
39047,69,7,24021,1
39048,450,4,13770,0
39049,342,3,7019,0
39050,6,4,16591,1
39051,849,3,7508,0
39052,298,3,8372,0
39053,261,6,12469,1
39055,186,7,20281,1
39056,62,6,21137,1
39057,65,4,8967,0
39058,25,7,19108,1
39059,476,8,24076,1
39060,56,2,2386,0
39061,201,6,15105,1
39062,19,5,11789,1
39063,815,1,2140,0
39064,289,3,11220,0
39065,80,8,22469,1
39066,469,2,5265,0
39067,58,6,14547,1
39068,447,7,23107,1
39069,225,4,5086,0
39070,369,5,18439,1
39071,17,6,20878,1
39072,236,3,8928,0
39073,230,5,14817,1
39074,677,2,3834,0
39075,182,4,6060,0
39076,468,4,11286,0
39077,45,4,8953,0
39078,10,7,26417,1
39079,343,3,12431,0
39080,71,6,16793,1
39081,470,4,11541,0
39082,139,8,15509,1
39083,985,2,5608,0
39084,45,6,16800,1
39085,185,3,5188,0
39086,112,3,3782,0
39087,53,6,14185,1
39088,693,4,13030,0
39089,187,5,11774,0
39090,502,6,18943,1
39091,104,3,7459,0
39092,609,3,5875,0
39093,108,6,17878,1
39094,48,5,13380,1
39095,130,6,16891,1
39096,143,6,16804,1
39097,829,1,5242,0
39098,170,11,32467,1
39099,758,3,6727,0
39100,401,3,7642,0
39101,31,7,13085,1
39102,151,3,10728,0
39103,190,7,15695,1
39104,311,4,9445,0
39105,266,5,6619,0
39106,56,6,13194,1
39107,47,8,24676,1
39108,99,5,13615,1
39109,466,4,11119,0
39110,31,3,6814,0
39111,64,4,11720,0
39112,63,6,20222,1
39113,242,6,9510,0
39114,222,5,13956,0
39115,124,7,13885,1
39116,11,2,5398,0
39117,95,9,23402,1
39118,675,2,8098,0
39119,21,6,15596,1
39120,4,4,8068,0
39121,87,7,19054,1
39122,103,5,17318,1
39123,225,4,13513,0
39124,5,2,7160,0
39125,278,5,10407,0
39126,44,5,19777,1
39127,62,9,20583,1
39128,86,10,29180,1
39129,188,3,6634,0
39130,26,4,7256,0
39131,251,4,15121,0
39132,117,5,15017,1
39133,12,6,15386,1
39134,329,2,5050,0
39135,307,4,9708,0
39136,24,5,13032,1
39137,55,4,11124,0
39138,157,6,16770,1
39139,801,2,5308,0
39140,499,4,13077,0
39142,184,5,9572,0
39143,42,5,9460,0
39144,703,3,8775,0
39145,401,4,7308,0
39146,2,7,14772,1
39147,202,5,15699,1
39148,6,5,13243,1
39149,159,3,12550,0
39150,68,9,21674,1
39151,66,8,23581,1
39152,124,8,24261,1
39153,437,8,22026,1
39154,242,5,10863,0
39155,11,3,7966,0
39156,29,7,20948,1
39157,341,5,13160,0
39158,56,7,14056,1
39159,849,3,8093,0
39160,164,7,15750,1
39161,387,4,11116,0
39162,86,9,32575,1
39163,332,4,14265,0
39164,236,5,18061,1
39165,369,6,19121,1
39166,153,4,7655,0
39167,443,2,6235,0
39168,318,7,17018,1
39169,89,3,8975,0
39170,350,4,11196,0
39171,65,5,17345,1
39172,169,4,11349,0
39173,900,2,4176,0
39174,70,5,15605,1
39175,51,2,8697,0
39176,10,7,16164,1
39177,105,4,8008,0
39178,274,4,8531,0
39179,120,6,15178,1
39180,345,10,27734,1
39181,39,5,11341,0
39182,254,6,12650,1
39183,752,4,8928,0
39184,844,3,11974,0
39185,147,4,15261,0
39186,36,5,11744,1
39187,36,11,19549,1
39188,104,5,14631,1
39189,330,2,5016,0
39190,649,2,5470,0
39191,325,4,10599,0
39192,93,4,9724,0
39193,227,6,22901,1
39194,66,3,8961,0
39195,302,5,18464,1
39196,13,8,20450,1
39197,179,5,19105,1
39198,239,7,15358,1
39199,182,5,10657,0
39200,304,3,8370,0
39201,487,5,15260,0
39202,353,4,5646,0
39203,210,5,15268,1
39204,100,6,24707,1
39205,210,3,11994,0
39206,201,6,18640,1
39207,1144,3,3663,0
39208,73,4,11766,0
39209,68,6,14940,1
39210,223,4,11127,0
39211,931,3,5949,0
39212,361,4,11173,0
39213,177,5,11422,0
39214,181,4,5525,0
39215,70,4,9250,0
39216,83,6,17394,1
39217,167,4,7023,0
39218,1,8,18592,1
39219,271,9,22854,1
39220,287,7,19254,1
39221,78,6,18139,1
39222,280,4,13395,0
39223,694,3,12580,0
39224,147,9,31225,1
39225,227,5,14090,0
39226,101,6,11812,1
39227,261,5,12661,0
39228,244,4,9746,0
39229,93,4,11850,0
39230,398,2,4125,0
39231,240,4,8994,0
39232,746,3,5549,0
39233,344,3,7039,0
39234,369,4,9335,0
39235,100,6,22845,1
39236,110,3,3895,0
39237,152,7,23309,1
39238,45,8,26762,1
39239,30,4,5223,0
39240,374,8,20460,1
39241,200,8,24710,1
39242,43,6,12116,1
39243,15,5,11629,1
39245,122,4,11555,0
39246,4,3,9109,0
39247,197,4,9883,0
39248,158,7,16012,1
39249,7,7,16739,1
39250,1042,3,6577,0
39251,202,8,20054,1
39252,228,8,20637,1
39253,286,5,12725,0
39254,412,5,14988,0
39255,44,7,23174,1
39256,416,4,12294,0
39257,267,3,3606,0
39258,130,1,1681,0
39259,352,2,4096,0
39260,152,3,8901,0
39261,673,3,8401,0
39262,18,5,5548,0
39263,222,9,24482,1
39264,256,5,13638,0
39265,266,3,9334,0
39266,134,5,11438,0
39267,552,4,8173,0
39268,238,5,13160,0
39269,42,4,5222,0
39270,106,5,15443,1
39271,743,3,7204,0
39272,2,5,14060,1
39273,814,3,3481,0
39274,21,9,13537,1
39275,56,3,12435,0
39276,34,5,12722,1
39277,50,11,20978,1
39278,300,4,10615,0
39279,95,8,23707,1
39280,164,6,12283,1
39281,237,2,9497,0
39282,159,2,1786,0
39283,527,2,9818,0
39284,31,8,31621,1
39285,29,7,17331,1
39286,43,6,12421,1
39287,544,7,14847,1
39288,210,9,22176,1
39289,453,3,10401,0
39290,456,6,13483,0
39291,710,2,6204,0
39292,77,9,25628,1
39293,2,6,14965,1
39294,105,3,10760,0
39295,142,3,10854,0
39296,441,2,7000,0
39297,272,3,10736,0
39298,367,7,19390,1
39299,51,8,16115,1
39300,83,3,8823,0
39301,166,7,19672,1
39302,264,5,12764,0
39303,452,5,9901,0
39304,232,7,16600,1
39305,205,5,15037,1
39306,657,5,12965,0
39307,59,5,12236,1
39308,288,6,10755,0
39309,313,3,9086,0
39310,1,4,13914,0
39311,408,4,9869,0
39312,20,7,23783,1
39313,21,3,6815,0
39314,830,3,13158,0
39315,111,6,5617,0
39316,78,4,10989,0
39317,250,3,8591,0
39318,297,4,11037,0
39319,257,4,16034,0
39320,302,8,15066,1
39321,148,5,19838,1
39322,7,8,24744,1
39323,489,3,4937,0
39324,59,6,20654,1
39325,441,3,9011,0
39326,239,6,14754,1
39327,121,6,15971,1
39328,570,7,24458,1
39329,208,5,13064,0
39330,275,4,12918,0
39331,246,4,9096,0
39332,230,6,15982,1
39333,307,5,11337,0
39334,10,4,12996,0
39335,10,8,20013,1
39336,8,5,11912,1
39337,320,3,13386,0
39338,185,8,15858,1
39339,119,4,12253,0
39340,67,5,9292,0
39341,331,3,13235,0
39342,769,4,6038,0
39343,390,5,12685,0
39344,211,5,17106,1
39345,636,3,9184,0
39346,28,8,23077,1
39347,194,7,17739,1
39348,56,5,12181,1
39349,655,3,6334,0
39350,777,5,11698,0
39351,71,2,4572,0
39352,3,4,10943,0
39353,48,9,23788,1
39354,84,8,22623,1
39355,62,5,12397,1
39356,451,3,8017,0
39357,668,4,6823,0
39358,408,3,7629,0
39359,27,8,23301,1
39360,218,5,10434,0
39361,627,5,19913,0
39362,436,5,20185,1
39363,637,6,14685,0
39364,15,7,11743,1
39365,348,6,14060,1
39366,499,2,6378,0
39367,225,5,14622,1
39368,97,6,17803,1
39369,85,4,13055,0
39370,188,6,18636,1
39371,73,9,20837,1
39372,202,7,15091,1
39373,73,8,20274,1
39374,875,4,10584,0
39376,458,3,4643,0
39377,116,4,9307,0
39378,511,3,6284,0
39379,205,5,9807,0
39380,345,5,11907,0
39381,382,5,15442,0
39382,382,3,8172,0
39383,456,6,20485,1
39384,48,5,13129,1
39385,145,4,9870,0
39386,236,6,11326,0
39387,283,6,20982,1
39388,203,3,5779,0
39389,576,4,10999,0
39390,165,4,10208,0
39391,66,9,21968,1
39392,29,2,4636,0
39393,48,5,17319,1
39394,64,7,15934,1
39395,779,1,1284,0
39396,502,4,14133,0
39397,135,6,17588,1
39398,79,4,14934,0
39399,67,5,10179,0
39400,133,5,18963,1
39401,620,5,12819,0
39402,162,6,18697,1
39403,129,7,18234,1
39404,145,1,204,0
39405,154,4,11690,0
39406,162,4,14642,0
39407,175,6,17365,1
39408,219,8,20567,1
39409,595,1,4166,0
39410,27,7,19088,1
39411,354,6,18058,1
39412,85,5,11335,0
39413,101,7,12563,1
39414,187,5,15296,1
39415,90,6,11178,1
39416,193,4,9486,0
39417,3,5,13849,1
39418,5,4,11625,0
39419,247,6,20624,1
39420,96,5,12326,0
39421,236,4,9984,0
39422,233,4,16707,0
39423,515,4,9301,0
39424,227,4,13247,0
39425,11,5,13411,1
39426,177,8,23037,1
39427,140,3,6657,0
39428,64,5,14416,1
39429,158,6,16429,1
39430,74,5,11595,0
39431,693,4,7280,0
39432,505,4,15014,0
39433,210,6,21337,1
39434,312,4,15624,0
39435,34,6,16758,1
39436,90,9,26159,1
39437,54,5,19617,1
39438,442,5,13729,0
39439,41,6,22502,1
39440,397,8,21121,1
39441,107,6,20964,1
39442,58,4,13286,0
39443,367,2,4020,0
39444,57,6,14007,1
39445,612,1,4291,0
39446,255,4,5886,0
39447,151,7,17226,1
39448,213,8,20210,1
39449,170,8,30786,1
39450,597,2,2950,0
39451,33,7,19591,1
39452,208,2,5797,0
39453,148,6,12225,1
39454,146,7,21185,1
39455,51,7,16562,1
39456,37,9,24924,1
39457,95,4,9969,0
39458,47,7,23926,1
39459,400,2,4462,0
39460,430,3,10492,0
39461,34,4,9047,0
39462,734,2,6326,0
39463,110,7,21017,1
39464,196,3,10794,0
39465,81,6,13865,1
39466,23,7,22045,1
39467,546,5,13487,0
39468,54,5,8805,0
39469,506,2,5347,0
39470,395,7,17807,1
39471,21,8,22940,1
39472,9,5,11906,1
39473,436,5,15879,0
39474,173,5,12579,0
39475,753,3,4817,0
39476,330,3,13740,0
39477,654,4,10455,0
39478,419,7,12423,1
39479,392,3,8375,0
39480,15,6,15863,1
39481,191,5,13125,0
39482,39,5,10981,0
39483,46,3,6480,0
39484,65,9,16835,1
39485,259,2,2714,0
39486,115,5,15753,1
39487,369,4,9186,0
39488,24,9,28594,1
39489,143,10,32515,1
39490,283,4,9198,0
39491,589,3,2350,0
39492,56,6,17571,1
39493,97,7,16415,1
39494,65,7,21970,1
39495,410,2,6031,0
39496,479,6,15661,1
39497,254,5,8845,0
39498,50,6,17019,1
39499,71,9,23031,1
39500,473,6,16171,1
39501,302,5,11620,0
39502,20,8,15978,1
39503,122,5,12774,1
39504,95,9,23003,1
39505,182,3,7765,0
39506,176,10,28925,1
39507,185,8,17108,1
39508,338,1,527,0
39509,174,6,16976,1
39510,70,7,25294,1
39511,257,2,3839,0
39512,59,3,7977,0
39513,228,6,18205,1
39514,290,2,9381,0
39515,66,10,22747,1
39517,205,8,20826,1
39518,10,4,16633,1
39519,106,9,26680,1
39520,271,3,8175,0
39521,319,5,7872,0
39522,390,6,17422,1
39523,259,5,8980,0
39524,91,8,13483,1
39525,568,4,11176,0
39526,765,1,945,0
39527,302,3,8533,0
39528,326,3,4061,0
39529,8,4,8406,0
39530,118,9,24205,1
39531,399,4,10284,0
39532,230,6,13532,1
39533,21,8,21857,1
39534,654,5,9274,0
39535,709,3,7446,0
39536,220,3,8404,0
39537,170,4,16813,1
39539,233,3,8835,0
39540,865,2,4555,0
39541,173,3,12983,0
39542,616,2,5629,0
39543,8,9,19198,1
39544,74,10,32108,1
39545,176,6,15975,1
39546,40,5,12981,1
39547,428,4,8296,0
39548,133,9,23632,1
39549,402,6,15559,1
39550,2,3,8349,0
39551,42,5,14321,1
39552,229,5,12238,0
39553,381,4,11627,0
39554,46,6,20539,1
39555,5,7,17619,1
39556,53,7,21424,1
39557,434,5,10810,0
39558,287,4,12330,0
39559,699,3,7654,0
39560,120,3,7434,0
39561,48,4,5164,0
39562,599,4,11067,0
39563,394,3,8542,0
39564,27,2,6765,0
39565,25,7,23700,1
39566,31,4,8383,0
39567,453,4,9093,0
39568,363,1,3319,0
39569,573,6,12162,0
39570,119,3,7591,0
39571,99,4,9765,0
39572,123,5,16847,1
39573,481,5,9756,0
39574,276,5,12223,0
39575,89,6,20605,1
39576,140,6,14425,1
39577,775,2,5332,0
39578,898,2,9363,0
39579,132,4,12746,0
39580,61,5,3360,0
39581,219,10,25729,1
39582,76,5,11912,0
39583,241,9,25737,1
39584,333,5,9973,0
39585,396,5,16878,0
39586,72,8,12625,1
39587,335,3,10254,0
39588,364,7,19643,1
39589,325,7,23322,1
39591,77,3,6778,0
39592,14,8,21763,1
39593,778,1,2061,0
39594,110,5,10938,0
39595,27,9,16232,1
39596,298,5,18653,1
39597,109,5,15557,1
39598,1038,3,8252,0
39599,285,3,4663,0
39600,203,6,23783,1
39601,217,7,23986,1
39602,87,4,9702,0
39603,389,4,14274,0
39604,391,4,6810,0
39605,259,6,15552,1
39606,279,8,18438,1
39607,994,4,11373,0
39608,18,5,15630,1
39609,48,2,7276,0
39610,632,1,1770,0
39611,292,4,13491,0
39612,443,4,8465,0
39613,68,10,24415,1
39614,469,3,7850,0
39615,722,4,9980,0
39616,1,8,20174,1
39617,850,6,22763,1
39618,138,5,13621,1
39619,149,3,6944,0
39620,317,5,17669,1
39621,63,4,13538,0
39622,113,8,21073,1
39623,197,6,16582,1
39624,216,5,16082,1
39625,21,4,9932,0
39626,172,5,18599,1
39627,875,1,1454,0
39628,889,4,10069,0
39629,17,3,6150,0
39630,69,5,14235,1
39631,360,5,14227,0
39632,537,3,8332,0
39633,55,5,17610,1
39634,75,6,22137,1
39635,243,4,8388,0
39636,881,1,1803,0
39637,533,4,12333,0
39638,495,3,5216,0
39639,51,3,8689,0
39640,251,7,13135,1
39641,97,6,15352,1
39642,111,3,6955,0
39643,55,4,7676,0
39644,538,3,8418,0
39645,197,3,13046,0
39646,2,6,12338,1
39647,258,8,21048,1
39648,49,10,22972,1
39649,167,12,29657,1
39650,340,9,25341,1
39651,136,6,14868,1
39652,192,6,21147,1
39653,113,4,12969,0
39654,1115,3,6023,0
39655,371,4,11321,0
39656,69,6,12900,1
39657,245,5,12674,0
39658,67,4,11625,0
39659,148,2,8794,0
39660,103,2,8499,0
39661,292,3,4136,0
39662,187,2,1139,0
39663,54,4,7886,0
39664,118,6,12069,1
39665,54,3,11295,0
39666,221,3,6277,0
39667,58,6,13959,1
39668,581,4,12637,0
39669,405,3,7626,0
39670,9,8,17315,1
39671,220,5,17299,1
39672,208,6,15868,1
39673,97,9,26277,1
39674,187,5,16337,1
39675,5,6,13572,1
39676,636,1,2359,0
39677,128,8,32129,1
39678,18,10,27619,1
39679,23,7,18254,1
39680,95,9,20327,1
39681,324,7,20007,1
39682,193,8,19952,1
39683,647,4,6122,0
39684,387,6,15933,1
39685,297,7,13390,1
39686,20,4,9655,0
39687,27,5,12074,1
39688,768,1,3487,0
39689,64,3,6077,0
39690,23,5,18227,1
39691,199,5,14331,1
39692,92,5,16085,1
39693,286,3,10358,0
39694,515,5,15212,0
39695,230,4,6307,0
39696,506,4,5329,0
39697,46,4,14857,1
39698,2,10,25639,1
39699,111,9,24961,1
39700,488,7,25360,1
39701,16,9,25460,1
39702,143,7,18021,1
39703,270,5,20209,1
39704,26,7,18976,1
39705,662,2,1367,0
39706,149,4,8801,0
39707,146,3,6739,0
39708,335,3,9851,0
39709,341,5,9084,0
39710,455,7,14363,1
39711,118,6,17655,1
39712,433,6,12502,0
39713,36,5,19701,1
39714,77,9,22977,1
39715,282,6,12783,1
39716,42,6,17311,1
39717,264,5,2755,0
39718,117,6,12629,1
39719,3,7,18828,1
39720,464,3,8112,0
39721,633,4,11614,0
39722,41,9,22009,1
39723,598,2,5970,0
39724,358,5,16410,1
39725,291,4,9287,0
39726,36,4,10419,0
39727,24,6,8586,1
39728,751,4,9636,0
39729,279,7,27379,1
39730,395,3,6334,0
39731,43,5,8393,0
39732,123,3,12344,0
39733,785,4,10613,0
39734,43,4,8965,0
39735,303,7,20286,1
39736,263,9,20565,1
39737,30,6,13726,1
39738,184,4,12532,0
39739,17,7,17379,1
39740,463,5,15336,0
39741,177,4,14959,0
39742,105,9,25769,1
39743,57,4,15741,1
39744,163,4,13877,0
39745,177,4,7931,0
39746,3,4,9657,0
39747,13,5,14599,1
39748,879,4,14112,0
39749,166,7,16930,1
39750,365,1,5037,0
39751,150,4,8867,0
39752,135,5,14343,1
39753,212,3,11639,0
39754,690,2,6478,0
39755,131,5,18153,1
39756,146,4,11622,0
39757,16,4,5713,0
39758,173,9,24682,1
39759,265,7,24760,1
39760,174,6,14333,1
39761,468,5,11004,0
39762,92,4,5650,0
39763,94,9,24002,1
39764,227,3,10612,0
39765,392,5,14624,0
39766,62,2,6034,0
39767,202,5,7504,0
39768,117,10,21748,1
39769,60,5,11444,0
39770,688,3,7492,0
39771,500,5,5569,0
39772,126,3,9958,0
39773,172,7,16231,1
39774,23,3,3512,0
39775,535,5,13086,0
39776,283,7,13303,1
39777,178,2,5705,0
39778,35,9,21344,1
39779,51,4,8892,0
39780,209,4,7251,0
39781,96,8,19812,1
39782,127,5,12588,0
39783,571,2,6147,0
39784,52,7,20525,1
39785,133,3,5924,0
39786,126,6,19125,1
39787,250,5,15348,1
39788,32,4,11377,0
39789,165,4,14426,0
39790,326,3,7894,0
39791,747,4,13611,0
39792,11,6,16623,1
39793,103,6,13606,1
39794,134,5,10703,0
39795,258,4,11958,0
39796,705,6,21191,1
39797,3,7,15343,1
39798,253,7,21484,1
39799,104,6,13621,1
39800,180,8,14216,1
39801,131,3,6615,0
39802,107,3,5437,0
39803,1135,3,6279,0
39804,183,5,12734,0
39805,10,6,15725,1
39806,76,3,6303,0
39807,103,5,19702,1
39808,210,1,4996,0
39809,449,2,5728,0
39810,511,3,5634,0
39811,455,3,4475,0
39812,17,7,15599,1
39813,28,5,9788,0
39814,998,2,5798,0
39815,24,5,10625,0
39816,572,4,14226,0
39817,195,17,51718,1
39818,98,4,13422,0
39819,203,3,8469,0
39820,129,9,21320,1
39821,440,5,13253,0
39822,229,8,23261,1
39823,19,8,28419,1
39824,86,11,22064,1
39825,279,7,21365,1
39826,27,4,12641,0
39827,429,4,11738,0
39828,85,3,7994,0
39829,64,6,20971,1
39830,879,2,9054,0
39831,118,6,20150,1
39832,74,4,6803,0
39833,117,3,7889,0
39834,63,4,12171,0
39835,673,5,15673,0
39836,155,7,23572,1
39837,206,5,10924,0
39838,26,6,17992,1
39839,51,2,2452,0
39840,227,6,14497,1
39841,75,8,23471,1
39842,69,6,23336,1
39843,578,3,4433,0
39844,18,5,12067,1
39845,1,6,22216,1
39846,467,3,13268,0
39847,585,7,11066,0
39848,50,7,16652,1
39849,294,8,14984,1
39850,21,4,9255,0
39851,956,3,12614,0
39852,683,2,5698,0
39853,35,6,23213,1
39854,464,4,8889,0
39855,116,6,13748,1
39856,792,2,6923,0
39857,155,7,19119,1
39858,82,5,14378,1
39859,81,7,15631,1
39860,14,2,1854,0
39861,341,4,10711,0
39862,248,3,7734,0
39863,240,5,15420,1
39864,9,6,16679,1
39865,63,10,23444,1
39866,512,4,8955,0
39867,63,5,12386,1
39868,82,4,13821,0
39869,11,2,4307,0
39870,311,4,10922,0
39871,54,7,16562,1
39872,796,4,9846,0
39873,221,6,19487,1
39874,8,9,21676,1
39875,99,6,10284,1
39876,620,7,15493,1
39877,406,5,12637,0
39878,4,6,13161,1
39879,5,8,24981,1
39880,15,4,11470,0
39881,307,5,15632,1
39882,39,7,18660,1
39883,198,2,2794,0
39884,398,2,5415,0
39885,947,4,8614,0
39886,295,4,11507,0
39887,885,3,9830,0
39888,124,10,28751,1
39889,23,6,17088,1
39890,387,6,17418,1
39891,101,8,22528,1
39892,227,6,16293,1
39893,367,4,18292,0
39894,779,1,2519,0
39895,95,5,16942,1
39896,507,6,16980,1
39897,109,2,3915,0
39898,237,5,12029,0
39899,515,6,17858,1
39900,18,4,11012,0
39901,480,2,2780,0
39902,672,4,13173,0
39903,452,1,932,0
39904,797,1,1199,0
39905,218,3,7377,0
39906,47,7,24753,1
39907,24,5,16846,1
39908,527,4,9416,0
39909,357,4,13780,0
39910,254,5,2541,0
39911,570,4,11454,0
39912,59,4,10590,0
39913,97,5,15277,1
39914,19,9,28548,1
39915,174,3,8785,0
39916,55,9,14170,1
39917,181,6,21465,1
39918,91,6,17534,1
39919,770,2,5394,0
39920,50,8,16423,1
39921,232,8,17108,1
39922,501,2,3412,0
39923,218,5,10078,0
39924,884,2,7986,0
39925,339,5,8614,0
39926,170,8,21909,1
39927,9,5,13652,1
39928,59,4,9545,0
39929,69,6,16426,1
39930,413,8,26779,1
39931,1069,1,1495,0
39932,406,4,7047,0
39933,116,5,10378,0
39934,146,3,7483,0
39935,187,7,21583,1
39936,139,5,13537,1
39937,35,5,17221,1
39938,52,4,7507,0
39939,194,9,22500,1
39940,94,6,12004,1
39941,146,3,8317,0
39942,276,10,32921,1
39943,376,3,6321,0
39944,362,9,23182,1
39945,55,6,21875,1
39946,171,6,18397,1
39947,247,8,20282,1
39948,213,5,12165,0
39949,602,2,5830,0
39950,316,5,12160,0
39951,544,3,8681,0
39952,625,1,4176,0
39953,377,3,9410,0
39954,188,6,24963,1
39955,55,5,12290,1
39956,422,2,2721,0
39957,36,3,5637,0
39958,168,4,8713,0
39959,97,6,15963,1
39960,128,3,5307,0
39961,3,5,14575,1
39962,172,3,11798,0
39963,70,7,23465,1
39964,34,8,26424,1
39965,397,3,12608,0
39966,69,2,5196,0
39967,2,6,11187,1
39969,116,5,14927,1
39970,370,2,6170,0
39971,221,4,8767,0
39972,593,7,19872,1
39973,180,4,15262,0
39974,561,2,6027,0
39975,63,5,8149,0
39976,954,1,487,0
39977,150,7,15106,1
39978,28,3,11202,0
39979,10,10,30359,1
39980,66,2,3896,0
39981,82,3,11310,0
39982,198,3,6869,0
39983,244,10,26943,1
39984,148,3,4930,0
39985,109,6,18359,1
39986,211,3,14794,0
39987,81,4,10233,0
39988,29,5,14738,1
39989,296,3,6747,0
39990,437,4,10815,0
39991,238,5,14007,0
39992,145,3,9866,0
39993,403,5,12264,0
39994,98,9,29856,1
39995,392,7,23383,1
39996,378,1,4699,0
39997,536,4,5466,0
39998,301,5,10226,0
39999,37,3,2406,0
40000,111,6,17280,1
40001,150,1,2844,0
40002,48,5,8180,0
40003,547,2,8902,0
40004,103,8,20289,1
40005,505,4,8360,0
40006,659,4,10677,0
40007,4,4,13169,0
40008,498,2,10414,0
40009,202,7,21780,1
40010,85,4,13378,0
40011,37,10,23641,1
40012,318,2,5770,0
40013,927,3,11861,0
40014,32,3,6958,0
40015,69,6,18932,1
40016,102,5,14083,1
40017,309,2,4829,0
40018,275,4,12772,0
40020,231,4,10421,0
40021,386,2,7044,0
40022,70,6,17374,1
40023,311,4,12170,0
40024,85,8,18396,1
40025,17,5,10647,0
40026,497,2,8949,0
40027,287,1,1865,0
40028,44,5,5979,0
40029,26,6,16334,1
40030,106,5,9891,0
40031,281,3,9952,0
40032,11,5,11097,1
40033,30,7,13462,1
40034,85,9,26501,1
40035,352,6,15698,1
40036,104,5,13248,1
40037,10,4,9859,0
40038,342,2,5621,0
40039,56,5,16411,1
40040,76,6,11683,1
40041,154,3,5856,0
40042,78,7,19073,1
40043,1337,1,776,0
40044,109,6,13940,1
40045,198,7,14811,1
40046,71,5,11737,0
40047,40,7,24256,1
40048,683,3,8356,0
40049,203,7,14171,1
40050,289,6,16999,1
40051,623,8,17999,1
40052,132,4,10723,0
40053,70,8,24772,1
40054,152,9,23707,1
40055,142,6,17921,1
40056,237,3,6178,0
40057,496,2,4541,0
40058,45,10,32996,1
40059,121,5,14182,1
40060,266,5,13435,0
40061,155,11,37172,1
40062,206,5,11746,0
40064,716,3,6696,0
40065,205,6,14074,1
40066,326,3,7816,0
40067,34,7,20566,1
40068,129,5,14199,1
40069,95,7,12146,1
40070,342,6,13563,1
40071,219,1,2308,0
40072,397,6,10486,0
40073,215,5,14179,1
40074,596,3,11233,0
40075,336,9,28923,1
40076,879,3,4434,0
40077,56,7,25093,1
40078,35,5,15421,1
40079,139,5,11269,0
40080,18,8,20944,1
40081,397,3,7078,0
40082,433,3,7609,0
40083,171,6,15123,1
40084,124,6,20588,1
40085,368,2,2043,0
40086,298,4,12225,0
40087,128,5,13311,1
40088,285,5,16961,1
40089,52,3,9996,0
40090,64,6,16223,1
40091,14,5,13487,1
40092,208,6,20526,1
40093,490,4,11292,0
40094,383,7,22197,1
40095,65,8,23535,1
40096,444,2,4683,0
40097,229,5,10570,0
40098,233,6,23098,1
40099,128,8,26562,1
40100,957,3,6503,0
40101,426,7,16761,1
40102,968,1,2608,0
40103,778,4,7629,0
40104,73,8,27506,1
40105,189,5,9889,0
40106,618,3,11896,0
40107,83,2,6931,0
40108,223,5,12037,0
40109,85,5,13221,1
40110,342,1,1844,0
40111,282,2,6281,0
40112,24,3,3103,0
40113,578,3,7067,0
40114,1,5,11384,1
40115,93,4,12235,0
40118,206,5,17251,1
40119,428,3,5031,0
40120,182,3,8827,0
40121,970,3,10468,0
40122,109,4,8669,0
40123,123,5,10678,0
40124,20,6,17405,1
40125,541,3,4123,0
40126,360,3,9656,0
40127,116,6,16760,1
40128,511,4,15319,0
40129,176,9,26807,1
40130,399,4,12703,0
40131,785,1,4095,0
40132,116,6,17818,1
40133,26,8,25402,1
40134,1191,1,4232,0
40135,82,5,18816,1
40136,508,4,11064,0
40137,183,5,12809,0
40138,299,5,8481,0
40139,482,3,5796,0
40140,127,1,2740,0
40141,328,8,19107,1
40142,146,6,20470,1
40143,610,6,12748,0
40144,622,3,6920,0
40145,521,6,14346,0
40146,239,8,28515,1
40147,39,5,10479,0
40148,154,9,22189,1
40149,83,8,21327,1
40150,424,8,22835,1
40151,139,3,13076,0
40152,408,4,8079,0
40153,61,5,9784,0
40154,626,4,10596,0
40155,186,4,4893,0
40156,97,6,17118,1
40157,837,4,15758,0
40158,30,10,23138,1
40159,184,3,5311,0
40160,19,5,17686,1
40161,377,4,11913,0
40162,132,5,21137,1
40163,556,4,7808,0
40164,232,5,13288,0
40165,201,4,9429,0
40166,34,3,9460,0
40167,48,5,17190,1
40168,51,4,10603,0
40169,206,3,6928,0
40170,723,2,9883,0
40171,457,4,11940,0
40172,363,4,17306,0
40173,21,8,26125,1
40174,219,1,4637,0
40175,368,4,9575,0
40176,285,2,3371,0
40177,115,4,13613,0
40178,30,3,8327,0
40179,187,1,3986,0
40180,130,7,17309,1
40181,182,3,9794,0
40182,364,5,13831,0
40183,37,9,25551,1
40184,271,2,7023,0
40185,618,5,13534,0
40186,12,10,32794,1
40187,112,4,6921,0
40188,319,3,7328,0
40189,847,2,2630,0
40190,87,9,24588,1
40191,65,6,21236,1
40192,1068,2,8118,0
40193,268,5,14990,1
40194,14,4,12055,0
40195,440,8,16647,1
40196,218,6,19224,1
40197,156,2,6781,0
40198,178,5,16387,1
40199,11,5,12063,1
40200,27,9,24439,1
40201,138,11,24174,1
40202,45,6,15393,1
40203,395,5,15175,0
40204,559,6,7263,0
40205,326,6,8621,0
40206,201,3,9437,0
40207,401,3,10682,0
40208,270,4,8930,0
40209,209,5,15112,1
40210,431,4,11090,0
40211,271,8,24957,1
40212,145,1,3625,0
40213,1,8,24188,1
40214,259,6,16056,1
40215,287,4,9545,0
40216,102,5,11917,0
40217,694,3,10085,0
40218,248,5,17789,1
40219,41,8,17928,1
40220,83,3,5707,0
40221,32,7,17750,1
40222,56,7,17756,1
40223,147,2,5080,0
40224,327,4,8855,0
40225,627,2,5497,0
40226,361,6,16517,1
40227,64,6,17068,1
40228,221,4,12951,0
40229,30,6,17021,1
40230,318,5,9356,0
40231,638,2,2646,0
40232,1211,1,5115,0
40233,80,7,20728,1
40234,342,7,18130,1
40235,53,9,30933,1
40236,124,4,11102,0
40237,59,9,19549,1
40238,506,4,10479,0
40239,103,6,16797,1
40240,170,6,17141,1
40241,22,8,24439,1
40242,1167,1,579,0
40243,272,5,9667,0
40244,87,4,9665,0
40245,235,4,13034,0
40246,404,3,10371,0
40247,77,3,7512,0
40248,191,5,14709,1
40249,135,5,10703,0
40250,119,4,9258,0
40251,89,7,21702,1
40252,369,6,19996,1
40253,230,9,29289,1
40254,725,2,6111,0
40255,200,5,10677,0
40256,438,2,6963,0
40257,3,5,14269,1
40258,146,5,12710,0
40259,437,3,5416,0
40260,599,6,9883,0
40261,1038,3,8184,0
40262,501,2,8393,0
40263,174,8,27584,1
40264,769,4,9587,0
40265,180,3,7351,0
40266,180,6,15759,1
40267,24,8,24999,1
40268,453,6,20023,1
40269,565,3,11482,0
40270,138,7,16565,1
40271,108,4,13606,0
40272,54,6,19028,1
40273,31,2,9009,0
40274,780,5,9853,0
40275,52,5,9294,0
40276,146,4,14187,0
40277,57,3,12340,0
40278,20,6,12650,1
40279,187,6,17164,1
40280,387,2,8162,0
40281,45,6,20858,1
40282,415,3,8341,0
40283,10,4,15032,1
40284,396,4,9582,0
40286,494,4,14303,0
40287,48,3,12804,0
40288,65,5,14340,1
40289,446,6,21038,1
40290,330,7,19893,1
40291,25,3,9175,0
40292,414,5,5322,0
40293,161,5,18088,1
40294,159,6,17314,1
40295,700,3,2844,0
40296,100,6,9261,1
40297,933,3,9259,0
40298,170,6,16137,1
40299,119,4,15746,0
40300,83,8,28844,1
40301,361,9,22833,1
40302,365,6,23805,1
40303,50,9,23508,1
40304,199,4,7621,0
40305,34,4,10599,0
40306,133,3,8385,0
40307,41,7,15629,1
40308,76,1,3823,0
40309,477,8,21848,1
40310,216,7,28178,1
40311,36,6,18784,1
40312,201,5,19216,1
40313,49,7,18135,1
40314,819,3,11621,0
40315,358,5,14661,0
40316,169,4,10346,0
40317,5,5,12848,1
40318,48,6,13334,1
40319,670,2,4388,0
40320,285,7,14162,1
40321,53,5,9822,0
40322,275,3,5472,0
40323,71,6,11761,1
40324,25,5,15914,1
40325,201,2,8162,0
40326,588,3,4009,0
40327,162,7,18756,1
40328,647,3,9454,0
40329,250,6,18170,1
40330,20,2,5300,0
40331,83,8,21011,1
40332,145,3,3184,0
40333,522,6,14555,0
40334,168,3,12905,0
40335,313,3,3092,0
40336,750,2,2491,0
40337,1032,2,3532,0
40338,82,5,15768,1
40339,238,3,11318,0
40340,66,11,38107,1
40341,539,4,12069,0
40342,160,4,7280,0
40343,573,4,13656,0
40344,22,10,19398,1
40345,306,8,21543,1
40346,167,5,16852,1
40347,157,8,25532,1
40348,362,4,13015,0
40349,439,4,13291,0
40350,159,5,15262,1
40351,256,5,18462,1
40352,58,7,19776,1
40353,281,2,5174,0
40354,424,7,22324,1
40355,169,4,12129,0
40356,1013,3,8776,0
40357,127,5,15341,1
40358,819,2,5312,0
40359,66,10,24255,1
40360,146,8,20393,1
40361,351,4,9748,0
40362,258,6,22217,1
40363,278,8,32976,1
40364,168,4,10053,0
40365,1092,1,4450,0
40366,129,4,10155,0
40367,181,8,23256,1
40368,1026,2,9412,0
40369,389,5,9156,0
40370,936,1,1530,0
40371,16,5,15195,1
40372,225,5,15909,1
40373,198,7,21372,1
40374,402,8,16571,1
40375,149,5,16304,1
40376,459,2,3060,0
40377,651,3,8260,0
40378,127,2,2409,0
40379,28,6,16706,1
40380,219,6,12074,1
40381,113,3,10281,0
40383,493,3,11738,0
40384,161,3,8450,0
40385,104,10,30468,1
40386,161,7,20690,1
40387,22,5,19290,1
40388,589,7,24012,1
40389,275,4,16112,0
40390,361,3,8345,0
40391,242,6,19264,1
40392,788,6,16089,0
40393,1049,3,7421,0
40394,376,6,16156,1
40395,130,6,16287,1
40396,27,5,13027,1
40397,535,2,3576,0
40398,357,2,1809,0
40399,230,10,33043,1
40400,217,5,19669,1
40401,666,7,13131,0
40402,166,5,14967,1
40403,233,1,3389,0
40404,28,5,13769,1
40405,3,7,18068,1
40406,367,4,7223,0
40407,64,6,18965,1
40408,185,9,20316,1
40409,20,7,25357,1
40410,97,4,12410,0
40411,25,5,16648,1
40412,284,6,16858,1
40413,954,2,8331,0
40414,172,4,5761,0
40415,13,7,18124,1
40416,248,5,16541,1
40417,196,6,20904,1
40418,190,3,8208,0
40419,672,3,9686,0
40420,31,2,3781,0
40421,31,7,21711,1
40422,39,5,17993,1
40423,1017,2,7842,0
40424,1165,2,7528,0
40425,493,6,16219,1
40426,391,3,11072,0
40427,53,5,15716,1
40428,51,2,5453,0
40429,427,3,4977,0
40430,92,6,17333,1
40431,74,5,15102,1
40432,225,4,12401,0
40433,13,10,27814,1
40434,205,4,11718,0
40435,233,2,3944,0
40436,2,4,11682,0
40437,11,8,23314,1
40438,104,5,13217,1
40439,55,4,10341,0
40440,7,4,8099,0
40441,26,3,6380,0
40442,671,1,330,0
40443,523,4,11438,0
40444,72,7,21838,1
40445,25,4,13267,0
40446,106,5,11360,0
40447,95,6,12767,1
40448,839,3,7746,0
40449,216,7,18191,1
40450,455,6,21394,1
40451,26,4,7167,0
40452,16,12,31539,1
40453,216,7,20473,1
40454,12,5,11144,1
40455,409,1,503,0
40456,1000,2,8882,0
40457,8,6,20634,1
40458,5,5,8618,0
40459,5,5,9362,0
40460,382,5,11606,0
40461,14,7,22925,1
40462,207,4,8274,0
40463,702,2,5341,0
40464,69,9,17905,1
40465,103,8,20040,1
40466,10,7,14967,1
40467,50,4,5430,0
40468,192,3,6984,0
40469,248,6,13223,1
40470,156,5,9761,0
40471,344,3,12878,0
40472,162,3,8605,0
40473,358,2,1784,0
40474,1,4,14529,1
40475,716,6,18055,0
40476,1303,1,4682,0
40477,713,2,6906,0
40478,165,5,19415,1
40479,528,4,9973,0
40480,78,3,9514,0
40481,580,4,16298,0
40482,58,5,11554,0
40483,4,4,15133,1
40484,174,8,20266,1
40485,88,8,16472,1
40486,233,5,21760,1
40487,244,4,9512,0
40488,1208,2,3198,0
40489,12,5,16460,1
40490,234,5,16484,1
40491,344,3,9986,0
40492,230,2,2897,0
40493,783,5,11212,0
40494,67,7,14860,1
40495,188,8,17443,1
40496,383,7,16260,1
40497,150,7,18966,1
40498,25,4,11876,0
40499,11,4,7802,0
40500,177,6,20013,1
40501,317,5,18411,1
40502,235,7,18599,1
40503,229,10,33018,1
40504,447,11,37019,1
40505,20,8,16705,1
40506,126,7,26963,1
40507,59,4,12866,0
40508,110,5,12988,1
40509,328,5,13223,0
40510,283,2,1559,0
40511,398,6,15381,1
40512,898,5,18538,0
40513,453,6,19437,1
40514,174,3,6699,0
40515,101,4,7160,0
40516,46,6,17498,1
40517,228,5,10301,0
40518,437,6,22326,1
40519,71,8,23849,1
40520,26,6,18207,1
40521,191,5,12875,0
40522,76,5,15321,1
40523,555,3,10705,0
40524,215,4,9503,0
40525,161,7,14334,1
40526,226,8,20814,1
40527,585,2,7549,0
40528,141,2,3515,0
40529,613,4,9846,0
40530,3,8,14309,1
40531,179,14,37630,1
40532,176,5,15420,1
40533,61,7,25280,1
40534,428,1,5011,0
40535,93,4,11543,0
40536,212,6,17853,1
40537,200,7,23559,1
40538,84,3,9310,0
40539,6,3,7943,0
40540,321,10,27655,1
40541,259,9,28623,1
40542,133,4,8807,0
40543,27,5,9938,0
40544,34,5,14267,1
40545,520,4,11427,0
40546,66,5,13361,1
40547,686,3,3244,0
40548,531,3,10707,0
40549,159,8,15352,1
40550,278,7,16940,1
40551,307,7,23915,1
40552,600,6,17681,1
40553,48,4,8935,0
40554,356,3,7073,0
40555,715,5,8633,0
40556,217,6,12302,1
40557,139,2,6608,0
40558,161,4,15598,0
40559,100,3,7905,0
40560,267,6,11418,0
40561,68,5,14460,1
40562,283,6,11526,0
40563,17,8,31185,1
40564,31,5,7570,0
40565,66,6,14786,1
40566,167,10,32023,1
40567,201,5,10617,0
40568,7,5,18261,1
40569,144,9,24531,1
40570,237,7,15496,1
40571,91,3,9495,0
40572,890,4,7185,0
40573,25,8,22429,1
40574,475,2,1627,0
40575,89,7,24973,1
40576,141,4,10610,0
40577,164,5,15582,1
40578,66,10,27811,1
40579,778,1,3209,0
40580,193,8,20012,1
40581,166,2,2596,0
40582,218,4,11218,0
40583,88,4,9980,0
40584,336,4,7908,0
40585,133,9,14245,1
40586,34,3,6800,0
40587,85,7,17479,1
40588,213,4,15978,0
40589,360,2,1192,0
40590,266,2,4085,0
40591,25,8,29458,1
40592,112,6,13949,1
40593,370,2,6340,0
40594,254,5,13164,0
40595,83,3,3475,0
40596,115,8,26258,1
40597,447,3,6475,0
40598,522,3,4057,0
40599,11,3,10304,0
40600,227,7,22499,1
40601,19,6,19911,1
40602,36,11,29914,1
40603,124,5,14123,1
40604,352,3,11266,0
40605,662,4,12432,0
40606,36,3,6657,0
40607,263,4,6702,0
40608,124,7,24161,1
40609,36,6,15593,1
40610,103,6,21706,1
40611,144,7,21275,1
40612,43,6,11256,1
40613,46,11,23615,1
40614,238,3,7206,0
40615,102,2,5961,0
40616,680,2,5905,0
40617,31,9,28808,1
40618,14,5,17346,1
40619,602,4,13073,0
40620,8,5,10024,0
40621,37,3,11030,0
40622,286,4,10344,0
40623,80,4,7538,0
40624,208,6,14891,1
40625,5,2,6587,0
40626,70,12,33360,1
40627,9,8,26729,1
40628,223,6,18957,1
40629,770,3,8695,0
40630,800,1,1996,0
40631,1,13,30176,1
40632,349,5,12065,0
40633,260,4,11275,0
40634,168,6,15398,1
40635,108,2,3656,0
40636,533,7,17057,1
40637,138,6,17377,1
40638,87,7,16900,1
40639,42,4,8049,0
40640,132,5,13608,1
40641,73,3,5004,0
40642,85,6,21560,1
40643,844,2,2856,0
40644,847,2,3982,0
40645,599,5,16276,0
40646,202,5,8173,0
40647,145,3,9369,0
40648,83,9,23019,1
40649,118,6,11376,1
40650,31,7,19217,1
40651,135,10,29195,1
40652,834,5,9935,0
40653,60,3,2192,0
40654,12,5,10630,0
40655,547,3,5165,0
40656,231,6,13810,1
40657,424,4,14624,0
40658,300,2,4471,0
40659,94,5,18189,1
40660,8,5,10024,0
40661,128,8,25855,1
40662,35,5,13181,1
40663,211,2,5120,0
40664,59,6,16902,1
40665,104,4,14772,0
40666,206,3,9631,0
40667,333,9,26962,1
40668,238,3,7270,0
40669,366,4,14501,0
40670,188,4,12614,0
40671,273,2,4608,0
40672,280,5,15120,0
40673,359,3,13207,0
40674,273,7,14550,1
40675,87,6,10217,1
40676,499,2,8649,0
40677,644,4,11582,0
40678,92,4,12708,0
40679,69,8,24626,1
40680,67,5,17178,1
40681,116,8,24872,1
40682,110,5,14714,1
40683,134,6,12245,1
40684,151,4,8562,0
40685,223,3,3679,0
40686,77,3,7037,0
40687,348,5,18245,1
40688,180,4,8553,0
40689,663,5,18014,0
40690,150,5,8715,0
40691,86,5,10280,0
40692,43,6,17633,1
40693,22,3,5818,0
40694,773,4,8894,0
40695,873,3,8237,0
40696,119,4,11125,0
40697,160,4,6238,0
40698,398,10,22853,1
40699,3,5,19072,1
40700,286,4,10004,0
40701,464,4,10690,0
40702,85,5,15184,1
40703,76,5,14287,1
40704,178,7,16411,1
40705,509,3,6964,0
40706,247,5,12002,0
40707,482,4,13488,0
40708,245,2,6441,0
40709,25,4,11248,0
40710,307,8,24523,1
40711,163,6,23514,1
40712,120,6,14988,1
40713,32,4,9193,0
40714,82,10,29410,1
40715,511,3,6192,0
40716,13,7,13804,1
40717,355,4,7664,0
40718,111,4,13046,0
40719,156,8,27757,1
40720,29,5,8690,0
40721,1184,5,18906,0
40722,258,6,14884,1
40723,219,5,14844,1
40724,321,3,10519,0
40725,576,3,7114,0
40726,328,4,11992,0
40727,34,8,20811,1
40728,108,4,13050,0
40729,383,2,5164,0
40730,341,5,18643,1
40732,385,8,24150,1
40733,130,1,1865,0
40734,137,3,7379,0
40735,60,10,31903,1
40736,1243,1,1129,0
40737,140,6,15668,1
40738,76,7,25135,1
40739,605,1,2935,0
40740,66,6,17475,1
40741,348,2,2752,0
40742,236,4,10111,0
40743,40,6,19067,1
40744,517,2,6804,0
40745,4,9,16154,1
40746,157,6,16107,1
40747,5,4,5072,0
40748,120,6,17240,1
40749,98,3,13726,0
40750,559,2,1168,0
40751,163,3,8050,0
40752,47,9,31870,1
40753,1024,2,3449,0
40754,43,4,12690,0
40755,127,3,9944,0
40756,632,4,16099,0
40757,293,8,26447,1
40758,41,7,17775,1
40759,402,3,11135,0
40760,372,5,7631,0
40761,136,5,13847,1
40762,33,5,9146,0
40763,104,6,21442,1
40764,33,9,21496,1
40765,100,8,21257,1
40766,39,4,10021,0
40767,1014,2,6149,0
40768,103,6,21039,1
40769,269,4,16838,0
40770,710,5,15959,0
40771,83,5,17930,1
40772,54,3,7219,0
40773,408,4,7495,0
40774,284,5,8297,0
40775,176,7,22552,1
40776,319,6,23078,1
40777,157,8,19625,1
40778,433,6,22409,1
40779,388,1,377,0
40780,151,5,17215,1
40781,746,3,4299,0
40782,1020,2,3875,0
40783,122,9,24204,1
40784,497,5,16860,0
40785,173,6,19232,1
40786,54,8,25891,1
40787,396,2,5178,0
40788,362,3,6756,0
40789,642,6,12564,0
40790,81,9,26580,1
40791,1196,1,415,0
40792,315,6,13771,1
40793,772,4,6650,0
40794,654,5,9833,0
40795,139,6,17111,1
40796,82,5,12350,1
40797,78,10,31991,1
40798,86,7,17407,1
40799,178,6,13730,1
40800,61,5,12124,1
40801,208,6,18363,1
40802,267,5,14254,0
40803,2,5,14100,1
40804,145,8,20150,1
40805,147,5,11080,0
40806,66,7,15770,1
40807,15,12,31715,1
40808,161,5,12522,0
40809,171,4,8500,0
40810,41,8,20527,1
40811,934,3,7149,0
40812,174,6,14638,1
40813,401,4,10033,0
40814,198,8,20330,1
40815,303,8,23794,1
40816,519,4,14741,0
40817,596,5,8870,0
40818,208,5,8827,0
40819,213,9,31628,1
40820,151,4,9253,0
40821,357,2,5103,0
40822,611,5,9965,0
40823,594,3,9000,0
40824,524,5,15412,0
40825,92,4,13433,0
40826,482,2,5321,0
40827,21,10,30925,1
40828,345,5,9374,0
40829,103,5,13875,1
40830,16,13,37465,1
40831,385,4,10195,0
40832,657,2,6377,0
40833,184,6,18954,1
40834,1193,3,8686,0
40835,240,2,6144,0
40836,366,4,13890,0
40837,450,2,3786,0
40838,158,5,9432,0
40839,109,5,17708,1
40840,184,5,12729,0
40841,64,4,14366,0
40842,225,6,18713,1
40843,226,5,15601,1
40844,212,6,16687,1
40845,131,5,12525,0
40846,52,5,13565,1
40847,701,5,10199,0
40848,170,7,21835,1
40849,56,6,17943,1
40850,124,5,14822,1
40851,220,5,19890,1
40852,5,5,17049,1
40853,33,7,18478,1
40854,1016,3,10140,0
40855,1044,2,10078,0
40856,216,4,7338,0
40857,537,3,6047,0
40858,412,3,8647,0
40859,356,3,11292,0
40860,205,6,16162,1
40861,87,4,12943,0
40862,58,8,14807,1
40863,313,9,22868,1
40864,305,8,13748,1
40865,589,4,14758,0
40866,225,3,9898,0
40867,49,10,36362,1
40868,404,5,11699,0
40869,83,9,19668,1
40870,3,5,10957,1
40871,380,4,12878,0
40872,17,5,13306,1
40873,682,2,6704,0
40874,619,2,2343,0
40875,329,3,10773,0
40876,34,7,16281,1
40877,182,4,17280,1
40878,38,2,8103,0
40879,281,4,11147,0
40880,69,7,16794,1
40881,318,5,12321,0
40882,26,2,5632,0
40883,494,3,7864,0
40884,76,8,11359,1
40885,337,6,9590,0
40886,197,5,17786,1
40887,691,3,5514,0
40888,275,3,12783,0
40889,19,7,15539,1
40890,42,5,20609,1
40891,96,10,24863,1
40892,152,3,12142,0
40893,340,4,10750,0
40894,153,4,5969,0
40895,209,4,10370,0
40896,196,7,26686,1
40897,350,5,9723,0
40898,34,5,15106,1
40899,987,2,6592,0
40900,93,5,14507,1
40901,1109,3,11156,0
40902,36,3,6518,0
40903,458,4,17004,0
40904,552,3,11010,0
40905,509,6,15244,0
40906,111,7,22848,1
40907,324,5,11707,0
40908,350,4,5975,0
40909,405,7,18494,1
40910,132,8,15894,1
40911,271,7,16078,1
40912,17,7,19908,1
40913,595,6,15890,0
40914,156,6,15953,1
40915,128,9,23553,1
40916,55,5,17617,1
40917,411,4,7863,0
40918,156,9,18749,1
40919,144,9,25633,1
40920,455,4,10763,0
40921,79,4,11694,0
40922,139,5,7882,0
40923,468,5,13709,0
40924,178,11,23158,1
40925,773,2,4554,0
40926,435,3,11716,0
40927,246,5,10929,0
40928,114,7,17919,1
40929,145,9,23410,1
40930,178,4,12281,0
40931,16,7,23752,1
40932,118,3,8907,0
40933,154,5,13742,1
40934,515,2,4947,0
40935,382,6,16492,1
40936,172,3,6891,0
40937,59,8,19113,1
40938,278,3,10697,0
40939,431,5,13216,0
40940,175,5,13699,1
40941,288,8,20053,1
40942,110,9,28535,1
40943,485,4,10548,0
40944,297,2,9604,0
40945,118,7,22705,1
40946,131,3,5882,0
40947,504,4,9477,0
40948,18,7,23355,1
40949,105,4,10887,0
40950,143,2,5077,0
40951,88,2,5058,0
40952,72,8,16488,1
40953,484,3,5858,0
40954,765,3,12357,0
40955,616,3,7873,0
40956,36,4,8361,0
40957,98,4,5638,0
40958,502,4,11029,0
40960,36,10,27732,1
40961,282,9,20850,1
40962,355,3,8810,0
40963,74,3,11576,0
40964,281,4,5413,0
40965,117,4,8178,0
40966,173,9,30485,1
40967,27,7,21128,1
40968,146,6,17177,1
40969,398,2,4463,0
40970,326,5,15890,1
40971,324,4,7574,0
40972,66,5,12207,1
40973,562,3,2831,0
40974,415,5,6256,0
40975,292,6,16388,1
40976,273,7,18401,1
40977,140,2,6778,0
40978,75,4,13009,0
40979,449,6,11265,0
40980,720,3,5751,0
40981,73,4,7596,0
40982,6,4,9471,0
40983,382,1,831,0
40984,39,5,15126,1
40985,348,13,28063,1
40986,292,4,15157,0
40987,537,3,7689,0
40988,59,5,12871,1
40989,169,6,14172,1
40990,69,4,12273,0
40991,98,4,8672,0
40992,44,4,11873,0
40993,163,5,15084,1
40994,820,4,12315,0
40995,278,6,20210,1
40996,1159,1,3997,0
40997,321,2,6640,0
40998,127,3,5558,0
40999,24,5,14251,1
41000,3,5,12215,1
41001,80,7,16327,1
41002,13,8,20363,1
41003,103,8,19482,1
41004,851,5,13174,0
41005,86,7,19640,1
41006,467,2,5217,0
41007,22,5,5942,0
41008,42,5,18162,1
41009,172,7,20996,1
41010,30,4,5636,0
41011,98,4,10952,0
41012,39,7,15424,1
41013,328,6,15359,1
41014,272,6,17394,1
41015,461,3,9166,0
41016,24,6,19449,1
41017,41,1,2665,0
41018,311,6,21923,1
41019,9,6,15880,1
41020,283,3,8891,0
41021,380,6,15034,1
41022,78,10,18456,1
41023,465,3,8999,0
41024,9,6,19411,1
41025,104,3,11215,0
41026,87,5,12366,1
41027,451,4,7171,0
41028,401,2,7318,0
41029,168,4,12682,0
41030,30,4,12167,0
41031,287,5,17360,1
41032,141,10,33380,1
41033,474,2,3982,0
41034,98,10,24238,1
41035,19,7,15652,1
41036,393,2,6515,0
41037,30,6,23775,1
41038,36,7,17203,1
41039,87,2,3567,0
41040,7,3,7595,0
41041,31,2,4769,0
41042,326,9,24382,1
41043,631,4,6361,0
41044,324,6,12261,0
41045,415,4,15889,0
41046,64,7,24638,1
41047,44,7,22934,1
41048,80,5,13082,1
41049,251,5,10730,0
41050,685,4,13775,0
41051,72,6,13145,1
41052,238,7,13485,1
41053,11,6,20214,1
41054,683,2,6468,0
41055,480,2,6332,0
41056,527,4,6495,0
41057,251,7,15735,1
41058,212,8,14900,1
41059,471,4,15149,0
41060,136,4,12613,0
41061,395,4,16425,0
41062,29,5,9421,0
41063,150,10,30847,1
41064,657,2,7372,0
41065,5,7,21083,1
41066,253,7,25496,1
41067,118,6,12783,1
41068,866,3,3168,0
41069,489,2,5873,0
41070,3,5,16103,1
41071,213,4,4253,0
41072,689,4,12923,0
41073,96,8,32329,1
41074,383,4,3884,0
41075,679,4,11997,0
41076,475,2,3151,0
41077,241,4,8023,0
41078,37,4,12288,0
41079,51,8,22968,1
41080,515,5,20139,1
41081,155,6,13013,1
41082,208,7,19620,1
41083,95,5,13891,1
41084,22,10,22620,1
41085,30,5,16756,1
41086,239,8,22837,1
41087,766,1,1431,0
41088,6,9,19863,1
41089,9,5,10375,0
41090,81,6,12024,1
41091,110,5,14649,1
41092,44,7,17079,1
41093,12,4,9480,0
41094,82,3,5019,0
41095,151,8,24332,1
41096,724,3,4961,0
41097,137,9,22502,1
41098,404,8,30034,1
41099,26,4,10771,0
41100,1215,3,10222,0
41101,76,4,6797,0
41102,703,2,547,0
41103,96,6,20271,1
41104,59,5,14038,1
41105,570,2,4707,0
41106,534,3,12570,0
41107,333,6,10802,0
41108,287,9,22240,1
41109,110,6,17189,1
41110,47,4,9664,0
41111,313,4,12298,0
41112,110,7,19246,1
41113,151,6,9391,0
41114,191,5,13769,0
41115,190,5,10919,0
41116,88,3,12212,0
41117,187,2,3145,0
41118,21,9,22119,1
41119,109,10,23370,1
41120,483,7,17184,1
41121,116,9,21721,1
41122,308,6,18197,1
41123,608,3,8560,0
41124,508,2,4034,0
41125,89,10,32065,1
41126,51,4,5623,0
41127,380,6,17926,1
41128,157,2,3867,0
41129,286,4,10229,0
41130,759,3,7780,0
41131,492,1,2531,0
41132,419,7,23823,1
41133,13,7,17506,1
41134,535,6,14062,0
41135,618,2,7237,0
41136,232,5,11853,0
41137,44,4,8581,0
41138,3,9,22668,1
41139,108,5,9317,0
41140,43,6,15961,1
41141,343,6,15521,1
41142,151,4,8498,0
41143,114,4,8618,0
41144,174,5,14415,1
41145,647,1,1261,0
41146,521,4,15977,0
41147,417,3,9858,0
41148,20,8,20856,1
41149,275,5,15847,1
41150,371,4,6137,0
41151,456,4,13551,0
41152,392,9,24838,1
41153,81,7,19518,1
41154,281,9,22440,1
41155,22,3,10066,0
41156,257,7,21411,1
41157,42,3,6259,0
41158,16,4,6455,0
41159,355,4,12847,0
41160,182,6,18434,1
41161,370,6,14843,1
41162,12,3,5629,0
41163,317,5,16012,1
41164,493,3,5250,0
41165,24,8,25755,1
41166,197,1,2160,0
41167,467,4,7672,0
41168,442,3,6128,0
41169,125,5,15406,1
41170,538,4,10298,0
41171,67,4,15534,1
41172,36,7,12871,1
41173,291,7,19659,1
41174,160,6,17203,1
41175,107,8,21705,1
41176,141,5,9646,0
41177,45,4,6531,0
41178,292,6,10343,0
41179,155,3,9302,0
41180,110,8,19735,1
41181,73,7,16696,1
41182,604,1,3206,0
41183,552,4,11092,0
41184,182,1,3701,0
41185,90,6,17776,1
41186,194,3,5447,0
41187,36,7,18979,1
41188,292,7,13875,1
41189,87,6,15841,1
41190,25,8,21603,1
41191,143,5,9721,0
41192,292,4,15021,0
41193,15,5,12629,1
41194,16,9,21304,1
41195,34,4,9155,0
41196,47,5,17163,1
41197,33,4,15160,1
41198,115,7,21992,1
41199,855,1,350,0
41200,663,6,19942,1
41201,67,7,26323,1
41202,12,7,15343,1
41203,848,1,3640,0
41204,68,4,11413,0
41205,766,2,3842,0
41206,170,2,7396,0
41207,696,3,9774,0
41208,81,9,25445,1
41209,14,8,18874,1
41210,48,7,13825,1
41211,50,5,10860,0
41212,63,7,19571,1
41213,130,4,11677,0
41214,168,2,3873,0
41215,206,8,16804,1
41216,175,7,17577,1
41217,250,1,4358,0
41218,71,3,7326,0
41219,452,4,10968,0
41220,207,9,29335,1
41221,154,5,12895,0
41222,8,10,27160,1
41223,89,10,28016,1
41224,146,6,14374,1
41225,172,6,15285,1
41226,111,6,21984,1
41227,461,3,3545,0
41228,82,3,10571,0
41229,291,2,4970,0
41230,108,4,7044,0
41231,76,6,19051,1
41232,57,9,21072,1
41233,28,7,25786,1
41234,15,5,10376,0
41235,432,7,26045,1
41236,174,7,10603,1
41237,174,6,18322,1
41238,26,5,11979,1
41239,1,9,24306,1
41240,319,7,16977,1
41241,294,6,17910,1
41242,231,3,12949,0
41243,450,4,7124,0
41244,207,7,22189,1
41245,320,3,6110,0
41246,136,8,24111,1
41247,16,6,17137,1
41248,6,7,19183,1
41249,627,1,719,0
41250,315,4,7863,0
41251,24,8,23766,1
41252,99,4,12127,0
41253,131,4,13928,0
41254,255,4,11358,0
41255,111,5,12293,0
41256,578,4,11632,0
41257,579,2,4800,0
41258,610,4,13107,0
41259,264,3,6135,0
41260,15,7,20073,1
41261,81,5,19397,1
41262,369,7,22027,1
41263,387,7,17363,1
41264,284,7,13994,1
41265,377,3,9831,0
41266,146,6,15586,1
41267,555,4,11478,0
41268,24,5,16237,1
41269,1205,3,11009,0
41270,66,11,26368,1
41271,713,5,17165,0
41272,473,5,13869,0
41273,286,4,10074,0
41274,264,4,7910,0
41275,6,3,5921,0
41276,217,3,4546,0
41277,271,7,20596,1
41278,27,4,4952,0
41279,848,2,7119,0
41280,286,7,20586,1
41281,1028,2,5375,0
41282,145,4,14671,0
41283,325,5,13167,0
41284,212,7,20673,1
41285,301,8,26800,1
41286,247,2,5664,0
41287,162,10,31019,1
41288,7,1,4195,0
41289,62,6,19091,1
41290,5,11,29830,1
41291,85,1,4521,0
41292,597,4,14180,0
41293,168,6,17861,1
41294,19,4,15240,1
41295,452,4,9752,0
41296,109,7,15953,1
41297,319,5,9912,0
41298,422,6,17805,1
41299,181,6,7957,0
41300,42,7,20923,1
41301,467,5,12476,0
41302,446,6,14031,0
41303,598,3,10176,0
41304,12,9,26655,1
41305,17,8,24614,1
41306,22,4,13331,0
41307,272,2,7381,0
41308,57,5,17359,1
41309,60,7,14312,1
41310,275,6,16939,1
41311,136,5,13067,1
41313,39,4,14297,0
41314,1183,1,1346,0
41315,116,2,8284,0
41316,54,4,13121,0
41317,220,8,26292,1
41318,55,3,3112,0
41319,511,6,20705,1
41320,318,5,9786,0
41321,265,4,18485,1
41322,205,4,7849,0
41323,1004,2,1330,0
41324,592,2,5904,0
41325,865,3,8550,0
41326,949,2,6939,0
41327,408,8,14711,1
41328,349,4,7711,0
41329,381,1,3399,0
41331,68,4,6243,0
41332,68,7,13012,1
41333,597,4,10497,0
41334,125,3,3783,0
41335,90,6,6843,0
41336,359,3,6739,0
41337,251,6,20534,1
41338,8,7,14520,1
41339,239,3,8807,0
41340,262,3,8054,0
41341,451,4,10739,0
41343,180,7,21856,1
41344,239,6,20785,1
41345,31,10,31032,1
41346,45,3,7213,0
41347,82,5,16473,1
41348,139,4,13575,0
41349,31,4,6778,0
41350,711,5,12390,0
41351,305,6,12258,0
41352,908,3,3992,0
41353,634,6,16731,0
41354,1,6,15198,1
41355,308,4,11552,0
41356,859,1,513,0
41357,19,8,21891,1
41358,62,5,10901,0
41359,167,7,20294,1
41360,129,2,2128,0
41361,208,10,20955,1
41362,119,8,22014,1
41363,276,4,14293,0
41364,109,9,34383,1
41365,195,8,20927,1
41366,423,3,6124,0
41367,115,5,14091,1
41368,470,4,13235,0
41369,151,4,11201,0
41371,566,3,14402,0
41372,861,1,682,0
41373,58,8,20299,1
41374,509,2,3818,0
41375,191,3,5548,0
41376,552,2,1706,0
41377,942,3,9638,0
41378,210,3,4145,0
41379,140,9,32163,1
41380,40,8,13569,1
41381,66,5,10262,0
41382,68,3,5671,0
41383,222,4,11539,0
41384,72,8,16467,1
41385,29,7,17789,1
41386,1012,4,13412,0
41387,64,6,16949,1
41388,164,6,18400,1
41389,102,4,11609,0
41390,303,4,9087,0
41391,489,4,10479,0
41392,211,4,12559,0
41393,526,2,2201,0
41394,59,6,13193,1
41395,993,2,6510,0
41396,194,8,21411,1
41397,444,3,5699,0
41398,37,5,16527,1
41399,540,2,2355,0
41400,115,7,18620,1
41401,368,3,10268,0
41402,55,8,23204,1
41403,143,2,6068,0
41404,579,1,532,0
41405,129,3,12126,0
41406,190,2,6676,0
41407,112,5,8742,0
41408,59,9,25386,1
41409,116,6,17050,1
41410,147,9,20700,1
41411,203,7,12617,1
41412,249,6,19577,1
41413,33,6,20327,1
41414,467,4,10539,0
41415,266,5,9204,0
41416,52,6,21236,1
41417,20,7,23478,1
41418,589,2,3036,0
41419,762,5,14640,0
41420,244,3,11291,0
41421,14,3,10555,0
41422,138,5,15584,1
41423,113,9,24648,1
41424,301,6,17390,1
41425,101,5,9137,0
41426,215,4,7330,0
41427,136,3,4880,0
41428,633,2,5678,0
41429,113,7,16767,1
41430,69,3,5108,0
41431,54,9,28942,1
41432,91,3,8582,0
41433,226,11,26190,1
41434,143,6,10963,1
41435,266,7,18182,1
41436,164,8,26360,1
41437,23,7,19490,1
41438,336,8,24010,1
41439,122,7,16133,1
41440,102,8,23968,1
41441,545,3,9787,0
41442,181,5,12213,0
41443,11,7,25072,1
41444,194,5,11376,0
41445,426,4,11176,0
41446,221,3,12093,0
41447,54,3,4919,0
41448,295,2,6895,0
41449,139,5,14606,1
41450,84,8,17590,1
41451,232,5,18470,1
41452,213,4,5049,0
41453,55,8,26697,1
41454,108,3,6011,0
41455,173,4,14997,0
41456,61,8,25070,1
41457,360,3,10195,0
41458,66,9,28707,1
41459,648,4,9202,0
41460,847,7,14569,0
41461,15,6,13071,1
41462,59,8,21083,1
41463,257,5,16991,1
41464,191,5,12165,0
41465,26,4,8367,0
41466,87,3,7415,0
41467,89,8,21874,1
41468,275,6,13176,1
41469,51,5,16648,1
41470,40,5,11463,0
41471,139,5,14267,1
41472,206,7,19124,1
41473,254,8,17538,1
41474,35,8,19288,1
41475,352,4,14440,0
41476,259,5,14519,0
41477,260,4,12861,0
41478,186,6,18401,1
41479,702,3,8606,0
41480,174,5,11841,0
41481,257,7,24656,1
41482,147,4,9488,0
41483,405,4,8900,0
41484,345,4,11379,0
41485,234,5,14009,0
41486,5,6,14320,1
41487,673,3,6719,0
41488,67,3,8356,0
41489,930,1,1023,0
41490,63,9,19648,1
41491,609,10,21568,1
41492,160,4,7574,0
41493,490,2,10312,0
41494,315,3,4487,0
41495,249,4,12392,0
41496,789,4,8984,0
41497,79,7,14628,1
41498,283,7,20137,1
41499,392,2,5586,0
41500,877,4,14081,0
41501,197,1,2456,0
41502,119,4,14071,0
41503,157,4,16581,1
41504,86,10,26056,1
41505,42,3,6267,0
41506,266,3,6009,0
41507,67,2,1482,0
41508,180,4,11132,0
41509,684,2,2746,0
41510,77,9,22484,1
41511,183,8,23582,1
41512,241,4,9517,0
41513,268,6,19041,1
41514,185,5,18341,1
41515,175,8,26270,1
41516,13,9,27171,1
41517,24,8,19986,1
41518,169,5,14352,1
41519,307,5,13314,0
41520,265,5,14638,0
41521,324,3,8795,0
41522,334,4,2846,0
41523,9,10,28486,1
41524,293,4,17527,0
41525,38,4,9040,0
41526,45,8,18462,1
41527,734,3,10477,0
41528,534,5,19006,0
41529,795,3,6433,0
41530,583,3,10226,0
41531,24,5,11192,0
41532,77,2,7468,0
41533,907,1,1501,0
41534,535,3,9922,0
41535,207,1,3028,0
41536,274,5,9779,0
41537,107,5,18841,1
41538,234,2,3295,0
41539,358,4,16349,0
41540,267,5,16093,1
41541,677,3,3002,0
41542,158,8,19373,1
41543,453,8,16835,1
41544,188,8,26776,1
41545,79,6,13609,1
41546,215,6,21331,1
41547,9,4,12394,0
41548,515,2,6995,0
41549,836,3,5921,0
41550,171,5,20794,1
41551,116,5,11797,0
41552,638,3,5023,0
41553,143,5,9647,0
41554,137,6,15505,1
41555,87,10,27580,1
41556,21,8,18234,1
41557,11,6,14756,1
41558,228,6,15268,1
41559,279,8,15866,1
41560,63,5,13320,1
41561,39,7,23136,1
41562,177,4,13962,0
41563,20,4,8738,0
41564,200,2,4800,0
41565,22,11,30294,1
41566,138,3,9282,0
41567,141,2,5491,0
41568,89,8,29251,1
41569,414,6,23226,1
41570,971,4,10840,0
41571,123,8,27577,1
41572,1088,3,8102,0
41573,42,4,5937,0
41574,69,7,21338,1
41575,72,5,10756,0
41576,306,3,6916,0
41577,202,1,1963,0
41578,111,6,17120,1
41579,6,7,21189,1
41580,102,3,9590,0
41581,284,6,18624,1
41582,430,6,11477,0
41583,467,6,13373,0
41584,279,5,13776,0
41585,15,5,12032,1
41586,39,5,15494,1
41587,844,2,6011,0
41588,227,3,6305,0
41589,555,5,14269,0
41590,178,6,10969,1
41591,66,8,18145,1
41592,124,1,4859,0
41593,300,3,10247,0
41594,158,6,19113,1
41595,203,6,21652,1
41596,323,9,18248,1
41597,176,2,3380,0
41598,117,4,10646,0
41599,201,6,17190,1
41600,371,7,17305,1
41601,259,7,21428,1
41602,1324,1,1084,0
41603,189,5,14406,1
41604,2,8,24015,1
41605,598,3,6268,0
41606,396,6,12703,0
41607,577,4,11824,0
41608,384,2,6229,0
41610,130,4,10669,0
41611,497,6,14390,0
41612,391,3,6467,0
41613,393,5,11912,0
41614,151,6,22247,1
41615,110,4,10078,0
41616,7,6,17023,1
41617,160,6,18468,1
41618,44,5,16209,1
41619,386,5,15471,0
41620,66,5,12577,1
41621,78,5,16072,1
41622,45,3,7993,0
41623,337,2,7727,0
41624,453,2,6357,0
41625,377,4,7566,0
41626,157,3,5293,0
41627,506,5,13806,0
41628,122,3,5144,0
41629,430,4,11502,0
41630,374,3,7406,0
41631,99,5,10852,0
41632,62,8,22915,1
41633,375,4,13260,0
41634,89,6,20703,1
41636,7,5,17021,1
41637,51,6,11614,1
41638,424,7,22834,1
41639,173,6,17719,1
41640,139,4,12083,0
41641,311,2,9706,0
41642,519,2,4287,0
41643,320,6,18701,1
41644,187,9,30551,1
41645,756,3,7389,0
41646,40,10,21959,1
41647,489,6,22325,1
41648,86,4,10478,0
41649,519,5,10775,0
41650,283,2,3291,0
41651,815,3,5980,0
41652,7,5,15961,1
41653,873,1,631,0
41654,288,8,26717,1
41655,207,2,8411,0
41656,12,4,11151,0
41657,10,9,22226,1
41658,702,4,4437,0
41659,334,5,14472,0
41660,237,2,4463,0
41661,140,3,7477,0
41662,625,2,8081,0
41663,114,7,16171,1
41664,389,8,18599,1
41665,30,3,7512,0
41666,448,1,3401,0
41667,181,6,12584,1
41668,657,2,6516,0
41669,65,6,16036,1
41670,476,3,10517,0
41671,414,6,13222,0
41672,106,6,18504,1
41673,15,8,14079,1
41674,45,4,13105,0
41675,130,5,11078,0
41676,309,8,23215,1
41677,229,6,20420,1
41678,98,3,7677,0
41679,332,10,31156,1
41680,950,2,2871,0
41681,37,5,14018,1
41682,19,3,7260,0
41683,29,5,13462,1
41684,9,6,13727,1
41685,15,8,25629,1
41686,571,2,2877,0
41687,16,4,12628,0
41688,205,4,11111,0
41689,118,4,13508,0
41690,393,2,2227,0
41691,861,4,8919,0
41692,242,5,12485,0
41693,162,5,14911,1
41694,548,6,16774,1
41695,66,10,25535,1
41696,167,9,26313,1
41697,103,6,20218,1
41698,185,5,18553,1
41699,200,6,15616,1
41700,257,5,19966,1
41701,297,5,11991,0
41702,197,2,7582,0
41703,156,11,25397,1
41704,56,2,6045,0
41705,482,4,14226,0
41706,381,3,8517,0
41707,564,5,12194,0
41708,194,5,11969,0
41709,765,8,23705,1
41710,147,2,4858,0
41711,88,4,13730,0
41712,409,3,5528,0
41713,63,8,19779,1
41714,165,5,10318,0
41715,37,5,9607,0
41716,52,7,20785,1
41717,103,3,7536,0
41718,110,2,7866,0
41719,38,4,11078,0
41720,85,5,16650,1
41721,710,4,17786,0
41722,194,6,24800,1
41723,98,2,7381,0
41724,116,5,15133,1
41725,22,5,15783,1
41726,493,5,13498,0
41727,219,4,5568,0
41728,1,7,19298,1
41729,407,3,6524,0
41730,157,6,20985,1
41731,8,3,6647,0
41732,63,9,32928,1
41733,259,5,6322,0
41734,255,1,2992,0
41735,156,7,17246,1
41736,320,2,4693,0
41737,139,4,12675,0
41738,24,5,12373,1
41739,366,2,8133,0
41740,131,5,12066,0
41741,108,4,12349,0
41742,164,3,9854,0
41743,40,5,12462,1
41744,212,1,1189,0
41745,94,4,11026,0
41746,74,6,20619,1
41747,98,5,15924,1
41748,160,10,25944,1
41749,5,8,17738,1
41750,61,4,5938,0
41751,196,3,9838,0
41752,384,3,5745,0
41753,601,1,2471,0
41754,269,6,13502,1
41755,281,4,5576,0
41756,45,5,8268,0
41757,433,6,13330,0
41759,314,6,16314,1
41760,143,7,17082,1
41761,270,5,10477,0
41762,144,4,14733,0
41763,386,5,11304,0
41764,100,5,12025,0
41765,538,4,10102,0
41766,518,4,8980,0
41767,199,5,21422,1
41768,98,3,6378,0
41769,331,5,17107,1
41770,535,5,15030,0
41771,66,5,9364,0
41772,352,5,14760,0
41773,114,5,12250,0
41774,903,1,4732,0
41775,294,5,11250,0
41776,657,2,4454,0
41777,79,8,23290,1
41778,7,8,20917,1
41779,67,7,15856,1
41780,4,7,15833,1
41781,268,3,7854,0
41782,221,7,17435,1
41783,94,6,15687,1
41784,327,5,7163,0
41785,659,6,12158,0
41786,133,4,15419,0
41787,81,5,21971,1
41788,508,4,9440,0
41789,41,6,21470,1
41790,716,1,3337,0
41791,550,1,3084,0
41792,312,6,9542,0
41793,512,5,14603,0
41794,603,3,3823,0
41795,206,2,6089,0
41796,4,8,16558,1
41797,40,3,7053,0
41798,366,2,6770,0
41799,283,3,2248,0
41800,38,8,18267,1
41801,490,3,10563,0
41802,214,4,8505,0
41803,43,6,17828,1
41804,183,10,24219,1
41805,722,2,8580,0
41806,68,6,15187,1
41807,167,5,20428,1
41808,918,6,17607,0
41809,466,6,8339,0
41810,122,9,19954,1
41811,822,3,9107,0
41812,11,7,24571,1
41813,499,3,6363,0
41814,77,3,11365,0
41815,827,2,4750,0
41816,66,7,16277,1
41817,506,4,7733,0
41818,79,6,13271,1
41819,249,4,12535,0
41821,258,10,25474,1
41822,36,3,8906,0
41823,294,7,15335,1
41824,162,6,24030,1
41825,68,6,16693,1
41826,108,4,13325,0
41827,267,5,13606,0
41828,609,3,11300,0
41829,38,5,11351,0
41830,120,7,13846,1
41831,113,4,13295,0
41832,897,1,2320,0
41833,397,6,14129,1
41834,31,3,9240,0
41835,27,8,26640,1
41836,493,4,8765,0
41837,151,7,17946,1
41838,159,5,9791,0
41839,986,2,1322,0
41840,311,3,5403,0
41841,348,4,7893,0
41842,1122,2,6181,0
41843,215,4,14681,0
41844,60,7,18336,1
41845,596,5,16687,0
41846,183,4,10243,0
41847,117,4,10627,0
41848,671,1,2394,0
41849,33,3,6428,0
41850,250,8,15150,1
41851,161,8,23168,1
41852,65,5,17908,1
41853,292,4,10068,0
41854,202,3,6289,0
41855,143,9,24325,1
41856,148,7,19080,1
41857,60,5,17785,1
41858,99,3,13504,0
41859,952,3,2645,0
41860,433,4,14426,0
41861,299,4,11731,0
41862,708,3,8723,0
41863,84,11,39878,1
41864,61,5,9529,0
41865,63,2,8462,0
41866,281,5,19495,1
41867,131,3,6829,0
41868,125,3,7893,0
41869,254,6,17077,1
41870,720,2,1744,0
41871,209,8,22425,1
41872,288,8,23880,1
41873,322,5,11132,0
41874,113,6,12681,1
41875,368,5,12424,0
41876,218,3,6109,0
41877,72,4,11879,0
41878,50,7,17658,1
41879,131,6,10565,1
41880,450,6,14407,0
41881,104,5,11484,0
41882,161,8,27329,1
41883,230,2,5584,0
41884,284,7,16248,1
41885,173,3,11995,0
41886,1,6,18776,1
41887,190,1,253,0
41888,260,4,10481,0
41889,201,3,6907,0
41891,41,8,24431,1
41892,77,3,1693,0
41893,117,6,15885,1
41894,585,3,10122,0
41895,74,3,6518,0
41896,115,2,5237,0
41897,44,6,12816,1
41898,311,8,15351,1
41899,357,4,11135,0
41900,88,7,18583,1
41901,12,3,6889,0
41902,411,4,11213,0
41903,177,4,8188,0
41904,316,3,5408,0
41905,139,4,9907,0
41906,745,1,1643,0
41907,84,4,8554,0
41908,32,5,13733,1
41909,59,6,18736,1
41910,561,4,12387,0
41911,4,13,34907,1
41912,415,6,17696,1
41913,32,6,18150,1
41914,223,6,15040,1
41915,56,6,13130,1
41916,110,5,14453,1
41917,115,2,2168,0
41918,73,10,22641,1
41919,671,5,17038,0
41920,763,3,9517,0
41921,220,5,11218,0
41922,164,7,17386,1
41923,49,5,14859,1
41924,535,4,9950,0
41925,681,1,2472,0
41926,14,6,14982,1
41927,238,6,16724,1
41928,517,5,17596,0
41929,49,6,22513,1
41930,461,4,3865,0
41931,83,7,16670,1
41932,52,8,11623,1
41933,464,4,9220,0
41934,306,7,22357,1
41935,191,4,9524,0
41936,197,3,6236,0
41937,297,5,14574,0
41938,457,6,14721,0
41939,557,6,13918,0
41940,219,3,7369,0
41941,597,5,12336,0
41942,343,4,15331,0
41943,552,3,10624,0
41944,4,8,17017,1
41945,144,4,12631,0
41946,248,6,22237,1
41947,49,6,18330,1
41948,293,3,6555,0
41949,69,5,13953,1
41950,52,2,9254,0
41951,50,10,24381,1
41952,1242,1,2519,0
41953,606,4,8357,0
41954,230,3,9864,0
41955,389,4,7007,0
41956,555,2,7414,0
41957,334,4,15160,0
41958,272,8,23006,1
41959,106,3,11036,0
41960,5,5,13685,1
41961,51,9,19908,1
41962,166,4,14056,0
41963,277,4,11147,0
41964,144,10,27640,1
41965,118,5,13991,1
41966,275,2,5193,0
41967,707,5,14092,0
41968,156,2,5528,0
41969,20,7,16436,1
41970,381,6,12628,0
41971,322,6,14045,1
41972,343,4,6073,0
41973,77,3,7031,0
41974,89,6,10990,1
41975,1019,3,12444,0
41976,172,11,23066,1
41977,196,5,12846,0
41978,201,6,18981,1
41979,343,6,19821,1
41980,1122,2,5232,0
41981,45,7,15431,1
41982,31,6,18049,1
41983,132,6,17504,1
41984,842,3,8042,0
41985,374,2,6640,0
41986,158,7,22153,1
41987,134,4,9988,0
41988,450,2,3333,0
41989,201,6,5609,0
41990,620,3,10954,0
41991,607,3,7203,0
41992,313,4,11828,0
41993,101,10,23616,1
41994,172,5,12839,0
41995,24,3,8148,0
41996,38,7,19106,1
41997,2,4,16049,1
41998,266,3,10220,0
41999,379,3,7309,0
42000,617,9,24011,1
42001,427,6,14373,1
42002,126,1,2409,0
42003,450,3,9079,0
42004,53,6,12840,1
42005,357,3,6263,0
42006,180,5,11662,0
42007,243,5,18827,1
42008,17,7,13416,1
42009,282,2,5960,0
42010,31,4,9853,0
42011,81,4,18214,1
42012,395,6,17482,1
42013,90,3,11157,0
42014,151,6,15944,1
42015,85,6,12357,1
42016,96,7,14821,1
42017,216,5,15501,1
42018,29,4,10049,0
42019,386,5,12088,0
42020,172,3,4805,0
42021,553,5,14431,0
42022,802,1,2980,0
42023,424,5,9722,0
42024,531,5,14224,0
42025,126,5,11488,0
42026,280,8,18652,1
42027,79,3,8551,0
42028,25,7,21566,1
42029,458,8,23819,1
42030,957,2,6317,0
42031,951,3,7792,0
42032,192,6,14582,1
42033,241,4,7110,0
42034,649,2,6965,0
42035,177,10,39916,1
42036,232,6,19316,1
42037,337,3,8583,0
42038,1242,2,4117,0
42039,480,6,19631,1
42040,289,4,7326,0
42041,266,3,7333,0
42042,106,6,17187,1
42043,208,4,15764,0
42044,155,7,23191,1
42045,29,4,13790,0
42046,274,7,25901,1
42047,866,1,4818,0
42048,152,4,10774,0
42049,278,1,1311,0
42050,73,3,9470,0
42051,200,7,20388,1
42052,102,4,15842,1
42053,379,7,25713,1
42054,99,4,12637,0
42055,82,6,16799,1
42056,172,6,20995,1
42057,82,8,21176,1
42058,31,6,12523,1
42059,123,6,16873,1
42060,333,5,10944,0
42061,15,6,17551,1
42062,55,7,23682,1
42063,1099,1,1206,0
42064,162,8,21672,1
42065,2,7,18118,1
42066,11,10,30060,1
42067,20,3,12749,0
42068,103,5,11169,0
42069,666,2,1859,0
42070,49,8,26028,1
42071,238,4,7279,0
42072,311,2,7429,0
42073,85,4,7842,0
42074,421,8,10327,1
42075,222,9,21860,1
42076,291,5,10198,0
42077,689,3,3118,0
42078,419,3,5452,0
42079,34,5,16072,1
42080,276,5,8043,0
42081,69,8,23445,1
42082,319,8,22323,1
42083,459,4,9320,0
42084,79,8,20406,1
42085,232,5,13688,0
42086,83,3,7137,0
42087,584,3,6594,0
42088,729,5,16726,0
42090,93,6,16527,1
42091,150,2,5340,0
42092,968,4,13997,0
42093,168,5,15811,1
42094,42,3,6968,0
42095,189,9,19559,1
42096,92,8,22015,1
42097,96,8,25071,1
42098,590,3,9866,0
42099,55,4,11159,0
42100,115,4,8078,0
42101,95,7,21083,1
42102,111,7,20173,1
42103,421,5,9895,0
42104,632,4,5084,0
42105,738,3,6637,0
42106,14,7,21609,1
42107,21,5,10178,0
42108,669,4,14234,0
42109,7,7,17878,1
42110,26,6,13801,1
42111,629,4,13162,0
42112,21,2,6998,0
42113,93,4,12031,0
42114,53,7,16054,1
42115,442,2,6456,0
42116,252,6,17525,1
42117,38,5,13927,1
42118,219,6,16019,1
42119,52,6,16818,1
42120,6,7,24442,1
42121,392,2,8261,0
42122,110,6,14530,1
42123,833,8,19038,1
42124,123,2,1568,0
42125,39,3,6734,0
42126,103,3,8024,0
42127,78,8,19547,1
42128,342,6,21343,1
42129,620,3,7115,0
42130,507,3,14638,0
42131,16,6,18080,1
42132,73,9,25517,1
42133,218,4,14653,0
42134,7,6,7767,0
42135,117,5,11129,0
42136,323,4,14367,0
42137,58,6,15847,1
42138,296,1,2828,0
42139,522,4,12641,0
42140,308,5,13550,0
42141,327,5,11950,0
42142,128,5,8768,0
42143,228,3,9260,0
42144,581,3,8135,0
42145,658,6,14404,0
42146,34,4,10469,0
42147,184,4,9656,0
42148,126,8,29757,1
42149,9,6,18910,1
42150,219,3,11648,0
42151,20,9,24915,1
42152,343,6,17351,1
42153,49,5,12540,1
42154,681,4,10326,0
42155,107,5,15999,1
42156,74,7,19151,1
42157,57,13,39011,1
42158,146,2,2098,0
42159,309,3,6685,0
42160,188,7,21593,1
42161,269,13,35469,1
42162,188,7,17678,1
42163,373,6,15588,1
42164,805,1,1496,0
42165,1169,2,5375,0
42166,59,9,24227,1
42167,154,9,21068,1
42168,74,5,14075,1
42169,122,5,14639,1
42170,49,3,9855,0
42171,66,5,19791,1
42172,42,6,20471,1
42173,181,7,18581,1
42174,806,3,12569,0
42175,182,6,17919,1
42176,66,7,23731,1
42177,205,8,21786,1
42178,467,4,10021,0
42179,181,13,36654,1
42180,40,4,8837,0
42181,97,4,11748,0
42182,372,7,18263,1
42183,278,4,15372,0
42184,146,6,12802,1
42185,90,9,20520,1
42186,185,8,25314,1
42187,89,6,14538,1
42188,331,4,11156,0
42189,31,6,18558,1
42190,3,8,18742,1
42191,49,9,19648,1
42192,66,7,17480,1
42193,394,4,10190,0
42194,22,5,8003,0
42195,91,6,18457,1
42196,70,11,35129,1
42197,608,1,720,0
42198,304,8,19143,1
42199,110,5,24179,1
42200,99,6,22850,1
42201,11,7,19157,1
42202,271,3,7035,0
42203,375,9,19742,1
42204,139,7,22735,1
42205,330,4,10274,0
42206,784,6,9848,0
42207,644,2,8567,0
42208,273,3,4594,0
42209,89,6,19792,1
42210,351,5,13015,0
42211,279,3,9013,0
42212,102,7,21261,1
42213,79,8,21551,1
42214,317,3,3549,0
42215,98,7,14133,1
42216,188,5,10491,0
42217,436,6,17241,1
42218,208,4,14786,0
42219,310,3,2172,0
42220,646,3,10772,0
42221,295,7,15090,1
42222,150,4,14195,0
42223,21,7,19206,1
42224,132,5,10657,0
42225,204,7,21340,1
42226,122,4,11746,0
42227,36,6,11519,1
42228,1,4,13335,0
42229,40,1,2449,0
42230,464,3,11982,0
42231,246,9,23427,1
42232,18,3,7297,0
42233,140,2,2380,0
42234,84,4,12358,0
42235,261,3,8338,0
42236,51,7,21131,1
42237,709,3,12225,0
42238,664,1,4554,0
42239,212,6,18935,1
42240,2,6,18458,1
42241,282,7,19609,1
42242,19,10,24937,1
42243,31,4,12438,0
42244,193,7,17225,1
42245,79,4,9010,0
42246,142,4,9078,0
42247,116,7,18700,1
42248,112,5,17331,1
42249,282,4,11616,0
42250,143,9,28063,1
42251,353,2,7471,0
42252,55,6,10925,1
42253,714,6,12555,0
42254,160,5,9692,0
42255,501,5,15830,0
42256,170,8,22565,1
42257,586,5,18593,0
42258,289,3,11998,0
42259,124,4,5892,0
42260,175,7,17244,1
42261,6,6,8560,1
42262,124,8,22288,1
42263,22,4,8436,0
42264,132,7,20926,1
42265,145,3,8190,0
42266,601,3,8985,0
42267,306,5,10483,0
42268,679,3,7159,0
42269,350,7,17750,1
42270,826,4,14673,0
42271,173,4,11553,0
42272,11,11,20734,1
42273,35,5,14353,1
42274,147,7,12604,1
42275,188,6,15264,1
42276,360,6,19954,1
42277,99,7,18784,1
42278,41,6,20000,1
42279,96,6,11706,1
42280,598,7,17030,1
42281,20,6,12032,1
42282,468,4,10684,0
42283,243,4,16671,0
42284,555,6,12155,0
42285,1041,2,3964,0
42286,424,2,2754,0
42287,268,8,19143,1
42288,64,3,9635,0
42289,343,4,12161,0
42290,481,5,10753,0
42291,175,10,20714,1
42292,204,6,21679,1
42293,68,7,15367,1
42294,55,9,29683,1
42295,486,5,16033,0
42296,192,7,20187,1
42297,87,12,37272,1
42298,286,7,22191,1
42299,95,8,25946,1
42300,258,9,18775,1
42301,25,2,6302,0
42302,99,8,20158,1
42303,235,5,8139,0
42304,351,6,12064,0
42305,704,1,1616,0
42306,156,2,6580,0
42307,314,7,16972,1
42308,185,3,3543,0
42309,7,9,22577,1
42310,657,2,9814,0
42311,186,4,10588,0
42312,656,4,11194,0
42313,378,4,12369,0
42314,645,2,1650,0
42315,265,6,14483,1
42316,6,6,10515,1
42317,94,5,7716,0
42318,330,4,14250,0
42319,211,4,10458,0
42320,24,5,11296,1
42321,38,5,11995,1
42322,482,10,22557,1
42323,351,8,18236,1
42324,170,4,11703,0
42325,306,8,14339,1
42326,7,4,11448,0
42327,174,8,18367,1
42328,15,6,21442,1
42329,217,6,15310,1
42330,1037,1,4941,0
42331,299,4,7978,0
42332,109,3,10144,0
42333,425,4,12460,0
42334,26,10,23409,1
42335,176,5,11220,0
42336,785,3,7533,0
42337,64,2,1560,0
42338,306,3,10199,0
42339,371,6,14137,1
42340,286,7,14237,1
42341,259,7,21027,1
42342,123,4,9673,0
42343,450,2,4172,0
42344,351,3,9686,0
42345,28,7,14743,1
42346,18,1,2120,0
42347,355,6,21791,1
42348,44,7,20630,1
42349,963,4,5664,0
42350,97,3,7201,0
42351,65,4,11383,0
42352,911,2,8352,0
42353,67,10,29201,1
42354,10,4,7460,0
42355,405,4,14687,0
42356,138,5,21269,1
42357,23,5,13373,1
42358,100,2,2046,0
42359,408,5,11188,0
42360,72,6,11470,1
42361,271,9,22139,1
42362,286,4,10023,0
42363,155,7,21293,1
42364,75,3,8807,0
42365,242,4,6743,0
42366,318,4,13399,0
42367,345,2,7955,0
42368,407,5,13414,0
42369,84,7,17115,1
42370,50,3,12190,0
42371,691,3,12221,0
42372,174,7,13706,1
42373,139,7,20368,1
42374,295,4,12570,0
42375,38,6,11466,1
42376,78,6,14919,1
42377,209,4,9657,0
42378,106,4,12118,0
42379,200,4,14495,0
42380,251,4,12139,0
42381,208,4,10903,0
42382,274,4,12377,0
42383,687,1,938,0
42384,206,7,25520,1
42385,194,7,20150,1
42386,40,7,24193,1
42387,512,1,2218,0
42388,312,5,14308,0
42389,9,3,9114,0
42390,212,5,11425,0
42391,210,6,13910,1
42392,30,5,13202,1
42393,225,4,11393,0
42394,401,3,10955,0
42395,257,7,21180,1
42396,33,7,22934,1
42397,95,5,14760,1
42398,5,5,11326,1
42399,198,5,17930,1
42400,658,5,18589,0
42401,280,5,15725,1
42402,281,5,14041,0
42403,26,7,16966,1
42404,6,8,26557,1
42405,542,3,7784,0
42406,15,5,10401,0
42407,109,8,19888,1
42408,693,6,17751,0
42409,94,6,21014,1
42410,155,5,14384,1
42411,228,7,20594,1
42412,428,4,7318,0
42413,70,3,11667,0
42414,60,4,13013,0
42415,132,4,11932,0
42416,343,8,28332,1
42417,122,5,12962,1
42418,23,9,24003,1
42419,39,6,16687,1
42420,155,8,19306,1
42421,24,2,6877,0
42422,248,4,12200,0
42423,70,7,21351,1
42424,12,3,9866,0
42425,139,6,19232,1
42426,4,10,25015,1
42427,324,5,10438,0
42428,42,4,9103,0
42429,262,5,14557,0
42430,126,5,12098,0
42431,337,6,12470,0
42432,303,5,11889,0
42433,548,5,12686,0
42434,218,4,13782,0
42435,1199,2,3444,0
42436,152,6,16103,1
42437,19,8,25748,1
42438,135,3,9835,0
42439,27,7,25510,1
42440,107,7,16244,1
42441,25,7,17361,1
42442,159,5,10994,0
42443,553,4,4725,0
42444,561,8,20262,1
42445,110,3,5283,0
42446,149,4,9496,0
42447,597,1,4561,0
42448,164,11,33684,1
42449,156,7,18403,1
42450,683,3,7406,0
42451,275,6,11890,0
42452,105,6,15088,1
42453,164,5,12425,0
42454,214,5,11845,0
42455,43,5,18306,1
42456,46,7,20681,1
42457,198,7,13413,1
42458,474,6,20921,1
42459,226,9,27788,1
42460,18,5,12796,1
42461,164,3,6617,0
42462,185,2,6997,0
42463,38,3,11300,0
42464,165,2,4498,0
42465,122,11,26885,1
42466,708,3,1932,0
42467,165,5,10851,0
42468,33,7,22152,1
42469,289,4,16503,0
42470,579,2,4149,0
42471,124,4,12841,0
42472,195,4,13520,0
42473,197,8,17955,1
42474,69,7,21612,1
42475,61,9,19284,1
42476,135,2,7631,0
42477,65,5,12314,1
42478,116,4,6628,0
42479,575,2,6139,0
42480,217,5,16718,1
42481,203,5,6661,0
42482,90,5,16270,1
42483,319,5,20814,1
42484,600,3,11873,0
42485,636,3,8976,0
42486,163,7,21957,1
42487,59,7,23068,1
42488,326,5,16588,1
42489,66,7,20968,1
42490,122,6,15331,1
42491,43,10,37834,1
42492,451,4,11421,0
42493,99,2,6218,0
42494,364,6,15648,1
42495,262,3,8350,0
42496,43,6,13946,1
42497,293,7,12622,1
42498,68,7,13667,1
42499,179,2,6168,0
42500,191,3,13013,0
42501,101,5,9226,0
42502,75,8,22344,1
42503,105,7,22183,1
42504,219,5,18614,1
42505,97,3,7993,0
42506,38,11,37481,1
42507,152,2,4272,0
42508,55,3,11152,0
42509,120,8,21171,1
42510,331,5,11036,0
42511,72,4,13805,0
42512,593,3,4964,0
42513,1028,1,1993,0
42514,344,2,6403,0
42515,165,7,17494,1
42516,546,3,6260,0
42517,27,8,25563,1
42518,207,6,15547,1
42519,520,3,7427,0
42520,457,3,8189,0
42521,28,6,15057,1
42522,844,1,4086,0
42523,376,4,7492,0
42524,17,6,16863,1
42525,123,5,10243,0
42526,520,5,13468,0
42527,69,3,5870,0
42528,74,5,6224,0
42529,60,6,19957,1
42530,373,8,17201,1
42531,42,6,19306,1
42532,200,2,6341,0
42533,761,3,8694,0
42534,235,3,11625,0
42535,160,4,11068,0
42536,315,4,7265,0
42537,406,5,12257,0
42538,340,4,5537,0
42539,751,4,10479,0
42540,219,2,2717,0
42541,162,1,920,0
42542,39,6,11461,1
42543,151,4,10910,0
42544,164,7,22734,1
42545,38,8,24052,1
42546,584,6,17794,1
42547,40,7,17408,1
42548,286,8,21557,1
42549,327,5,14077,0
42550,80,8,18534,1
42551,70,7,21780,1
42552,42,6,14192,1
42553,104,1,1448,0
42554,390,5,11385,0
42555,757,2,5143,0
42556,480,7,24939,1
42557,68,5,11186,0
42558,185,4,10497,0
42559,146,2,9896,0
42560,608,3,8401,0
42561,107,4,12052,0
42562,479,2,7053,0
42563,49,5,11697,1
42564,17,6,18064,1
42565,112,3,6173,0
42566,87,6,14140,1
42567,151,9,31041,1
42568,250,8,15003,1
42569,78,10,27637,1
42570,258,3,7898,0
42571,133,3,10027,0
42572,74,11,25084,1
42573,3,5,14058,1
42574,799,3,3759,0
42575,130,5,18940,1
42576,63,8,14153,1
42577,287,4,9974,0
42578,1024,3,5008,0
42579,13,7,18699,1
42580,49,10,32271,1
42581,39,7,17377,1
42582,189,7,22782,1
42583,221,1,1161,0
42584,360,3,10833,0
42585,281,5,13347,0
42586,12,3,10110,0
42587,271,4,14008,0
42588,641,4,13289,0
42589,714,6,16453,0
42590,24,6,18718,1
42591,201,2,4399,0
42592,254,4,12017,0
42593,27,4,13621,0
42594,1061,1,1084,0
42595,85,7,23754,1
42596,160,3,10966,0
42597,130,4,12775,0
42598,218,5,14405,1
42599,16,9,19575,1
42600,114,7,14491,1
42601,594,4,10095,0
42602,135,7,23592,1
42603,105,4,8879,0
42604,24,4,10485,0
42605,3,9,20349,1
42606,398,6,15320,1
42607,119,2,3398,0
42608,87,3,9483,0
42609,15,7,27291,1
42610,40,9,23576,1
42611,511,5,13175,0
42612,283,8,30717,1
42613,92,5,20968,1
42614,180,5,9544,0
42615,10,5,16162,1
42616,51,4,10272,0
42617,126,2,5579,0
42618,105,6,16195,1
42619,26,6,12673,1
42620,483,2,8385,0
42621,50,7,21153,1
42622,636,2,6466,0
42623,586,7,17505,1
42624,392,1,2598,0
42625,426,3,4940,0
42626,229,4,9469,0
42627,12,5,12005,1
42628,172,6,12672,1
42629,20,5,16513,1
42630,100,7,16663,1
42631,91,4,10803,0
42632,41,5,15086,1
42633,770,5,9388,0
42634,368,10,26725,1
42635,58,8,20540,1
42636,307,11,33249,1
42637,688,4,7804,0
42638,332,5,12809,0
42639,49,6,17799,1
42640,363,7,16478,1
42641,54,6,12917,1
42642,53,6,12143,1
42643,945,4,11074,0
42644,374,5,12390,0
42645,38,5,15761,1
42646,485,1,1965,0
42647,367,6,15814,1
42648,179,5,12677,0
42649,186,6,16712,1
42650,585,2,4976,0
42651,292,5,11701,0
42652,388,4,12262,0
42653,23,4,8512,0
42654,206,5,13797,0
42655,437,5,20093,1
42656,40,3,9907,0
42657,480,1,3601,0
42658,32,4,6028,0
42659,123,2,4270,0
42660,326,9,27975,1
42661,67,5,18444,1
42662,10,11,33099,1
42663,464,10,29604,1
42664,485,5,15922,0
42665,441,3,7976,0
42666,27,6,10506,1
42667,93,8,25156,1
42668,493,4,8862,0
42669,171,8,19922,1
42670,777,3,6287,0
42671,90,5,8898,0
42672,126,3,8932,0
42673,807,1,3629,0
42674,113,6,9337,0
42675,160,3,12667,0
42676,232,6,19440,1
42677,292,4,9163,0
42678,126,3,11462,0
42679,126,7,21876,1
42680,7,5,14453,1
42681,347,6,13068,1
42682,123,1,639,0
42683,367,4,14507,0
42684,350,2,5368,0
42685,272,4,12492,0
42686,75,7,23325,1
42687,501,2,6203,0
42688,250,9,26125,1
42689,11,4,9491,0
42690,31,7,22011,1
42691,325,6,16408,1
42692,108,4,15847,1
42693,28,6,19200,1
42694,188,8,18935,1
42695,104,3,6413,0
42696,185,5,6070,0
42697,474,2,5922,0
42698,251,4,6585,0
42699,166,7,21487,1
42700,53,4,9646,0
42701,54,6,10764,1
42702,94,5,16389,1
42703,182,8,20623,1
42704,120,4,10906,0
42705,33,9,22607,1
42706,369,7,18748,1
42707,182,6,17229,1
42708,340,5,9108,0
42709,103,4,9727,0
42710,66,7,16812,1
42711,237,3,9135,0
42712,113,4,13072,0
42713,257,4,12251,0
42714,70,5,8585,0
42715,247,2,6978,0
42716,147,11,35885,1
42717,79,8,16111,1
42718,57,7,17417,1
42719,327,8,22570,1
42720,395,4,9930,0
42721,149,4,9727,0
42722,140,4,12723,0
42723,298,5,18209,1
42724,358,1,1004,0
42725,97,5,16883,1
42726,411,5,13614,0
42727,88,8,29256,1
42728,109,2,6188,0
42729,52,2,7591,0
42730,348,7,23879,1
42731,190,5,11778,0
42732,666,6,9252,0
42733,148,6,16590,1
42734,121,6,13325,1
42735,226,3,4785,0
42736,265,6,16913,1
42737,279,4,6469,0
42738,143,7,17268,1
42739,521,6,16497,1
42740,99,5,19042,1
42741,24,5,10403,0
42742,404,3,8996,0
42743,247,4,12840,0
42744,585,7,20905,1
42745,142,5,17845,1
42746,56,5,13516,1
42747,63,5,19421,1
42748,914,3,6735,0
42749,170,7,24223,1
42750,114,7,19654,1
42751,227,4,8229,0
42752,236,5,16291,1
42753,77,6,13026,1
42754,172,5,18121,1
42755,308,5,14020,0
42756,21,6,19736,1
42757,598,5,14169,0
42758,482,3,7739,0
42759,359,2,7508,0
42760,28,6,9969,1
42761,1,5,15022,1
42762,200,7,15255,1
42763,126,7,21475,1
42764,245,8,16157,1
42765,72,9,24539,1
42766,238,6,12679,1
42767,305,8,19482,1
42768,447,4,9844,0
42769,395,5,12194,0
42770,50,7,19682,1
42771,673,3,4633,0
42772,482,2,7387,0
42773,1098,1,1519,0
42774,110,9,23251,1
42775,270,4,15622,0
42776,10,4,9560,0
42777,10,4,13745,0
42778,348,3,9190,0
42779,299,7,18255,1
42780,352,4,7329,0
42781,463,4,13892,0
42782,133,6,21727,1
42783,166,4,12685,0
42784,201,4,12890,0
42785,43,7,21855,1
42786,187,3,11680,0
42787,83,6,20833,1
42788,530,5,10764,0
42789,201,3,3312,0
42790,320,5,19893,1
42791,60,4,12140,0
42792,327,3,13359,0
42793,219,7,18553,1
42794,88,2,5566,0
42795,422,5,7641,0
42796,4,10,40028,1
42797,33,2,8740,0
42798,190,4,10099,0
42799,5,1,2705,0
42800,47,2,7027,0
42801,924,2,6278,0
42802,309,3,9668,0
42803,60,10,34807,1
42804,114,6,8805,0
42805,1104,1,556,0
42806,108,9,16184,1
42807,679,5,11672,0
42808,307,3,5564,0
42809,149,4,13023,0
42810,629,4,12834,0
42811,413,4,5518,0
42812,175,5,9916,0
42813,538,6,18009,1
42814,1002,3,5536,0
42815,978,2,4829,0
42816,115,8,23404,1
42817,206,7,14567,1
42818,340,5,14999,0
42819,489,2,5412,0
42820,924,1,4018,0
42821,816,4,6832,0
42822,105,4,10616,0
42823,190,5,10119,0
42824,340,4,11590,0
42825,191,3,13231,0
42826,226,7,18466,1
42827,113,7,19144,1
42828,496,7,22070,1
42829,583,2,8711,0
42830,67,4,9711,0
42831,704,2,9210,0
42832,31,2,7322,0
42833,785,6,12137,0
42834,210,5,14559,1
42835,590,6,14393,0
42836,25,5,9582,0
42837,15,4,12243,0
42838,593,4,9814,0
42839,164,4,5984,0
42840,172,9,30833,1
42841,376,8,12705,1
42842,98,4,8685,0
42843,153,6,15639,1
42844,155,6,14107,1
42845,527,6,14059,0
42846,43,11,29929,1
42847,153,7,27631,1
42849,67,7,25913,1
42850,324,7,16727,1
42851,737,7,17221,1
42852,157,3,6961,0
42853,166,6,16825,1
42854,406,4,8379,0
42855,3,6,19361,1
42856,360,5,11073,0
42857,24,4,13600,0
42858,161,4,7033,0
42859,24,9,22147,1
42860,195,3,11934,0
42861,75,6,19561,1
42862,181,9,20029,1
42863,297,2,5535,0
42864,362,4,7468,0
42865,929,3,4095,0
42866,37,4,12578,0
42867,13,5,12001,1
42868,46,7,13270,1
42869,298,2,4902,0
42870,121,7,14191,1
42871,57,4,12557,0
42872,244,4,16396,0
42873,444,3,5224,0
42874,111,5,15146,1
42875,139,7,19440,1
42876,348,5,9323,0
42877,101,5,12773,1
42878,54,4,9121,0
42879,490,3,8177,0
42880,568,1,4802,0
42881,303,8,34249,1
42882,658,2,2158,0
42884,40,5,14300,1
42885,410,7,14585,1
42886,288,5,14048,0
42887,157,6,15718,1
42888,217,5,11491,0
42889,116,3,10757,0
42890,587,6,21137,1
42891,18,8,22147,1
42892,87,4,7288,0
42893,130,8,21536,1
42894,35,7,20022,1
42895,473,5,11926,0
42896,270,9,27388,1
42897,611,5,8902,0
42898,86,7,19064,1
42899,783,1,4731,0
42900,146,4,7619,0
42901,87,6,20553,1
42902,1066,1,5072,0
42903,448,5,15329,0
42904,24,7,11981,1
42905,26,7,22600,1
42906,255,3,6947,0
42907,289,7,14292,1
42908,54,9,21138,1
42909,287,8,26617,1
42910,64,6,11146,1
42911,172,10,26649,1
42912,327,6,18358,1
42913,163,6,13706,1
42914,64,5,12333,1
42915,356,3,10921,0
42916,425,4,5229,0
42917,239,2,6933,0
42918,153,3,7262,0
42919,305,5,20698,1
42920,81,8,26398,1
42921,104,6,17804,1
42922,7,5,14352,1
42923,722,3,10735,0
42924,41,5,11771,1
42925,85,5,10924,0
42926,16,7,13462,1
42927,964,4,10880,0
42928,702,5,16045,0
42929,144,5,14973,1
42930,220,2,9249,0
42931,121,8,18821,1
42932,135,6,12555,1
42933,47,10,23880,1
42934,334,4,7522,0
42935,147,7,15656,1
42936,24,5,10491,0
42937,190,6,17476,1
42938,318,6,15827,1
42939,146,6,14074,1
42940,381,4,11466,0
42941,602,2,4143,0
42942,574,5,14011,0
42943,42,3,6937,0
42944,948,2,5143,0
42945,436,3,10902,0
42946,190,3,9908,0
42947,49,6,19046,1
42948,376,3,10515,0
42949,409,3,4583,0
42950,414,4,11490,0
42951,344,11,29260,1
42952,49,6,14681,1
42953,61,5,13751,1
42954,1024,2,5711,0
42955,284,5,11726,0
42956,141,9,25414,1
42957,336,9,19969,1
42958,119,4,11591,0
42959,135,6,19560,1
42960,7,4,14131,1
42961,46,6,10563,1
42962,861,6,13212,0
42963,702,5,11985,0
42964,130,5,9340,0
42965,555,7,16290,1
42966,27,9,22500,1
42967,447,5,17923,1
42968,601,7,18864,1
42969,301,8,24634,1
42970,1,3,7201,0
42971,173,3,7496,0
42972,888,3,3840,0
42973,108,4,12351,0
42974,396,5,13914,0
42975,94,8,27444,1
42976,85,12,33307,1
42977,769,3,9520,0
42978,61,6,15113,1
42979,233,3,7146,0
42980,180,3,7898,0
42981,79,5,11891,0
42982,433,2,3281,0
42983,212,6,10628,0
42984,120,6,12925,1
42985,291,6,16096,1
42986,117,5,9191,0
42987,232,3,4714,0
42988,270,10,26749,1
42989,62,7,15418,1
42990,17,4,5015,0
42991,338,7,23244,1
42992,75,5,16222,1
42993,216,3,11591,0
42994,99,6,22765,1
42995,526,5,15662,0
42996,666,3,8257,0
42997,304,1,3584,0
42998,378,3,6275,0
42999,574,6,17507,1
43000,198,4,8823,0
43001,25,6,15892,1
43002,79,7,27352,1
43003,121,4,8849,0
43004,202,5,14859,1
43005,701,1,243,0
43006,699,3,9079,0
43007,160,5,13071,0
43008,488,5,19832,1
43009,108,5,13564,1
43010,774,3,6346,0
43011,745,4,9894,0
43012,294,9,27237,1
43013,150,3,7501,0
43014,24,5,20888,1
43015,583,3,10452,0
43016,244,6,14737,1
43017,211,7,11607,1
43018,3,9,25632,1
43019,311,5,9512,0
43020,285,6,16992,1
43021,103,3,3303,0
43022,58,4,10532,0
43023,154,4,10845,0
43024,328,8,26964,1
43025,51,8,23633,1
43026,46,5,10405,0
43027,43,6,16654,1
43028,469,4,16049,0
43029,599,4,13593,0
43030,277,3,9156,0
43031,278,7,14818,1
43032,5,4,7193,0
43033,259,8,16884,1
43034,405,3,11158,0
43035,709,7,20103,1
43036,712,3,3977,0
43037,472,3,3096,0
43038,213,3,10190,0
43039,18,4,12925,0
43040,105,4,14008,0
43041,105,3,8133,0
43042,159,5,21938,1
43043,489,2,6855,0
43044,181,5,10024,0
43045,61,5,9543,0
43046,683,4,14015,0
43047,172,8,23152,1
43048,427,6,19225,1
43049,93,6,15068,1
43050,277,2,5436,0
43051,128,2,4263,0
43052,346,5,15294,0
43053,615,3,3501,0
43054,557,5,14644,0
43055,133,9,22173,1
43056,508,4,10130,0
43057,32,3,5601,0
43058,69,9,24046,1
43059,202,7,12278,1
43060,56,7,16038,1
43061,230,4,15005,0
43062,1255,1,907,0
43063,126,2,5703,0
43064,20,7,19531,1
43065,40,8,26624,1
43066,39,4,9695,0
43067,632,5,13016,0
43068,125,6,10854,1
43069,1179,2,5870,0
43070,178,4,13527,0
43071,570,4,14437,0
43072,205,5,13287,0
43073,88,3,9189,0
43074,692,2,10110,0
43075,167,7,15555,1
43076,135,7,19085,1
43077,150,7,21019,1
43078,85,9,27928,1
43079,342,3,5209,0
43080,678,3,3841,0
43081,687,2,6852,0
43082,366,5,14142,0
43083,30,10,30620,1
43084,608,5,14613,0
43085,556,6,22087,1
43086,81,8,24835,1
43087,363,4,4716,0
43088,233,4,12469,0
43089,193,2,5696,0
43090,212,3,3020,0
43091,831,5,17060,0
43092,469,4,13459,0
43093,205,6,17903,1
43094,74,4,11085,0
43095,262,6,16599,1
43096,273,4,4954,0
43097,136,3,8133,0
43098,37,7,18558,1
43099,467,4,12140,0
43100,31,5,11230,0
43101,159,2,5576,0
43102,278,6,15211,1
43103,104,9,32580,1
43104,130,9,24632,1
43105,1,7,19731,1
43106,407,7,17735,1
43107,129,7,18080,1
43108,36,4,14226,0
43109,164,6,11795,1
43110,71,7,17926,1
43111,12,5,14854,1
43112,106,5,11394,0
43113,378,6,20377,1
43114,87,4,9871,0
43115,823,5,14469,0
43116,74,2,5627,0
43117,398,4,13278,0
43118,555,3,6120,0
43119,198,5,10369,0
43120,250,4,11033,0
43121,10,9,32143,1
43122,413,5,13461,0
43123,438,4,8633,0
43124,265,7,16851,1
43125,136,6,16931,1
43126,177,5,15238,1
43127,123,8,23240,1
43128,324,7,18293,1
43129,309,8,28391,1
43130,94,3,6021,0
43131,65,9,23011,1
43132,8,6,13382,1
43133,355,8,20218,1
43134,328,7,21246,1
43135,101,4,14308,0
43136,128,3,10075,0
43137,206,5,14459,1
43138,11,7,21369,1
43139,719,6,19811,1
43140,172,4,12134,0
43141,1071,3,13845,0
43143,630,3,6288,0
43144,272,3,12831,0
43145,832,3,7952,0
43146,210,4,7260,0
43147,134,3,10080,0
43148,379,3,8713,0
43149,9,10,31386,1
43150,486,2,5570,0
43151,473,5,9126,0
43152,84,1,4007,0
43153,19,5,12390,1
43154,282,5,15337,1
43155,48,6,16705,1
43156,98,4,13036,0
43157,299,6,18970,1
43158,177,3,5624,0
43159,90,5,12150,0
43160,237,2,8072,0
43161,243,5,9836,0
43162,25,7,17890,1
43163,107,6,20331,1
43164,844,3,9455,0
43165,17,9,25535,1
43166,183,3,6956,0
43167,25,5,16634,1
43168,76,4,8968,0
43169,461,6,20815,1
43170,29,4,17213,1
43171,370,5,14882,0
43172,795,2,2730,0
43173,181,4,10254,0
43174,711,3,9717,0
43175,372,4,9698,0
43176,135,8,23636,1
43177,122,3,8379,0
43178,123,8,22414,1
43179,376,4,13068,0
43180,235,4,14401,0
43181,717,5,16678,0
43182,40,5,13436,1
43183,65,4,6950,0
43184,352,7,18718,1
43185,309,5,10287,0
43186,811,4,8841,0
43187,112,3,8120,0
43188,439,6,16955,1
43189,262,6,18184,1
43190,4,7,19982,1
43191,303,4,10719,0
43192,65,5,14329,1
43193,223,3,5995,0
43194,455,5,7898,0
43195,269,6,14609,1
43196,725,7,22488,1
43197,127,6,20296,1
43198,477,2,7942,0
43199,164,9,29594,1
43200,106,5,14033,1
43201,287,7,20246,1
43202,154,8,18284,1
43203,467,4,8352,0
43204,106,3,7834,0
43205,148,9,25081,1
43206,462,8,22887,1
43207,9,7,21756,1
43208,51,4,14500,0
43209,25,4,12200,0
43210,608,3,11274,0
43211,42,3,4664,0
43212,45,8,19841,1
43213,80,7,23286,1
43214,91,8,21855,1
43215,12,7,17242,1
43216,37,5,13509,1
43217,108,6,11045,1
43218,770,1,1247,0
43219,105,6,17993,1
43220,98,4,10248,0
43221,615,2,2593,0
43222,14,4,8738,0
43223,192,8,23310,1
43224,389,5,13655,0
43225,936,3,7320,0
43226,370,5,12631,0
43227,298,3,8576,0
43228,342,4,10278,0
43229,438,4,8602,0
43230,68,8,25326,1
43231,78,5,9026,0
43232,221,4,8997,0
43233,5,7,19850,1
43234,190,9,34000,1
43235,145,7,22994,1
43236,14,9,26781,1
43237,102,7,13666,1
43238,220,7,21220,1
43239,55,4,11928,0
43240,409,5,12147,0
43241,494,6,13707,0
43242,67,7,20896,1
43243,48,6,13090,1
43244,301,5,10768,0
43245,76,6,18537,1
43246,559,2,6419,0
43247,502,5,13488,0
43248,7,7,18161,1
43249,281,3,8482,0
43250,160,4,7247,0
43251,399,5,12062,0
43252,290,5,15415,1
43253,1039,2,7970,0
43254,30,6,20916,1
43255,29,10,24974,1
43256,189,5,16948,1
43257,761,4,11519,0
43258,2,9,28614,1
43259,265,4,11075,0
43260,45,4,11556,0
43261,834,3,14268,0
43262,257,4,12963,0
43263,102,4,17200,1
43264,79,2,4493,0
43265,369,2,2624,0
43266,43,5,13050,1
43267,94,3,10348,0
43268,68,4,10010,0
43269,258,7,18672,1
43270,694,3,8579,0
43271,411,6,20709,1
43272,185,7,20869,1
43273,372,5,14447,0
43274,685,2,4994,0
43275,46,7,15884,1
43276,429,3,10207,0
43277,356,3,4740,0
43278,983,3,5356,0
43279,23,9,27327,1
43280,352,2,7619,0
43281,191,6,13783,1
43282,81,3,8905,0
43283,292,8,19008,1
43284,224,7,22159,1
43285,297,2,3664,0
43286,524,5,17399,0
43287,114,8,26952,1
43288,173,4,9470,0
43289,123,5,13376,1
43290,56,7,17979,1
43291,15,6,13588,1
43292,45,2,6523,0
43293,95,5,12657,1
43294,350,3,6740,0
43295,467,6,13310,0
43296,357,5,15840,0
43297,448,3,4178,0
43298,94,8,16097,1
43299,411,4,16082,0
43300,541,5,12076,0
43301,118,4,8039,0
43302,574,2,5101,0
43303,183,5,14215,1
43304,561,4,7278,0
43305,196,8,18133,1
43306,187,7,21948,1
43307,91,6,15759,1
43308,117,6,18810,1
43309,60,3,8783,0
43310,69,5,13801,1
43311,118,4,9216,0
43312,123,5,12868,1
43313,60,4,13666,0
43314,45,10,37181,1
43315,28,7,22698,1
43316,71,9,25405,1
43317,183,7,15429,1
43318,558,1,4051,0
43319,248,2,6062,0
43320,567,3,8445,0
43321,168,4,11527,0
43323,92,6,13336,1
43324,270,5,15818,1
43325,540,3,6566,0
43326,191,3,13664,0
43327,113,5,11156,0
43328,128,9,25033,1
43329,721,5,11283,0
43330,534,4,8819,0
43331,79,2,6168,0
43332,334,5,11668,0
43333,70,9,30493,1
43334,251,5,13900,0
43335,434,3,4737,0
43336,170,5,17540,1
43337,171,9,18789,1
43338,179,3,8163,0
43339,165,3,9308,0
43340,448,3,6087,0
43341,78,4,11987,0
43342,343,9,24269,1
43343,11,10,24405,1
43344,312,12,36083,1
43345,690,2,4408,0
43346,192,5,13624,0
43347,38,6,15041,1
43348,496,4,14633,0
43349,497,2,5123,0
43350,516,6,19166,1
43351,393,9,23021,1
43352,612,3,6867,0
43353,611,4,12245,0
43354,414,7,24597,1
43355,697,2,3202,0
43356,227,9,30189,1
43357,611,5,17536,0
43358,173,4,10023,0
43359,590,4,15028,0
43360,625,5,14113,0
43361,123,5,18826,1
43362,48,8,31082,1
43363,83,6,8096,0
43365,537,4,16175,0
43366,458,3,8463,0
43367,369,6,15534,1
43368,440,7,17430,1
43369,14,5,10973,0
43370,76,6,19245,1
43371,227,5,12851,0
43372,209,4,11774,0
43373,15,2,8745,0
43374,86,5,15837,1
43375,289,6,16111,1
43376,19,6,17692,1
43377,84,10,24749,1
43378,138,7,18558,1
43379,89,3,6310,0
43380,170,4,10295,0
43381,231,5,16261,1
43382,25,6,12431,1
43383,174,3,10202,0
43384,134,4,8344,0
43385,94,8,22971,1
43386,411,6,16109,1
43387,663,4,13515,0
43388,70,8,20274,1
43389,242,6,15413,1
43390,115,4,15023,0
43391,238,5,15749,1
43392,185,7,15676,1
43393,2,8,17145,1
43394,134,5,12809,0
43395,186,3,7313,0
43396,546,2,9890,0
43397,14,8,16515,1
43398,237,3,5772,0
43399,201,7,12242,1
43400,579,4,12908,0
43401,439,7,18774,1
43402,69,6,15257,1
43403,723,4,12413,0
43404,277,7,24830,1
43405,22,5,7664,0
43406,77,7,15246,1
43407,188,3,6539,0
43408,172,2,4736,0
43409,428,4,7217,0
43410,461,4,9469,0
43411,2,6,15375,1
43412,775,2,1629,0
43413,117,5,19681,1
43414,132,5,13685,1
43415,242,8,13649,1
43416,358,5,10535,0
43417,725,3,10147,0
43418,311,4,11977,0
43419,249,5,13596,0
43420,388,3,10844,0
43421,769,3,11391,0
43422,1104,2,10205,0
43423,32,6,18671,1
43424,102,9,19452,1
43425,589,3,10878,0
43426,233,5,17195,1
43427,98,7,21263,1
43428,826,3,7582,0
43429,105,4,6376,0
43430,446,7,22668,1
43431,944,4,14048,0
43432,121,6,13089,1
43433,754,3,6699,0
43434,338,6,16613,1
43435,29,2,7245,0
43436,379,10,25479,1
43437,313,5,17581,1
43438,31,9,28710,1
43439,323,5,9222,0
43440,86,5,14788,1
43441,159,3,13062,0
43442,389,3,4652,0
43443,529,5,16347,0
43444,320,4,12768,0
43445,854,2,7008,0
43446,509,3,6804,0
43447,912,4,11023,0
43448,22,6,15743,1
43449,663,7,17555,1
43450,115,5,13603,1
43451,94,7,24454,1
43452,111,8,22056,1
43453,197,6,17007,1
43454,184,6,19677,1
43455,139,6,17288,1
43456,370,4,12697,0
43457,538,7,17588,1
43458,98,6,15585,1
43460,1224,1,1963,0
43461,1037,2,6702,0
43462,464,2,4942,0
43463,132,7,14022,1
43464,451,3,8513,0
43465,217,6,16482,1
43466,28,6,11728,1
43467,723,6,10339,0
43468,120,8,22598,1
43469,424,3,8032,0
43470,60,2,4759,0
43471,408,5,11985,0
43472,460,2,4831,0
43473,199,11,35004,1
43474,367,3,8647,0
43475,80,4,13659,0
43476,111,4,10410,0
43477,89,5,16172,1
43478,230,4,10953,0
43479,336,5,15790,0
43480,124,6,19612,1
43481,44,6,13661,1
43482,71,2,8332,0
43483,289,4,15494,0
43484,24,12,32186,1
43485,489,4,15018,0
43486,362,1,1892,0
43487,103,4,13653,0
43488,19,6,11191,1
43489,385,5,14538,0
43490,30,6,20463,1
43491,8,6,17236,1
43492,230,4,14520,0
43493,10,9,27382,1
43494,188,6,17903,1
43495,360,3,4115,0
43496,174,4,13396,0
43497,552,6,19953,1
43498,188,2,6128,0
43499,203,6,14033,1
43500,123,10,27259,1
43501,36,2,2329,0
43502,280,4,12613,0
43503,60,7,19603,1
43504,357,8,15280,1
43505,58,4,8338,0
43506,48,5,11470,0
43507,86,5,10405,0
43508,13,6,18676,1
43509,263,5,21133,1
43510,29,8,23980,1
43511,148,5,14430,1
43512,27,7,14342,1
43513,468,9,29751,1
43514,475,2,4375,0
43515,329,9,29256,1
43516,417,5,14820,0
43517,12,9,25485,1
43518,690,2,6537,0
43519,17,7,18993,1
43520,180,3,6397,0
43521,46,4,10055,0
43522,421,7,16181,1
43523,419,4,11470,0
43524,347,4,12771,0
43525,886,4,11579,0
43526,14,6,21048,1
43527,929,4,10845,0
43528,143,6,16254,1
43529,286,2,7660,0
43530,59,5,8013,0
43531,375,6,21292,1
43532,252,5,14449,0
43533,7,10,32077,1
43534,911,6,23666,1
43535,20,5,20585,1
43536,919,3,7800,0
43537,121,4,13175,0
43538,69,4,15805,1
43539,755,5,13714,0
43540,148,8,24427,1
43541,30,6,14117,1
43542,24,6,16827,1
43543,71,5,11425,0
43544,74,4,11893,0
43545,76,9,23729,1
43546,523,9,24455,1
43547,203,6,20456,1
43548,450,5,9194,0
43549,98,4,8794,0
43550,5,3,7431,0
43551,170,7,16981,1
43552,710,6,12840,0
43553,6,4,8638,0
43554,230,6,14855,1
43555,158,3,9847,0
43556,1039,2,7389,0
43557,369,2,2869,0
43558,22,3,14537,0
43559,75,6,15429,1
43560,129,2,4656,0
43561,526,3,5510,0
43562,25,6,17039,1
43563,150,2,5003,0
43564,11,5,15355,1
43565,736,4,10982,0
43566,313,4,10670,0
43567,893,4,14271,0
43568,392,3,3712,0
43569,121,8,18979,1
43570,525,3,6165,0
43571,461,5,16821,0
43572,48,3,13460,0
43573,27,2,7348,0
43574,68,6,14746,1
43575,84,7,22231,1
43576,213,6,15957,1
43577,448,4,10127,0
43578,552,4,10075,0
43579,117,7,19543,1
43580,133,8,24875,1
43581,9,5,16018,1
43583,389,4,9717,0
43584,34,3,5010,0
43585,95,6,17600,1
43586,230,2,4245,0
43587,137,6,13561,1
43588,31,7,24770,1
43589,149,7,13298,1
43590,96,6,17571,1
43591,572,7,14660,1
43592,17,9,24949,1
43593,267,3,11891,0
43594,236,6,11987,1
43595,478,5,14870,0
43596,56,7,20243,1
43597,7,3,10286,0
43598,509,6,18458,1
43599,635,4,6780,0
43600,487,3,7209,0
43601,749,3,7496,0
43602,373,4,6579,0
43603,132,7,17527,1
43604,110,2,7221,0
43605,853,4,6387,0
43606,1030,2,4457,0
43607,70,6,15175,1
43608,236,2,4417,0
43609,31,8,24096,1
43610,372,5,14364,0
43611,555,3,6385,0
43612,552,5,18994,0
43613,196,5,8509,0
43614,13,8,25737,1
43615,1310,1,2136,0
43616,243,6,12258,1
43617,10,1,1967,0
43618,164,3,6923,0
43619,72,3,5943,0
43620,386,6,17712,1
43621,689,2,3510,0
43622,61,4,9709,0
43623,26,1,4678,0
43624,22,7,21496,1
43625,72,7,19972,1
43626,142,3,11373,0
43627,770,2,6490,0
43628,438,3,14800,0
43629,15,10,26001,1
43630,384,6,13781,1
43631,159,5,15529,1
43632,8,8,22576,1
43633,662,4,13955,0
43634,634,5,12457,0
43635,39,7,15956,1
43636,133,9,26380,1
43637,1,3,8878,0
43638,383,3,9637,0
43639,628,4,5121,0
43640,554,1,1553,0
43641,140,11,32514,1
43642,638,3,7646,0
43643,570,4,12364,0
43644,190,6,8301,0
43645,139,6,13731,1
43646,493,6,6582,0
43647,497,4,16031,0
43648,77,5,17200,1
43649,221,3,3728,0
43650,425,3,5682,0
43651,123,4,9751,0
43652,138,7,23976,1
43653,315,4,10479,0
43654,386,3,7825,0
43655,117,8,23897,1
43656,139,5,15056,1
43657,515,3,10953,0
43658,263,4,13788,0
43659,176,3,6296,0
43660,398,5,9578,0
43661,466,4,11144,0
43662,300,6,14951,1
43663,540,3,12757,0
43664,436,4,12834,0
43665,87,8,17353,1
43666,396,6,17937,1
43667,238,3,9746,0
43668,39,5,13330,1
43669,470,7,17058,1
43670,163,5,10625,0
43671,8,4,12817,0
43672,640,4,9750,0
43673,75,6,7506,0
43674,259,3,6206,0
43675,15,4,10150,0
43676,431,4,7580,0
43677,2,3,7493,0
43678,27,6,9609,1
43679,231,2,6183,0
43680,111,11,24408,1
43681,771,5,14644,0
43682,142,6,18311,1
43683,281,6,16112,1
43684,246,9,25146,1
43685,289,7,15743,1
43686,169,6,17267,1
43687,214,6,17725,1
43688,15,5,12310,1
43689,108,7,28043,1
43690,165,6,19576,1
43691,493,5,10846,0
43692,13,3,10083,0
43693,131,5,9566,0
43694,141,6,20498,1
43695,10,12,25793,1
43696,218,7,16773,1
43697,129,5,14815,1
43698,109,9,29404,1
43699,663,3,8955,0
43700,514,6,16974,1
43701,332,6,22758,1
43702,427,3,14081,0
43703,129,5,16886,1
43704,649,7,27454,1
43705,435,6,13122,0
43706,82,8,13911,1
43707,146,7,19462,1
43708,412,2,5279,0
43709,338,5,13573,0
43710,347,4,9303,0
43711,3,4,8549,0
43712,323,7,19610,1
43713,7,4,4252,0
43714,142,4,11840,0
43715,36,5,18269,1
43716,117,3,6258,0
43717,50,9,20518,1
43718,114,8,21670,1
43719,571,2,3347,0
43720,492,6,7508,0
43721,443,4,10986,0
43722,96,4,13321,0
43723,258,10,28633,1
43724,145,3,5757,0
43725,50,4,8479,0
43726,227,6,14463,1
43727,511,7,27335,1
43728,248,6,16938,1
43729,110,6,15053,1
43730,6,5,14810,1
43731,217,6,18473,1
43732,63,5,12063,1
43733,87,3,10869,0
43734,319,3,9850,0
43735,64,6,20252,1
43736,304,5,15340,0
43737,376,6,15885,1
43738,36,6,9760,1
43739,36,7,22123,1
43740,346,5,14964,0
43741,54,4,12070,0
43742,519,4,5865,0
43743,528,5,14625,0
43744,55,9,30946,1
43745,194,3,8590,0
43746,142,7,20524,1
43747,198,5,11744,0
43748,153,5,16188,1
43749,486,5,11876,0
43750,81,5,11778,0
43751,71,6,16229,1
43752,761,3,8714,0
43753,143,2,9342,0
43754,38,8,28783,1
43755,1223,2,9446,0
43756,19,8,19939,1
43757,5,9,27635,1
43758,26,2,2053,0
43759,486,4,10067,0
43760,440,7,14392,1
43761,8,5,9477,0
43762,180,6,24170,1
43763,432,4,10860,0
43764,431,8,26018,1
43765,460,4,9681,0
43766,13,6,18626,1
43767,356,3,9429,0
43768,587,3,11372,0
43769,477,3,10103,0
43770,792,3,11124,0
43771,426,5,13961,0
43772,239,6,15175,1
43773,607,4,12108,0
43774,402,4,15787,0
43775,337,5,17518,1
43776,207,4,14954,0
43777,22,5,17223,1
43778,145,6,13256,1
43779,250,6,10475,0
43780,200,3,7991,0
43781,392,3,6872,0
43782,109,10,26029,1
43784,1179,4,11448,0
43785,154,5,15471,1
43786,7,6,8223,1
43787,1252,3,6170,0
43788,185,3,5990,0
43789,4,7,21649,1
43790,99,2,917,0
43792,291,6,14472,1
43793,633,5,12808,0
43794,146,6,18397,1
43795,192,6,19649,1
43796,169,8,19362,1
43797,94,8,19859,1
43798,825,5,11507,0
43799,166,4,5508,0
43800,60,4,9094,0
43801,254,4,13741,0
43802,27,7,19420,1
43803,25,5,16879,1
43804,359,3,8556,0
43805,103,3,9979,0
43806,84,6,12987,1
43807,643,3,7373,0
43808,11,2,5820,0
43809,493,2,6628,0
43810,1254,1,2425,0
43811,22,3,6683,0
43812,327,5,14253,0
43813,45,6,13234,1
43814,74,4,12501,0
43815,34,2,7445,0
43816,85,5,12463,1
43817,169,5,13462,1
43818,53,4,13049,0
43819,22,7,19462,1
43820,260,4,12988,0
43821,47,6,16785,1
43822,788,4,13010,0
43823,539,7,16421,1
43824,205,9,36316,1
43825,417,4,10454,0
43826,7,10,20056,1
43827,183,3,7663,0
43828,23,4,11585,0
43829,145,8,18071,1
43830,54,5,12302,1
43831,64,5,19636,1
43832,558,4,13331,0
43833,35,4,8387,0
43834,156,5,14035,1
43835,122,3,13692,0
43836,17,5,16113,1
43837,187,5,19695,1
43838,11,4,6955,0
43839,328,8,27825,1
43840,257,6,12064,1
43841,170,7,24341,1
43842,74,3,8743,0
43843,434,5,9753,0
43844,11,6,13233,1
43845,244,10,29082,1
43846,405,4,11530,0
43847,214,6,13097,1
43848,70,7,20257,1
43849,36,7,24507,1
43850,22,8,11824,1
43851,70,9,20418,1
43852,434,9,18102,1
43853,364,6,14969,1
43854,57,8,24623,1
43855,253,8,24006,1
43856,397,1,5133,0
43857,41,6,7961,0
43858,68,8,12417,1
43859,104,7,14714,1
43860,311,4,4521,0
43861,110,3,10809,0
43862,422,5,13584,0
43863,339,7,17558,1
43864,318,6,15794,1
43865,388,4,14227,0
43866,128,5,19307,1
43867,131,2,5520,0
43868,269,4,11868,0
43869,321,3,5020,0
43870,59,10,29855,1
43871,6,8,24122,1
43872,197,5,11169,0
43873,388,10,30750,1
43874,13,5,12223,1
43875,473,2,7477,0
43876,22,4,12500,0
43877,2,7,15527,1
43878,326,3,11807,0
43879,109,7,17402,1
43880,218,4,15372,0
43881,519,5,17930,0
43882,458,6,11981,0
43883,1317,2,5245,0
43884,181,7,19675,1
43885,312,6,20414,1
43887,201,2,5567,0
43888,171,2,7569,0
43889,161,9,27272,1
43890,596,4,11236,0
43891,170,4,11472,0
43892,769,1,4284,0
43893,32,2,4512,0
43894,313,10,26521,1
43895,332,4,16285,0
43896,326,7,19650,1
43897,352,6,17635,1
43898,310,7,18748,1
43899,250,8,25743,1
43900,703,3,9965,0
43901,156,4,12675,0
43902,910,3,5443,0
43903,783,1,3716,0
43904,607,5,13396,0
43905,798,2,5215,0
43906,345,6,18003,1
43907,129,8,21477,1
43908,211,2,9205,0
43909,344,4,13278,0
43910,16,6,19537,1
43911,462,7,11869,1
43912,174,7,15270,1
43913,336,5,14678,0
43914,9,7,18057,1
43915,251,4,10011,0
43916,134,6,17763,1
43917,59,10,26461,1
43918,747,1,2216,0
43919,101,4,12674,0
43920,47,8,20962,1
43921,457,4,14259,0
43922,34,2,6027,0
43923,303,1,2232,0
43924,590,8,15484,1
43925,411,8,29562,1
43926,198,8,23234,1
43927,144,6,19794,1
43928,70,4,10371,0
43929,39,4,11732,0
43930,75,6,16650,1
43931,329,5,10752,0
43932,46,6,16569,1
43933,757,2,4070,0
43934,201,9,25890,1
43935,163,12,34854,1
43936,208,8,17617,1
43937,50,4,6843,0
43938,253,7,18438,1
43939,258,5,9103,0
43940,155,6,14511,1
43941,578,3,9677,0
43942,12,4,13212,0
43943,16,3,7464,0
43944,151,8,22944,1
43945,298,4,9504,0
43946,64,4,9512,0
43947,757,1,3055,0
43948,127,5,17277,1
43949,577,5,17576,0
43950,220,2,6493,0
43951,400,6,15569,1
43952,62,7,19951,1
43953,102,2,6341,0
43954,384,7,19400,1
43955,79,6,18225,1
43956,363,5,9774,0
43957,141,5,7876,0
43958,203,4,12692,0
43959,568,7,20118,1
43960,400,7,17872,1
43961,2,4,9637,0
43962,643,4,10498,0
43963,50,2,6948,0
43964,45,8,18863,1
43965,436,4,5193,0
43966,469,6,12985,0
43967,128,6,23397,1
43968,9,5,17407,1
43969,339,8,24451,1
43970,110,6,16491,1
43971,88,6,16213,1
43972,10,3,9583,0
43973,12,4,8928,0
43974,425,2,2625,0
43975,85,4,12030,0
43976,502,6,17033,1
43977,487,5,9048,0
43978,684,4,6432,0
43979,21,8,22434,1
43980,90,3,5011,0
43981,236,4,5654,0
43982,44,4,8257,0
43983,37,8,27885,1
43984,54,5,9952,0
43985,137,5,13531,1
43986,277,5,14369,0
43987,12,9,30164,1
43988,14,13,34800,1
43989,270,7,19523,1
43990,351,5,17296,1
43991,352,4,12483,0
43992,182,4,10615,0
43993,230,7,31227,1
43994,424,5,10199,0
43995,23,10,32302,1
43996,565,2,5286,0
43997,141,4,7713,0
43998,895,1,545,0
43999,8,8,17277,1
44000,494,3,9513,0
44001,196,4,12346,0
44002,1032,1,2977,0
44003,415,4,9882,0
44004,274,5,15070,1
44005,244,8,18831,1
44006,342,3,12977,0
44007,7,6,17326,1
44008,55,6,19008,1
44009,133,9,18793,1
44010,69,3,11020,0
44011,517,2,4525,0
44012,86,4,8730,0
44013,33,7,18793,1
44014,94,6,10699,1
44015,165,5,15940,1
44016,90,6,19278,1
44017,15,9,22874,1
44018,113,7,18371,1
44019,626,5,12021,0
44020,123,4,9658,0
44021,90,7,18487,1
44022,201,5,15733,1
44023,856,2,6103,0
44024,283,5,11143,0
44025,77,5,11309,0
44026,27,3,6941,0
44027,66,7,19343,1
44028,181,4,9965,0
44029,489,6,13637,0
44030,98,8,25321,1
44031,596,5,10048,0
44032,552,3,8754,0
44033,59,6,20438,1
44034,149,6,19487,1
44035,151,5,10091,0
44036,14,5,18042,1
44037,493,4,14267,0
44038,89,8,16692,1
44039,215,6,15096,1
44040,86,4,11723,0
44041,32,6,20146,1
44042,245,7,15262,1
44043,327,5,8626,0
44044,36,7,26761,1
44045,45,3,4043,0
44046,124,5,8482,0
44047,941,1,2101,0
44048,602,3,5919,0
44049,66,14,39431,1
44050,364,6,13545,1
44051,653,4,5237,0
44052,212,4,9831,0
44053,389,5,13732,0
44054,303,7,20670,1
44055,571,6,18295,1
44056,28,7,14639,1
44057,43,7,12717,1
44058,455,2,2366,0
44059,108,5,11464,0
44060,26,6,12366,1
44061,248,6,17347,1
44062,177,6,12648,1
44063,126,6,21005,1
44064,147,6,14425,1
44065,25,7,19728,1
44066,286,9,26222,1
44067,302,6,10295,0
44068,77,3,2907,0
44069,39,8,22985,1
44070,450,4,6745,0
44071,474,7,20805,1
44072,589,5,19251,0
44073,120,6,14631,1
44074,469,5,18165,1
44075,124,7,20564,1
44076,494,3,11469,0
44077,486,3,8032,0
44078,229,6,14346,1
44079,170,2,5110,0
44080,213,5,10744,0
44081,184,4,17849,1
44082,96,6,10518,1
44083,856,2,4292,0
44084,157,8,23553,1
44085,506,2,5880,0
44086,171,3,8372,0
44087,384,2,5045,0
44088,87,5,17197,1
44089,349,4,12675,0
44090,262,4,10329,0
44091,6,7,26659,1
44092,162,9,20149,1
44093,55,5,12486,1
44094,89,3,9614,0
44095,138,8,22385,1
44096,27,7,16687,1
44097,682,2,3029,0
44098,206,4,6591,0
44099,369,5,16857,1
44100,517,6,10939,0
44101,17,8,16883,1
44102,401,4,10549,0
44103,567,1,1760,0
44104,216,5,9669,0
44105,188,3,3579,0
44106,29,7,21837,1
44107,34,6,20345,1
44108,92,6,12420,1
44109,567,5,14115,0
44110,222,5,13043,0
44111,793,8,20940,1
44112,104,6,10498,1
44113,95,6,15143,1
44114,349,3,6348,0
44115,35,8,26255,1
44116,189,3,10746,0
44117,557,6,16051,0
44118,53,6,14412,1
44119,310,7,21464,1
44120,40,10,35114,1
44121,224,3,7027,0
44122,69,4,7509,0
44123,249,3,9651,0
44124,275,7,7600,0
44125,169,2,5267,0
44126,73,7,18652,1
44127,68,4,10150,0
44128,711,5,19107,0
44129,562,3,7187,0
44130,372,4,9877,0
44131,325,6,15659,1
44132,226,5,12879,0
44133,35,3,7785,0
44134,311,3,9175,0
44135,456,5,20203,1
44136,843,3,8663,0
44137,313,5,16412,1
44138,203,5,17623,1
44139,304,6,11616,0
44140,32,5,13501,1
44141,344,2,5363,0
44142,114,8,18201,1
44143,194,2,4353,0
44144,127,6,18441,1
44145,81,5,10304,0
44146,119,3,9096,0
44147,185,4,10137,0
44148,10,7,15800,1
44149,299,4,7528,0
44150,155,7,18844,1
44151,89,8,24646,1
44152,309,2,5384,0
44153,299,3,4953,0
44154,61,3,9751,0
44155,19,6,18606,1
44156,319,5,12656,0
44157,728,2,5876,0
44158,170,7,14436,1
44159,94,3,5969,0
44160,643,4,7090,0
44161,62,6,17103,1
44162,394,3,11875,0
44163,87,6,12756,1
44164,715,5,17149,0
44165,26,5,15897,1
44166,304,4,8238,0
44167,1236,2,5560,0
44168,493,6,20256,1
44169,1001,4,13719,0
44170,38,5,11162,0
44171,744,4,11007,0
44172,247,7,20382,1
44173,619,6,12208,0
44174,959,3,12558,0
44175,140,7,18764,1
44176,13,8,14502,1
44177,36,6,14622,1
44178,89,3,9045,0
44179,67,6,22641,1
44180,115,3,7234,0
44181,37,5,7004,0
44182,689,6,17937,0
44183,462,5,13639,0
44184,131,9,18770,1
44185,506,3,13450,0
44186,94,3,12456,0
44187,90,4,11898,0
44188,53,6,11698,1
44189,50,4,8884,0
44190,180,6,13658,1
44191,29,6,12457,1
44192,141,6,18915,1
44193,71,4,17208,1
44194,73,3,6086,0
44195,253,2,9161,0
44196,68,3,8426,0
44197,81,4,14124,0
44198,285,3,12364,0
44199,21,6,23968,1
44200,68,8,17319,1
44201,43,8,29309,1
44202,265,6,13570,1
44203,57,4,8815,0
44204,489,4,10911,0
44205,694,2,5064,0
44206,571,5,13893,0
44207,137,5,13985,1
44208,45,6,22600,1
44209,940,5,10126,0
44210,91,5,12227,0
44211,256,6,20100,1
44212,1028,3,7354,0
44213,339,4,6943,0
44214,212,4,4934,0
44215,67,4,10358,0
44216,242,6,10308,0
44217,91,6,8766,0
44218,375,5,13746,0
44219,27,10,30990,1
44220,179,5,16349,1
44221,228,6,12878,1
44222,100,5,13280,1
44223,683,4,7046,0
44224,50,5,16830,1
44225,391,7,20143,1
44226,64,2,4314,0
44227,242,2,3520,0
44228,189,3,9544,0
44229,229,2,9182,0
44230,445,5,12305,0
44231,77,9,23941,1
44232,243,5,13348,0
44233,23,10,24134,1
44234,399,4,8626,0
44235,17,6,17145,1
44236,195,8,23964,1
44237,120,5,14621,1
44238,48,3,6611,0
44239,291,4,10894,0
44240,112,6,11957,1
44241,43,5,13974,1
44242,217,4,15253,0
44243,475,3,10383,0
44244,40,5,10467,0
44245,105,7,26713,1
44246,141,7,14741,1
44247,195,7,22265,1
44248,57,9,20051,1
44249,13,8,21505,1
44250,379,8,21460,1
44251,139,5,9435,0
44252,4,10,22273,1
44253,171,5,12866,0
44254,52,7,23272,1
44255,407,7,15537,1
44256,59,10,20184,1
44257,6,5,13892,1
44258,130,6,21941,1
44259,318,4,10322,0
44260,273,6,14507,1
44261,189,4,10620,0
44262,593,5,19849,0
44263,217,7,22216,1
44264,288,4,14940,0
44265,224,3,7627,0
44267,51,7,18619,1
44268,777,4,13659,0
44269,195,6,16393,1
44270,202,6,11336,1
44271,161,3,10551,0
44272,198,5,14931,1
44273,270,3,8056,0
44274,299,3,6261,0
44275,63,4,8819,0
44276,196,6,15834,1
44277,326,9,28883,1
44278,24,5,15162,1
44279,127,8,23580,1
44280,347,6,13584,1
44281,415,5,14505,0
44282,83,8,19307,1
44283,155,9,31187,1
44284,167,1,4986,0
44285,193,5,16762,1
44286,26,2,6227,0
44287,1238,2,7008,0
44288,461,4,13730,0
44289,647,3,3408,0
44290,391,6,16990,1
44291,57,7,15411,1
44292,920,3,5906,0
44293,82,6,13549,1
44294,306,6,19901,1
44295,48,10,24521,1
44296,245,8,18105,1
44297,321,3,9281,0
44298,21,4,14701,1
44299,58,9,28256,1
44300,253,5,9912,0
44301,239,8,24606,1
44302,353,6,17371,1
44303,248,8,23886,1
44304,221,6,17810,1
44305,675,3,9604,0
44306,218,7,19930,1
44307,31,5,10510,0
44308,53,5,14040,1
44309,1166,2,8676,0
44310,11,5,13497,1
44311,1,5,14496,1
44312,554,4,10315,0
44313,210,8,20318,1
44314,137,8,21737,1
44315,248,8,22407,1
44316,280,8,20346,1
44317,49,4,5424,0
44318,58,9,27143,1
44319,69,2,5258,0
44320,85,6,23418,1
44321,580,5,13625,0
44322,6,8,16768,1
44323,1069,2,2748,0
44324,180,6,14006,1
44325,79,7,24248,1
44326,188,4,7989,0
44327,138,2,2755,0
44328,556,4,14817,0
44329,1150,1,1888,0
44330,44,2,4765,0
44331,85,4,12180,0
44332,508,4,9961,0
44333,439,4,14478,0
44334,367,6,17674,1
44336,372,2,6126,0
44337,58,11,41562,1
44338,26,5,10215,0
44339,220,4,14847,0
44340,698,5,18770,0
44341,421,5,14978,0
44342,502,8,19424,1
44343,662,4,10060,0
44344,485,8,21153,1
44345,82,5,16705,1
44346,286,10,22675,1
44347,140,4,13572,0
44348,357,6,20431,1
44349,693,3,6585,0
44350,487,3,10180,0
44351,63,3,10355,0
44352,244,5,12915,0
44353,211,6,25367,1
44354,177,6,12924,1
44355,53,5,12361,1
44356,477,4,12139,0
44357,98,7,14866,1
44358,275,3,9774,0
44359,108,4,10213,0
44360,97,3,6889,0
44361,255,2,6027,0
44362,47,8,19009,1
44363,170,8,16997,1
44364,38,7,14477,1
44365,110,3,9739,0
44366,260,5,14035,0
44367,725,1,5084,0
44368,6,10,21290,1
44369,105,6,12196,1
44370,150,2,5177,0
44371,213,1,964,0
44372,223,6,15458,1
44373,322,5,16383,1
44374,155,6,10768,1
44375,310,3,8638,0
44376,917,4,15642,0
44377,918,2,5138,0
44378,65,8,19466,1
44379,72,9,24918,1
44380,118,4,12237,0
44381,196,7,20853,1
44382,87,5,13141,1
44383,206,7,21542,1
44384,360,3,11360,0
44385,495,3,7717,0
44386,47,6,13321,1
44387,53,5,15515,1
44388,521,5,11407,0
44389,232,4,11690,0
44390,21,7,15142,1
44391,521,4,7437,0
44392,267,4,15418,0
44393,221,3,8280,0
44394,27,5,15133,1
44395,198,8,25775,1
44396,530,4,4253,0
44397,481,6,10236,0
44398,157,4,8903,0
44399,55,7,23470,1
44400,550,3,10861,0
44401,358,4,12353,0
44402,223,5,12104,0
44403,382,5,17079,1
44404,123,6,19560,1
44405,247,5,15256,1
44406,30,4,11116,0
44407,162,12,36820,1
44408,62,2,7456,0
44409,221,5,12090,0
44410,351,5,14884,0
44411,23,14,38939,1
44412,145,5,10012,0
44413,206,4,8927,0
44414,3,4,7037,0
44415,26,5,10555,0
44416,426,5,15686,0
44417,100,3,4240,0
44418,320,4,9914,0
44419,229,11,34865,1
44420,37,4,9057,0
44421,119,4,11941,0
44422,855,4,10508,0
44423,159,2,2672,0
44424,630,4,13023,0
44425,38,3,4933,0
44426,1297,1,1704,0
44427,227,6,19584,1
44428,568,4,9079,0
44429,50,12,34731,1
44430,115,5,15715,1
44431,109,5,11973,0
44432,1,6,17730,1
44433,16,2,5632,0
44434,200,7,11848,1
44435,115,6,19240,1
44436,375,2,6322,0
44437,58,3,6278,0
44438,60,5,16670,1
44439,99,4,8074,0
44440,1076,2,3874,0
44441,237,7,18540,1
44442,249,4,12886,0
44443,233,6,10478,0
44444,143,3,9749,0
44445,67,3,11575,0
44446,641,5,14832,0
44447,522,4,11008,0
44448,584,3,12661,0
44449,105,8,25514,1
44450,55,5,17560,1
44451,242,4,9459,0
44452,18,6,12022,1
44453,518,5,19400,1
44454,299,4,12451,0
44455,246,9,21661,1
44456,219,1,2282,0
44457,14,5,7814,0
44458,123,9,23186,1
44459,536,3,9067,0
44460,327,8,24186,1
44461,179,2,4756,0
44462,76,11,31471,1
44463,313,3,8019,0
44464,37,6,15982,1
44465,333,6,15146,1
44466,419,4,12057,0
44467,153,6,15030,1
44468,59,4,16700,1
44469,246,4,7046,0
44470,404,8,25344,1
44471,481,3,8747,0
44472,557,3,10122,0
44473,417,7,24151,1
44474,520,2,6293,0
44475,699,5,18513,0
44476,15,3,6280,0
44477,183,7,22370,1
44478,908,1,5091,0
44479,480,5,14512,0
44480,122,4,14943,0
44481,446,3,7383,0
44482,447,7,16975,1
44483,78,8,22672,1
44484,466,8,24622,1
44485,691,3,8871,0
44486,455,6,15040,1
44487,178,4,2677,0
44488,105,3,8971,0
44489,429,4,5870,0
44490,42,8,21149,1
44491,571,3,6837,0
44492,395,2,5832,0
44493,2,5,13520,1
44494,279,5,16337,1
44495,663,3,9234,0
44496,45,8,22453,1
44497,11,3,7070,0
44498,262,7,19800,1
44499,80,4,8147,0
44500,342,5,11921,0
44501,459,3,7094,0
44502,275,6,17298,1
44503,611,5,14946,0
44504,32,4,12297,0
44505,451,6,12872,0
44506,292,9,20716,1
44507,93,7,22333,1
44508,46,3,8761,0
44509,659,2,6757,0
44510,71,4,10504,0
44511,492,6,17695,1
44512,355,7,21846,1
44513,42,7,13456,1
44514,1,2,3507,0
44515,320,3,6826,0
44516,49,2,2960,0
44517,17,7,19269,1
44518,178,6,22254,1
44519,149,5,9657,0
44520,21,3,13041,0
44521,583,4,9006,0
44522,290,4,7730,0
44523,502,5,11386,0
44524,10,3,8530,0
44525,393,4,15436,0
44526,73,5,6244,0
44527,577,4,8942,0
44528,267,10,20114,1
44529,162,4,8444,0
44530,990,3,10300,0
44531,80,4,10882,0
44532,149,6,17156,1
44533,603,3,7448,0
44534,762,1,1297,0
44535,600,3,3487,0
44536,27,3,10089,0
44537,133,9,19326,1
44538,128,9,18479,1
44539,93,5,14726,1
44540,64,5,14146,1
44541,86,8,22085,1
44542,283,6,22619,1
44543,340,5,8833,0
44544,32,9,27529,1
44545,102,5,9584,0
44546,585,4,10529,0
44547,276,5,13826,0
44548,514,5,17314,0
44549,1281,1,1163,0
44550,433,3,10232,0
44551,76,7,23637,1
44552,180,8,22354,1
44553,42,5,18491,1
44554,213,4,8747,0
44555,8,5,13003,1
44556,358,4,10468,0
44557,1328,2,3443,0
44558,133,2,5109,0
44559,196,1,4272,0
44560,344,4,9745,0
44561,57,3,5041,0
44562,1325,1,4472,0
44563,84,6,15836,1
44564,487,3,10176,0
44565,28,4,10631,0
44566,512,3,10843,0
44567,132,9,22857,1
44568,407,4,11284,0
44569,135,2,7166,0
44570,273,4,10552,0
44571,210,6,15266,1
44572,35,8,19245,1
44573,179,7,21345,1
44574,224,7,13910,1
44575,34,6,14074,1
44576,72,6,18021,1
44577,208,6,18281,1
44578,46,8,21368,1
44579,299,2,7844,0
44580,356,2,2800,0
44581,356,9,22970,1
44582,357,7,16956,1
44583,137,8,24231,1
44584,135,5,16115,1
44585,129,9,26550,1
44586,325,9,19489,1
44587,166,4,12424,0
44588,247,5,6976,0
44589,137,5,14372,1
44590,307,3,8032,0
44591,51,6,13814,1
44592,32,5,17877,1
44593,335,8,19620,1
44594,75,3,6041,0
44595,79,4,11932,0
44596,151,6,22335,1
44597,154,7,10910,1
44598,6,3,8691,0
44599,304,3,10431,0
44600,10,8,19048,1
44601,176,5,15074,1
44602,454,2,6034,0
44603,1221,2,4680,0
44604,459,4,14934,0
44605,20,5,14144,1
44606,38,4,14146,0
44607,847,1,937,0
44608,587,3,5411,0
44609,515,5,15869,0
44610,131,6,18647,1
44611,282,5,10973,0
44612,32,6,17448,1
44613,250,7,22925,1
44614,177,6,20134,1
44615,211,4,3905,0
44616,1001,2,4864,0
44617,200,5,14629,1
44618,185,3,7258,0
44619,4,9,26612,1
44620,42,7,15174,1
44621,917,2,8446,0
44622,32,8,26373,1
44623,94,9,25554,1
44624,168,6,16251,1
44625,481,2,9555,0
44626,702,7,19705,1
44627,210,8,18071,1
44628,770,3,11094,0
44629,343,5,12631,0
44630,160,4,11836,0
44631,40,5,13339,1
44632,215,10,27615,1
44633,269,5,11358,0
44634,15,3,8632,0
44635,27,7,16026,1
44636,604,5,15181,0
44637,36,7,22520,1
44638,630,4,9388,0
44639,30,4,11086,0
44640,410,6,16119,1
44641,64,3,4320,0
44642,2,10,22546,1
44643,75,7,18854,1
44644,58,5,15277,1
44645,243,3,8025,0
44646,153,4,13819,0
44647,380,7,16601,1
44648,255,2,6023,0
44649,157,6,15857,1
44650,467,7,23747,1
44651,200,5,12113,0
44652,64,5,15940,1
44653,44,5,12659,1
44654,610,6,16516,0
44655,33,6,11453,1
44656,393,3,8417,0
44657,332,6,17377,1
44658,518,4,14716,0
44659,90,7,19294,1
44660,30,7,11507,1
44661,332,7,24974,1
44662,229,8,22377,1
44663,608,4,11223,0
44664,918,2,5072,0
44665,153,6,16935,1
44666,2,4,4333,0
44667,435,3,9578,0
44668,632,6,15641,0
44669,109,7,20428,1
44670,496,6,11653,0
44671,737,4,15108,0
44672,93,5,15599,1
44673,58,5,10696,0
44674,79,5,11712,0
44675,292,3,9750,0
44676,288,10,31670,1
44677,72,3,5581,0
44678,202,3,5745,0
44679,122,6,17611,1
44680,211,3,7988,0
44681,197,8,20634,1
44682,174,1,4778,0
44683,383,3,7331,0
44684,116,7,16587,1
44685,438,4,14113,0
44686,562,3,10961,0
44687,360,4,11335,0
44688,455,4,8429,0
44689,191,7,17933,1
44690,25,5,18596,1
44691,18,3,6840,0
44692,90,6,16953,1
44693,844,5,13906,0
44694,37,9,18852,1
44695,57,4,11685,0
44696,325,6,9234,0
44697,419,5,14270,0
44698,14,3,10576,0
44699,366,3,12784,0
44700,341,3,10372,0
44701,27,6,13481,1
44702,1101,1,3616,0
44703,69,6,11702,1
44704,46,4,14075,0
44705,37,2,8244,0
44706,271,4,15310,0
44707,72,6,14928,1
44708,78,5,7637,0
44709,25,4,10912,0
44710,97,2,4944,0
44711,731,3,9779,0
44712,417,4,8008,0
44713,73,4,10373,0
44714,92,8,14179,1
44715,267,4,13175,0
44716,30,6,21454,1
44717,25,4,9890,0
44718,327,3,7621,0
44719,154,5,14552,1
44720,489,4,14338,0
44721,408,3,9052,0
44722,134,10,26615,1
44723,151,7,14437,1
44724,150,7,20095,1
44725,223,3,7817,0
44726,509,4,8747,0
44727,4,5,5573,0
44728,10,4,11030,0
44729,361,2,5287,0
44730,127,3,11988,0
44731,737,2,1453,0
44732,49,6,13835,1
44733,17,6,14627,1
44734,9,2,6723,0
44735,287,2,5160,0
44736,186,4,6159,0
44737,528,2,4407,0
44738,53,9,13971,1
44739,12,2,6859,0
44740,436,4,12004,0
44741,17,3,3679,0
44742,271,9,17110,1
44743,208,7,14664,1
44744,83,3,10415,0
44745,412,2,4529,0
44746,755,4,12393,0
44747,817,2,6588,0
44748,16,6,20731,1
44749,491,7,19050,1
44750,99,4,11351,0
44751,554,4,12327,0
44752,7,8,25347,1
44753,527,2,9804,0
44754,444,6,21337,1
44755,27,8,21719,1
44756,104,11,31926,1
44757,181,4,5838,0
44758,90,7,19226,1
44759,501,4,12668,0
44760,389,3,6416,0
44761,134,3,13372,0
44762,45,4,11622,0
44763,178,4,12357,0
44764,497,2,3385,0
44765,729,5,12852,0
44766,129,4,8392,0
44767,118,8,30138,1
44768,399,3,8803,0
44769,113,6,12211,1
44770,644,4,9927,0
44771,57,4,13434,0
44772,282,3,10320,0
44773,203,3,4796,0
44774,192,7,26011,1
44775,1025,2,2819,0
44776,851,1,4352,0
44777,418,3,9100,0
44778,26,3,7388,0
44779,389,3,9508,0
44780,245,6,18204,1
44781,36,6,8629,1
44782,71,2,5321,0
44783,106,9,24213,1
44784,306,5,12241,0
44785,113,7,18701,1
44786,14,7,18441,1
44787,49,6,14004,1
44788,101,6,8616,0
44789,193,3,10592,0
44790,215,3,8807,0
44791,499,3,10796,0
44792,56,6,17767,1
44793,176,4,13474,0
44794,31,9,30327,1
44795,311,8,21129,1
44796,7,5,14401,1
44797,183,8,30299,1
44798,596,5,12754,0
44799,196,3,6881,0
44800,37,5,12086,1
44801,283,1,1447,0
44802,61,5,10955,0
44803,1112,1,2238,0
44804,155,3,8872,0
44805,268,3,5823,0
44806,275,6,15858,1
44807,39,6,17348,1
44808,9,6,14856,1
44809,383,6,16519,1
44810,113,3,6713,0
44811,140,4,9942,0
44812,30,7,25819,1
44813,250,8,15564,1
44814,224,7,13057,1
44815,191,6,18165,1
44816,230,2,6369,0
44817,269,5,15068,1
44818,177,3,9661,0
44819,243,5,14440,0
44820,347,2,4355,0
44821,139,4,9011,0
44822,472,8,16245,1
44823,247,5,17380,1
44824,175,7,18726,1
44825,182,5,15792,1
44826,163,2,9348,0
44827,380,3,8149,0
44828,128,5,13403,1
44829,172,7,23029,1
44830,1154,1,5041,0
44831,1013,1,1554,0
44832,216,5,13826,0
44833,181,5,15451,1
44834,37,8,20745,1
44835,565,6,21741,1
44836,24,2,1749,0
44837,224,5,12509,0
44838,682,4,9823,0
44839,42,4,7188,0
44840,46,4,14509,0
44841,33,4,5995,0
44842,438,6,15602,1
44843,92,7,12779,1
44844,607,4,6420,0
44845,152,10,31818,1
44846,246,4,10460,0
44847,418,3,10500,0
44848,234,5,15398,1
44849,339,4,12421,0
44850,151,3,6572,0
44851,59,6,17076,1
44852,80,6,12341,1
44853,229,8,24980,1
44854,261,8,25357,1
44855,180,4,11495,0
44856,838,4,11807,0
44857,945,3,12058,0
44858,168,4,12701,0
44859,133,3,7959,0
44860,321,3,6165,0
44861,42,2,5037,0
44862,348,5,12313,0
44863,253,4,6126,0
44864,116,7,23937,1
44865,609,2,6873,0
44866,331,5,14028,0
44867,95,8,25058,1
44868,287,4,15738,0
44869,15,10,25985,1
44870,626,4,13363,0
44871,30,5,15740,1
44872,190,5,17045,1
44873,141,6,15202,1
44874,333,6,8540,0
44875,93,5,10637,0
44876,47,5,15454,1
44877,39,6,16437,1
44878,626,4,10600,0
44879,127,4,15871,0
44880,247,6,21787,1
44881,619,4,10611,0
44882,173,7,20316,1
44883,159,9,28791,1
44884,21,6,11131,1
44885,184,4,8554,0
44886,118,6,11314,1
44887,367,3,11358,0
44888,82,4,11835,0
44889,535,2,6399,0
44890,116,4,14412,0
44891,68,6,14489,1
44892,348,4,13633,0
44893,489,7,17519,1
44894,544,5,16619,0
44895,77,10,34893,1
44896,215,5,13042,0
44897,294,10,31880,1
44898,62,12,29921,1
44899,556,4,11320,0
44900,398,5,11897,0
44901,15,6,15988,1
44902,125,6,23986,1
44903,422,4,10898,0
44904,165,9,17137,1
44905,676,4,5933,0
44906,871,2,8152,0
44907,111,5,14082,1
44908,73,13,33402,1
44909,516,5,16357,0
44910,441,3,7593,0
44911,110,6,20235,1
44912,16,7,18715,1
44913,4,9,22791,1
44914,429,3,7310,0
44915,87,6,7533,0
44916,155,5,17524,1
44917,2,3,9417,0
44918,183,4,8416,0
44919,37,3,6702,0
44920,455,5,12149,0
44921,200,6,14626,1
44922,103,9,26586,1
44923,364,1,4214,0
44924,132,7,20697,1
44925,208,9,24822,1
44926,491,2,5001,0
44927,870,5,12351,0
44928,251,5,15247,1
44929,197,5,9922,0
44930,6,8,26969,1
44931,60,9,21889,1
44932,48,7,15897,1
44933,371,3,9622,0
44934,512,3,9777,0
44935,15,8,24294,1
44936,253,7,12741,1
44937,81,3,6968,0
44938,32,6,15931,1
44939,42,8,28392,1
44940,65,4,10663,0
44941,221,5,10719,0
44942,876,6,8732,0
44943,358,7,14094,1
44944,136,7,12684,1
44945,520,2,3394,0
44946,20,8,22029,1
44947,767,3,10687,0
44948,187,6,16892,1
44949,164,3,6338,0
44950,291,6,18260,1
44951,136,7,16418,1
44952,994,1,2443,0
44953,351,3,12270,0
44954,96,8,20437,1
44955,369,6,18361,1
44956,201,6,15698,1
44957,320,6,18660,1
44958,54,4,16853,1
44959,304,7,17308,1
44960,118,6,14667,1
44961,7,8,25800,1
44962,752,3,8829,0
44963,230,7,15263,1
44964,3,9,22191,1
44965,734,4,13628,0
44966,124,7,22494,1
44967,305,4,11792,0
44968,193,7,25373,1
44969,20,8,25591,1
44970,300,7,24871,1
44971,85,6,15616,1
44972,148,4,3486,0
44973,746,5,18998,0
44974,250,4,7650,0
44975,47,5,17299,1
44976,29,2,7347,0
44977,139,5,9986,0
44978,325,6,14088,1
44979,332,5,7071,0
44980,149,5,12161,0
44981,35,6,16507,1
44982,135,8,22366,1
44984,343,5,16090,0
44985,104,7,22776,1
44986,92,8,24612,1
44987,248,4,8944,0
44988,309,2,9279,0
44989,355,4,8970,0
44990,404,3,10438,0
44991,212,4,11337,0
44992,8,7,18256,1
44993,144,5,14209,1
44994,144,3,8098,0
44995,996,3,10071,0
44996,161,2,7576,0
44997,463,8,12635,1
44998,392,6,14684,1
44999,19,5,11246,1
45000,16,5,8732,0
45001,18,4,11797,0
45002,106,6,19183,1
45003,64,8,21026,1
45004,144,1,5056,0
45005,45,5,9468,0
45006,86,7,16768,1
45007,120,7,17923,1
45008,341,6,19181,1
45009,1113,3,3591,0
45010,637,4,16673,0
45011,113,4,11000,0
45012,163,7,21860,1
45013,77,5,12732,1
45014,176,7,25967,1
45015,11,2,4537,0
45016,258,4,11258,0
45017,305,8,17693,1
45018,130,5,12278,0
45019,619,6,18089,1
45020,127,5,11132,0
45021,141,6,14528,1
45022,65,4,6119,0
45023,228,5,13230,0
45024,275,5,16910,1
45025,520,10,29874,1
45026,47,6,20247,1
45027,486,5,13924,0
45028,136,6,14646,1
45029,259,6,12191,1
45030,262,7,20144,1
45031,196,7,19770,1
45032,41,4,9907,0
45033,162,3,12989,0
45034,1271,1,2550,0
45035,186,9,25259,1
45036,35,8,18061,1
45037,336,4,10930,0
45038,318,3,3113,0
45039,165,5,11254,0
45040,136,5,13011,1
45041,26,2,6174,0
45042,522,3,11152,0
45043,374,5,10036,0
45044,175,3,12862,0
45045,489,2,7572,0
45046,414,4,10324,0
45047,17,6,15822,1
45048,124,3,11078,0
45049,1079,4,7232,0
45050,376,4,11351,0
45051,533,2,4813,0
45052,297,3,10125,0
45053,117,5,16999,1
45054,160,6,9686,0
45055,122,7,17092,1
45056,77,7,20714,1
45057,203,6,11578,1
45058,470,5,10458,0
45059,90,4,10926,0
45060,499,3,7453,0
45061,141,3,9940,0
45062,198,6,19612,1
45063,519,4,8689,0
45064,162,5,17422,1
45065,64,3,5892,0
45066,1334,1,743,0
45067,56,7,20090,1
45068,154,4,11952,0
45069,118,3,3492,0
45071,21,5,16004,1
45072,464,4,11973,0
45073,322,2,2476,0
45074,321,5,16957,1
45075,290,5,16034,1
45076,245,5,20523,1
45077,1135,1,1579,0
45078,247,6,20744,1
45079,61,3,10031,0
45080,332,3,9111,0
45081,851,4,14699,0
45082,22,5,16850,1
45083,32,6,12739,1
45084,49,4,6286,0
45085,65,5,16610,1
45086,182,5,18797,1
45087,16,2,3815,0
45088,590,6,20662,1
45089,13,5,5176,0
45090,242,8,29252,1
45091,143,7,26966,1
45092,461,5,11001,0
45093,366,3,9084,0
45094,67,4,3696,0
45095,136,8,23000,1
45096,188,3,4858,0
45097,183,5,8621,0
45098,365,5,20340,1
45099,780,5,11201,0
45100,330,2,6028,0
45101,250,1,1388,0
45102,25,4,10709,0
45103,271,2,4383,0
45104,308,6,8016,0
45105,127,4,7961,0
45106,52,4,13384,0
45107,545,5,10552,0
45108,117,4,9088,0
45109,1334,1,4497,0
45110,102,2,9676,0
45111,311,5,19903,1
45112,475,5,16309,0
45113,26,9,23329,1
45114,18,5,13352,1
45115,64,3,9810,0
45116,43,12,37572,1
45117,462,4,15480,0
45118,181,7,13614,1
45119,295,5,13466,0
45120,27,5,9512,0
45121,763,4,7292,0
45122,302,3,7088,0
45123,39,5,12331,1
45124,110,5,16546,1
45125,34,6,21306,1
45126,109,4,14373,0
45127,313,2,2708,0
45128,47,9,24327,1
45129,574,5,16817,0
45130,276,5,17324,1
45131,28,7,12817,1
45132,222,5,8627,0
45133,793,5,14433,0
45134,250,3,12719,0
45135,139,4,10267,0
45136,241,1,4011,0
45137,189,5,19503,1
45138,26,5,15105,1
45139,290,6,21315,1
45140,310,2,1105,0
45141,507,6,20976,1
45142,101,10,30522,1
45143,148,3,10493,0
45144,781,4,12438,0
45145,373,6,19761,1
45146,6,6,23130,1
45147,2,10,26712,1
45148,5,2,7116,0
45149,94,5,15732,1
45150,23,2,5731,0
45151,128,4,8433,0
45152,228,3,7352,0
45153,334,5,16203,1
45154,618,7,17026,1
45155,45,9,27533,1
45156,168,5,14149,1
45157,43,3,4191,0
45158,339,7,21658,1
45159,82,4,4741,0
45160,97,9,19780,1
45161,28,6,18828,1
45162,13,9,20757,1
45163,398,5,14805,0
45164,149,4,13024,0
45165,1279,1,521,0
45166,63,5,17390,1
45167,203,4,14168,0
45168,38,9,22515,1
45169,511,3,9649,0
45170,914,4,13036,0
45171,4,11,28972,1
45172,199,4,14250,0
45173,68,8,28944,1
45174,68,3,11368,0
45175,42,4,8552,0
45176,1115,1,2925,0
45177,95,2,6698,0
45178,95,5,16202,1
45179,307,5,13647,0
45180,55,6,22254,1
45181,96,4,10464,0
45182,131,4,8351,0
45183,178,8,20593,1
45184,385,2,8317,0
45185,12,4,8408,0
45186,145,6,16236,1
45187,13,5,10250,0
45188,129,5,11772,0
45189,439,3,3282,0
45190,26,7,17489,1
45191,76,8,21316,1
45192,23,2,7921,0
45193,147,4,5523,0
45194,307,5,9297,0
45195,75,3,8546,0
45196,609,4,11779,0
45197,468,2,3602,0
45198,92,7,11850,1
45199,391,4,14150,0
45200,7,3,6684,0
45201,139,7,11159,1
45202,1270,1,708,0
45203,3,8,13419,1
45204,137,6,13402,1
45205,34,6,16668,1
45206,94,7,20668,1
45207,68,10,28102,1
45208,388,1,614,0
45209,78,7,25500,1
45210,613,1,2223,0
45211,84,4,10811,0
45212,519,4,10466,0
45213,294,2,2909,0
45214,245,4,14088,0
45215,126,8,19825,1
45216,658,3,3414,0
45217,12,5,13069,1
45218,121,4,16811,1
45219,171,2,5714,0
45220,428,3,3339,0
45221,97,5,16373,1
45222,442,6,16108,1
45223,285,6,23662,1
45224,298,2,6448,0
45225,87,5,12449,1
45226,14,5,10960,0
45227,344,5,15877,0
45228,720,2,5417,0
45229,578,5,6882,0
45230,355,6,14577,1
45231,676,2,6590,0
45232,423,5,14173,0
45233,78,2,5276,0
45234,730,2,6930,0
45235,261,5,11633,0
45236,52,3,3716,0
45237,526,5,16449,0
45238,150,1,4257,0
45239,461,6,12491,0
45240,185,9,30598,1
45241,439,3,10064,0
45242,357,4,13593,0
45243,28,6,19935,1
45244,103,6,10707,1
45245,196,5,12066,0
45246,145,4,9780,0
45247,171,4,5949,0
45248,456,5,15215,0
45249,51,4,15947,1
45250,476,3,8108,0
45251,59,5,14960,1
45252,40,7,15091,1
45253,1015,2,3671,0
45254,561,7,21767,1
45255,244,4,12975,0
45256,412,3,5744,0
45257,476,3,9678,0
45258,148,6,12802,1
45259,182,5,7413,0
45260,53,3,10409,0
45261,40,6,14074,1
45262,80,7,16349,1
45263,235,6,16999,1
45264,307,9,28666,1
45265,336,3,11386,0
45266,108,5,12973,1
45267,180,4,8220,0
45268,51,4,12963,0
45269,406,5,11282,0
45270,35,7,12339,1
45271,134,5,10224,0
45272,139,3,9867,0
45273,75,7,23467,1
45274,236,5,15823,1
45275,323,6,9122,0
45276,395,4,10378,0
45277,644,5,11335,0
45278,230,6,16701,1
45279,96,8,16825,1
45280,212,7,15928,1
45281,278,4,10725,0
45282,686,4,12307,0
45283,895,3,7323,0
45284,95,8,17047,1
45285,627,4,13246,0
45286,500,4,12275,0
45287,10,4,14211,1
45288,32,8,18894,1
45289,57,9,26038,1
45290,75,4,7010,0
45291,640,6,11005,0
45292,327,5,11371,0
45293,50,7,14918,1
45294,302,5,13009,0
45295,187,4,13038,0
45296,152,8,17769,1
45297,301,6,17288,1
45298,600,6,18853,1
45299,33,10,23074,1
45300,130,7,19577,1
45301,425,8,27624,1
45302,4,10,26390,1
45303,176,7,20808,1
45304,117,4,5839,0
45305,213,6,14983,1
45306,118,5,12881,1
45307,420,1,2168,0
45308,191,8,20416,1
45309,96,7,23239,1
45310,845,2,8077,0
45311,162,4,14339,0
45312,41,9,29082,1
45313,185,1,5064,0
45314,145,6,15465,1
45315,18,8,16146,1
45316,275,4,11412,0
45317,268,9,11581,1
45318,282,7,23902,1
45319,516,4,7741,0
45320,210,5,18714,1
45321,14,5,15849,1
45322,425,6,19554,1
45323,55,3,10297,0
45324,190,6,18719,1
45325,12,7,19507,1
45326,275,4,9259,0
45327,249,3,8715,0
45328,70,3,8727,0
45329,430,4,14904,0
45330,27,7,12530,1
45331,13,6,20913,1
45332,28,7,17966,1
45333,2,5,10712,0
45334,43,8,23676,1
45335,9,6,16350,1
45336,72,6,19113,1
45337,160,3,5430,0
45338,238,7,15929,1
45339,253,6,22554,1
45340,310,5,10314,0
45341,104,7,14125,1
45342,132,5,6705,0
45343,125,6,13808,1
45344,141,6,22441,1
45345,72,5,14460,1
45346,1177,1,1697,0
45347,67,7,23844,1
45348,125,7,24008,1
45349,78,9,18927,1
45350,39,4,10425,0
45351,1345,1,4989,0
45352,116,5,9002,0
45353,135,6,19573,1
45354,71,4,9425,0
45355,140,7,15762,1
45356,303,7,20893,1
45357,143,5,16870,1
45358,178,7,20921,1
45359,259,8,25813,1
45360,932,2,3564,0
45361,40,6,20560,1
45362,70,8,20108,1
45363,100,10,25640,1
45364,896,5,15244,0
45365,327,6,14679,1
45366,10,5,17691,1
45367,1263,1,4494,0
45368,238,4,10682,0
45369,433,7,26149,1
45370,7,6,22114,1
45371,188,5,9590,0
45372,162,1,563,0
45373,251,5,9009,0
45374,343,3,4308,0
45375,524,6,13788,0
45376,51,5,18317,1
45377,51,9,19498,1
45378,162,5,11882,0
45379,563,4,11958,0
45380,60,5,11155,0
45381,46,9,25680,1
45382,8,9,31012,1
45383,515,5,14316,0
45384,94,7,17912,1
45385,409,3,13037,0
45386,2,4,12079,0
45387,193,4,8996,0
45388,9,8,16729,1
45389,5,3,6012,0
45390,176,4,15684,0
45391,188,6,22605,1
45392,314,7,23613,1
45393,112,2,7574,0
45394,229,7,27027,1
45395,140,9,23908,1
45396,238,5,16808,1
45397,575,1,3397,0
45398,46,3,10581,0
45399,139,3,5056,0
45400,260,6,15942,1
45401,323,4,9298,0
45402,197,5,14291,1
45403,155,7,20362,1
45404,650,1,3835,0
45405,411,3,12345,0
45406,21,7,24214,1
45407,216,4,10902,0
45408,228,4,9548,0
45409,68,5,10820,0
45410,838,1,3302,0
45411,298,6,11896,0
45412,154,6,14239,1
45413,212,4,8056,0
45414,233,6,13828,1
45415,57,5,13350,1
45416,16,7,22200,1
45417,270,4,4827,0
45418,98,7,14711,1
45419,53,4,14154,0
45420,11,6,16419,1
45421,487,3,5595,0
45422,337,6,15397,1
45423,63,7,13201,1
45424,135,7,21850,1
45425,16,3,7541,0
45426,159,6,16680,1
45427,14,4,14822,1
45428,249,11,23158,1
45429,182,4,9802,0
45430,574,8,23871,1
45431,442,3,7784,0
45432,421,5,15701,0
45433,14,6,18189,1
45434,199,5,11514,0
45435,105,3,9765,0
45436,102,6,21535,1
45437,345,5,13471,0
45438,183,4,15028,0
45439,286,4,17046,0
45440,563,4,11488,0
45441,160,5,13098,0
45442,32,3,11556,0
45443,23,8,18098,1
45444,245,8,18187,1
45445,848,2,7323,0
45446,26,8,22068,1
45447,196,5,12169,0
45448,40,5,11606,1
45449,145,7,17358,1
45450,80,3,9405,0
45451,232,7,22958,1
45452,16,10,30749,1
45453,281,4,10102,0
45454,186,5,13775,1
45455,130,5,16657,1
45456,8,5,15426,1
45457,428,5,12438,0
45458,19,9,25053,1
45459,25,6,14054,1
45460,327,5,14379,0
45461,87,5,14733,1
45462,138,3,7393,0
45463,321,7,19029,1
45464,22,5,14027,1
45465,35,5,16114,1
45466,948,3,7527,0
45467,383,7,19190,1
45468,103,8,24539,1
45469,438,3,7366,0
45470,560,4,13229,0
45471,143,5,10090,0
45472,918,3,6836,0
45473,504,6,14656,0
45474,127,7,17794,1
45475,42,6,16734,1
45476,480,6,11841,0
45477,96,4,13902,0
45478,276,3,7071,0
45479,110,3,12299,0
45480,690,6,18587,1
45481,32,5,6507,0
45482,865,4,11949,0
45483,164,6,15867,1
45484,216,7,15416,1
45485,20,7,18003,1
45486,440,5,7950,0
45487,726,4,10199,0
45488,130,7,19218,1
45489,7,3,9070,0
45490,45,5,16283,1
45491,543,4,9240,0
45492,97,5,14916,1
45493,36,4,8959,0
45494,628,4,10931,0
45495,99,8,25663,1
45496,204,5,9063,0
45497,12,10,25996,1
45498,74,6,19384,1
45499,226,3,13687,0
45500,51,6,19393,1
45501,59,6,15213,1
45502,769,2,6071,0
45503,362,2,4788,0
45504,55,4,15858,1
45505,481,6,15218,1
45506,3,4,6547,0
45507,206,7,15986,1
45508,129,4,8335,0
45509,593,6,18311,1
45510,114,3,3474,0
45511,2,2,6497,0
45512,124,4,5962,0
45513,191,6,13997,1
45514,365,2,9069,0
45515,47,2,5026,0
45516,181,7,18939,1
45517,95,10,29742,1
45518,12,6,9599,1
45519,333,3,11610,0
45520,488,2,5172,0
45521,78,4,10490,0
45522,919,2,2187,0
45523,141,6,18658,1
45524,10,8,19146,1
45525,106,5,17818,1
45526,674,3,10125,0
45527,486,2,6024,0
45528,319,6,14993,1
45529,16,7,16990,1
45530,272,4,12559,0
45531,319,4,11958,0
45532,219,10,23047,1
45533,239,6,15057,1
45534,1109,3,6119,0
45535,47,4,8082,0
45536,404,2,6924,0
45537,96,4,15468,0
45538,216,5,9733,0
45539,171,3,10607,0
45540,369,5,13696,0
45541,172,3,8425,0
45542,537,3,6699,0
45543,163,2,6566,0
45544,552,4,9338,0
45545,88,6,18768,1
45546,39,2,7770,0
45547,259,3,7924,0
45548,324,5,12984,0
45549,152,3,11826,0
45550,548,3,6854,0
45551,110,1,266,0
45552,94,5,20036,1
45553,68,9,29308,1
45554,130,9,27654,1
45555,95,3,3597,0
45556,107,8,25586,1
45557,24,6,18654,1
45558,85,7,17232,1
45559,195,7,26852,1
45560,129,6,15064,1
45561,50,6,13769,1
45562,133,13,27689,1
45563,152,4,10476,0
45564,352,3,11322,0
45565,136,6,13841,1
45566,230,6,16041,1
45567,177,4,9331,0
45568,346,8,23252,1
45569,97,5,14226,1
45570,1068,3,10097,0
45571,299,4,7425,0
45572,276,5,11315,0
45573,353,6,10539,0
45574,18,4,11563,0
45575,275,3,7440,0
45576,172,7,22601,1
45577,471,5,13852,0
45578,119,5,10515,0
45579,117,5,17411,1
45580,66,5,14247,1
45581,274,3,12572,0
45582,174,7,21669,1
45583,844,4,9616,0
45584,197,4,14575,0
45585,325,4,12427,0
45586,327,4,8120,0
45587,398,3,11283,0
45588,275,2,3306,0
45589,47,10,23506,1
45590,204,2,2290,0
45591,12,10,31446,1
45592,414,4,11565,0
45593,235,6,18163,1
45594,200,5,12799,0
45595,552,1,740,0
45596,682,4,11581,0
45597,442,2,7494,0
45598,13,5,9897,0
45599,143,8,28237,1
45600,382,4,13655,0
45601,506,2,7183,0
45602,1,7,18427,1
45603,36,4,9950,0
45604,368,4,6974,0
45605,339,6,24176,1
45606,101,4,13723,0
45607,138,6,22111,1
45608,332,6,9352,0
45609,621,3,4743,0
45610,213,6,14257,1
45611,374,6,10686,0
45612,43,4,8201,0
45613,122,5,11625,0
45614,164,4,10492,0
45615,220,5,12664,0
45616,79,8,23870,1
45617,165,3,6961,0
45618,138,4,11025,0
45619,13,5,12531,1
45620,95,3,8301,0
45621,136,4,7306,0
45622,49,7,20055,1
45623,212,4,9253,0
45624,75,4,10306,0
45625,37,4,10432,0
45626,77,5,13286,1
45627,164,2,3551,0
45628,56,4,8496,0
45629,157,9,19684,1
45630,555,4,15862,0
45631,235,8,22883,1
45632,185,6,11802,1
45633,41,9,30369,1
45634,346,5,17343,1
45635,470,3,10526,0
45636,334,4,13617,0
45637,186,3,10085,0
45638,482,2,4374,0
45639,55,9,18222,1
45640,262,8,18448,1
45641,49,5,14260,1
45642,33,6,12612,1
45643,88,6,10271,1
45644,302,5,9892,0
45645,222,4,12224,0
45646,321,6,18274,1
45647,117,4,10679,0
45648,89,5,12822,1
45649,151,6,18250,1
45650,199,3,5519,0
45651,293,4,6439,0
45652,149,5,9631,0
45653,116,5,12569,0
45654,97,4,6393,0
45655,472,6,18338,1
45656,382,9,28651,1
45657,412,7,22644,1
45658,531,6,17021,1
45659,22,5,13631,1
45660,37,7,26229,1
45661,92,4,8981,0
45662,165,4,15813,0
45663,127,8,30561,1
45664,199,2,5157,0
45665,164,5,13870,1
45666,1353,1,5143,0
45667,458,3,10300,0
45668,190,3,8731,0
45669,564,5,19057,0
45670,412,5,15952,0
45671,128,4,6951,0
45672,427,5,12401,0
45673,195,4,15121,0
45675,128,3,8425,0
45676,212,1,380,0
45677,547,1,1723,0
45678,436,3,6669,0
45679,433,4,16901,0
45680,212,7,15273,1
45681,454,4,9190,0
45682,1,7,20164,1
45683,419,3,3900,0
45684,272,3,9491,0
45685,89,4,7884,0
45686,150,9,18612,1
45687,284,2,5694,0
45688,1146,2,6796,0
45689,397,2,2071,0
45690,269,4,12841,0
45691,440,5,12447,0
45692,409,3,5603,0
45693,270,6,19109,1
45694,235,4,9266,0
45695,85,6,13281,1
45696,137,4,12404,0
45697,33,6,11418,1
45698,546,3,7655,0
45699,357,1,4054,0
45700,13,5,16902,1
45701,123,4,13507,0
45702,426,2,6927,0
45703,484,3,8104,0
45704,173,5,15075,1
45705,1029,1,2266,0
45706,94,6,17881,1
45707,1123,2,4535,0
45708,338,3,10481,0
45709,157,8,21068,1
45710,271,2,10012,0
45711,43,2,3686,0
45712,41,5,9140,0
45713,152,4,11088,0
45714,27,7,16653,1
45715,194,5,18678,1
45716,163,4,17772,1
45717,406,7,29822,1
45718,170,8,8857,1
45719,169,5,19729,1
45720,8,8,16353,1
45722,595,5,9194,0
45723,94,3,9543,0
45724,79,7,22511,1
45725,445,4,11296,0
45726,119,6,17552,1
45727,703,3,9639,0
45728,12,7,18598,1
45729,41,4,13199,0
45730,397,4,8168,0
45731,144,3,4771,0
45732,783,4,12896,0
45733,44,3,6529,0
45734,153,5,14572,1
45735,116,4,9508,0
45736,510,3,9112,0
45737,246,6,17278,1
45738,19,10,24939,1
45739,396,10,31661,1
45740,54,5,15766,1
45741,235,5,16467,1
45742,70,6,26291,1
45743,208,7,28142,1
45744,20,5,15697,1
45745,667,2,4925,0
45746,70,5,16005,1
45747,298,5,10799,0
45748,25,5,15888,1
45749,74,7,23931,1
45750,20,4,10534,0
45751,81,7,24727,1
45752,477,4,15539,0
45753,422,4,10962,0
45754,262,6,12837,1
45755,31,7,14525,1
45756,256,5,16635,1
45757,358,8,21879,1
45758,9,4,12700,0
45759,594,3,10275,0
45760,62,4,10020,0
45761,40,5,12199,1
45762,451,4,9065,0
45763,44,4,8915,0
45764,492,6,9685,0
45765,170,8,17512,1
45766,138,6,18059,1
45767,242,6,20143,1
45768,92,4,9057,0
45769,11,6,14038,1
45770,179,10,24279,1
45771,472,5,16886,0
45772,198,2,4539,0
45773,169,3,7620,0
45774,29,4,7174,0
45775,369,4,6936,0
45776,122,5,10255,0
45777,789,5,16892,0
45778,38,6,13064,1
45779,41,7,15029,1
45780,276,7,17929,1
45781,24,8,14991,1
45782,176,5,19456,1
45783,207,2,1615,0
45784,60,5,10397,0
45785,53,8,13777,1
45786,58,7,25453,1
45787,234,8,18933,1
45788,835,3,9759,0
45789,726,6,21086,1
45790,404,4,12851,0
45791,212,7,26642,1
45792,328,8,23569,1
45793,159,6,16913,1
45794,225,5,13824,0
45796,32,4,14425,0
45797,881,5,9131,0
45798,614,4,7179,0
45799,30,2,4113,0
45800,898,2,4178,0
45801,56,4,9359,0
45802,191,3,11857,0
45803,4,7,21887,1
45804,325,6,17256,1
45805,48,6,15141,1
45806,16,4,6638,0
45807,32,3,10753,0
45808,236,6,22929,1
45809,314,3,6392,0
45810,100,10,29639,1
45811,618,4,11129,0
45812,6,4,15606,1
45813,135,6,11979,1
45814,158,5,14561,1
45815,642,4,6183,0
45816,28,6,20831,1
45817,506,3,8572,0
45818,14,5,11013,0
45819,35,4,9965,0
45820,141,7,14988,1
45821,23,3,5622,0
45822,278,5,19095,1
45823,2,8,28805,1
45824,393,7,18616,1
45825,12,8,15975,1
45826,133,5,18681,1
45827,318,5,11095,0
45828,65,5,19554,1
45829,441,4,10277,0
45830,836,2,7477,0
45831,134,3,7752,0
45832,125,7,24015,1
45833,151,6,17162,1
45834,266,6,19862,1
45835,902,3,14620,0
45836,270,5,9967,0
45837,746,3,7728,0
45838,467,5,13513,0
45839,297,2,5813,0
45840,688,6,14438,0
45841,159,4,7328,0
45842,194,4,8754,0
45844,435,2,8689,0
45845,53,6,13680,1
45846,289,3,8006,0
45847,97,4,4565,0
45848,441,1,2052,0
45849,126,4,5696,0
45850,12,5,12057,1
45851,37,3,2526,0
45852,479,7,19713,1
45853,188,4,7740,0
45854,519,5,15748,0
45855,27,5,14062,1
45856,463,8,26744,1
45857,288,8,18705,1
45858,129,5,13484,1
45859,25,5,10175,0
45860,33,6,12574,1
45861,121,4,12371,0
45862,47,10,23676,1
45863,414,3,8512,0
45864,402,5,9409,0
45865,203,4,11922,0
45866,1,9,21774,1
45867,537,3,9614,0
45868,160,8,13281,1
45869,232,10,25883,1
45870,236,6,14545,1
45871,164,5,14801,1
45872,255,2,5239,0
45873,99,4,12797,0
45874,1296,1,724,0
45875,303,3,3315,0
45876,251,7,13087,1
45877,8,5,15725,1
45878,1,7,12101,1
45879,240,6,15546,1
45880,210,5,13981,0
45881,46,6,14169,1
45882,165,5,13171,0
45883,87,5,11653,0
45884,320,3,7488,0
45885,21,5,12278,1
45886,464,8,20804,1
45887,308,6,18053,1
45888,176,7,27851,1
45889,94,4,12715,0
45890,244,3,11527,0
45891,703,4,10137,0
45892,18,7,18943,1
45893,904,1,1625,0
45894,72,5,17429,1
45895,105,7,14789,1
45896,203,7,21919,1
45897,39,7,13158,1
45898,104,4,15240,0
45899,322,6,14366,1
45900,141,13,33725,1
45901,31,4,10991,0
45902,248,5,11269,0
45903,23,3,8014,0
45904,182,4,11740,0
45905,91,7,22529,1
45906,36,6,18519,1
45907,263,5,10352,0
45908,26,5,20456,1
45909,112,8,18267,1
45910,371,3,8671,0
45911,281,3,8282,0
45912,112,4,11733,0
45913,41,11,39337,1
45914,104,6,20005,1
45915,30,3,6044,0
45916,100,5,14432,1
45917,662,1,4716,0
45918,55,8,24498,1
45919,936,3,6913,0
45920,671,1,4550,0
45921,408,5,8946,0
45922,20,6,20839,1
45923,16,5,5900,0
45924,296,5,11681,0
45925,219,6,22172,1
45926,85,3,12723,0
45927,448,6,11567,0
45928,522,6,19467,1
45929,84,6,22942,1
45930,425,3,8532,0
45931,27,5,12497,1
45932,181,7,16927,1
45933,224,7,22295,1
45934,413,4,9723,0
45935,75,4,13086,0
45936,590,4,9620,0
45937,338,2,6535,0
45938,27,4,9471,0
45939,26,5,14830,1
45940,18,4,12690,0
45941,215,4,9396,0
45942,81,9,32524,1
45943,88,6,17457,1
45944,72,11,37697,1
45945,400,6,15672,1
45946,314,2,3796,0
45947,100,1,3927,0
45948,637,1,1953,0
45949,435,6,14558,1
45950,41,5,15049,1
45951,821,5,12393,0
45952,47,6,12505,1
45953,522,7,13823,1
45954,81,5,13054,1
45955,60,6,15638,1
45956,544,5,13608,0
45957,29,8,30493,1
45958,270,2,4829,0
45959,646,2,4866,0
45960,326,8,20771,1
45961,65,5,11419,0
45962,478,3,9488,0
45963,274,6,19062,1
45964,30,7,15288,1
45965,262,8,22706,1
45966,367,3,5122,0
45967,868,3,5120,0
45968,400,5,17940,1
45969,428,4,12077,0
45970,590,4,15477,0
45971,3,8,17858,1
45972,125,10,30021,1
45973,16,6,21128,1
45974,71,5,14489,1
45975,65,8,22500,1
45976,130,5,13958,1
45977,122,8,19479,1
45978,347,7,21760,1
45979,341,14,37593,1
45980,127,5,17015,1
45981,285,6,15632,1
45982,209,8,21880,1
45983,129,5,12856,1
45984,195,7,17089,1
45985,66,8,30186,1
45986,539,9,16600,1
45987,23,5,8097,0
45988,350,6,16149,1
45989,163,5,14902,1
45990,68,7,24256,1
45991,503,2,7640,0
45992,275,5,15869,1
45993,76,8,20151,1
45994,61,8,28276,1
45995,130,4,9453,0
45996,371,9,21233,1
45997,186,4,9120,0
45998,109,7,17743,1
45999,241,3,9159,0
46000,725,4,12399,0
46001,614,10,34659,1
46002,93,2,7860,0
46003,238,2,5328,0
46004,113,2,4489,0
46005,213,9,25128,1
46006,661,4,10150,0
46007,386,2,3667,0
46008,65,3,8135,0
46009,97,3,5579,0
46010,168,7,19330,1
46011,853,2,7496,0
46012,402,6,23315,1
46013,113,6,15042,1
46014,118,7,25730,1
46015,509,7,13427,1
46016,22,8,19273,1
46017,41,6,17241,1
46018,899,2,4417,0
46019,79,8,26513,1
46020,63,3,6807,0
46021,601,2,7062,0
46022,204,3,10660,0
46023,808,2,8138,0
46024,131,7,17233,1
46025,25,9,23572,1
46026,535,4,14165,0
46027,125,4,10869,0
46028,96,4,7769,0
46029,182,3,8568,0
46030,196,6,16256,1
46031,23,5,14665,1
46032,111,5,19835,1
46033,460,4,4888,0
46034,770,2,7063,0
46035,401,3,11072,0
46036,673,8,25491,1
46037,37,5,12664,1
46038,257,6,20789,1
46039,273,7,19237,1
46040,72,6,19326,1
46041,2,8,23703,1
46042,69,6,17030,1
46043,984,3,6259,0
46044,22,7,11882,1
46045,302,6,18006,1
46046,167,11,25951,1
46047,59,3,13958,0
46048,66,7,23668,1
46049,94,10,25506,1
46050,733,5,15424,0
46051,314,4,10383,0
46052,16,7,15259,1
46053,77,7,18971,1
46054,118,8,22673,1
46055,148,11,30910,1
46056,169,5,18371,1
46057,936,2,446,0
46058,217,5,10468,0
46059,475,2,4593,0
46060,144,3,10117,0
46061,182,5,15050,1
46062,952,1,3439,0
46063,240,5,17376,1
46064,399,9,22335,1
46065,642,5,15321,0
46066,220,8,12301,1
46067,83,7,16312,1
46068,69,9,25155,1
46069,845,2,2297,0
46070,211,3,7471,0
46071,9,5,15003,1
46072,45,7,16509,1
46073,743,2,5977,0
46075,156,4,15887,0
46076,54,8,17316,1
46077,217,1,3693,0
46078,24,3,4928,0
46079,34,7,23086,1
46080,429,6,18248,1
46081,2,8,17632,1
46082,430,6,11469,0
46083,335,4,10010,0
46084,277,8,26153,1
46085,79,9,23413,1
46086,192,5,9688,0
46087,727,4,13106,0
46088,309,6,15418,1
46089,44,3,10058,0
46090,813,4,10577,0
46091,207,5,16733,1
46092,183,9,18812,1
46093,250,8,28610,1
46094,384,6,18422,1
46095,66,5,13010,1
46096,205,6,10448,0
46097,45,5,21160,1
46098,90,7,12904,1
46099,165,4,11590,0
46100,9,6,19642,1
46101,40,8,23331,1
46102,556,3,8153,0
46103,61,3,3092,0
46104,110,7,13986,1
46105,645,4,8486,0
46106,68,5,17317,1
46107,248,5,9743,0
46108,271,5,11848,0
46109,12,9,25975,1
46110,913,1,2046,0
46111,29,7,25284,1
46112,368,8,22691,1
46113,21,4,10998,0
46114,559,8,23185,1
46115,232,5,9909,0
46116,1063,2,2055,0
46117,140,4,9346,0
46118,36,7,18035,1
46119,93,6,21493,1
46120,151,4,13762,0
46121,396,4,8763,0
46122,225,7,16956,1
46123,493,5,10654,0
46124,7,8,21455,1
46125,138,8,21168,1
46126,55,3,9138,0
46127,219,6,14299,1
46128,170,6,12397,1
46129,472,3,10336,0
46130,632,4,9852,0
46131,201,8,19592,1
46132,839,2,5258,0
46133,284,3,8822,0
46134,805,4,12133,0
46135,160,3,4893,0
46136,127,5,11345,0
46137,1110,2,5586,0
46138,881,2,3284,0
46139,386,7,26927,1
46140,83,5,6743,0
46141,29,3,6992,0
46142,16,4,12834,0
46143,67,6,8859,1
46144,93,3,4405,0
46145,216,10,29904,1
46146,58,7,18844,1
46147,204,7,19597,1
46148,42,5,9989,0
46149,419,6,23662,1
46150,658,5,17279,0
46151,243,6,14849,1
46152,145,3,8194,0
46153,42,7,16449,1
46154,103,3,8834,0
46155,144,7,18928,1
46156,260,7,18842,1
46157,258,6,17168,1
46158,69,6,21121,1
46159,156,8,21249,1
46160,551,3,8835,0
46161,289,6,22139,1
46162,33,8,19305,1
46163,257,5,12882,0
46164,213,8,24490,1
46165,65,4,5718,0
46166,91,8,28354,1
46167,27,5,7301,0
46168,117,2,7820,0
46169,754,3,10849,0
46170,602,3,5870,0
46171,313,4,12726,0
46172,120,6,17664,1
46173,23,10,26048,1
46174,170,5,3152,0
46175,271,6,23651,1
46176,470,4,8914,0
46177,137,5,17368,1
46178,313,6,20226,1
46179,155,8,21782,1
46180,51,3,10585,0
46181,16,6,20629,1
46182,145,5,9184,0
46183,571,8,23205,1
46184,90,3,10539,0
46185,225,2,6147,0
46186,180,2,5168,0
46187,496,4,9857,0
46188,79,7,24492,1
46189,269,4,7742,0
46190,3,4,17672,1
46191,166,6,18335,1
46192,118,2,6017,0
46193,167,4,14953,0
46194,649,5,12669,0
46195,255,6,12984,1
46196,361,4,9598,0
46197,360,8,22509,1
46198,134,6,18029,1
46199,214,3,8795,0
46200,440,4,10010,0
46201,65,6,21532,1
46202,828,4,10321,0
46203,48,7,19299,1
46204,15,6,25743,1
46205,78,10,22066,1
46206,107,5,15538,1
46207,77,6,16161,1
46208,268,8,15450,1
46209,387,6,16430,1
46210,32,6,16355,1
46211,326,5,12805,0
46212,516,4,12824,0
46213,142,5,15557,1
46214,450,3,7851,0
46215,36,5,13918,1
46216,65,3,3586,0
46217,386,5,15007,0
46218,282,4,8122,0
46219,723,3,8349,0
46220,39,4,11418,0
46221,103,12,31885,1
46222,458,3,9659,0
46223,173,6,13845,1
46224,475,2,3777,0
46225,902,4,8916,0
46226,83,5,14845,1
46227,166,5,16662,1
46228,827,2,8305,0
46229,19,7,21034,1
46230,92,6,17195,1
46231,640,3,11534,0
46232,626,2,6713,0
46233,87,8,16268,1
46234,342,7,11920,1
46235,64,8,21790,1
46236,191,10,27934,1
46237,24,4,7292,0
46238,93,5,15274,1
46239,236,2,4527,0
46240,169,4,11125,0
46241,606,3,4484,0
46242,140,7,18626,1
46243,5,2,4904,0
46244,329,4,10241,0
46245,125,5,17164,1
46246,295,5,10567,0
46247,1245,2,5686,0
46248,1054,3,7676,0
46249,14,7,18765,1
46250,43,12,27347,1
46251,480,4,10184,0
46252,638,4,16771,0
46253,294,6,13656,1
46254,33,5,11769,1
46255,18,5,19795,1
46256,344,5,15425,0
46257,155,4,8823,0
46258,149,5,15848,1
46259,85,9,26402,1
46260,3,8,22339,1
46261,14,4,13160,0
46262,894,4,4831,0
46264,1,7,14711,1
46265,68,4,8994,0
46266,328,5,13686,0
46267,142,5,15632,1
46268,474,8,17143,1
46269,38,5,6812,0
46270,285,7,20554,1
46271,184,6,12004,1
46272,116,7,21937,1
46273,294,6,11504,0
46274,33,6,20435,1
46275,579,6,23209,1
46276,428,4,11056,0
46277,246,5,8907,0
46278,169,9,23329,1
46279,31,5,18354,1
46280,447,3,4369,0
46281,60,10,26876,1
46282,286,4,11337,0
46283,867,3,6205,0
46284,159,7,24713,1
46285,1144,2,3244,0
46286,71,3,11111,0
46287,134,4,13358,0
46288,17,7,22970,1
46289,461,3,3457,0
46290,425,7,21934,1
46291,211,5,14129,1
46292,328,4,12493,0
46293,94,7,18871,1
46294,319,5,10585,0
46295,107,3,6925,0
46296,77,4,10388,0
46297,784,3,5540,0
46298,316,3,6143,0
46299,60,3,8579,0
46300,488,2,6505,0
46301,66,9,34075,1
46302,619,3,6317,0
46303,212,7,21333,1
46304,150,3,8604,0
46305,33,6,13238,1
46306,4,5,23146,1
46307,521,5,14774,0
46308,617,4,7111,0
46309,120,6,14016,1
46310,145,8,18815,1
46311,59,4,15725,1
46312,358,5,12727,0
46313,117,4,12831,0
46314,7,9,33725,1
46315,168,4,11414,0
46316,743,4,15552,0
46317,167,4,8887,0
46318,2,6,13136,1
46319,253,6,13247,1
46320,353,4,9364,0
46321,262,5,11505,0
46322,107,6,19171,1
46323,214,3,9859,0
46324,93,4,10346,0
46325,93,3,9002,0
46326,21,5,13927,1
46327,234,7,20126,1
46328,21,4,10377,0
46329,379,2,3782,0
46330,158,4,9442,0
46331,142,11,30919,1
46332,331,4,10980,0
46333,14,6,23944,1
46334,167,3,12955,0
46335,26,4,10179,0
46336,220,4,14834,0
46337,538,2,5823,0
46338,773,7,16842,1
46339,43,6,12880,1
46340,196,5,8109,0
46341,156,6,20375,1
46342,17,4,13401,0
46343,153,6,18968,1
46344,544,3,7818,0
46345,630,5,17853,0
46346,128,5,8870,0
46347,288,1,1966,0
46348,382,4,16038,0
46349,154,7,14140,1
46350,173,4,12620,0
46351,148,6,11998,1
46352,839,3,8272,0
46353,212,8,25737,1
46354,238,5,14938,1
46355,165,7,15200,1
46356,59,11,33655,1
46357,149,7,24995,1
46358,36,7,28457,1
46359,388,8,17972,1
46360,243,2,3504,0
46361,122,5,13766,1
46362,265,2,6257,0
46363,582,1,3774,0
46364,302,6,15523,1
46365,171,4,4422,0
46366,578,5,12925,0
46367,37,6,15964,1
46368,499,3,2521,0
46369,79,9,31890,1
46370,940,2,5654,0
46371,548,5,11535,0
46372,33,8,20017,1
46373,1309,1,3492,0
46374,561,4,15141,0
46375,313,2,1900,0
46376,286,4,9879,0
46377,283,3,8671,0
46378,1021,3,2682,0
46379,33,5,11217,0
46380,55,2,3765,0
46381,392,4,6961,0
46382,42,2,8680,0
46383,132,12,37239,1
46384,102,6,18043,1
46385,187,4,7777,0
46386,241,3,4933,0
46387,484,7,14242,1
46388,553,1,4183,0
46389,8,6,21715,1
46390,47,4,7543,0
46391,86,7,14100,1
46392,423,3,7949,0
46393,386,4,13213,0
46394,96,2,5852,0
46395,149,3,11837,0
46396,354,6,12435,0
46397,18,7,19501,1
46398,5,6,11386,1
46399,147,6,11721,1
46400,389,4,8348,0
46401,238,3,11695,0
46402,3,5,14553,1
46403,47,3,6816,0
46404,82,5,11600,0
46405,135,5,11442,0
46406,165,4,14114,0
46407,59,5,13944,1
46408,42,7,15611,1
46409,125,5,16544,1
46410,847,6,14755,0
46411,442,5,6847,0
46412,390,8,20758,1
46413,462,3,9996,0
46414,67,7,11623,1
46415,947,3,7291,0
46416,101,8,20043,1
46417,541,4,12054,0
46418,212,4,8615,0
46419,417,3,11584,0
46420,203,3,9760,0
46421,367,7,19804,1
46422,129,4,19377,1
46423,18,8,22649,1
46424,165,7,19873,1
46425,208,5,11232,0
46426,73,4,8350,0
46427,286,4,13435,0
46428,63,4,5784,0
46429,35,4,8519,0
46430,853,4,14334,0
46431,39,4,12105,0
46432,698,3,8753,0
46433,402,4,11590,0
46434,92,2,5552,0
46435,409,5,14208,0
46436,284,5,11393,0
46437,219,6,18569,1
46438,336,2,5344,0
46439,176,7,18375,1
46440,122,5,12061,0
46441,609,5,13632,0
46442,280,4,15733,0
46443,183,3,10128,0
46444,1,6,18670,1
46445,182,7,19896,1
46446,341,2,3003,0
46447,329,5,10151,0
46448,1,7,24302,1
46449,370,2,4008,0
46450,267,5,14693,0
46451,52,6,14441,1
46452,117,5,10800,0
46453,649,2,2667,0
46454,18,6,11557,1
46455,446,4,11165,0
46456,329,6,21057,1
46457,212,2,3347,0
46458,32,6,11230,1
46459,259,6,16944,1
46460,23,4,10162,0
46461,181,3,8576,0
46462,84,5,10460,0
46463,758,7,14936,0
46464,145,6,17223,1
46465,42,6,11722,1
46466,1059,2,6080,0
46467,267,3,7401,0
46468,118,6,9504,0
46469,51,3,8896,0
46470,198,5,11227,0
46471,219,8,23438,1
46472,371,6,21854,1
46473,246,5,14855,1
46474,50,4,12731,0
46475,151,4,10687,0
46476,476,5,6122,0
46477,687,6,16605,0
46478,68,6,12331,1
46479,286,3,8033,0
46480,32,5,12046,1
46481,107,5,8658,0
46482,186,10,26621,1
46483,9,10,17999,1
46484,167,4,7141,0
46485,418,8,23028,1
46486,387,2,4820,0
46487,40,9,19780,1
46488,208,5,13929,0
46489,47,3,9236,0
46490,139,4,10498,0
46491,164,5,12464,0
46492,211,5,17684,1
46493,471,3,11179,0
46494,92,4,13284,0
46495,417,2,4048,0
46496,444,2,1676,0
46497,234,2,6767,0
46498,893,1,2839,0
46499,234,7,15991,1
46500,551,1,1895,0
46501,364,5,14248,0
46502,317,6,13692,1
46503,732,6,16831,0
46504,53,3,8146,0
46505,11,3,12440,0
46506,148,6,12584,1
46507,527,3,10496,0
46508,362,2,3427,0
46509,110,6,8698,0
46510,70,5,18113,1
46511,727,3,7579,0
46512,546,5,9697,0
46513,549,2,5089,0
46514,177,6,21101,1
46515,234,8,28275,1
46516,212,4,8727,0
46517,50,8,24212,1
46518,204,6,21481,1
46519,1002,3,5588,0
46520,63,5,9198,0
46521,197,4,16719,0
46522,231,7,21833,1
46523,286,4,8261,0
46524,60,5,8241,0
46525,139,6,19345,1
46526,17,6,24718,1
46527,49,4,11525,0
46528,22,8,20790,1
46529,41,4,11909,0
46530,1050,3,10045,0
46531,137,5,14510,1
46532,240,3,8857,0
46533,38,7,20999,1
46534,7,5,18171,1
46535,537,2,7935,0
46536,200,11,30470,1
46537,169,8,20541,1
46538,905,1,1827,0
46539,279,3,7743,0
46540,538,4,6101,0
46541,2,7,24643,1
46542,21,6,18834,1
46543,489,7,19549,1
46544,266,5,14373,0
46545,592,5,10366,0
46546,635,2,5122,0
46547,226,2,7355,0
46548,129,6,18148,1
46549,84,6,14957,1
46550,167,8,22409,1
46551,837,3,9825,0
46552,8,9,24831,1
46553,564,4,7909,0
46554,41,3,6511,0
46555,215,6,9889,0
46556,123,5,13480,1
46557,96,5,19024,1
46558,45,8,18483,1
46559,200,6,18415,1
46560,92,5,11642,0
46561,615,2,5274,0
46562,51,9,22435,1
46563,585,7,24375,1
46564,854,4,4464,0
46565,90,4,11963,0
46566,563,6,9860,0
46567,185,6,20630,1
46568,103,8,18912,1
46569,433,6,18822,1
46570,803,2,2455,0
46571,422,7,16674,1
46572,37,8,26920,1
46573,424,5,12718,0
46574,77,5,8506,0
46575,49,3,11693,0
46576,108,3,8269,0
46577,140,4,11827,0
46578,226,7,16642,1
46579,120,2,1705,0
46580,195,6,19419,1
46581,1193,2,5197,0
46582,117,3,7562,0
46583,224,5,12120,0
46584,16,6,17378,1
46585,341,3,12360,0
46586,423,7,17840,1
46587,20,5,16917,1
46588,103,4,8443,0
46589,433,3,9470,0
46590,83,5,12276,1
46591,9,7,17936,1
46592,99,5,17860,1
46593,25,6,13794,1
46594,59,9,22563,1
46595,151,7,20587,1
46596,182,6,14406,1
46597,811,3,9031,0
46598,109,3,4250,0
46599,203,5,16195,1
46601,147,5,15637,1
46602,339,4,10431,0
46603,596,4,9768,0
46604,81,4,8695,0
46605,427,2,6483,0
46606,36,9,24549,1
46607,147,8,20149,1
46608,46,8,26047,1
46609,535,6,13588,0
46610,149,4,11224,0
46611,343,3,4617,0
46612,249,8,22635,1
46613,215,5,14260,1
46614,354,4,10403,0
46615,662,3,6865,0
46616,65,8,19751,1
46617,494,3,5929,0
46618,161,5,9603,0
46619,89,6,20867,1
46620,131,5,18374,1
46621,403,7,17068,1
46622,223,9,26465,1
46623,589,4,13615,0
46624,397,3,9985,0
46625,803,3,7561,0
46626,351,4,10974,0
46627,37,1,3742,0
46628,444,5,13660,0
46629,2,10,28042,1
46630,4,9,24838,1
46631,184,4,11610,0
46632,5,5,21276,1
46633,208,5,23822,1
46634,344,4,12246,0
46635,10,5,12834,1
46636,361,4,12058,0
46637,45,3,8352,0
46638,228,8,22717,1
46639,308,7,12761,1
46640,327,4,12831,0
46641,59,2,2254,0
46642,39,5,7933,0
46643,428,8,18582,1
46644,35,6,14352,1
46645,133,6,16962,1
46646,98,5,9185,0
46647,10,4,15418,1
46648,186,6,11051,1
46649,235,4,16249,0
46650,278,4,9120,0
46651,253,4,15212,0
46652,453,3,11741,0
46653,378,6,10357,0
46654,247,9,18616,1
46656,168,2,7139,0
46657,187,9,24058,1
46659,215,7,25398,1
46660,446,4,12134,0
46661,299,8,17953,1
46662,68,4,11293,0
46663,317,5,19604,1
46664,870,1,4327,0
46665,240,4,13087,0
46666,178,3,9835,0
46667,342,4,11790,0
46668,77,3,10476,0
46669,116,7,22861,1
46670,26,5,13931,1
46671,63,5,11674,0
46672,51,3,12775,0
46673,337,6,9037,0
46674,452,5,10844,0
46675,79,1,868,0
46676,292,6,14229,1
46677,74,4,10991,0
46678,53,4,16112,1
46679,245,7,18409,1
46681,160,5,13730,1
46682,138,4,12430,0
46683,371,4,12865,0
46684,13,5,10897,0
46685,1056,1,677,0
46686,38,8,17896,1
46687,306,6,19458,1
46688,105,8,19872,1
46689,52,7,15803,1
46690,62,7,29223,1
46691,959,1,1202,0
46692,14,4,10999,0
46693,221,5,17945,1
46694,42,6,14904,1
46695,88,5,14782,1
46696,76,8,25166,1
46697,103,4,7765,0
46698,109,5,11611,0
46699,317,7,18142,1
46700,79,7,21560,1
46701,42,3,7336,0
46702,201,5,12045,0
46703,218,6,21171,1
46704,187,4,13162,0
46705,111,6,16244,1
46706,46,7,16189,1
46707,351,3,7987,0
46708,49,4,10238,0
46709,73,7,20229,1
46710,212,3,6225,0
46711,128,5,13134,1
46712,105,7,17493,1
46713,86,5,11394,0
46714,236,5,9838,0
46715,255,6,20887,1
46716,166,4,12362,0
46717,70,7,19073,1
46718,442,8,21989,1
46719,358,4,8446,0
46720,31,8,23447,1
46721,51,6,18074,1
46722,59,3,10418,0
46723,43,6,9878,1
46724,106,3,7527,0
46725,209,5,16627,1
46726,85,9,27057,1
46727,29,8,19264,1
46728,396,5,10103,0
46729,44,9,30813,1
46730,16,7,15539,1
46731,1204,2,5545,0
46732,149,3,12238,0
46733,34,7,16349,1
46734,174,5,20354,1
46735,29,5,14474,1
46736,229,4,9873,0
46737,26,10,34989,1
46738,313,6,15668,1
46739,136,7,17118,1
46740,507,6,19573,1
46741,112,4,10285,0
46742,32,7,21059,1
46743,221,3,4218,0
46744,32,3,8490,0
46745,568,3,7229,0
46746,7,6,21283,1
46747,176,3,11187,0
46748,349,1,4588,0
46749,301,5,13993,0
46750,4,5,17535,1
46751,341,4,14899,0
46752,248,4,12605,0
46753,37,8,24372,1
46754,145,8,21302,1
46755,534,3,9636,0
46756,425,3,9588,0
46757,39,9,27259,1
46758,1042,3,8661,0
46759,59,7,15764,1
46760,5,8,23702,1
46761,6,8,23281,1
46762,86,1,5024,0
46764,211,6,21325,1
46765,53,4,10450,0
46766,18,4,10208,0
46767,11,2,6243,0
46768,213,3,8412,0
46769,66,4,5981,0
46770,533,4,12042,0
46771,126,8,22721,1
46772,430,4,9796,0
46773,338,5,7984,0
46774,118,8,21817,1
46775,149,3,7288,0
46776,80,6,11480,1
46777,181,4,9211,0
46778,940,3,11216,0
46779,165,3,4900,0
46780,762,1,4519,0
46781,548,3,6498,0
46782,64,7,19499,1
46783,192,3,5729,0
46784,106,3,2929,0
46785,267,2,5961,0
46786,153,7,17614,1
46787,92,5,15024,1
46788,75,5,13003,1
46789,243,4,14639,0
46790,117,3,9810,0
46791,695,4,9794,0
46792,173,5,9011,0
46793,64,7,27174,1
46794,190,7,21584,1
46795,205,2,5854,0
46796,372,5,14668,0
46797,24,5,16778,1
46798,172,6,18945,1
46799,183,4,5201,0
46800,272,5,18677,1
46801,922,2,4508,0
46802,247,2,3441,0
46803,157,3,9298,0
46804,194,2,2863,0
46805,171,5,13913,1
46806,183,4,13918,0
46807,33,4,7184,0
46808,275,6,19280,1
46809,503,8,28323,1
46810,63,6,15709,1
46811,273,4,16801,0
46812,336,3,5686,0
46813,307,3,10231,0
46814,80,3,5695,0
46815,362,5,8259,0
46816,304,6,21435,1
46817,481,4,8092,0
46818,502,6,17002,1
46819,279,7,16408,1
46820,744,5,7780,0
46821,301,10,33115,1
46822,270,5,8724,0
46823,32,4,9951,0
46824,46,5,11566,0
46825,34,4,11191,0
46826,314,6,20040,1
46827,842,4,10489,0
46828,215,7,20015,1
46829,319,7,23508,1
46830,747,2,7535,0
46831,87,9,21135,1
46832,132,5,10465,0
46833,131,11,25541,1
46834,493,3,5560,0
46835,27,6,15090,1
46836,187,8,18132,1
46837,404,4,11947,0
46838,313,8,25464,1
46839,278,7,17669,1
46840,22,5,15560,1
46841,84,4,14044,0
46842,7,4,14475,1
46843,246,3,5853,0
46844,542,5,11249,0
46845,37,5,15584,1
46846,228,5,8580,0
46847,464,4,11825,0
46848,472,3,3679,0
46849,1150,3,9186,0
46850,263,6,19342,1
46851,264,5,14713,0
46852,288,3,7993,0
46853,24,5,13104,1
46854,300,5,12464,0
46855,256,10,36804,1
46856,18,4,13360,0
46857,82,6,17099,1
46858,406,6,13963,1
46859,493,4,10194,0
46860,111,5,11375,0
46861,188,3,8238,0
46862,2,6,19840,1
46863,373,4,8640,0
46864,42,8,27117,1
46865,82,6,15928,1
46866,30,3,7695,0
46867,212,4,6552,0
46868,547,1,2118,0
46869,158,9,23532,1
46870,228,2,5215,0
46871,92,6,15958,1
46872,111,3,5730,0
46873,70,4,13971,0
46874,190,3,3774,0
46875,152,5,12985,0
46876,333,4,8495,0
46877,596,4,12251,0
46878,62,8,24334,1
46879,139,7,13153,1
46880,503,6,15095,0
46881,126,5,14720,1
46882,640,3,8175,0
46883,166,4,8608,0
46884,244,6,13793,1
46885,270,5,15438,1
46886,52,6,12279,1
46887,76,5,12031,0
46888,171,7,19730,1
46889,321,4,9230,0
46890,762,5,14268,0
46891,88,6,14963,1
46892,129,3,5070,0
46893,389,2,1224,0
46894,307,7,19005,1
46895,53,6,18878,1
46896,238,2,4333,0
46897,349,2,3905,0
46898,385,5,11100,0
46899,102,8,27286,1
46900,140,7,9433,1
46901,63,6,15649,1
46902,127,6,19238,1
46903,94,4,7225,0
46904,11,5,13135,1
46905,49,7,20948,1
46906,59,5,10903,0
46907,357,9,14408,1
46908,134,8,22396,1
46909,51,9,26109,1
46910,236,4,13072,0
46911,533,5,9946,0
46912,657,6,8690,0
46913,263,4,7559,0
46914,183,7,20295,1
46915,108,5,8489,0
46916,408,4,7403,0
46917,98,4,7040,0
46918,7,8,20026,1
46919,574,2,4123,0
46920,42,7,15191,1
46921,129,4,9722,0
46922,243,6,16765,1
46923,467,4,11544,0
46924,242,4,17335,0
46925,1311,1,4140,0
46926,407,7,21052,1
46927,277,5,10916,0
46928,138,5,8138,0
46929,183,10,27194,1
46930,1124,2,4661,0
46931,51,7,9042,1
46932,152,6,17619,1
46933,844,1,1566,0
46934,82,7,13466,1
46935,37,4,11908,0
46936,101,6,16697,1
46937,117,5,7652,0
46938,129,9,25015,1
46939,403,7,19778,1
46940,53,3,7790,0
46941,547,4,12481,0
46942,446,4,11679,0
46943,685,5,13101,0
46944,85,8,21090,1
46945,118,4,8449,0
46946,29,4,12333,0
46947,100,6,20264,1
46948,253,4,9364,0
46949,16,7,14838,1
46950,308,7,17006,1
46951,94,9,27368,1
46952,450,5,16710,0
46953,656,2,8582,0
46954,253,5,20889,1
46956,230,4,16258,0
46957,200,5,16167,1
46958,365,3,11829,0
46959,30,4,5505,0
46960,177,5,16943,1
46961,327,6,13576,1
46962,146,5,14785,1
46963,178,3,11144,0
46964,216,2,6270,0
46965,12,5,10298,0
46966,1027,3,5285,0
46967,465,3,8990,0
46968,294,5,17178,1
46969,35,7,12221,1
46970,329,3,12340,0
46971,286,4,17074,0
46972,51,9,26252,1
46973,409,1,3286,0
46974,23,7,16252,1
46975,172,5,15096,1
46976,66,5,18194,1
46977,320,8,12988,1
46978,101,6,13337,1
46979,17,7,21844,1
46980,75,7,24350,1
46981,240,4,9333,0
46982,603,1,4927,0
46983,11,3,7251,0
46984,12,7,19194,1
46985,476,3,9654,0
46986,253,3,6207,0
46987,173,2,4545,0
46988,397,4,8477,0
46989,59,5,15543,1
46990,277,3,7980,0
46991,75,1,1547,0
46992,887,5,15256,0
46993,84,7,23814,1
46994,168,5,10424,0
46995,170,4,12543,0
46996,112,7,20687,1
46997,154,8,22513,1
46998,62,5,17301,1
46999,121,8,18541,1
47000,49,7,21846,1
47001,272,5,9621,0
47002,242,7,19937,1
47003,933,3,10324,0
47004,260,7,22731,1
47005,57,6,15420,1
47006,586,4,13202,0
47007,114,3,5878,0
47008,53,3,13715,0
47009,838,3,8699,0
47010,118,11,23934,1
47011,177,8,24466,1
47012,200,8,23022,1
47013,114,7,19005,1
47014,296,5,7041,0
47015,10,2,5626,0
47016,99,7,17613,1
47017,79,6,17712,1
47018,350,5,17134,1
47019,705,4,11796,0
47020,215,5,15726,1
47021,244,5,18666,1
47022,227,6,14623,1
47023,472,3,2378,0
47024,57,7,18164,1
47025,146,6,13746,1
47026,16,3,6712,0
47027,78,6,16193,1
47028,585,4,14676,0
47029,490,2,1620,0
47030,8,7,19903,1
47031,272,6,19951,1
47032,128,3,9171,0
47033,228,7,24643,1
47034,414,6,14515,1
47035,146,1,1720,0
47036,172,7,24907,1
47037,83,6,10866,1
47039,275,10,26728,1
47040,319,3,12769,0
47041,172,8,26340,1
47042,169,8,15334,1
47043,22,6,13259,1
47044,485,4,7209,0
47045,18,6,10657,1
47046,21,7,15698,1
47047,855,3,3158,0
47048,88,10,21825,1
47049,44,8,23902,1
47050,545,3,9400,0
47051,69,12,34634,1
47052,36,9,24229,1
47053,164,2,7691,0
47054,167,3,9740,0
47055,96,6,18666,1
47056,483,4,11888,0
47057,78,4,14833,0
47058,183,5,13354,0
47059,20,8,30873,1
47060,58,7,21922,1
47061,215,5,11343,0
47062,101,4,10094,0
47063,348,6,22435,1
47064,20,9,22472,1
47065,373,5,16293,0
47066,134,6,10075,1
47067,86,9,21962,1
47068,353,3,12571,0
47069,753,6,18234,0
47070,473,3,8113,0
47071,122,4,9305,0
47072,117,9,26583,1
47073,517,4,13424,0
47074,257,4,12519,0
47075,45,4,8776,0
47076,3,5,10243,0
47077,603,4,16336,0
47078,611,4,6697,0
47079,188,4,11569,0
47080,12,6,14424,1
47081,1030,2,6120,0
47082,280,1,3178,0
47083,338,5,9693,0
47084,66,7,21597,1
47085,112,3,7515,0
47086,294,10,29804,1
47087,105,17,45700,1
47088,920,3,9469,0
47089,343,4,11681,0
47090,45,3,5670,0
47091,201,5,14927,1
47092,96,6,9270,1
47093,29,8,20251,1
47094,185,6,17101,1
47095,153,2,5906,0
47096,81,10,29501,1
47097,9,6,18048,1
47098,418,6,16297,1
47099,501,3,2178,0
47100,357,1,1038,0
47101,55,3,9455,0
47102,662,3,9903,0
47103,198,7,23195,1
47104,392,3,6822,0
47105,176,7,19697,1
47106,115,4,7952,0
47107,85,10,27437,1
47108,65,7,23109,1
47109,1047,1,1203,0
47110,102,6,13418,1
47111,254,8,17091,1
47112,424,8,23804,1
47113,308,5,8458,0
47114,540,4,10276,0
47115,170,6,10868,1
47116,684,7,19245,1
47117,1000,3,9549,0
47118,138,9,29579,1
47119,294,6,18299,1
47120,224,7,23948,1
47121,35,3,6253,0
47122,350,4,8634,0
47123,291,4,14555,0
47124,723,2,7016,0
47125,190,6,18948,1
47126,755,3,5310,0
47127,403,4,8560,0
47128,18,4,9820,0
47129,39,4,12605,0
47130,80,7,14371,1
47131,42,4,15056,1
47132,6,11,32881,1
47133,11,4,15967,1
47134,64,5,14283,1
47135,30,1,2567,0
47136,88,9,24374,1
47137,196,5,12939,0
47138,575,2,2899,0
47139,9,2,6023,0
47140,319,3,10359,0
47141,113,7,22745,1
47142,589,2,882,0
47143,159,8,26852,1
47144,31,6,17644,1
47145,231,5,15282,1
47146,19,6,18250,1
47147,765,4,7748,0
47148,3,3,10489,0
47149,1019,3,4412,0
47150,395,7,18553,1
47151,66,3,4486,0
47152,51,4,11641,0
47153,312,5,15166,0
47154,243,6,14917,1
47155,113,7,19859,1
47156,163,2,2638,0
47157,599,6,15750,0
47158,21,10,24096,1
47159,13,10,20537,1
47160,22,8,25331,1
47161,496,4,8606,0
47162,280,2,6755,0
47163,164,5,11294,0
47164,480,2,4717,0
47165,68,2,7689,0
47166,162,7,23120,1
47167,32,6,7093,0
47168,195,1,872,0
47169,183,6,9225,0
47170,114,4,11697,0
47171,46,9,17747,1
47172,551,4,5541,0
47173,598,2,7558,0
47174,138,5,15342,1
47175,434,4,7643,0
47176,222,4,8373,0
47177,254,2,4380,0
47178,3,6,12351,1
47179,23,6,9446,1
47180,39,5,10447,0
47181,384,4,9848,0
47182,128,3,7515,0
47183,157,6,15787,1
47184,64,5,18731,1
47185,139,9,22021,1
47186,82,5,3878,0
47187,587,4,12547,0
47188,75,2,3920,0
47189,323,6,15566,1
47190,228,12,39361,1
47191,167,6,11124,1
47192,814,1,2765,0
47193,135,5,11173,0
47194,428,6,20481,1
47195,61,7,21681,1
47196,62,6,15468,1
47197,53,8,20088,1
47198,260,4,11203,0
47199,125,7,18018,1
47200,64,6,14985,1
47201,159,6,14049,1
47202,10,4,14723,1
47203,414,5,14586,0
47204,117,7,15496,1
47205,2,7,16921,1
47206,543,6,16618,1
47207,231,6,15469,1
47208,91,12,34017,1
47209,12,6,13257,1
47210,102,6,14609,1
47211,70,5,13373,1
47212,309,2,3736,0
47213,325,4,10862,0
47214,252,5,13983,0
47216,169,3,12425,0
47217,222,6,16079,1
47218,684,5,15937,0
47219,274,6,16938,1
47220,260,5,16438,1
47221,169,5,16114,1
47222,330,1,385,0
47223,21,7,16593,1
47224,85,5,14222,1
47225,174,7,11872,1
47226,318,6,15957,1
47227,289,7,19551,1
47228,774,4,11759,0
47229,441,3,5926,0
47230,60,6,14440,1
47231,368,3,6785,0
47232,367,6,12261,0
47233,256,5,16375,1
47234,1034,1,1370,0
47235,162,5,11409,0
47236,142,9,19809,1
47237,167,8,20524,1
47238,58,2,2858,0
47239,126,6,19721,1
47240,66,7,16375,1
47241,95,6,17240,1
47242,254,4,10223,0
47243,83,10,37012,1
47244,703,5,12271,0
47245,134,5,18886,1
47246,205,9,22502,1
47247,325,6,12276,0
47248,222,5,11638,0
47249,70,6,12230,1
47250,502,4,11475,0
47251,191,3,5596,0
47252,172,3,5432,0
47253,110,2,9966,0
47254,293,7,14756,1
47255,388,3,8968,0
47256,424,6,19406,1
47257,141,4,12032,0
47258,112,6,18904,1
47259,282,5,9319,0
47260,219,9,26923,1
47261,18,6,16876,1
47262,103,4,12109,0
47263,544,4,8951,0
47264,403,6,19780,1
47265,75,4,5517,0
47266,89,6,21051,1
47267,164,6,15916,1
47268,28,4,7422,0
47269,388,5,13418,0
47270,74,3,5705,0
47271,117,5,18176,1
47272,76,6,16488,1
47273,408,6,15754,1
47274,410,5,8532,0
47275,321,3,9305,0
47276,320,6,22107,1
47277,225,2,7781,0
47278,813,3,11303,0
47279,507,4,12761,0
47280,123,3,11729,0
47282,284,7,12840,1
47283,541,4,10032,0
47284,115,2,8376,0
47285,97,6,13875,1
47286,153,7,19595,1
47287,217,7,27307,1
47288,599,4,15705,0
47289,646,6,14560,0
47290,383,5,19653,1
47291,298,7,14834,1
47292,240,5,14744,1
47293,255,3,11985,0
47294,172,4,11348,0
47295,506,4,13357,0
47296,782,4,8267,0
47297,265,2,6145,0
47298,305,5,14924,0
47299,20,8,21775,1
47300,110,9,23798,1
47301,42,6,16098,1
47302,64,5,14742,1
47303,36,5,14083,1
47304,8,9,20095,1
47305,42,4,11102,0
47306,1,5,18703,1
47307,143,4,13923,0
47308,41,5,14857,1
47309,4,8,27642,1
47310,11,4,7617,0
47311,185,5,18074,1
47312,391,4,12552,0
47313,52,8,15274,1
47314,218,7,14139,1
47315,202,3,9524,0
47316,466,5,13657,0
47317,218,5,13614,0
47318,411,3,9761,0
47319,248,11,26439,1
47320,215,6,16328,1
47321,468,7,18680,1
47322,201,6,14850,1
47323,65,3,10865,0
47324,380,4,12364,0
47325,398,5,14290,0
47326,84,6,15063,1
47327,493,6,25354,1
47328,18,8,27426,1
47329,326,7,25197,1
47330,66,7,20866,1
47331,280,7,18236,1
47332,389,4,13772,0
47333,360,5,11813,0
47334,812,3,10265,0
47335,40,3,3495,0
47336,379,5,11038,0
47337,29,4,6753,0
47338,201,5,11851,0
47339,6,6,16374,1
47340,840,2,3902,0
47341,120,8,23079,1
47342,265,4,11951,0
47343,24,4,10090,0
47344,303,9,20860,1
47345,442,5,8809,0
47346,417,4,10211,0
47347,396,2,6827,0
47348,367,5,22694,1
47349,202,3,12191,0
47350,16,7,21171,1
47351,160,3,7630,0
47352,274,3,8256,0
47353,75,6,12631,1
47354,41,2,6147,0
47355,77,4,11911,0
47356,329,6,21027,1
47357,72,6,16059,1
47358,206,6,16217,1
47359,275,7,18967,1
47360,66,4,14310,0
47361,317,3,12629,0
47362,719,5,14186,0
47363,1154,1,1958,0
47364,897,1,2778,0
47365,513,9,28458,1
47366,88,5,18299,1
47367,229,3,6239,0
47368,173,4,10379,0
47369,57,8,30904,1
47370,135,5,8038,0
47371,107,4,11708,0
47372,643,3,7447,0
47373,473,6,18142,1
47374,60,3,11022,0
47375,907,3,5917,0
47376,129,5,11380,0
47377,536,8,21000,1
47378,401,2,1729,0
47379,139,8,25823,1
47380,1088,2,6551,0
47381,41,7,15487,1
47382,167,2,4334,0
47383,645,2,2330,0
47384,532,3,7849,0
47385,219,4,10014,0
47386,185,4,15473,0
47387,69,12,25640,1
47388,127,5,12920,1
47389,566,3,3192,0
47390,234,9,33845,1
47391,265,3,9883,0
47392,683,4,7219,0
47393,21,8,18154,1
47395,173,4,9301,0
47396,117,6,27920,1
47397,541,4,10625,0
47398,223,4,12510,0
47399,514,4,10181,0
47400,94,3,9599,0
47401,268,4,12527,0
47402,341,5,12829,0
47403,131,3,6742,0
47404,607,3,6805,0
47405,87,8,21318,1
47406,363,5,12104,0
47407,304,2,8718,0
47408,938,5,11982,0
47409,171,3,9789,0
47410,339,8,23675,1
47411,621,4,10076,0
47412,91,7,13893,1
47413,34,8,15889,1
47414,335,3,4331,0
47415,707,6,17751,0
47416,102,11,37205,1
47417,223,3,8235,0
47418,405,2,4421,0
47420,530,4,8672,0
47421,656,2,6788,0
47422,511,3,8366,0
47423,26,5,9348,0
47424,436,2,4960,0
47425,508,2,8631,0
47426,30,7,14058,1
47427,115,3,3244,0
47428,50,3,5827,0
47429,51,7,21814,1
47430,784,2,6146,0
47431,430,2,6055,0
47432,287,3,6575,0
47433,12,3,12955,0
47434,368,3,4636,0
47435,261,8,21359,1
47436,302,2,5295,0
47437,8,7,27379,1
47438,50,5,14720,1
47439,72,9,31268,1
47440,591,1,1211,0
47441,450,3,8061,0
47442,105,7,26047,1
47443,1,5,13672,1
47444,197,5,16405,1
47445,302,6,13335,1
47446,16,11,32806,1
47447,30,6,13967,1
47448,899,7,27953,1
47449,242,8,24521,1
47450,610,5,11370,0
47451,317,7,24404,1
47452,92,5,17806,1
47454,93,5,11096,0
47455,145,5,10566,0
47456,193,8,21044,1
47457,22,5,12351,1
47458,554,5,18485,0
47459,140,10,19637,1
47460,106,11,28074,1
47461,82,7,13296,1
47463,64,4,9107,0
47464,221,3,9314,0
47465,208,2,3655,0
47466,270,4,7407,0
47467,114,9,26731,1
47468,770,3,8511,0
47469,390,8,27708,1
47470,61,8,25662,1
47471,6,11,22570,1
47472,187,8,23813,1
47473,231,5,16110,1
47474,211,7,17019,1
47475,47,6,18016,1
47476,189,4,4037,0
47477,253,4,8028,0
47478,161,4,9595,0
47479,85,6,12765,1
47480,684,4,10769,0
47481,9,5,11665,1
47482,21,5,12272,1
47483,148,8,15632,1
47484,55,4,6812,0
47485,877,2,2060,0
47486,8,9,22245,1
47487,24,5,9683,0
47488,60,3,7879,0
47489,324,7,17985,1
47490,160,4,9885,0
47491,63,6,20840,1
47492,103,6,15295,1
47493,76,7,16463,1
47494,298,6,15948,1
47495,41,5,14300,1
47496,42,9,25797,1
47497,109,4,8278,0
47498,136,4,15034,0
47499,92,4,10184,0
47500,191,7,19908,1
47501,240,5,12847,0
47502,1122,3,4638,0
47503,112,5,13484,1
47504,86,5,13279,1
47505,145,1,3750,0
47506,347,4,10605,0
47507,439,2,5633,0
47508,618,2,6896,0
47509,163,3,10583,0
47510,251,2,3381,0
47511,27,2,6196,0
47512,935,1,3189,0
47513,288,3,6890,0
47514,414,4,13967,0
47515,122,5,11715,0
47516,324,5,17574,1
47517,11,4,11398,0
47518,15,6,16282,1
47519,12,7,18979,1
47520,250,4,13372,0
47521,1153,1,4162,0
47522,1131,1,3586,0
47523,416,5,15478,0
47524,103,5,13136,1
47525,204,5,10402,0
47526,763,5,18339,0
47527,822,2,3033,0
47528,147,8,16739,1
47529,52,2,3928,0
47530,16,4,10416,0
47531,56,4,9740,0
47532,502,5,18908,1
47533,83,9,22670,1
47534,183,3,5122,0
47535,99,5,9036,0
47536,740,3,13253,0
47537,224,5,17684,1
47538,209,5,15360,1
47539,570,3,9250,0
47540,45,5,17837,1
47541,100,8,19789,1
47542,317,3,9103,0
47543,96,5,15676,1
47544,67,7,19312,1
47545,788,5,16859,0
47546,390,3,3589,0
47547,24,4,15183,1
47548,93,3,8542,0
47549,11,6,14250,1
47550,57,5,11480,0
47551,60,7,18563,1
47552,398,5,17981,1
47553,46,3,4930,0
47554,832,1,3987,0
47555,316,5,13642,0
47556,95,5,18754,1
47557,23,2,7695,0
47558,136,5,13406,1
47559,62,8,23139,1
47560,131,4,12286,0
47561,329,10,25819,1
47562,120,5,12408,0
47563,299,3,5840,0
47564,129,2,6099,0
47565,159,6,17359,1
47566,152,6,13688,1
47567,247,3,6516,0
47568,25,4,7259,0
47569,66,5,12955,1
47570,133,3,7615,0
47571,155,5,15159,1
47572,115,3,10107,0
47573,726,3,13569,0
47574,506,3,8985,0
47575,355,4,8525,0
47576,152,4,6992,0
47577,464,4,7180,0
47578,12,4,10739,0
47579,697,2,4882,0
47580,271,3,5725,0
47581,9,9,21551,1
47582,437,5,18834,1
47583,169,3,9200,0
47584,26,7,14470,1
47585,37,7,21264,1
47586,66,7,18274,1
47587,470,5,18602,1
47588,1031,3,6696,0
47589,146,3,7236,0
47590,1012,1,4544,0
47591,284,7,20675,1
47592,184,8,22161,1
47593,420,5,18382,1
47594,443,2,3857,0
47595,85,8,18115,1
47596,198,5,16418,1
47597,280,4,12027,0
47598,20,8,17338,1
47599,60,7,18751,1
47600,589,4,7722,0
47601,354,6,13373,1
47602,672,5,12884,0
47603,48,8,25599,1
47604,19,6,14784,1
47605,1253,1,5158,0
47606,523,2,6197,0
47607,146,6,18042,1
47608,1061,1,1207,0
47609,330,2,7455,0
47610,75,3,4420,0
47611,353,2,6509,0
47612,262,5,15320,1
47613,330,4,5711,0
47614,371,5,15849,0
47615,296,4,8205,0
47616,304,3,6666,0
47617,157,5,14464,1
47618,332,3,6926,0
47619,221,4,5404,0
47620,603,3,5397,0
47621,127,11,32751,1
47622,213,3,12655,0
47623,255,5,10585,0
47624,438,3,7171,0
47625,62,9,24227,1
47626,382,5,13515,0
47627,241,9,21179,1
47629,15,7,22391,1
47630,368,2,6489,0
47631,82,7,17987,1
47632,192,3,8829,0
47633,433,4,10151,0
47634,164,2,5880,0
47635,3,8,18677,1
47636,625,4,13849,0
47637,323,4,11436,0
47638,677,3,7009,0
47639,146,8,21128,1
47640,32,7,20840,1
47641,290,4,11271,0
47642,36,3,9678,0
47643,25,5,11102,0
47644,3,6,18127,1
47645,216,1,3321,0
47646,37,9,26722,1
47647,172,2,3717,0
47648,356,6,18099,1
47649,89,4,8240,0
47650,51,5,9574,0
47651,489,4,13670,0
47652,192,9,25726,1
47653,16,3,9033,0
47654,964,2,4963,0
47655,85,5,10287,0
47656,133,4,12860,0
47657,71,5,11389,0
47658,529,2,3436,0
47659,46,5,13585,1
47660,293,5,10669,0
47661,16,3,8947,0
47662,540,3,12454,0
47663,472,3,7587,0
47664,47,3,2536,0
47665,235,5,15375,1
47666,251,4,14211,0
47667,362,3,10390,0
47668,34,8,26108,1
47669,115,5,10152,0
47670,174,7,21191,1
47671,1260,2,6090,0
47672,50,5,11354,0
47673,366,3,7315,0
47675,602,2,8325,0
47676,87,9,23943,1
47677,100,2,1932,0
47678,373,7,9298,0
47679,151,4,9927,0
47680,15,7,20634,1
47681,249,4,12701,0
47682,109,6,15621,1
47683,47,5,14707,1
47684,204,6,16057,1
47685,173,6,18769,1
47686,50,6,18206,1
47687,288,5,5605,0
47688,106,5,14841,1
47689,663,2,1894,0
47690,515,4,10353,0
47691,104,2,5104,0
47692,167,3,9886,0
47693,143,8,20525,1
47694,233,7,15588,1
47695,114,6,17186,1
47696,53,4,11151,0
47697,46,7,15881,1
47698,115,6,18276,1
47699,364,5,13243,0
47700,153,6,13103,1
47701,75,6,12577,1
47702,66,7,10192,1
47703,32,7,17949,1
47704,13,9,26468,1
47705,545,1,2615,0
47706,10,7,24573,1
47707,110,6,17270,1
47708,22,6,12450,1
47709,138,6,17987,1
47710,46,3,8155,0
47711,623,1,2429,0
47712,402,6,14427,1
47713,236,2,1915,0
47714,320,7,19786,1
47715,145,3,8546,0
47716,267,6,24514,1
47717,110,7,25155,1
47718,211,2,5858,0
47719,66,5,14065,1
47720,49,3,11839,0
47721,140,6,18973,1
47722,55,5,14484,1
47723,117,7,21102,1
47724,56,6,20624,1
47725,386,4,12251,0
47726,45,6,21414,1
47727,1046,4,12794,0
47728,768,4,7968,0
47729,105,3,11911,0
47730,349,5,17698,1
47731,770,4,12411,0
47732,118,5,15936,1
47733,36,5,9093,0
47734,592,3,8374,0
47735,5,6,15322,1
47736,680,3,7917,0
47737,104,8,23888,1
47739,89,4,12417,0
47740,160,3,5530,0
47741,146,4,13811,0
47742,2,3,9239,0
47743,550,3,8361,0
47744,221,7,18903,1
47745,264,4,12656,0
47746,178,10,25039,1
47747,1,7,16089,1
47748,620,5,8137,0
47749,1226,1,2924,0
47750,123,9,25041,1
47751,675,2,619,0
47752,547,2,5025,0
47753,754,2,5924,0
47754,187,1,665,0
47755,210,5,14361,1
47756,31,6,14425,1
47757,62,6,20359,1
47758,240,2,5618,0
47759,41,6,22218,1
47760,117,8,27893,1
47761,32,10,28976,1
47762,523,8,23461,1
47763,308,7,14619,1
47764,95,7,18000,1
47765,76,5,11828,0
47766,1065,2,4990,0
47767,767,5,12403,0
47768,65,11,31342,1
47769,192,6,18295,1
47770,509,3,8599,0
47771,162,3,8444,0
47772,1,7,16538,1
47773,246,10,31585,1
47774,208,7,21331,1
47775,46,7,19587,1
47776,79,5,7220,0
47777,17,6,12973,1
47778,38,3,4457,0
47779,98,6,15491,1
47780,297,6,14584,1
47781,234,6,12394,1
47782,736,2,4048,0
47783,175,3,11179,0
47784,58,7,21126,1
47785,18,10,19041,1
47786,144,10,24490,1
47787,74,7,10664,1
47788,795,2,3650,0
47789,46,8,23793,1
47790,437,1,3847,0
47791,237,4,8950,0
47792,176,3,8159,0
47793,579,5,18393,0
47794,295,3,6340,0
47795,82,4,9828,0
47796,427,5,16870,0
47798,121,2,9569,0
47799,358,6,12412,0
47800,155,6,16226,1
47802,252,5,9324,0
47803,121,4,13165,0
47804,50,6,13066,1
47805,115,5,12661,1
47806,174,5,11329,0
47807,87,6,12483,1
47808,212,6,11970,1
47809,255,2,8613,0
47810,618,4,12021,0
47811,20,7,19214,1
47812,422,5,9280,0
47813,119,3,8233,0
47814,45,8,22632,1
47815,203,8,18762,1
47816,73,3,7667,0
47817,1206,1,2129,0
47818,346,7,21843,1
47819,50,6,12969,1
47820,313,3,6476,0
47821,149,4,11534,0
47822,318,4,8216,0
47823,132,6,18736,1
47824,122,10,25418,1
47825,147,3,11747,0
47826,132,4,11029,0
47827,111,6,18028,1
47828,296,7,30051,1
47829,167,7,17979,1
47830,339,4,9701,0
47831,162,7,14244,1
47832,276,3,4274,0
47833,516,8,23941,1
47834,287,10,27901,1
47835,102,6,14230,1
47836,242,7,18725,1
47837,224,5,8002,0
47838,14,10,20857,1
47839,322,4,8351,0
47840,106,9,32362,1
47841,98,8,25700,1
47842,328,6,10338,0
47844,435,4,9180,0
47845,297,6,16114,1
47846,384,4,14394,0
47847,283,3,5287,0
47848,61,5,15694,1
47849,162,5,15215,1
47850,318,4,12654,0
47851,172,6,17996,1
47852,261,4,10823,0
47853,46,5,12375,1
47854,829,3,12163,0
47855,335,5,15882,0
47856,729,5,10662,0
47857,340,7,24271,1
47858,447,6,9034,0
47859,388,4,10250,0
47860,289,6,23455,1
47861,58,11,29059,1
47862,20,10,30228,1
47863,39,7,21155,1
47864,384,6,17598,1
47865,163,4,8892,0
47866,1279,1,2834,0
47867,53,11,23373,1
47868,582,2,2593,0
47869,129,9,21469,1
47870,299,4,7294,0
47871,52,4,10239,0
47872,136,6,11825,1
47873,490,2,7926,0
47874,52,6,16942,1
47875,796,5,13124,0
47876,484,5,4963,0
47877,288,4,6118,0
47878,605,2,4299,0
47879,218,4,8198,0
47880,619,5,18040,0
47881,253,5,16019,1
47882,703,4,13046,0
47883,93,6,12191,1
47884,162,4,15428,0
47885,874,4,4107,0
47886,738,6,12439,0
47887,429,5,18633,1
47888,326,3,7699,0
47889,132,3,9595,0
47890,332,3,7176,0
47891,557,4,14738,0
47892,117,2,4997,0
47893,520,1,4581,0
47894,138,8,27978,1
47895,540,2,3925,0
47896,581,5,17980,0
47897,354,8,25952,1
47898,20,5,10053,0
47899,1200,1,110,0
47900,137,6,18066,1
47901,544,1,1585,0
47902,659,2,3169,0
47903,87,7,15447,1
47904,324,5,14950,0
47905,358,8,24006,1
47906,256,2,3762,0
47907,136,7,23556,1
47908,313,9,25303,1
47909,66,4,7150,0
47910,231,5,8565,0
47911,206,5,19991,1
47912,293,10,21696,1
47913,478,3,3071,0
47914,476,4,13855,0
47915,222,5,11716,0
47916,331,8,27884,1
47917,264,5,11366,0
47918,87,4,7180,0
47919,39,7,18631,1
47920,74,7,24582,1
47921,339,1,4591,0
47922,100,9,25176,1
47923,1,4,9652,0
47924,79,6,17492,1
47925,692,2,4492,0
47926,76,5,17073,1
47927,145,5,16474,1
47928,175,9,35462,1
47929,169,6,15052,1
47930,265,2,5983,0
47931,160,5,9143,0
47932,59,7,21746,1
47933,531,5,11122,0
47934,225,4,15388,0
47935,20,6,18453,1
47936,530,3,6969,0
47937,271,6,17444,1
47938,73,5,11206,0
47939,46,8,15639,1
47940,110,5,11919,0
47941,300,4,9833,0
47942,308,7,17742,1
47943,43,9,25734,1
47944,24,5,15855,1
47945,76,6,16706,1
47946,551,6,15043,0
47947,207,7,16072,1
47948,111,6,13940,1
47949,438,2,6739,0
47950,129,7,16059,1
47951,29,5,12394,1
47952,493,4,9953,0
47953,112,5,18477,1
47954,212,5,18232,1
47955,143,8,23217,1
47956,132,8,22292,1
47957,36,6,25505,1
47958,281,6,18158,1
47959,248,6,12991,1
47960,234,5,18260,1
47961,159,5,12604,0
47962,304,4,11406,0
47963,184,6,14186,1
47964,466,4,12145,0
47965,111,6,13268,1
47966,840,1,1724,0
47967,146,5,8029,0
47968,96,5,17829,1
47969,169,4,12687,0
47970,274,6,11833,0
47971,56,5,12256,1
47972,35,2,3707,0
47973,309,7,14392,1
47974,420,3,8469,0
47975,103,4,9033,0
47976,5,9,29995,1
47977,275,3,8405,0
47978,19,5,11644,1
47979,37,9,23647,1
47980,115,5,13799,1
47981,319,10,25498,1
47982,453,6,14125,0
47983,518,3,8600,0
47984,13,8,28684,1
47985,63,6,11934,1
47986,585,4,16153,0
47987,342,7,20156,1
47988,550,6,19903,1
47989,335,3,10476,0
47990,113,5,10475,0
47991,6,8,20247,1
47992,69,8,17757,1
47993,82,6,12448,1
47994,176,7,23560,1
47995,281,2,2452,0
47996,326,5,11481,0
47997,123,4,10994,0
47999,34,5,23898,1
48000,5,10,23031,1
48001,345,6,17889,1
48002,233,7,23171,1
48003,181,2,7965,0
48004,421,8,18239,1
48005,806,3,9863,0
48006,1152,2,5805,0
48007,249,5,15408,1
48008,118,5,20171,1
48009,76,5,16383,1
48010,335,6,7596,0
48011,921,4,8831,0
48012,156,5,12468,0
48013,158,8,23224,1
48015,1088,2,4603,0
48016,48,5,15071,1
48017,4,5,15927,1
48018,648,6,14535,0
48019,88,10,24502,1
48020,565,3,5790,0
48021,198,8,22010,1
48022,556,7,20207,1
48023,1010,1,2051,0
48024,349,4,7883,0
48025,342,4,11513,0
48026,132,4,13341,0
48027,340,6,11337,0
48028,136,7,14390,1
48029,21,6,10970,1
48030,22,5,7462,0
48031,4,3,8344,0
48032,95,5,11565,0
48033,118,7,18852,1
48034,70,5,15883,1
48035,90,7,19969,1
48036,518,7,21969,1
48037,675,2,5404,0
48038,40,5,17135,1
48039,391,9,25709,1
48040,550,4,15110,0
48041,467,6,21849,1
48042,60,3,8889,0
48043,167,8,28812,1
48044,441,6,23789,1
48045,14,4,10953,0
48046,235,6,13991,1
48047,247,4,11462,0
48048,49,6,15868,1
48049,92,5,16791,1
48050,5,7,26428,1
48051,146,4,11046,0
48052,297,5,14177,0
48053,41,2,6232,0
48054,65,7,18635,1
48055,153,6,16403,1
48056,560,1,2784,0
48057,178,7,15672,1
48058,27,7,23954,1
48059,74,7,11971,1
48060,682,4,9317,0
48061,890,2,4608,0
48062,236,4,11171,0
48063,516,1,1450,0
48064,35,8,18112,1
48065,90,6,16689,1
48066,831,4,13106,0
48067,229,6,11786,1
48069,135,11,28753,1
48070,261,5,15097,1
48071,228,3,8605,0
48072,256,5,12010,0
48073,118,6,14082,1
48074,151,5,14185,1
48075,136,5,11726,0
48076,283,1,538,0
48077,33,6,11780,1
48078,357,2,8088,0
48079,166,12,28481,1
48080,149,4,8579,0
48081,231,4,10379,0
48082,244,8,22665,1
48083,1023,1,4363,0
48084,57,4,13300,0
48085,494,8,20192,1
48086,35,4,12223,0
48087,605,5,18662,0
48088,112,4,17605,1
48089,496,3,5744,0
48090,270,5,6960,0
48091,308,7,19875,1
48092,122,7,19921,1
48093,77,2,6182,0
48094,149,6,12028,1
48095,270,2,5068,0
48096,449,3,5586,0
48097,32,6,18049,1
48098,47,6,13337,1
48099,291,6,11974,0
48100,57,5,12592,1
48101,439,4,13643,0
48102,203,3,9927,0
48103,275,4,5958,0
48104,73,6,18160,1
48105,69,5,8009,0
48106,103,5,14365,1
48107,233,7,15021,1
48108,377,3,7520,0
48109,307,6,19839,1
48110,162,5,15403,1
48111,718,2,6233,0
48112,174,1,1937,0
48113,294,6,10098,0
48114,5,11,25348,1
48115,129,7,17079,1
48116,572,5,15745,0
48117,140,5,15658,1
48118,14,3,8835,0
48119,11,4,14540,1
48120,441,5,15517,0
48121,314,4,8508,0
48122,323,5,17463,1
48123,393,5,14136,0
48124,13,9,25153,1
48125,39,7,23754,1
48126,270,5,13923,0
48127,266,7,24443,1
48128,100,1,3483,0
48129,832,4,4806,0
48130,1346,1,1261,0
48131,232,3,14762,0
48132,156,4,15500,0
48133,373,4,7753,0
48134,318,3,8996,0
48135,34,5,13982,1
48136,18,4,10275,0
48137,99,4,6173,0
48138,323,6,19724,1
48139,109,10,28644,1
48140,9,4,10782,0
48141,779,4,17178,0
48142,378,4,8390,0
48143,247,5,5590,0
48144,109,10,31711,1
48145,71,8,25292,1
48146,93,10,24587,1
48147,104,6,20596,1
48148,422,7,26607,1
48149,118,10,32729,1
48150,177,4,16039,0
48151,291,5,12991,0
48152,96,2,7238,0
48153,99,6,13426,1
48154,26,5,16481,1
48155,9,5,17404,1
48156,218,3,8927,0
48157,7,5,11101,1
48158,158,4,15611,0
48159,209,4,11904,0
48160,115,5,10754,0
48161,78,5,13538,1
48162,828,2,7697,0
48163,60,5,15295,1
48164,39,2,3571,0
48165,57,11,25049,1
48166,1172,3,10189,0
48167,133,6,11766,1
48168,182,6,18743,1
48169,121,2,4536,0
48170,186,3,6172,0
48171,7,6,13941,1
48172,197,8,23085,1
48173,8,5,16129,1
48174,130,7,22883,1
48175,193,4,11053,0
48176,711,7,14895,0
48177,65,7,20083,1
48178,258,6,18842,1
48179,2,11,31188,1
48180,311,5,16431,1
48181,356,7,25266,1
48182,73,2,4971,0
48183,251,3,6491,0
48184,536,8,31037,1
48185,3,3,10463,0
48186,142,8,25265,1
48187,781,4,10018,0
48188,238,8,30962,1
48189,113,4,8473,0
48190,455,3,6472,0
48191,210,4,9577,0
48192,416,5,15498,0
48193,54,4,12525,0
48194,194,4,5927,0
48195,104,6,16273,1
48196,482,2,2913,0
48197,20,3,9138,0
48198,51,6,12344,1
48199,200,4,11536,0
48200,286,4,12063,0
48201,128,7,16831,1
48202,27,9,27160,1
48203,281,2,4308,0
48204,109,5,19247,1
48205,149,6,14300,1
48206,334,10,28238,1
48207,268,3,11067,0
48208,494,4,13820,0
48209,317,2,5354,0
48210,27,3,10799,0
48211,276,3,13271,0
48212,171,5,16604,1
48213,224,4,6858,0
48214,353,3,12846,0
48215,334,5,13559,0
48216,218,3,8069,0
48217,149,4,6930,0
48218,20,5,13090,1
48219,116,5,10485,0
48220,213,4,12590,0
48221,23,4,11643,0
48222,183,6,11105,1
48223,22,8,27133,1
48224,21,6,14018,1
48225,368,5,14339,0
48226,757,3,8191,0
48227,475,8,19214,1
48228,581,6,18355,1
48229,479,3,5302,0
48230,142,6,15189,1
48231,345,6,18491,1
48232,48,7,27751,1
48233,140,7,17973,1
48234,17,6,11351,1
48235,301,7,26444,1
48236,260,7,15169,1
48237,208,1,510,0
48238,18,5,14152,1
48239,574,3,8990,0
48240,171,5,18804,1
48241,146,7,15402,1
48242,41,8,23707,1
48243,26,6,15842,1
48244,413,5,9844,0
48245,509,3,3114,0
48246,24,5,15328,1
48247,584,2,6407,0
48248,226,6,19217,1
48249,125,6,13843,1
48250,47,7,17532,1
48251,89,4,9924,0
48252,19,4,13889,0
48253,539,5,11075,0
48254,69,4,8556,0
48255,249,9,30771,1
48256,404,5,10794,0
48257,151,5,12706,0
48258,12,3,13280,0
48259,12,11,22188,1
48260,258,5,10972,0
48261,81,6,15422,1
48262,16,5,14704,1
48263,43,9,21323,1
48264,1,4,13584,0
48265,397,4,13949,0
48266,80,6,16205,1
48267,288,2,6658,0
48268,411,6,12090,0
48269,202,4,10758,0
48270,154,5,9941,0
48271,561,3,6759,0
48272,320,4,13386,0
48273,476,2,5370,0
48274,122,4,15696,0
48275,169,4,7224,0
48276,115,7,22369,1
48277,413,5,12030,0
48278,83,6,13343,1
48279,401,5,12509,0
48280,97,3,8712,0
48281,200,4,15021,0
48282,98,6,12127,1
48283,520,1,3373,0
48284,410,3,12059,0
48285,138,7,18488,1
48286,206,6,19742,1
48287,225,7,19876,1
48288,157,5,16524,1
48289,96,2,7632,0
48290,188,5,16875,1
48291,123,4,11966,0
48293,164,3,7406,0
48294,98,5,10601,0
48295,150,8,21472,1
48296,246,6,22025,1
48297,269,7,16847,1
48298,66,7,16608,1
48299,5,6,17983,1
48300,804,3,10686,0
48301,288,7,22629,1
48302,83,4,8053,0
48303,748,1,3385,0
48304,218,7,17737,1
48305,451,3,11446,0
48306,756,2,4904,0
48307,65,4,12114,0
48308,263,5,10830,0
48309,12,7,14082,1
48310,220,2,7211,0
48311,1024,4,9178,0
48312,399,3,9225,0
48314,696,3,10459,0
48315,78,6,12213,1
48316,289,3,8568,0
48317,27,7,24654,1
48318,54,5,13300,1
48320,80,7,20849,1
48321,214,5,5279,0
48322,63,4,11632,0
48323,176,5,7810,0
48324,24,6,20085,1
48325,160,3,6061,0
48326,198,6,12287,1
48327,107,7,22396,1
48328,898,1,4987,0
48329,285,3,10305,0
48330,87,4,12723,0
48331,210,7,17997,1
48332,184,1,4556,0
48333,213,4,8228,0
48334,602,5,11178,0
48335,131,5,16864,1
48336,47,4,11616,0
48337,209,5,15549,1
48338,848,2,3200,0
48339,319,1,1393,0
48340,102,3,12510,0
48341,484,4,8757,0
48342,84,2,9274,0
48343,2,9,29742,1
48344,35,3,8187,0
48345,170,3,8903,0
48346,287,4,10078,0
48347,626,5,15695,0
48348,3,3,7692,0
48349,7,8,22851,1
48350,97,4,5816,0
48351,97,9,26628,1
48352,283,5,14366,0
48353,76,2,4708,0
48354,97,4,10838,0
48355,296,5,9925,0
48356,532,1,2351,0
48357,139,4,12667,0
48358,39,9,33292,1
48359,117,5,15343,1
48360,14,6,20018,1
48361,14,12,40646,1
48362,488,3,6066,0
48363,1,2,3036,0
48364,377,4,14053,0
48365,344,3,6707,0
48366,328,5,14331,0
48367,479,5,13479,0
48368,765,6,18389,0
48369,236,4,10426,0
48370,574,4,8517,0
48371,417,5,17773,1
48372,255,6,16521,1
48373,58,5,19997,1
48374,95,4,13241,0
48375,894,1,4598,0
48376,47,5,13826,1
48377,34,4,14809,1
48378,45,5,17598,1
48379,299,2,2611,0
48380,76,4,13275,0
48381,301,5,15265,0
48382,470,3,9253,0
48383,79,5,9584,0
48384,102,4,9002,0
48385,667,3,6550,0
48386,440,5,14893,0
48387,278,4,14314,0
48388,371,2,2540,0
48389,767,4,8398,0
48390,151,6,22024,1
48391,562,6,16364,1
48392,216,2,3026,0
48393,428,5,16722,0
48394,96,7,18434,1
48395,258,4,11243,0
48396,402,6,18923,1
48398,91,7,19267,1
48399,82,11,40528,1
48400,42,2,3698,0
48401,332,2,1777,0
48402,46,7,20311,1
48403,331,6,16982,1
48404,146,2,2675,0
48405,187,4,9521,0
48406,19,6,23226,1
48407,796,4,10135,0
48408,78,1,351,0
48409,86,3,10119,0
48410,411,2,8071,0
48411,28,5,15715,1
48412,513,7,26524,1
48413,803,6,15586,0
48414,61,8,25176,1
48415,584,1,568,0
48416,231,7,27063,1
48417,799,4,7628,0
48418,187,3,14046,0
48419,4,5,12726,1
48420,822,5,13746,0
48421,839,1,1679,0
48422,99,7,23381,1
48423,96,9,20498,1
48424,656,2,2831,0
48425,323,3,6636,0
48426,159,5,9249,0
48427,333,5,13934,0
48428,3,5,17056,1
48429,288,2,7085,0
48430,717,3,10618,0
48431,424,5,9590,0
48432,573,3,5582,0
48433,60,3,11936,0
48434,34,7,15130,1
48435,421,4,7802,0
48436,58,6,21451,1
48437,1002,4,13522,0
48438,401,4,13681,0
48439,356,9,26010,1
48440,27,4,15136,1
48441,99,6,14597,1
48442,102,3,5955,0
48443,713,4,10356,0
48444,166,5,13772,1
48445,432,5,17552,1
48446,14,9,20312,1
48447,437,1,2529,0
48448,125,7,21756,1
48449,753,3,4626,0
48450,839,3,4834,0
48451,360,4,8957,0
48452,535,6,18031,1
48453,106,6,13991,1
48454,47,6,13603,1
48455,26,5,10650,0
48456,88,8,15744,1
48457,665,3,11086,0
48458,372,8,26756,1
48459,812,6,19677,0
48460,234,7,15663,1
48461,468,2,4448,0
48462,356,5,12015,0
48463,123,6,22613,1
48464,261,4,15630,0
48465,48,7,23075,1
48466,74,6,12732,1
48467,45,6,16033,1
48468,165,8,19191,1
48469,83,5,17355,1
48470,214,7,28385,1
48471,309,14,40436,1
48472,238,4,15197,0
48473,199,4,7238,0
48474,90,6,16745,1
48475,550,8,21067,1
48476,226,2,1536,0
48477,327,7,18428,1
48478,303,4,11581,0
48479,33,4,14259,0
48480,395,5,18459,1
48481,147,8,18140,1
48482,50,4,10634,0
48483,354,5,13320,0
48484,715,5,14634,0
48485,649,4,11172,0
48486,114,7,25633,1
48487,266,7,21134,1
48488,722,6,13353,0
48489,23,5,13228,1
48490,402,2,2769,0
48491,372,4,7729,0
48492,658,1,4609,0
48493,351,5,11792,0
48494,102,2,7984,0
48495,109,9,22514,1
48496,396,2,4101,0
48497,488,6,19568,1
48498,626,3,11919,0
48499,294,4,9465,0
48500,144,7,8946,1
48501,563,2,2730,0
48502,88,6,17790,1
48503,518,2,4595,0
48504,41,2,4917,0
48505,21,6,22543,1
48506,375,3,8947,0
48507,61,7,16654,1
48508,183,5,15452,1
48509,183,9,29439,1
48510,542,5,14861,0
48511,1077,1,2621,0
48512,105,6,15483,1
48513,191,4,5591,0
48514,83,6,4542,0
48515,212,5,13668,0
48516,928,2,2861,0
48517,66,3,7437,0
48518,180,9,23309,1
48519,425,1,2396,0
48520,300,2,3191,0
48521,135,4,11034,0
48522,141,11,27781,1
48523,12,8,18604,1
48524,35,7,18904,1
48525,131,3,7512,0
48526,566,3,11263,0
48527,139,2,4275,0
48528,546,4,12994,0
48529,234,7,14501,1
48530,271,8,20184,1
48531,154,6,18689,1
48532,205,2,5205,0
48533,751,6,12748,0
48534,433,3,11191,0
48535,189,5,15463,1
48536,223,7,19513,1
48537,121,4,11542,0
48538,36,3,7493,0
48539,34,8,19095,1
48540,372,4,14555,0
48541,503,2,2877,0
48542,30,6,14891,1
48543,420,4,4714,0
48544,357,3,6351,0
48545,3,8,19840,1
48546,254,5,12824,0
48547,37,5,12758,1
48548,975,2,7974,0
48549,266,4,9722,0
48550,191,2,2547,0
48551,122,7,22191,1
48552,361,5,6049,0
48553,402,3,5391,0
48555,112,6,14049,1
48556,409,6,21828,1
48557,32,5,18026,1
48558,256,3,4376,0
48559,587,5,4357,0
48560,44,6,9157,1
48561,318,4,13180,0
48562,435,4,11080,0
48563,703,4,10403,0
48564,36,5,12149,1
48565,149,2,7877,0
48566,773,3,3695,0
48567,321,4,12853,0
48568,421,2,4601,0
48569,8,4,10936,0
48570,696,1,451,0
48571,201,6,19859,1
48572,188,8,23489,1
48573,27,8,22984,1
48574,533,4,14088,0
48575,34,4,12104,0
48576,92,7,14560,1
48577,11,5,16038,1
48578,11,4,12276,0
48579,359,4,12164,0
48580,126,5,17712,1
48581,38,5,17692,1
48582,388,4,8669,0
48583,593,4,15155,0
48584,79,7,18161,1
48585,42,7,20308,1
48586,112,2,5722,0
48587,254,4,12603,0
48588,115,10,27771,1
48589,688,3,11788,0
48590,64,7,22340,1
48591,555,5,10554,0
48592,240,4,15048,0
48593,131,3,4139,0
48594,174,9,28137,1
48595,129,4,13059,0
48596,86,4,13736,0
48597,173,6,14799,1
48598,436,7,18878,1
48599,649,6,15080,0
48600,105,8,26854,1
48601,758,2,7520,0
48602,397,7,15150,1
48603,83,4,6338,0
48604,28,9,23130,1
48605,398,5,12093,0
48606,1027,2,5904,0
48607,770,3,7627,0
48608,899,1,2679,0
48609,418,4,7159,0
48610,306,4,9251,0
48611,527,6,22859,1
48612,1245,1,2487,0
48613,198,5,17072,1
48614,184,7,14828,1
48615,855,3,8003,0
48616,59,4,11506,0
48617,346,7,17787,1
48618,262,4,12554,0
48619,414,6,14692,1
48620,79,5,19578,1
48621,759,1,4307,0
48622,97,7,20251,1
48623,18,8,20969,1
48624,106,4,10861,0
48625,6,6,16906,1
48626,30,5,14298,1
48627,267,3,4247,0
48628,19,13,29276,1
48629,82,6,13522,1
48630,639,3,7126,0
48631,206,7,15101,1
48632,510,6,11876,0
48633,7,5,16944,1
48634,11,5,13649,1
48635,245,7,19513,1
48636,265,7,17358,1
48637,104,6,16434,1
48638,1206,3,14738,0
48639,473,3,9623,0
48640,286,4,11598,0
48641,204,7,21452,1
48642,447,7,24249,1
48643,31,5,12315,1
48644,58,4,15548,1
48645,51,2,7130,0
48646,223,4,10771,0
48647,109,5,18061,1
48648,427,7,16220,1
48649,209,2,7309,0
48650,266,7,17914,1
48651,205,6,18850,1
48652,159,6,12209,1
48653,94,2,6383,0
48654,340,5,10386,0
48655,467,3,9635,0
48656,273,5,12022,0
48657,167,4,13616,0
48658,174,3,5494,0
48659,85,8,25466,1
48660,206,6,15972,1
48661,854,2,2114,0
48662,513,1,457,0
48663,45,3,7439,0
48664,11,7,23317,1
48665,362,8,21924,1
48666,619,3,7771,0
48667,450,3,11717,0
48668,63,5,12545,1
48669,101,6,18690,1
48670,360,3,9150,0
48671,147,6,10930,1
48672,375,2,4000,0
48673,9,3,12527,0
48674,217,5,10628,0
48675,14,6,14174,1
48676,348,3,1897,0
48677,422,11,32431,1
48678,213,2,5785,0
48679,635,3,10322,0
48680,977,2,2916,0
48681,228,5,15715,1
48682,211,4,7642,0
48683,44,6,16305,1
48684,503,3,11981,0
48685,24,11,34860,1
48686,955,1,4965,0
48687,326,3,6011,0
48688,76,5,7813,0
48689,287,8,26713,1
48690,140,7,23645,1
48691,228,6,17197,1
48692,65,4,10750,0
48693,451,2,5182,0
48694,961,2,3356,0
48695,111,7,20949,1
48696,289,4,11074,0
48697,10,8,20323,1
48698,24,5,12282,1
48699,100,6,20543,1
48700,562,1,2255,0
48701,398,3,12367,0
48702,439,3,8527,0
48703,153,4,5921,0
48704,332,8,18498,1
48705,408,7,17967,1
48706,115,4,11041,0
48707,35,6,21061,1
48708,29,5,18867,1
48709,145,5,15672,1
48710,336,7,22081,1
48711,440,5,16469,0
48712,895,2,6755,0
48713,58,3,12627,0
48714,60,7,18971,1
48715,590,2,4651,0
48716,247,3,3060,0
48717,135,3,6975,0
48718,816,2,3078,0
48719,162,5,12279,0
48720,84,4,10169,0
48721,144,9,19680,1
48722,86,5,15396,1
48723,86,4,12350,0
48724,93,7,13731,1
48725,345,3,5831,0
48726,101,5,15506,1
48727,421,3,8006,0
48728,236,7,21626,1
48729,674,3,8743,0
48730,86,2,6941,0
48731,267,7,17551,1
48732,178,4,13835,0
48733,120,8,29452,1
48734,577,6,18923,1
48735,344,4,10369,0
48736,30,8,16813,1
48737,212,4,6558,0
48738,108,7,15355,1
48739,89,4,10510,0
48740,224,5,11419,0
48741,751,3,11083,0
48742,87,7,21112,1
48743,99,8,21769,1
48744,39,2,1224,0
48745,467,6,18064,1
48746,151,3,8477,0
48747,197,4,12476,0
48748,15,10,27779,1
48749,45,6,19393,1
48750,458,4,15800,0
48751,161,4,11232,0
48752,99,5,14557,1
48753,41,3,9675,0
48754,164,7,20533,1
48755,1236,2,5723,0
48756,744,6,19778,1
48757,370,5,15935,0
48758,637,4,17374,0
48759,507,1,2684,0
48760,396,4,18337,0
48761,440,1,4757,0
48762,69,7,15552,1
48763,11,6,16002,1
48764,178,6,14232,1
48765,298,6,17174,1
48766,579,4,11222,0
48767,586,5,16446,0
48768,27,5,17925,1
48769,15,4,9997,0
48770,216,4,9910,0
48771,6,7,16272,1
48772,192,4,8690,0
48773,493,3,14333,0
48774,278,6,15919,1
48775,99,8,16300,1
48776,83,6,16996,1
48777,1311,2,3035,0
48778,199,5,11845,0
48779,390,3,9382,0
48780,260,4,18169,1
48781,124,11,27694,1
48782,148,5,10263,0
48783,955,4,8781,0
48784,1079,3,9102,0
48785,176,8,24786,1
48786,61,6,20098,1
48787,289,7,19033,1
48788,152,5,13974,1
48789,368,9,21911,1
48790,18,3,3324,0
48791,825,3,11348,0
48792,425,4,13351,0
48793,1246,2,783,0
48794,95,7,23302,1
48795,31,3,9421,0
48796,132,3,12938,0
48797,168,5,15038,1
48798,156,2,4465,0
48799,756,4,13820,0
48800,86,8,29648,1
48801,87,4,13016,0
48802,198,7,16596,1
48803,91,2,3563,0
48804,198,4,12293,0
48805,27,4,10706,0
48806,99,7,19641,1
48807,855,3,4517,0
48808,364,6,10565,0
48809,162,9,29904,1
48810,398,4,10157,0
48811,178,2,5329,0
48812,87,7,17202,1
48813,219,6,16828,1
48814,222,7,15413,1
48815,3,7,11240,1
48816,413,2,3226,0
48817,338,3,5760,0
48818,31,6,16577,1
48819,60,7,18736,1
48820,41,12,39884,1
48821,523,4,14125,0
48822,296,3,10095,0
48823,56,5,12846,1
48824,341,9,19722,1
48825,102,11,28963,1
48826,23,6,17509,1
48827,195,5,16936,1
48828,430,6,19222,1
48829,1,7,20525,1
48830,153,7,12109,1
48831,72,5,13333,1
48832,156,5,15066,1
48833,479,8,18208,1
48834,8,4,5326,0
48835,662,1,3615,0
48836,514,6,16086,1
48837,8,8,19888,1
48838,22,3,4162,0
48839,7,5,10162,0
48840,33,4,8527,0
48841,314,2,1966,0
48842,213,4,12510,0
48843,254,4,14501,0
48844,558,6,21001,1
48845,78,4,9522,0
48846,74,8,22220,1
48847,90,8,19009,1
48848,212,8,21266,1
48849,26,7,23114,1
48850,601,1,2405,0
48851,477,2,6361,0
48853,95,4,8739,0
48854,154,6,12455,1
48855,213,7,19332,1
48856,379,3,9813,0
48857,22,3,5648,0
48858,627,5,9822,0
48859,492,7,21006,1
48860,300,1,1048,0
48861,350,4,10218,0
48862,1305,1,2340,0
48863,113,8,30690,1
48864,130,3,6217,0
48865,590,4,12591,0
48866,405,3,6627,0
48867,300,4,11367,0
48868,113,5,11729,0
48869,249,3,2173,0
48870,474,7,27359,1
48871,166,7,22668,1
48872,9,13,25852,1
48873,749,3,5128,0
48874,104,7,20823,1
48875,135,11,29432,1
48876,524,3,11307,0
48877,172,4,10940,0
48878,119,4,11328,0
48879,157,4,16715,1
48880,22,7,23050,1
48881,226,8,23019,1
48882,220,4,7167,0
48883,90,8,19936,1
48884,212,5,12121,0
48885,211,6,11807,1
48886,227,8,18961,1
48887,97,6,22134,1
48888,127,7,14925,1
48889,58,1,1696,0
48890,295,4,10700,0
48891,247,8,25543,1
48892,747,2,5595,0
48893,365,2,7433,0
48894,8,7,15752,1
48895,586,1,2442,0
48896,219,5,16452,1
48897,100,8,24385,1
48898,191,5,10926,0
48899,265,4,9516,0
48900,251,7,14765,1
48901,275,5,10958,0
48902,189,5,17838,1
48903,83,4,11115,0
48904,26,5,12644,1
48905,692,6,15069,0
48906,530,4,11348,0
48907,588,1,3957,0
48908,134,8,15514,1
48909,133,6,16444,1
48910,312,2,9085,0
48911,312,5,11974,0
48912,87,7,21358,1
48913,105,9,24993,1
48914,75,3,9880,0
48915,22,9,17367,1
48916,39,3,5415,0
48917,755,5,15956,0
48918,316,3,7498,0
48919,249,3,2541,0
48920,610,3,9743,0
48921,97,3,7604,0
48922,28,7,21676,1
48923,286,4,7721,0
48924,228,7,9838,1
48925,120,4,14635,0
48926,268,5,20234,1
48927,290,5,9923,0
48928,33,7,14208,1
48929,166,7,16214,1
48930,7,6,22209,1
48931,22,5,11367,1
48932,666,4,8640,0
48933,211,8,13117,1
48934,48,5,12946,1
48935,162,3,5733,0
48936,71,1,3780,0
48937,130,7,16236,1
48938,66,5,7426,0
48939,355,7,21343,1
48940,71,9,17765,1
48942,595,4,13213,0
48943,164,6,18499,1
48944,265,4,13314,0
48945,196,8,20453,1
48946,34,5,14132,1
48947,228,6,18058,1
48948,363,7,16440,1
48949,261,5,7578,0
48950,63,6,17609,1
48951,353,5,10723,0
48952,150,4,11386,0
48953,235,6,14399,1
48954,313,2,2572,0
48955,179,9,23848,1
48956,728,3,6832,0
48957,515,7,15874,1
48958,140,6,16733,1
48959,332,3,10600,0
48960,39,2,7179,0
48961,440,3,9715,0
48962,74,2,4738,0
48963,455,1,3205,0
48964,93,5,15150,1
48965,378,8,12684,1
48966,477,2,4382,0
48967,232,5,15818,1
48968,359,5,12225,0
48969,28,5,16053,1
48970,36,4,9034,0
48971,12,10,31160,1
48972,679,2,7622,0
48973,282,5,18214,1
48974,376,4,10368,0
48975,1247,3,6454,0
48976,98,10,20259,1
48977,200,5,14003,1
48978,345,4,14104,0
48979,10,5,14664,1
48980,567,6,16334,0
48981,34,7,24142,1
48982,1,5,18755,1
48983,246,5,16409,1
48984,78,3,5438,0
48985,157,5,16328,1
48986,329,7,21039,1
48987,365,5,15264,0
48988,447,4,7747,0
48989,78,6,13716,1
48990,30,6,16774,1
48991,328,6,15444,1
48992,703,2,6004,0
48993,432,5,11220,0
48994,273,3,8220,0
48995,8,6,18108,1
48996,920,4,9675,0
48997,252,4,14194,0
48998,20,6,23542,1
48999,42,4,10644,0
49000,106,6,19998,1
49001,109,6,15222,1
49002,143,7,18342,1
49003,189,6,15623,1
49004,81,10,36612,1
49005,121,5,21725,1
49006,349,3,10705,0
49007,84,6,20487,1
49008,304,5,7776,0
49009,370,8,15389,1
49010,397,5,9587,0
49011,716,7,21201,1
49012,395,5,13136,0
49013,365,5,16885,1
49014,494,2,3736,0
49015,57,6,19976,1
49016,58,6,22698,1
49017,281,8,22489,1
49018,203,6,16620,1
49019,6,5,9306,0
49020,194,7,18042,1
49021,652,2,7644,0
49022,15,5,17118,1
49023,5,3,7878,0
49024,368,5,16756,1
49025,426,4,9710,0
49026,63,8,19089,1
49027,1,5,21779,1
49028,87,10,27578,1
49029,97,5,15178,1
49030,72,6,13458,1
49031,26,6,14584,1
49032,256,9,27743,1
49033,250,4,10490,0
49034,59,7,27389,1
49035,47,4,13286,0
49036,442,7,17355,1
49037,469,3,8261,0
49038,47,5,18770,1
49039,46,3,5673,0
49040,565,5,10865,0
49041,134,4,14651,0
49042,578,4,6926,0
49043,17,5,12158,1
49044,457,4,11171,0
49045,72,8,21231,1
49046,896,2,4810,0
49047,222,2,6039,0
49048,127,7,18371,1
49049,285,6,18449,1
49050,286,4,8795,0
49051,39,11,30956,1
49052,446,3,8848,0
49053,232,11,28361,1
49054,113,8,24783,1
49055,645,5,14721,0
49056,393,4,15624,0
49057,1054,3,6231,0
49058,264,5,9846,0
49059,126,4,9511,0
49060,376,3,6862,0
49061,23,4,14053,0
49062,163,4,11808,0
49063,47,7,12953,1
49064,293,3,9880,0
49065,4,7,17761,1
49066,23,4,13449,0
49067,278,7,21812,1
49068,25,11,35874,1
49069,300,6,15768,1
49070,220,4,11081,0
49071,326,3,9973,0
49072,226,7,20988,1
49073,114,5,15081,1
49074,59,5,13415,1
49075,30,10,33360,1
49076,444,6,13052,0
49077,879,2,7241,0
49078,17,10,33538,1
49079,211,9,25371,1
49080,36,2,7816,0
49081,421,4,12515,0
49082,263,3,9670,0
49083,203,5,12167,0
49084,232,7,20316,1
49085,170,2,4821,0
49086,63,3,9472,0
49087,21,5,12517,1
49088,33,5,15061,1
49089,51,6,13242,1
49090,567,5,11572,0
49091,415,7,25458,1
49092,3,8,19903,1
49093,579,3,9317,0
49094,475,4,11333,0
49095,497,4,9665,0
49096,93,7,17733,1
49097,180,10,38254,1
49098,24,2,5625,0
49099,292,3,10549,0
49100,27,5,11045,0
49101,443,3,7605,0
49102,477,3,9558,0
49103,155,4,13626,0
49104,1282,2,7980,0
49105,319,7,22547,1
49106,53,3,12655,0
49107,68,8,27365,1
49108,91,3,8070,0
49109,51,3,8539,0
49110,206,6,21843,1
49111,2,3,6689,0
49112,540,4,10913,0
49113,812,6,24417,1
49114,111,3,8809,0
49115,171,5,22842,1
49116,877,5,14188,0
49117,921,1,2213,0
49118,57,4,6892,0
49119,360,7,16677,1
49120,206,7,19815,1
49121,66,4,4567,0
49122,606,3,12173,0
49123,18,4,14863,1
49124,234,4,10193,0
49125,112,7,28958,1
49127,22,4,12192,0
49128,105,8,19963,1
49129,117,7,28705,1
49130,100,10,29898,1
49131,37,11,22989,1
49132,83,4,9489,0
49133,99,4,7074,0
49134,929,1,1936,0
49135,274,5,13355,0
49136,375,7,16981,1
49137,284,5,12688,0
49138,128,7,23352,1
49139,93,6,18206,1
49140,99,6,18295,1
49141,322,6,7716,0
49142,147,6,8938,0
49143,135,6,14280,1
49144,130,4,15653,0
49145,111,1,2516,0
49146,353,7,17205,1
49147,283,4,11235,0
49148,185,8,23921,1
49149,243,9,25830,1
49150,344,6,15116,1
49151,20,5,15991,1
49152,64,5,11077,0
49154,24,6,20594,1
49155,689,4,8046,0
49156,57,4,7324,0
49157,170,11,22627,1
49158,352,4,11185,0
49159,196,8,29530,1
49160,168,5,12508,0
49161,210,10,27105,1
49162,699,3,10209,0
49163,569,4,9539,0
49164,995,1,261,0
49165,349,6,18123,1
49166,35,5,14496,1
49167,7,7,19282,1
49168,55,2,3118,0
49169,1225,1,4673,0
49170,124,5,8701,0
49171,499,5,15202,0
49172,10,4,4854,0
49173,140,2,5641,0
49174,19,7,18498,1
49175,116,7,16989,1
49176,18,6,26683,1
49177,370,6,9892,0
49178,592,1,4864,0
49179,230,5,15980,1
49180,129,5,15101,1
49181,151,2,7742,0
49182,307,5,17965,1
49183,20,4,11116,0
49184,378,3,9723,0
49185,375,9,20746,1
49186,34,4,13336,0
49187,44,1,440,0
49188,45,5,14982,1
49189,21,5,11705,1
49190,195,4,9723,0
49191,74,6,16293,1
49192,1,6,16535,1
49193,79,6,17899,1
49194,110,4,7408,0
49195,147,4,10891,0
49196,760,5,12648,0
49197,180,5,10016,0
49198,487,1,2487,0
49199,530,1,4838,0
49200,23,10,22597,1
49201,234,5,11020,0
49202,171,6,12264,1
49203,60,4,10220,0
49204,466,9,25246,1
49205,600,4,7725,0
49206,75,6,8578,0
49207,97,2,5901,0
49208,179,6,15827,1
49209,390,5,17165,1
49210,839,2,1079,0
49211,212,3,7952,0
49212,33,3,9229,0
49213,154,6,15386,1
49214,321,6,19382,1
49215,9,5,14712,1
49216,689,5,12373,0
49217,249,6,19574,1
49218,17,5,11702,1
49219,423,5,13083,0
49220,668,4,10376,0
49221,1154,1,2293,0
49222,722,2,4376,0
49223,257,5,7165,0
49224,66,5,9939,0
49225,60,7,16153,1
49226,897,3,5454,0
49227,52,5,10564,0
49228,86,5,15118,1
49229,171,5,13655,1
49230,386,5,15554,0
49231,280,3,9237,0
49232,132,6,13338,1
49233,14,2,9279,0
49234,990,1,3668,0
49235,18,6,17247,1
49236,276,6,9673,0
49237,386,3,7614,0
49238,172,5,15022,1
49239,97,11,21839,1
49240,1196,2,1552,0
49241,354,5,15322,0
49242,305,6,12784,1
49243,58,6,12414,1
49244,731,2,5300,0
49245,145,7,18722,1
49246,133,5,12051,0
49247,8,10,25605,1
49248,28,9,28762,1
49249,90,7,19832,1
49250,128,4,7416,0
49251,220,2,5065,0
49252,159,4,12702,0
49253,159,8,28042,1
49254,62,5,10294,0
49255,90,2,8528,0
49256,1112,1,4435,0
49257,84,8,23765,1
49258,612,2,3907,0
49259,272,6,23739,1
49260,23,3,9779,0
49261,49,6,11401,1
49262,185,6,10256,0
49263,272,5,8058,0
49264,233,6,15943,1
49265,395,3,11393,0
49266,158,5,11577,0
49267,88,8,26550,1
49268,444,7,20169,1
49269,271,7,9753,1
49270,55,4,12523,0
49271,279,7,15849,1
49272,161,3,8462,0
49273,12,8,18995,1
49274,169,5,12595,0
49275,20,3,9492,0
49276,588,1,5099,0
49277,204,2,8098,0
49278,345,9,22738,1
49279,488,2,3948,0
49280,137,6,14644,1
49281,19,10,23214,1
49282,464,6,14841,1
49283,536,2,6440,0
49284,27,6,19135,1
49285,508,5,10889,0
49286,340,6,14778,1
49287,161,9,28201,1
49288,15,9,30279,1
49289,32,5,11956,1
49290,174,3,8880,0
49291,99,10,24905,1
49292,19,6,19927,1
49293,20,6,13169,1
49294,82,10,22818,1
49295,22,5,11821,1
49296,735,4,4419,0
49297,4,4,9587,0
49298,234,4,11836,0
49299,576,2,5884,0
49300,685,2,8348,0
49301,571,2,7282,0
49302,586,4,12399,0
49303,342,5,11326,0
49304,95,4,10505,0
49305,252,3,8562,0
49306,11,5,6933,0
49307,643,6,16256,0
49308,247,5,11912,0
49309,134,2,6118,0
49310,91,6,20659,1
49311,321,5,8949,0
49312,261,6,23492,1
49313,865,1,3044,0
49315,58,7,19394,1
49316,190,6,14661,1
49317,408,6,16485,1
49318,134,5,14918,1
49319,522,3,5980,0
49320,238,7,11384,1
49321,403,5,18064,1
49322,19,7,21372,1
49323,129,3,7136,0
49324,855,2,3582,0
49325,352,3,10662,0
49326,1169,1,3457,0
49327,401,5,17796,1
49328,62,5,21182,1
49329,183,10,27542,1
49330,287,2,2676,0
49331,22,9,24025,1
49332,529,2,6381,0
49333,123,8,24139,1
49334,511,4,6853,0
49335,232,13,40210,1
49336,67,6,22827,1
49337,58,8,17326,1
49338,286,2,7284,0
49339,389,3,7403,0
49340,650,4,12334,0
49341,657,3,6405,0
49342,715,3,10706,0
49343,2,6,13694,1
49344,790,2,6271,0
49345,174,3,9383,0
49346,28,5,10070,0
49347,73,5,14139,1
49348,1,9,25481,1
49349,310,3,7797,0
49350,18,6,16299,1
49351,519,4,14425,0
49352,279,4,10510,0
49353,905,2,3791,0
49354,180,6,14015,1
49355,83,7,19914,1
49356,431,8,23926,1
49357,285,5,7010,0
49358,257,5,15802,1
49359,233,8,20211,1
49360,519,5,17666,0
49361,193,6,16835,1
49362,71,7,20741,1
49363,609,4,6176,0
49364,917,1,3812,0
49365,396,4,17451,0
49366,419,4,9961,0
49367,334,5,11033,0
49368,254,4,10751,0
49369,75,5,13598,1
49370,344,5,11259,0
49371,73,3,8360,0
49372,94,7,17858,1
49373,26,5,12622,1
49374,103,4,14298,0
49375,166,11,24679,1
49376,232,5,17938,1
49377,173,8,19641,1
49378,206,10,24138,1
49379,229,7,15446,1
49380,165,5,11177,0
49381,96,8,31506,1
49382,299,4,14215,0
49383,187,3,4668,0
49384,94,3,11112,0
49385,106,4,11555,0
49386,107,4,14436,0
49387,307,4,13094,0
49388,300,5,11762,0
49389,615,6,20600,1
49390,32,4,4115,0
49391,54,5,18340,1
49392,137,11,33182,1
49393,1039,1,5086,0
49394,329,6,10960,0
49395,85,4,8926,0
49396,206,3,7719,0
49397,94,3,8095,0
49398,212,4,8223,0
49399,293,3,5537,0
49400,315,4,9110,0
49401,110,6,14577,1
49402,369,5,15762,0
49403,312,6,19299,1
49404,44,7,21501,1
49405,83,8,23716,1
49406,413,3,11990,0
49407,119,3,10867,0
49408,284,7,17238,1
49409,141,9,26711,1
49410,16,6,14972,1
49411,461,5,14636,0
49412,114,7,10636,1
49413,865,1,3691,0
49414,403,4,10341,0
49415,479,5,11909,0
49416,126,3,7833,0
49417,120,3,4620,0
49418,645,3,10048,0
49419,93,8,23025,1
49420,129,2,7012,0
49421,7,8,23246,1
49422,43,6,16762,1
49423,12,8,23879,1
49424,178,5,7238,0
49425,2,5,12684,1
49426,114,3,12296,0
49427,313,3,9398,0
49428,133,2,1624,0
49429,1034,2,6651,0
49430,15,6,16562,1
49431,23,6,10510,1
49432,187,1,680,0
49433,187,8,14631,1
49434,216,6,12828,1
49435,649,5,16292,0
49436,28,4,11567,0
49437,207,5,12168,0
49438,87,5,20721,1
49439,20,3,9407,0
49440,154,2,4517,0
49441,15,3,4905,0
49442,18,10,25352,1
49443,235,9,17705,1
49444,63,7,24333,1
49445,105,5,13810,1
49446,337,9,25104,1
49447,317,1,632,0
49448,188,9,27781,1
49449,374,4,11175,0
49450,13,8,18619,1
49451,96,1,3658,0
49452,94,5,10113,0
49453,344,5,11904,0
49454,516,4,14251,0
49455,140,9,26065,1
49456,97,4,14068,0
49457,490,4,6295,0
49458,315,3,11908,0
49459,647,4,14613,0
49460,222,4,14454,0
49461,159,10,31045,1
49462,138,7,9328,1
49463,72,5,16621,1
49464,63,5,16877,1
49465,18,5,11193,1
49466,3,7,14502,1
49467,296,5,14274,0
49468,249,6,17123,1
49469,526,5,13231,0
49470,502,5,17207,0
49471,416,2,7252,0
49472,62,8,23130,1
49473,314,1,611,0
49474,50,7,18148,1
49475,58,6,13028,1
49476,692,3,4087,0
49477,407,9,24875,1
49478,144,7,19031,1
49479,127,9,26996,1
49480,330,6,19525,1
49481,337,4,6238,0
49482,584,6,13877,0
49483,69,5,13986,1
49484,114,3,10306,0
49485,6,9,29182,1
49486,196,4,12009,0
49487,43,5,16161,1
49488,601,3,8075,0
49489,5,5,13569,1
49490,803,2,1044,0
49491,149,2,9198,0
49492,747,1,4828,0
49493,47,6,21092,1
49494,252,4,12109,0
49495,487,3,6244,0
49496,348,2,7770,0
49497,13,4,17166,1
49498,184,4,18608,1
49499,9,4,9495,0
49500,179,4,9048,0
49501,694,4,11934,0
49502,599,4,12514,0
49503,320,5,7041,0
49504,88,9,25291,1
49505,116,4,8609,0
49506,525,5,9355,0
49507,143,2,4269,0
49508,222,4,13579,0
49509,271,7,17788,1
49510,408,7,22166,1
49511,184,4,11875,0
49512,66,8,11985,1
49513,65,7,15987,1
49514,515,3,8974,0
49515,180,5,19610,1
49516,7,5,13597,1
49517,129,3,7725,0
49518,560,3,8985,0
49519,209,6,17859,1
49520,235,3,7707,0
49521,116,4,9484,0
49522,349,3,9142,0
49523,260,6,19735,1
49524,420,3,7205,0
49525,111,7,16327,1
49526,323,9,24077,1
49527,52,2,7305,0
49528,12,6,17645,1
49529,293,5,10004,0
49530,370,5,10942,0
49531,229,3,1888,0
49532,156,7,14432,1
49533,219,8,22483,1
49534,235,6,21399,1
49535,63,2,2115,0
49536,87,4,9970,0
49537,361,11,37631,1
49538,250,3,6842,0
49539,9,11,30995,1
49540,356,5,8104,0
49541,270,6,8940,0
49542,574,6,12588,0
49543,204,6,15777,1
49544,180,4,10744,0
49545,242,4,8696,0
49546,81,4,7874,0
49547,754,3,8642,0
49548,133,6,20557,1
49549,21,4,7924,0
49550,2,3,7460,0
49551,6,7,16730,1
49552,57,5,16673,1
49553,270,3,9110,0
49554,967,4,11338,0
49555,762,4,9276,0
49556,22,4,9382,0
49557,440,3,7724,0
49558,245,4,11965,0
49559,214,4,11590,0
49560,852,1,3046,0
49561,75,8,21552,1
49562,52,3,11083,0
49563,279,8,16998,1
49564,870,2,1638,0
49565,499,7,19952,1
49566,67,6,11975,1
49567,171,7,22806,1
49568,166,3,9307,0
49569,102,5,17109,1
49570,343,1,4292,0
49571,264,6,13654,1
49572,77,4,6674,0
49573,528,4,10307,0
49574,118,3,9085,0
49575,714,4,10357,0
49576,218,4,15172,0
49577,176,7,20313,1
49578,377,3,7243,0
49579,170,8,21350,1
49580,992,2,5736,0
49581,528,1,5210,0
49582,299,5,17010,1
49583,29,3,9331,0
49584,335,2,3420,0
49585,1090,1,2324,0
49586,19,9,23919,1
49587,151,2,2638,0
49588,354,2,5659,0
49589,266,9,24791,1
49590,316,3,10012,0
49591,136,7,20673,1
49592,110,6,12706,1
49593,270,12,27087,1
49594,140,3,7134,0
49595,176,6,18126,1
49596,108,7,18009,1
49597,227,8,27373,1
49598,464,6,13413,0
49599,42,3,13522,0
49600,547,3,11678,0
49601,593,4,11691,0
49602,460,4,12394,0
49603,383,5,15155,0
49604,213,3,10151,0
49605,132,5,9288,0
49606,22,4,9290,0
49607,240,2,6467,0
49608,378,3,9172,0
49609,86,6,21251,1
49610,305,7,19470,1
49611,184,4,18624,1
49612,176,7,18517,1
49613,482,3,9920,0
49614,29,10,24322,1
49615,61,9,26903,1
49616,13,8,19582,1
49617,882,1,4194,0
49618,1208,1,1704,0
49619,1183,1,944,0
49620,479,3,7467,0
49621,765,4,10502,0
49622,36,12,35022,1
49623,217,9,27585,1
49624,199,4,4437,0
49625,208,8,20636,1
49626,92,5,18712,1
49627,552,6,9415,0
49628,299,3,10477,0
49629,531,3,1701,0
49630,797,4,6638,0
49631,22,6,14656,1
49632,126,3,8359,0
49633,437,4,9250,0
49634,426,3,8570,0
49635,326,5,8549,0
49636,331,5,15737,0
49637,272,4,10000,0
49638,14,6,22415,1
49639,51,5,16068,1
49640,81,6,21300,1
49641,191,5,18026,1
49642,715,1,4679,0
49643,72,4,10709,0
49644,312,8,28104,1
49645,1057,1,2974,0
49646,221,6,13837,1
49647,200,2,5915,0
49648,32,2,3564,0
49649,61,3,9355,0
49650,343,6,9615,0
49651,605,2,8294,0
49652,128,2,3192,0
49653,509,7,17963,1
49654,120,8,22297,1
49655,21,7,24582,1
49656,151,4,11154,0
49657,367,7,23997,1
49658,81,6,15405,1
49659,51,7,11207,1
49660,248,3,9516,0
49661,40,4,11416,0
49662,35,5,13813,1
49663,128,7,19355,1
49664,417,4,6815,0
49665,224,5,12239,0
49666,420,4,9320,0
49667,413,6,13914,0
49668,16,2,2450,0
49669,241,5,17179,1
49670,585,1,3055,0
49671,71,9,32386,1
49672,74,8,21112,1
49673,224,4,9490,0
49674,308,5,13789,0
49675,440,3,12143,0
49676,215,5,11892,0
49677,456,5,19295,1
49678,71,8,18850,1
49679,216,4,9461,0
49680,45,2,3336,0
49681,233,4,16131,0
49682,106,8,22690,1
49683,5,7,21377,1
49684,466,4,8345,0
49685,27,5,14418,1
49686,733,2,5656,0
49687,47,5,13658,1
49688,498,6,13519,0
49689,84,3,12088,0
49690,308,5,9848,0
49691,274,6,16650,1
49692,376,4,9731,0
49693,286,1,2446,0
49694,688,4,13746,0
49695,8,3,5578,0
49696,110,5,20784,1
49697,597,6,14792,0
49698,59,3,11657,0
49699,408,3,4691,0
49700,123,2,8754,0
49701,97,1,2921,0
49702,244,6,11859,1
49703,415,6,14624,1
49704,660,3,7609,0
49705,186,7,21020,1
49706,278,4,11766,0
49707,105,10,29755,1
49708,15,7,14860,1
49709,71,6,9447,1
49710,27,6,13533,1
49711,19,6,20957,1
49712,615,2,7823,0
49713,868,2,2001,0
49714,723,2,10209,0
49715,28,5,14851,1
49716,161,6,10029,0
49717,34,8,19411,1
49718,418,5,8253,0
49719,75,9,22659,1
49720,275,5,13805,0
49721,490,3,11207,0
49722,30,9,25185,1
49723,275,3,10361,0
49724,47,4,12712,0
49725,513,4,18118,0
49726,113,8,29150,1
49727,234,7,27376,1
49728,252,3,3459,0
49729,863,4,10728,0
49730,107,7,20898,1
49731,219,5,12985,0
49732,324,4,8587,0
49733,444,9,23450,1
49734,55,4,10769,0
49735,133,3,10672,0
49736,1347,1,2414,0
49737,159,5,18537,1
49738,30,6,19882,1
49739,120,5,11084,0
49740,704,3,9782,0
49741,60,5,15199,1
49742,470,3,10254,0
49743,158,8,25511,1
49744,40,3,4434,0
49745,114,5,13692,1
49746,278,5,14508,0
49747,146,9,25306,1
49748,206,3,8327,0
49749,196,3,8428,0
49750,580,5,15744,0
49751,255,3,4726,0
49752,491,3,9723,0
49753,668,2,6351,0
49754,708,2,5291,0
49755,29,9,24821,1
49756,745,1,1783,0
49757,792,4,8486,0
49758,194,8,19942,1
49759,245,6,21855,1
49760,119,7,23459,1
49761,409,5,9419,0
49762,127,4,13542,0
49763,58,6,9598,1
49764,638,3,7418,0
49765,903,5,13071,0
49766,41,5,8768,0
49767,252,3,9434,0
49768,413,3,8723,0
49769,17,5,14210,1
49770,391,7,21541,1
49771,1045,1,815,0
49772,733,7,18922,1
49773,140,9,29457,1
49774,376,3,7388,0
49775,57,5,7673,0
49776,33,6,14102,1
49777,319,7,28668,1
49778,28,8,23419,1
49779,420,3,10344,0
49780,322,2,6308,0
49781,370,4,9003,0
49782,371,7,19534,1
49783,187,5,12367,0
49784,439,5,7793,0
49785,66,5,14610,1
49786,29,6,21530,1
49787,158,5,11619,0
49788,326,4,7676,0
49789,95,3,4065,0
49790,27,4,3073,0
49791,461,1,1393,0
49792,39,6,8723,1
49793,535,6,11900,0
49794,121,11,33359,1
49795,205,5,16694,1
49796,29,6,21887,1
49797,795,2,2340,0
49798,11,9,26547,1
49799,317,7,20820,1
49800,545,4,11837,0
49801,26,7,15302,1
49802,315,5,13492,0
49803,204,4,5933,0
49804,139,6,19063,1
49805,135,2,5437,0
49806,140,7,19280,1
49807,134,3,4581,0
49808,86,7,15287,1
49809,142,8,18737,1
49810,28,2,6784,0
49811,182,2,8003,0
49812,272,7,20674,1
49813,124,3,9823,0
49814,31,7,14215,1
49815,278,5,16581,1
49816,197,7,17745,1
49817,225,7,22593,1
49818,412,3,3313,0
49819,35,7,11506,1
49820,154,6,19981,1
49821,248,5,16826,1
49822,402,4,10685,0
49823,553,4,12298,0
49824,222,4,13183,0
49825,315,3,9548,0
49826,948,2,6302,0
49827,156,6,18782,1
49828,603,2,7740,0
49829,171,6,18660,1
49830,113,7,23686,1
49831,101,8,21881,1
49832,57,4,8715,0
49833,32,4,13831,0
49834,905,4,14438,0
49835,222,3,11725,0
49836,450,5,12242,0
49837,99,4,3984,0
49838,701,1,1555,0
49839,69,3,8655,0
49840,920,2,4028,0
49841,26,5,14408,1
49842,519,1,4165,0
49843,210,9,26139,1
49844,465,4,9575,0
49845,88,6,19400,1
49846,448,4,8277,0
49847,10,5,19612,1
49848,294,8,19352,1
49849,9,5,13502,1
49850,239,4,8123,0
49851,701,1,4792,0
49852,35,12,25891,1
49853,686,3,5564,0
49854,112,6,11226,1
49855,170,8,13527,1
49856,418,4,7862,0
49857,101,6,13020,1
49858,9,7,13986,1
49859,9,8,34339,1
49860,29,3,8273,0
49861,582,3,6162,0
49862,60,7,22277,1
49863,40,5,13231,1
49864,591,6,14560,0
49865,63,10,25168,1
49866,87,5,10469,0
49867,23,2,2965,0
49868,493,6,10164,0
49869,224,5,15934,1
49870,705,3,10763,0
49871,16,4,9699,0
49872,48,1,4609,0
49873,311,6,16634,1
49874,49,10,25652,1
49875,390,6,15406,1
49876,119,9,24951,1
49877,533,4,11965,0
49878,25,7,24942,1
49879,442,4,8861,0
49880,124,3,6448,0
49881,21,9,27842,1
49882,306,2,4998,0
49883,269,3,8877,0
49884,1132,1,2394,0
49885,32,5,13040,1
49886,1041,1,3015,0
49887,390,5,12616,0
49888,52,6,17239,1
49889,245,7,19326,1
49890,105,4,13818,0
49891,37,5,11603,1
49892,328,7,23703,1
49893,189,3,8773,0
49894,122,6,13927,1
49895,62,3,6894,0
49896,45,5,12633,1
49897,565,3,8298,0
49898,85,2,9178,0
49899,677,3,10693,0
49900,520,1,4149,0
49901,188,2,8648,0
49902,34,7,21810,1
49903,274,7,22746,1
49904,152,4,13986,0
49905,54,5,17587,1
49906,7,11,32235,1
49907,69,5,17193,1
49908,51,8,17740,1
49909,365,4,8384,0
49910,154,6,8468,0
49911,166,4,12137,0
49912,237,4,8375,0
49913,139,5,10976,0
49914,180,3,6497,0
49916,213,8,15502,1
49917,264,7,22968,1
49918,65,8,26530,1
49919,66,3,10423,0
49920,44,4,12147,0
49921,66,9,31036,1
49922,44,6,12012,1
49923,33,3,13443,0
49924,34,5,12219,1
49925,17,5,11135,1
49926,34,9,19022,1
49927,306,3,11911,0
49928,269,6,13043,1
49929,172,1,3032,0
49930,710,3,5803,0
49931,17,5,14426,1
49932,165,4,13904,0
49933,94,5,17671,1
49934,63,9,27696,1
49935,432,2,9744,0
49936,200,6,19625,1
49937,837,6,11337,0
49938,181,3,3226,0
49939,902,3,8412,0
49940,74,6,17606,1
49941,454,5,9950,0
49942,115,5,11450,0
49943,137,4,16364,1
49944,45,6,18560,1
49945,150,5,13265,1
49946,49,7,19073,1
49947,498,6,8604,0
49948,527,2,7140,0
49949,55,4,9198,0
49950,136,6,16031,1
49951,290,3,4446,0
49952,424,6,18038,1
49953,178,3,7551,0
49954,134,5,13099,1
49955,464,3,8769,0
49956,3,3,5716,0
49957,66,5,11795,0
49958,343,4,12638,0
49959,250,6,15460,1
49960,184,3,7825,0
49961,504,4,10788,0
49962,313,7,25177,1
49963,83,5,19591,1
49964,286,3,8846,0
49965,526,6,10474,0
49966,474,5,7180,0
49967,196,8,15649,1
49968,207,6,19709,1
49969,218,6,15240,1
49970,26,7,22370,1
49971,86,5,11775,0
49972,38,4,10505,0
49973,80,7,24238,1
49974,129,7,21413,1
49975,2,7,21765,1
49976,101,6,15088,1
49977,843,4,13340,0
49978,23,8,22322,1
49979,56,5,15406,1
49980,357,7,21535,1
49981,592,3,9656,0
49982,239,4,8230,0
49983,457,1,1372,0
49984,184,5,15916,1
49985,171,2,6254,0
49986,286,7,9858,1
49987,26,9,23033,1
49988,795,3,10564,0
49989,136,3,9122,0
49990,161,10,32083,1
49991,390,6,16157,1
49992,408,8,25871,1
49993,91,5,15703,1
49994,149,5,13831,1
49995,830,4,14332,0
49996,272,4,14044,0
49997,50,8,22431,1
49998,12,4,8610,0
49999,420,2,6984,0
50000,127,2,4116,0
